,mCO3-2,gCO3-2,aCO3-2,mH+,gH+,aH+,mH2O,gH2O,aH2O,mCO2(aq),gCO2(aq),aCO2(aq),mHCO3-,gHCO3-,aHCO3-,mCl-,gCl-,aCl-,mNa+,gNa+,aNa+,mNaCO3-,gNaCO3-,aNaCO3-,mNaHCO3,gNaHCO3,aNaHCO3,mOH-,gOH-,aOH-,mNaOH,gNaOH,aNaOH,mNaCl,gNaCl,aNaCl,mDIC,I,pE,Eh,pH,logSI_CO2g,logSI_H2Og,logSI_O2g,logSI_CH4g,logSI_H2g,logSI_NaCl,T,pH_bo,salt_lvl
0,0.00026544790512412076,0.13729751965826228,3.64453389720235e-05,1.578869320367555e-07,0.7250599823687004,1.1447749615881817e-07,0.9745498393129016,1.0022042081317946,0.9766979499935543,0.05421502650554766,1.1170884938952614,0.060562982305573915,0.27455231275921554,0.5650128838334559,0.15512559399522935,0.3996255578330704,0.675565415605789,0.2699732060641935,0.6748352773092036,0.623071559023663,0.4204706683172114,0.00012665221557203623,0.548191763969463,6.942970146507529e-05,0.04597143007309141,1.0,0.04597143007309141,1.6578029371034766e-08,0.6547231463831219,1.0854019550635683e-08,9.990638945826741e-17,1.0,9.990638945826741e-17,1.0,1.0,1.0,0.3290327871698873,0.6751008831012598,-11.513829525643535,-0.6240358599052985,6.941279877993043,-2.047057034752451,-4.186102612097643,-112.70707166012588,63.81093030763471,7.124092495270686,-2.5190372002914705,273.15,7.0,0.4
1,0.0002743659390355267,0.13814731952212816,3.790291904592965e-05,1.8144978957884114e-07,0.7205558403074498,1.3074470560359183e-07,0.9745379431493514,1.002139827016332,0.976623285768543,0.05427679152454463,1.1172207030629573,0.0606391551870533,0.2751781331016404,0.5673637897823451,0.15612610846177732,0.3996251127788956,0.6781059542468031,0.2709881684419193,0.675531395591926,0.6254426316914787,0.42250613384923164,0.00017957586978208432,0.5452962700403386,9.79220519814202e-05,0.04522158524856775,1.0,0.04522158524856775,2.3413326441721145e-08,0.6543943188129725,1.5321547807975882e-08,9.990627819472355e-17,1.0,9.990627819472355e-17,1.0,1.0,1.0,0.32972929056522055,0.675805942980751,-11.422990974486753,-0.6304453488079751,6.883575888492803,-1.9631640956629886,-4.034178968940797,-110.58106826871851,62.88923251019547,7.0559388785471135,-2.5175667496534215,278.15,7.0,0.4
2,0.00029056655582200623,0.13609581340987886,3.954489176430293e-05,2.0443043339176313e-07,0.716076827496112,1.4638789618682897e-07,0.9745259971221856,1.0020799693351705,0.9765529813125262,0.05436571747857314,1.1173535585631917,0.06074572788852482,0.2757729880370648,0.5697257706966812,0.15711497814674333,0.3996244720114535,0.6802033986083594,0.27182592402926187,0.6762308226316837,0.627590042576872,0.42439573076721154,0.0002524009758125193,0.5424081507638772,0.0001369043465414667,0.04444817714411881,1.0,0.04444817714411881,3.292614222104321e-08,0.6540616818262465,2.1535727957145726e-08,9.990611800286303e-17,1.0,9.990611800286303e-17,1.0,1.0,1.0,0.33042927207145995,0.676521593617939,-11.344741505803025,-0.6373818872961854,6.834494830631322,-1.885545454400286,-3.8881039157588773,-108.54434607366878,62.003530350305624,6.993713862088954,-2.516871137423943,283.15,7.0,0.4
3,0.00030495100893777774,0.13562031274968853,4.13575512054745e-05,2.2619857958541595e-07,0.7116278986001123,1.6096921985669978e-07,0.974514372132871,1.0020240338854445,0.9764868222439205,0.05447926093026562,1.1174829352064652,0.06087964441223214,0.276326789095062,0.5721117581658697,0.15808980513750537,0.3996236538667819,0.6819039682159245,0.27250495536470565,0.6769118436406077,0.6295311362834516,0.4261370820907979,0.00035167877020798107,0.5395399821632024,0.00018974475740519105,0.04366640238968651,1.0,0.04366640238968651,4.608925990937527e-08,0.6537372419881284,3.013026565842904e-08,9.990591346669528e-17,1.0,9.990591346669528e-17,1.0,1.0,1.0,0.3311110010342654,0.6772170208481252,-11.277996827166264,-0.6448209499618179,6.7932571607654815,-1.8136712676640128,-3.747571405179051,-106.59178336926301,61.152146776928504,6.93696949258795,-2.5168074573916877,288.15,7.0,0.4
4,0.00032033259717999057,0.13520343766402496,4.331006833458003e-05,2.462885531727599e-07,0.707211501235385,1.7417809742639855e-07,0.9745033175226504,1.0019716539535597,0.9764247008414011,0.05462838044480972,1.1176060923265765,0.06105301079905334,0.2768114094038243,0.5745203944702266,0.15903380012454457,0.39962257938224566,0.6832343930280065,0.27303589046451493,0.6775600352832242,0.6312872936625359,0.42773504096783893,0.00048556341630508096,0.5366909234992941,0.0002605974783142461,0.042882387707065726,1.0,0.042882387707065726,6.417504223858514e-08,0.6534172617394213,4.193308037154802e-08,9.990564484556172e-17,1.0,9.990564484556172e-17,1.0,1.0,1.0,0.33176012244581404,0.6778806141689573,-11.221591536202883,-0.6527289905183111,6.759006457622834,-1.7469635074681211,-3.6122961418844644,-104.71851255084134,60.33334063463225,6.8852346059605045,-2.5172750619744555,293.15,7.0,0.4
5,0.0003405729219585981,0.13320433328235906,4.536578900351996e-05,2.6437543341514106e-07,0.7028296961020266,1.8581090552400504e-07,0.9744930492431604,1.0019225305365567,0.9763665418879925,0.05482691795235078,1.1177206665305293,0.06128117927751616,0.27719679863116575,0.576948554301537,0.15992829222726535,0.3996211488192388,0.6842175545322706,0.2734278051844762,0.678162964453465,0.632878414491953,0.42919470171047164,0.000664046702641227,0.5338588593158323,0.0003545072152044852,0.04209839448313169,1.0,0.04209839448313169,8.883193540309266e-08,0.6530965071167633,5.8015826732181704e-08,9.990528720480983e-17,1.0,9.990528720480983e-17,1.0,1.0,1.0,0.33236428950547514,0.678503801750857,-11.174420749596445,-0.6610714181311048,6.730928800192176,-1.6848738636567437,-3.4820119700719854,-102.91998620574104,59.5454191446358,6.8380608651413635,-2.518199500437524,298.15,7.0,0.4
6,0.00035893985891967173,0.13208018117425624,4.7408841596772196e-05,2.808237940647941e-07,0.6975893792420791,1.958996961780651e-07,0.9744823117903384,1.0018847809468414,0.9763189974846348,0.05507879787315641,1.1178406110422932,0.061569317070004105,0.2775592269454001,0.5786653830131961,0.16061391636920658,0.39961933391249205,0.6840294242985284,0.27335138291472333,0.6787940691571612,0.6335033575673711,0.4300183219078799,0.000897787170415107,0.5303714888552082,0.000476160718248165,0.041230275179683126,1.0,0.041230275179683126,1.222348086184058e-07,0.651961947082388,7.969244382809886e-08,9.990483347812314e-17,1.0,9.990483347812314e-17,1.0,1.0,1.0,0.33299696467747614,0.6791532898398749,-11.135178325339998,-0.6697971513127859,6.707966237554483,-1.6269730580052664,-3.3564673768929305,-101.19204946072334,58.78685116677244,6.795073633034983,-2.520567212677089,303.15,7.0,0.4
7,0.0003741224307031477,0.13226251477272974,4.948237351768465e-05,2.949673090521043e-07,0.6924021322108023,2.0423599372015978e-07,0.9744728957190215,1.0018495677504144,0.9762752493605965,0.05539759959509158,1.1179460725382357,0.06193152889537839,0.27778203345778907,0.5804083165578875,0.16122700240926213,0.39961703682287947,0.6835565203352061,0.2731608311573134,0.6793488722542934,0.6339876022946234,0.4306987626420558,0.001201685007289426,0.5269215213977627,0.0006331936922818258,0.040367430245126124,1.0,0.040367430245126124,1.6707223815006932e-07,0.65083831629614,1.0873701417741881e-07,9.990425920571992e-17,1.0,9.990425920571992e-17,1.0,1.0,1.0,0.33355375548358385,0.6797232896523056,-11.103368154034866,-0.6788994535221196,6.689867717212287,-1.5728102481205428,-3.2354330831513907,-99.53078066545739,58.05611754613623,6.755893888545636,-2.5232884066408756,308.15,7.0,0.4
8,0.0003973355295906129,0.12966284255197885,5.151965421361477e-05,3.0690540987851796e-07,0.6872689943829743,2.1092657241790353e-07,0.9744649872402651,1.0018168247551422,0.9762354193521026,0.05580998497043335,1.1180350494665423,0.062397519307145426,0.27781698712162445,0.5821647781433961,0.1617352646721272,0.39961406543830863,0.6828059858539044,0.272858875912691,0.6798168532049962,0.6343503240024133,0.43124204109289044,0.0015912098334081675,0.5234991498751583,0.0008329969950621681,0.039504564024711024,1.0,0.039504564024711024,2.2665788359614628e-07,0.6497104469567665,1.47261994857527e-07,9.990351635957717e-17,1.0,9.990351635957717e-17,1.0,1.0,1.0,0.3340243076216484,0.6802144956399966,-11.077975740723263,-0.6883374092109067,6.675868704625055,-1.5218646282597303,-3.1186916900539265,-97.93242417652951,57.35168468685334,6.720123220007882,-2.526333796402136,313.15,7.0,0.4
9,0.0004157908669379767,0.12864128813753845,5.3487872718725186e-05,3.166533162024265e-07,0.682195168959877,2.1601936254841978e-07,0.9744589007089075,1.001786169584803,0.9761994495589944,0.05632113092932015,1.1181040575485768,0.06297288501779752,0.27765341928923043,0.5839500198486762,0.16213571970499893,0.39961038248173575,0.6818180162504452,0.27246155825677876,0.6801796997466563,0.6345958673054349,0.43163922648427966,0.002084327742401492,0.5201202374519042,0.0010841010403054554,0.03864195543880818,1.0,0.03864195543880818,3.051527288455806e-07,0.648594636913279,1.979204233686957e-07,9.99025956204342e-17,1.0,9.99025956204342e-17,1.0,1.0,1.0,0.3343903410854886,0.6805958072669104,-11.058351067101707,-0.6980890854802178,6.665507319816395,-1.4738214464929833,-3.0060396822151016,-96.39364826416414,56.67227514505076,6.687478211982204,-2.529673543228845,318.15,7.0,0.4
10,0.00043359918580987867,0.12758747550719657,5.532182549945829e-05,3.244275379580744e-07,0.6771834824292393,2.1969696995039286e-07,0.9744548784899043,1.001757498793058,0.9761674817627397,0.05695349169821639,1.1181504596599399,0.06368257292159922,0.2772510415835246,0.5857595110930536,0.1624024345680052,0.3996058261744965,0.6806068036749713,0.27197444408252025,0.6804235484820128,0.634736208362331,0.43188946324391553,0.0026993993006736586,0.5167829410261859,0.0013950035096061632,0.0377748154659801,1.0,0.0377748154659801,4.0747923613308685e-07,0.6474850654618403,2.638367198819724e-07,9.990145654362419e-17,1.0,9.990145654362419e-17,1.0,1.0,1.0,0.33463813246755086,0.6808574720953605,-11.043683025789006,-0.7081196408675774,6.658175932805929,-1.4282662112776732,-2.897286197174862,-94.91122228288307,56.016561420469756,6.657636977327165,-2.533290390355814,323.15,7.0,0.4
11,0.0004567053875396832,0.124473201953649,5.684758193654652e-05,3.312162579440759e-07,0.6713760858182849,2.2237067481787324e-07,0.9744517262869391,1.0017391982234363,0.9761464909981217,0.05772525606241982,1.1181875720803447,0.06454766392415341,0.27665589302392585,0.5868414642295626,0.16235314934989786,0.3996002654839217,0.6783332301450301,0.2710621388525202,0.6806184587324172,0.6339742627816212,0.43149458561044746,0.0034486810623687125,0.5128269392466603,0.0017685765536524683,0.03682059184489249,1.0,0.03682059184489249,5.396033796277403e-07,0.6455634458103027,3.4834821712336904e-07,9.990006637098013e-17,1.0,9.990006637098013e-17,1.0,1.0,1.0,0.3348378544738853,0.6810754953362148,-11.032841977938428,-0.718370274872017,6.652922485995139,-1.384846917466597,-2.7922491056323238,-93.48216307803219,55.38333239722851,6.630322356264867,-2.538216345670893,328.15,7.0,0.4
12,0.00046857815275937626,0.12407360185155913,5.8138179161805933e-05,3.36431217028511e-07,0.6656529647965256,2.2394643706513165e-07,0.9744512281848514,1.0017224781804785,0.9761296991633402,0.0586421806067455,1.1181955826540173,0.0655734273116619,0.27577456419869323,0.5879570539803604,0.16214360032898145,0.399593658975368,0.675893110935351,0.27008260127490125,0.6806602104975057,0.6331175014292816,0.4309378917925097,0.004354459039922544,0.5089378110833561,0.002216148852230312,0.03586114381445931,1.0,0.03586114381445931,7.08409220252183e-07,0.6436649065396219,4.559781545454277e-07,9.989841474384201e-17,1.0,9.989841474384201e-17,1.0,1.0,1.0,0.33488532295819806,0.681129125081482,-11.025799052342608,-0.728850469350491,6.64985584268686,-1.34335131848822,-2.6907632867668188,-92.10379767809583,54.771550107296754,6.605330493012894,-2.5433922521802304,333.15,7.0,0.4
13,0.00048825425692469385,0.12106575812549486,5.9110871772588235e-05,3.404497170498866e-07,0.6600139345737662,2.247015572746211e-07,0.9744534991991866,1.0017075676520175,0.9761174444728143,0.05973632412102764,1.1181732988041264,0.06679556260084199,0.27454987534904096,0.5890828024892503,0.16173260999368733,0.39958577567459885,0.6732758871056529,0.269031467592116,0.6805425197180214,0.6321807772739094,0.43022589908328357,0.005429779208654602,0.5050977793288168,0.0027425694205372195,0.03488929277597832,1.0,0.03488929277597832,9.214215946106524e-07,0.6417639440100741,5.913351566533834e-07,9.98964439186497e-17,1.0,9.98964439186497e-17,1.0,1.0,1.0,0.33477445372699327,0.6810311144246631,-11.021800590896513,-0.739520961138393,6.648393917730265,-1.3033965734657034,-2.592670536780392,-90.7734395632751,54.18005551399219,6.5823840584741795,-2.548817522065477,338.15,7.0,0.4
14,0.0004997957195090186,0.11955922838998892,5.97551905771176e-05,3.433541092364214e-07,0.6544642889944372,2.2471300297473284e-07,0.9744588041714528,1.0016941978942886,0.976109730225551,0.06100566645456268,1.1181177727284257,0.06821151989998885,0.2729842550879642,0.590236629292855,0.1611253065731409,0.3995766302045053,0.670520694285401,0.2679243995049458,0.6802498695291546,0.6311584516745895,0.4293454544038627,0.006688548508662848,0.5013253924507551,0.0033531392060313168,0.033906675034180156,1.0,0.033906675034180156,1.1876431134102056e-06,0.6398809443524393,7.599501969625936e-07,9.989415755112644e-17,1.0,9.989415755112644e-17,1.0,1.0,1.0,0.3344897172620359,0.6807500086027728,-11.020587766834362,-0.7503731884622068,6.648371796487026,-1.264884626402328,-2.4978221466747423,-89.4888317988344,53.60801474375456,6.561355781182874,-2.554480607623791,343.15,7.0,0.4
15,0.0005144431289760846,0.11668374663495883,6.002715171954091e-05,3.4539531469842864e-07,0.6490042126531816,2.2416301426995175e-07,0.974467202780434,1.0016825327052628,0.976106775719318,0.06246773065744497,1.1180283934878328,0.06984069655177384,0.27104580113714466,0.5914035982775041,0.16029746209051618,0.3995660963556352,0.6676266639409394,0.2667609799338167,0.679779012080055,0.6300580503785963,0.4283002390394477,0.008137057123704102,0.49761049686193715,0.004049085038320365,0.032910020571511045,1.0,0.032910020571511045,1.5166009333495386e-06,0.6380008366229891,9.67592664300212e-07,9.989152408890855e-17,1.0,9.989152408890855e-17,1.0,1.0,1.0,0.33402797492356573,0.6802938006043457,-11.021690124107499,-0.7613829429739636,6.649436042158204,-1.2276011762248822,-2.40607798288711,-88.24773481022369,53.054516039328654,6.542067388911714,-2.5603800228305853,348.15,7.0,0.4
16,0.0005169417525146136,0.11576357276103803,5.984302418044401e-05,3.472991419805506e-07,0.6427875097795902,2.2323955062226652e-07,0.9744774336053953,1.001680946479564,0.9761154780168287,0.06409881469966798,1.117919116645511,0.07165729030707711,0.2688467226286202,0.5918283952224569,0.1591111244141133,0.39955434502296555,0.6637738366622415,0.2652137205509628,0.6792033476181434,0.6280490294257649,0.4265730032543054,0.009766823161613156,0.49331833582435414,0.004818152948377761,0.031834719331039416,1.0,0.031834719331039416,1.9205990572633118e-06,0.6353218995241169,1.2201986412847562e-06,9.988858625574133e-17,1.0,9.988858625574133e-17,1.0,1.0,1.0,0.3334624790808028,0.6797206366698,-11.024715806589686,-0.7725296570494851,6.651228860382515,-1.1916364974860605,-2.3173029949568975,-87.04833697430294,52.518993889651945,6.524502165874022,-2.567580612918706,353.15,7.0,0.4
17,0.0005273719451982963,0.11241464407182016,5.928432951292991e-05,3.485494107324451e-07,0.6366762921462887,2.2191314645490713e-07,0.9744908041723487,1.0016811381490371,0.9761290578391287,0.06592425898244017,1.1177754934745185,0.073688521116039,0.26626567860532807,0.5922555033822854,0.1576973135158244,0.39954119367201757,0.6598131572163191,0.26362253643471073,0.6784467979925883,0.6259699189678289,0.42468728716340354,0.011583119831346718,0.48909049817682415,0.005665193848755217,0.03075124695839685,1.0,0.03075124695839685,2.410542910302484e-06,0.6326452639116956,1.525018555658781e-06,9.988529841800432e-17,1.0,9.988529841800432e-17,1.0,1.0,1.0,0.3327173095329666,0.6789745184871974,-11.029620905963883,-0.7838159347941474,6.653816968774292,-1.1567675693721144,-2.2313757057415726,-85.88862740029653,52.00059070358305,6.508486293900217,-2.575006658200008,358.15,7.0,0.4
18,0.0005285672355897388,0.11048770165244412,5.8400179029096205e-05,3.490653322736768e-07,0.6306731454855846,2.2014613108501052e-07,0.9745073693226691,1.0016828717051824,0.9761473402009939,0.06792525855529376,1.1175968769637383,0.07591305682835077,0.26333505595017415,0.592703630647208,0.15607964373835384,0.3995267779192744,0.6557828747664247,0.26200281897006866,0.6775058960155377,0.6238108218103383,0.4226355097748022,0.013584276363496081,0.4849445428941975,0.006587620691644059,0.029664986065984188,1.0,0.029664986065984188,3.000376745922523e-06,0.6299932282807403,1.8902170322221927e-06,9.988169447981847e-17,1.0,9.988169447981847e-17,1.0,1.0,1.0,0.33178888174105764,0.6780348123164598,-11.036466400661908,-0.7952517638632595,6.657288942560554,-1.1230803270720864,-2.1481786687845843,-84.76700963466156,51.49879487843882,6.494008392927949,-2.5826454068797213,363.15,7.0,0.4
19,0.0005330615030102471,0.10731379541119905,5.720485307562793e-05,3.4893255278242104e-07,0.6247744300770695,2.1800413679997427e-07,0.9745269269481626,1.0016863700258576,0.976170339947159,0.07010167920456303,1.1173855283147824,0.07833060185374408,0.260054269647244,0.5931549919247016,0.15425248821259516,0.39951109883411146,0.6516778783652735,0.26035254527159285,0.6763924572620802,0.6215772680233966,0.42043017569659585,0.015757610427866806,0.4808666615913484,0.007577309521105327,0.02857680533808411,1.0,0.02857680533808411,3.7042793903670823e-06,0.6273493208163514,2.3238771596607972e-06,9.987777470852758e-17,1.0,9.987777470852758e-17,1.0,1.0,1.0,0.33068901035481724,0.6769258676976433,-11.045088885126361,-0.8068309829094826,6.6615352652378,-1.0905397946356956,-2.067600845292906,-83.68186397454274,51.01300311481495,6.481001179835942,-2.5904926499866714,368.15,7.0,0.4
20,0.0005234635113524099,0.10652475923008177,5.576182451254864e-05,3.4803232312435517e-07,0.6189815760457397,2.1542559588237336e-07,0.9745494499942184,1.0016913872192559,0.9761977904784714,0.07242914937311681,1.1171417004955218,0.08091362309612787,0.25646617491535967,0.5936287560989815,0.1522456963964688,0.39949433217133135,0.6475350446111744,0.2586865802044743,0.6751077262412869,0.6192589830952533,0.418066524031928,0.018096100760133328,0.4768736427378388,0.008629553488835755,0.027492798595508565,1.0,0.027492798595508565,4.5394040808209855e-06,0.6247362508443559,2.835930286519674e-06,1.163662101744598e-16,1.0,1.163662101744598e-16,1.0,1.0,1.0,0.32941878779982886,0.6756315377849623,-11.05562316702811,-0.8185688621134939,6.666702697091598,-1.0592650049402543,-1.9895373751527803,-82.63181522685515,50.54279292635454,6.469478215627753,-2.5985342238847626,373.15,7.0,0.4
21,0.0005247431278114984,0.10290899261326565,5.40007866638154e-05,3.471735904948947e-07,0.6124203722402418,2.126161795228645e-07,0.9745730580903054,1.0017073750136047,0.9762370197786211,0.07488143968482533,1.116886208903758,0.08363404728683999,0.2526813969958644,0.593266414581958,0.14990738642729678,0.39947666710036295,0.6424438849372337,0.25664134195373517,0.6737612323769472,0.6160097467850824,0.4150434861501283,0.020548502625711045,0.4722704841722735,0.009704451284059789,0.026355022414893212,1.0,0.026355022414893212,5.5265729762769645e-06,0.6212633520630861,3.4334572526630915e-06,1.3973927171266925e-16,1.0,1.3973927171266925e-16,1.0,1.0,1.0,0.32808757980850123,0.6742863226783491,-11.067671967516457,-0.8304412825512439,6.672403689906148,-1.0293645560814504,-1.9138856692704742,-81.6155616996118,50.08776332795873,6.4594547300620935,-2.6079149980632668,378.15,7.0,0.4
22,0.0005176074992677361,0.10062497804850652,5.2084243251558305e-05,3.454917937829078e-07,0.6059758512664845,2.0935968384318213e-07,0.9745991834146088,1.0017249269680548,0.9762802958291249,0.07745279070942936,1.1166031566333072,0.08648403059620773,0.24864116674996894,0.5929160808566996,0.14742334612902872,0.39945814526077256,0.6373418401353173,0.25459138935754166,0.6722691902782869,0.6126879425337821,0.4118912270204553,0.023128324268018134,0.4677547241051106,0.010818382937000359,0.025233829062294343,1.0,0.025233829062294343,6.6844927854694465e-06,0.6178230767762182,4.12983389940717e-06,1.6663723046481725e-16,1.0,1.6663723046481725e-16,1.0,1.0,1.0,0.326611564958666,0.6727871432693484,-11.081664722606217,-0.8424853998609003,6.6791069462015,-1.0008310322986687,-1.8405551159224003,-80.63176359652702,49.64740733216847,6.45088433714244,-2.6174698877916303,383.15,7.0,0.4
23,0.0005146868032319237,0.09722677121239366,5.0041336063868524e-05,3.4302286812732037e-07,0.5996416620217662,2.056908027553394e-07,0.9746274773066028,1.001744235477521,0.9763274571298879,0.08013377261961362,1.1162964057433657,0.08945304235393081,0.24436246957294158,0.5925597131874495,0.1447993548839191,0.3994388347610516,0.6322205415543133,0.2525334364304559,0.6706518446261537,0.6093005861731022,0.40862856204878767,0.02581347526065174,0.4633106832415264,0.011959658859850794,0.02413118715249419,1.0,0.02413118715249419,8.034447913259435e-06,0.6143988960022007,4.93635592789378e-06,1.9738373382020912e-16,1.0,1.9738373382020912e-16,1.0,1.0,1.0,0.3250109289957871,0.6711668744522539,-11.097542093338795,-0.8547024297510883,6.686785126885266,-0.9736692570023877,-1.769456669252547,-79.67916573062178,49.2212586710942,6.443732849577071,-2.6271916389884296,388.15,7.0,0.4
24,0.0004991592122162444,0.09602011937319076,4.792932714323166e-05,3.39662686125264e-07,0.59341753059487,2.015617924356745e-07,0.9746578360236786,1.0017650152818303,0.9763781219988159,0.08289699077860177,1.1159670502299666,0.09251031027213695,0.2398950259405058,0.5922166541291706,0.14206982960471692,0.3994189332054003,0.6271125208137464,0.250480614063176,0.6689148704221337,0.6058397831812014,0.4052552400632269,0.02859333005901239,0.4589530939221941,0.01312299729612221,0.02305240371086131,1.0,0.02305240371086131,9.602455468958707e-06,0.6110128123431393,5.867223321488217e-06,2.3238658785512224e-16,1.0,2.3238658785512224e-16,1.0,1.0,1.0,0.32329117593132384,0.6694143692970363,-11.115450878631702,-0.8671094331359697,6.69559178823321,-0.9479762054847812,-1.7005059981362942,-78.75667233735618,48.80896320073092,6.438014420703448,-2.637065010431004,393.15,7.0,0.4
25,0.0004931783503483765,0.09279107646632814,4.5762550018713795e-05,3.355047668096698e-07,0.587294167128271,1.9703999259104974e-07,0.974689801481907,1.0017876019287768,0.9764321588509952,0.08573745324189447,1.115620172214477,0.09565043235095295,0.2352483359137934,0.5918566487908056,0.13923329172755147,0.3993984767449378,0.6219938734858272,0.24842340561492293,0.6670849606891377,0.6023182697002538,0.40179745926534327,0.03144071373390872,0.45465583240947205,0.014294703874238191,0.02199802586109606,1.0,0.02199802586109606,1.1413100567833892e-05,0.607635517722591,6.935005272355744e-06,2.7197574321585815e-16,1.0,2.7197574321585815e-16,1.0,1.0,1.0,0.3214789675060363,0.6675784745442529,-11.135272427580185,-0.8797030825599447,6.7054456174989685,-0.9237182803944508,-1.6336229837308514,-77.86311964762996,48.4100550996845,6.433680070468646,-2.6470855133959987,398.15,7.0,0.4
26,0.0004881115672326046,0.08915797799114984,4.35190403685502e-05,3.3118563763737815e-07,0.5803597356830312,1.9220680912124484e-07,0.9747215953208636,1.0018216126600552,0.9764971605189291,0.08858981436814055,1.1152753036525644,0.09880203211995224,0.23059893051960528,0.5905823732698364,0.1361876636597546,0.399377936604541,0.6159432832984364,0.24599415754915577,0.6652650759207642,0.5978168646585071,0.39770668185375496,0.03429880633055246,0.4497211344203326,0.015424898092239337,0.020922763164505698,1.0,0.020922763164505698,1.3510517237963537e-05,0.603356515611892,8.151658604812075e-06,3.1598190784232226e-16,1.0,3.1598190784232226e-16,1.0,1.0,1.0,0.31967685645497845,0.6657535186736345,-11.156930257102278,-0.8924829528655098,6.716231231072247,-0.901152851151151,-1.568728123902015,-76.99769308293942,48.02438363270694,6.4308314816489,-2.6585076765673947,403.15,7.0,0.4
27,0.00047187904070644876,0.08753618176768986,4.1306489479642806e-05,3.259546127045481e-07,0.5735436191346941,1.869491882442142e-07,0.9747547115203007,1.0018569101890171,0.976564743475915,0.0914709127259834,1.1149159408650107,0.10198237872367107,0.22585508460859594,0.5893193835386995,0.13310077923061858,0.399357191619509,0.6099424938716244,0.2435849214019715,0.6633681448683638,0.5932645009044042,0.39355277138121036,0.037196516724748226,0.4448773705000308,0.016547888552266413,0.01988455941013017,1.0,0.01988455941013017,1.5919788710425158e-05,0.5991263791633087,9.537965367121947e-06,3.6528983193431257e-16,1.0,3.6528983193431257e-16,1.0,1.0,1.0,0.3177978763752858,0.663840349863683,-11.180685832725851,-0.9054756843827394,6.728276416264368,-0.8801243352751339,-1.5057528231182267,-76.15921931517516,47.65138678546214,6.42935822084809,-2.670048909725671,408.15,7.0,0.4
28,0.00046534632759287785,0.08408690905287458,3.912953432639152e-05,3.1992316556749134e-07,0.566836024912257,1.8134397544762264e-07,0.9747887055589732,1.0018937866829147,0.9766347474282165,0.09437626473586595,1.114547002502816,0.10518678296877162,0.221026275337063,0.5880392746956395,0.12997213063788526,0.3993362743363728,0.6039669208233138,0.2411858999839932,0.6614200548285422,0.5886749290678304,0.3893614038602325,0.04010845875063776,0.4400993599046222,0.01765170702291662,0.018882972181884852,1.0,0.018882972181884852,1.867367244849979e-05,0.5949172520009562,1.1109289897827472e-05,4.202320034556358e-16,1.0,4.202320034556358e-16,1.0,1.0,1.0,0.3158678864005218,0.6618857210793007,-11.206418259914493,-0.9186776100087931,6.741496867838242,-0.8605832766710654,-1.4446283956400128,-75.34668161357035,47.29063055548472,6.429207778401013,-2.6817055787764175,413.15,7.0,0.4
29,0.00045275397056571695,0.08175756294882716,3.701606124885804e-05,3.130695872170453e-07,0.5602362634439911,1.7539293574043014e-07,0.9748235087971963,1.0019319263937392,0.976706796063079,0.097284363729155,1.1141691930978235,0.1083912410371478,0.21615331263866383,0.586761416097264,0.126830423817977,0.3993153400358795,0.5980431211667067,0.23880779228480217,0.6594244839759515,0.5840433180782479,0.38513246364335113,0.04302882331303185,0.4354002673211874,0.018734761173010206,0.017920412530214952,1.0,0.017920412530214952,2.181311683219469e-05,0.5907494824678337,1.2886087479629406e-05,4.812762588163423e-16,1.0,4.812762588163423e-16,1.0,1.0,1.0,0.31389043033838454,0.6598775510161043,-11.234207458717457,-0.9321012444487468,6.755987902593313,-0.8425604343030743,-1.385289602845994,-74.55919046224989,46.941774256477956,6.430368607707152,-2.6934657992223814,418.15,7.0,0.4
30,0.0004305996602190163,0.08123487210851613,3.4979708327862285e-05,3.05437097413417e-07,0.5537410358886594,1.69133054720531e-07,0.974858950482447,1.0019712057922177,0.9767805980922332,0.10018140278455093,1.113784366260961,0.11158048021152511,0.21126316685401378,0.5854895868041184,0.12369238426828606,0.399294488522444,0.592179553205682,0.2364540318107122,0.6573911797828841,0.5793715623638053,0.38087375491499476,0.04594724990884893,0.43078054932414345,0.019793181555667644,0.01699767353528515,1.0,0.01699767353528515,2.538061423682986e-05,0.5866272679378222,1.4888960388335287e-05,5.488585669802573e-16,1.0,5.488585669802573e-16,1.0,1.0,1.0,0.3118751692987837,0.6578220848802004,-11.264050981926134,-0.9457525038430917,6.771771507246458,-0.8260462994697354,-1.3276743182240884,-73.79585983873991,46.60444905209682,6.432809774346224,-2.7053217241480265,423.15,7.0,0.4
31,0.0004205137664889902,0.07840430727472705,3.297009056105561e-05,2.978262432603671e-07,0.5463552906473822,1.6271894369893598e-07,0.9748928502987767,1.0020229346660103,0.9768649948412916,0.10300634199348915,1.11341645196647,0.11468895583243548,0.20652128056457336,0.5831675128189906,0.12043650153103518,0.399274160243313,0.5853203061004512,0.23370327369161656,0.6554465564183328,0.573669050786619,0.37600940386186316,0.04878093074679417,0.42544870832854575,0.02075378397728783,0.016071943395988168,1.0,0.016071943395988168,2.9455156917528913e-05,0.5815005296160608,1.712818934746723e-05,6.22029734396444e-16,1.0,6.22029734396444e-16,1.0,1.0,1.0,0.30994813632455154,0.655867368011065,-11.29568869912145,-0.9596154033678521,6.7885618836642765,-0.8112202841416808,-1.2717193179227066,-73.05603336978031,46.27849395021184,6.436599333113019,-2.718727668915225,428.15,7.0,0.4
32,0.0004054767456229776,0.07659658663703926,3.1058134675415114e-05,2.8953404419862714e-07,0.5390904726839412,1.560850447451309e-07,0.9749270033378024,1.0020756396902006,0.9769506005209786,0.10579815591392817,1.1130456948806768,0.11775818196631237,0.2018016088980241,0.5808528406545468,0.11721703777707515,0.3992540745104611,0.5785433290091739,0.23098578138775896,0.6534862811402746,0.5679586811537392,0.371153206388492,0.05158587229770336,0.42020404083265234,0.021676591989372128,0.015191042016094666,1.0,0.015191042016094666,3.406147688439459e-05,0.5764300549822863,1.9634058993249442e-05,7.022302150231606e-16,1.0,7.022302150231606e-16,1.0,1.0,1.0,0.30800524155757525,0.6538920474199419,-11.329318671101401,-0.9737123057009825,6.80663870677623,-0.797846172239346,-1.217372270897648,-72.33867693153763,45.96332568478095,6.441589649596331,-2.732217024367819,433.15,7.0,0.4
33,0.0003869118329143861,0.07558722232232157,2.924559073363665e-05,2.8064151011767514e-07,0.5319419785912262,1.4928500016682576e-07,0.9749612338809587,1.00212927503428,0.9770371944956523,0.10854927491959795,1.1126740088317855,0.12077995688057264,0.19712035631332134,0.5785432928608727,0.11404266003141744,0.39923428624999835,0.571848070922299,0.22830135643810245,0.6515204595451443,0.5622452437364627,0.36631427957625184,0.054353022158165724,0.4150418969387171,0.02255878142087723,0.014354015290500469,1.0,0.014354015290500469,3.92517993403556e-05,0.571413265399287,2.2428998833870197e-05,7.89803155136049e-16,1.0,7.89803155136049e-16,1.0,1.0,1.0,0.3060565430658337,0.6519076520195688,-11.364893963826432,-0.9880450600650753,6.82598382705086,-0.785888880335626,-1.164579397152675,-71.64299271682617,45.65857857668886,6.44773771554911,-2.7457866936606488,438.15,7.0,0.4
34,0.00037728871741262473,0.07296267619351084,2.752799452004235e-05,2.7126340586072923e-07,0.5249019152252622,1.423866812668244e-07,0.974995254945923,1.0021839844578402,0.9771246294291928,0.11125733779136535,1.1123045474231381,0.12375204275952784,0.19248407261830155,0.5762224349128633,0.1109136410060621,0.39921481284749494,0.5652185845451089,0.22564363144710164,0.6495657649547111,0.5565387328804372,0.3615085077504068,0.05706749589429651,0.40994668923491656,0.023394631004794046,0.013559105695274971,1.0,0.013559105695274971,4.507742319859126e-05,0.5664335461845827,2.5533364675241225e-05,8.849893013339324e-16,1.0,8.849893013339324e-16,1.0,1.0,1.0,0.3041186991270795,0.6499433249355294,-11.402314775424713,-1.0026106807360151,6.846530632348339,-0.7752942392757781,-1.1132893590411217,-70.96819645742511,45.36387493501592,6.454990742968287,-2.7594374211725534,443.15,7.0,0.4
35,0.0003634584142219814,0.07129008350905418,2.5910980701953447e-05,2.6144464960541745e-07,0.5179700884162534,1.354205082720744e-07,0.9750290831176005,1.0022394916339084,0.9772126525920598,0.11391108721626238,1.1119370826027999,0.12666196199536392,0.18791590318019924,0.5739068607442122,0.10784622607806146,0.39919573586894713,0.5586732024762953,0.22301996017278597,0.6476210070187275,0.550836349398387,0.35673319129990305,0.05973111300065701,0.4049287704688682,0.024186846146093077,0.012805831232968141,1.0,0.012805831232968141,5.159958512955285e-05,0.561506776807255,2.89735167306868e-05,9.881497462964978e-16,1.0,9.881497462964978e-16,1.0,1.0,1.0,0.3021904488106836,0.647984726877599,-11.441594189095223,-1.0174158239623756,6.86831556050357,-0.7660468086365843,-1.0634531992542793,-70.31357278997686,45.07888136065761,6.463314722805057,-2.7731661404417984,448.15,7.0,0.4
36,0.00039228028858231647,0.06204537882386194,2.4339179110223708e-05,2.5203783119504717e-07,0.5100223651106797,1.285449307634642e-07,0.9750600675937477,1.0023094949706646,0.9773119639159514,0.11644440929838505,1.1116006508628478,0.12943968116542465,0.18358838441948275,0.5703289330275373,0.10470576740221295,0.3991775327741073,0.5509826946176756,0.21993991263871315,0.6458398807806816,0.5440246030668259,0.3513527847864364,0.06223069569732417,0.39907370328070896,0.024834634189666038,0.012054535987985823,1.0,0.012054535987985823,5.895935043402267e-05,0.5553989377234962,3.2745960599923545e-05,1.0965991869223805e-15,1.0,1.0965991869223805e-15,1.0,1.0,1.0,0.3004250740064501,0.6462324131070951,-11.482365997743454,-1.0324330941527244,6.890945045313332,-0.7583242696960902,-1.0150192945819128,-69.6786272871079,44.803471533545164,6.472776244861519,-2.7887334568152293,453.15,7.0,0.4
37,0.000380685315020165,0.06011270871126889,2.2884025452464812e-05,2.4220569345916136e-07,0.50221903194344,1.2164030890024951e-07,0.9750911150842052,1.0023794630047431,0.9774113083188017,0.11889960790554323,1.1112632705664582,0.1321287671501835,0.17937338703538963,0.5668182421311917,0.10167210792451745,0.39915989886234504,0.5434562953661087,0.2169259598944407,0.64405322811974,0.5372358915616855,0.3460085102220901,0.06469163515875229,0.3933515662156185,0.025446556010744577,0.011348437220020192,1.0,0.011348437220020192,6.717863890606287e-05,0.549413390967784,3.6908843801980273e-05,1.2131814160890346e-15,1.0,1.2131814160890346e-15,1.0,1.0,1.0,0.298653680255953,0.6444341556404536,-11.525058642418202,-1.0477058813468099,6.914922485654643,-0.7519153092052789,-0.9679478565195568,-69.06250204076908,44.537113302765825,6.483236495685107,-2.804372972713265,458.15,7.0,0.4
38,0.00036588121177052053,0.05883575322789436,2.1526896686453306e-05,2.3212645697128626e-07,0.49454561302783107,1.1479712096284324e-07,0.9751217081684811,1.0024499514691187,0.977510709029978,0.12128744126006537,1.1109306660977813,0.13474193790833996,0.17525331295999183,0.5633263627046485,0.09872481134169163,0.3991427569973648,0.5360425674821047,0.2139575082527532,0.6422913501612475,0.5304923558450974,0.34073065148596854,0.06708743809381623,0.3877219749940109,0.026011273995022878,0.010683587939264806,1.0,0.010683587939264806,7.631181299058567e-05,0.5435015604507064,4.147558944120578e-05,1.3376934536639383e-15,1.0,1.3376934536639383e-15,1.0,1.0,1.0,0.2969066354318277,0.642657463499475,-11.569449291694724,-1.0632194246115108,6.940069003624711,-0.7467241885467187,-0.922196045178465,-68.46447796501604,44.27940110441754,6.494617955611515,-2.8200966214623695,463.15,7.0,0.4
39,0.0003554149582152066,0.05700721336025368,2.0261216354399926e-05,2.2189669466061653e-07,0.4869958534002988,1.0806277018295244e-07,0.9751516789923043,1.0025210485455398,0.9776100837143085,0.12360818140011667,1.110604670554514,0.13727982358171917,0.1712300758398799,0.5598431234369148,0.09586198048453817,0.3991261056846239,0.5287299214009386,0.21102991448769387,0.6405639782760899,0.5238003658948279,0.33552764620006253,0.06941076521198677,0.38217449745851084,0.026527024313101732,0.01005759336917556,1.0,0.01005759336917556,8.642351986371407e-05,0.5376524654534196,4.6465818527888443e-05,1.4700419164862865e-15,1.0,1.4700419164862865e-15,1.0,1.0,1.0,0.2951936721982118,0.6409196151309999,-11.615443731019175,-1.0789700260711752,6.966323903539839,-0.7426994980540098,-0.8777229200589004,-67.88390128755341,44.02997271518409,6.506863309701877,-2.8359129310224374,468.15,7.0,0.4
40,0.00034200456144187886,0.05580309732955673,1.9084913829293533e-05,2.1157739199457235e-07,0.4795684354409213,1.0146583885350767e-07,0.9751810485759262,1.0025925793190693,0.9777092827948126,0.125857810269137,1.1102850206219212,0.13973804147009863,0.1673135874154548,0.5563781359945337,0.09308962189276919,0.3991099743983014,0.5215268354842718,0.20814656195815487,0.6388697496596818,0.5171589833661197,0.33039723023736844,0.07166480459707941,0.3767139212466077,0.026997129555137705,0.009468681402594065,1.0,0.009468681402594065,9.758570335450007e-05,0.5318742748186689,5.19033252043445e-05,1.6101691340078891e-15,1.0,1.6101691340078891e-15,1.0,1.0,1.0,0.29351340224603367,0.6392119657985158,-11.663004978412772,-1.094958987137642,6.993680149815807,-0.7398077028884844,-0.8344893205977556,-67.32015480162019,43.78848070731347,6.5199217687794775,-2.8518290167628115,473.15,7.0,0.4
41,0.0008309380423944096,0.13733818549691176,0.00011411952300280421,4.9838188078567414e-08,0.7252651325462034,3.614590008266486e-08,0.9752622713378573,1.0022915622594941,0.9774971455519635,0.016914826499391113,1.1168125386977377,0.01889069032441676,0.27144799134971337,0.5650068339046339,0.153369970162274,0.39989435825377,0.6754716398165955,0.27011729792307915,0.6733977875849728,0.6196363280604816,0.4172617324232047,0.0003935591645201325,0.5481836440094497,0.00021574269693996082,0.04510427861680277,1.0,0.04510427861680277,5.25703684620795e-08,0.6544340364526955,3.4403838430444174e-08,9.997358956344251e-17,1.0,9.997358956344251e-17,1.0,1.0,1.0,0.2891937558914989,0.6742287754655553,-12.141158070807768,-0.6580363205906691,7.44194095625198,-2.553016459073898,-4.185747390409573,-113.2130310844473,64.3176001753323,7.377427429119478,-2.52213261594873,273.15,7.5,0.4
42,0.0008496895921508507,0.1381875935990748,0.00011741656004550538,5.785041836664758e-08,0.7207744621722457,4.1697104184659885e-08,0.97525182895749,1.0022270651268148,0.9774237782956237,0.017091970202221966,1.1169287030375363,0.019090512110323997,0.27186506364560586,0.56736247886155,0.154246036425824,0.39989308183626915,0.6779986997267662,0.27112698951471975,0.674009528797697,0.6220112193729974,0.41924148887647494,0.0005519884747374673,0.5453036779633487,0.00030100134546771977,0.04433181346044468,1.0,0.04433181346044468,7.350720125549186e-08,0.6541039847448471,4.808135324865864e-08,9.997327045906751e-17,1.0,9.997327045906751e-17,1.0,1.0,1.0,0.2898067234399787,0.6748592762402663,-12.044970994533552,-0.6647729965812952,7.379894105225103,-2.465099659156349,-4.033823143829768,-111.08300383221186,63.39187972391088,7.307262485404824,-2.5207130911097435,278.15,7.5,0.4
43,0.0008865082745583204,0.13614465647906296,0.00012069336450558935,6.608432008594927e-08,0.716312944807963,4.733705392639835e-08,0.9752417313762471,1.0021671582651859,0.9773552345549534,0.017341034944113955,1.1170412456600913,0.019370651275008224,0.2721734795849259,0.5697191831608599,0.15506245246717296,0.3998912871811132,0.6800652541883206,0.27195216986451853,0.6746021039215712,0.6241748518473299,0.4210696682711437,0.0007642847366080774,0.5424228856554012,0.00041456553229333163,0.043523715798274576,1.0,0.043523715798274576,1.0195412754247018e-07,0.6537554475541248,6.665306628151787e-08,9.997282179527832e-17,1.0,9.997282179527832e-17,1.0,1.0,1.0,0.29040102280359814,0.6754886782804497,-11.959316645495408,-0.6719105772819446,7.324798774360507,-2.3819169720819975,-3.887747282655004,-109.04071759135047,62.50061513419507,7.242256254033682,-2.5200865303838897,283.15,7.5,0.4
44,0.0009137391836112719,0.13567683844935016,0.00012397324359966766,7.435469282791589e-08,0.711889891154855,5.29323541841178e-08,0.9752325513424109,1.0021109654505194,0.9772912335645165,0.017649617866775776,1.1171437841904388,0.01971716089320507,0.27237961559380347,0.5721116352469146,0.15583154728529688,0.39988906368577487,0.6817437049366802,0.27262185184080023,0.675141917508286,0.6261348835111971,0.42272990587257686,0.001045693874550775,0.5395752423889005,0.000564230525825323,0.04269849586525756,1.0,0.04269849586525756,1.4034162722614178e-07,0.6534249279527634,9.170271765901526e-08,9.997226592144365e-17,1.0,9.997226592144365e-17,1.0,1.0,1.0,0.2909429726441905,0.67605573104659,-11.883604196286791,-0.6794466308380109,7.276278790187167,-2.303298994470742,-3.747213788901792,-107.08141109606976,61.64248973628974,7.182140972268574,-2.5201075528599257,288.15,7.5,0.4
45,0.0009386760661470265,0.13527101049153958,0.00012697565999193153,8.264527162000259e-08,0.707508839545014,5.847226021775043e-08,0.975224614433084,1.0020582027172655,0.9772318243844544,0.018040512378204136,1.1172327648290512,0.02015545152323373,0.2724348360522322,0.5745326934653899,0.1565227201508909,0.39988624711163123,0.6830525679846297,0.2731433279913359,0.6756102632981421,0.6279154475095462,0.4242261208208952,0.001411719231104926,0.5367549573075067,0.000757747295621911,0.041859061324506834,1.0,0.041859061324506834,1.9141615129656438e-07,0.6531015145905298,1.2501417832887629e-07,9.997156177790782e-17,1.0,9.997156177790782e-17,1.0,1.0,1.0,0.2914140244965833,0.6765490220095607,-11.816143256870944,-0.6873124222169761,7.2330501183890705,-2.2282780616144016,-3.6119372975160915,-105.19982710498763,60.81537287751527,7.126250727402017,-2.5206816283261366,293.15,7.5,0.4
46,0.0009604717461122113,0.13482281081065367,0.00012949350051506486,9.094594726669733e-08,0.7031741455909986,6.395083876422383e-08,0.9752182496810022,1.0020085311101699,0.977177005874692,0.018529546014763677,1.1173045764323608,0.020703146561509473,0.2723052687030502,0.5769840436087401,0.15711579503225043,0.39988272342264114,0.6840200732130366,0.27352780975218344,0.6759881398325862,0.629533484331215,0.4255571690353846,0.0018790367195354863,0.5339651009736085,0.001003340031679884,0.041007532717140506,1.0,0.041007532717140506,2.584410821785483e-07,0.6527851100640102,1.687064902749854e-07,9.997068085566055e-17,1.0,9.997068085566055e-17,1.0,1.0,1.0,0.2917952864639261,0.6769487025246456,-11.755648569006864,-0.6954564755264756,7.19415375504326,-2.156164621210985,-3.481651619715013,-103.39127696329528,60.01743060290398,7.074066594275456,-2.521737129837915,298.15,7.5,0.4
47,0.0009911588891091388,0.1321856862953078,0.00013101701798458638,9.954411250801858e-08,0.6979909802772583,6.948089267030155e-08,0.9752121699533973,1.0019703433812,0.9771336727977306,0.01913970912022276,1.1173735440483892,0.02138620461171858,0.2720314713061465,0.5787140353460749,0.15742843050071006,0.3998783269677104,0.6837964132142333,0.2734353657026288,0.6763509687292998,0.6302016398614712,0.4262374896150993,0.0024586071250074716,0.5305147714083946,0.0013043273969063896,0.04005722984704599,1.0,0.04005722984704599,3.4509632956107294e-07,0.6516395234354362,2.2487840773449576e-07,9.996958174192794e-17,1.0,9.996958174192794e-17,1.0,1.0,1.0,0.2921623393154784,0.6773422271625212,-11.700335472780905,-0.7037921746828694,7.158134610499899,-2.0862036768032524,-3.356105137235002,-101.65128007952131,59.24680626488629,7.025051182091905,-2.5242691179731143,303.15,7.5,0.4
48,0.0009962863789087885,0.1323893725351377,0.00013189772856903896,1.0811607648787556e-07,0.6928770749673256,7.491115083386291e-08,0.9752083801243233,1.0019343786446846,0.9770948023889534,0.019858530667045265,1.1174174047601517,0.022190267800319605,0.2715430915299423,0.5804970284234362,0.1576299577220447,0.3998731476520489,0.6833140423270939,0.2732389369401804,0.6765815618906119,0.6307210959373735,0.4267342642066666,0.003172401967328682,0.5271316028476002,0.001672273333914848,0.039103530915927616,1.0,0.039103530915927616,4.560995507658113e-07,0.6505309994097538,2.967068965900228e-07,9.996828691301236e-17,1.0,9.996828691301236e-17,1.0,1.0,1.0,0.2923979085758964,0.6775779563855971,-11.65057349418068,-0.7123575359017783,7.1254535309632026,-2.0185595061429993,-3.235068659238565,-99.97652992347984,58.50259565198433,6.97913294146969,-2.5271803536987076,308.15,7.5,0.4
49,0.0010148211107708666,0.12982042472812785,0.00013174450762334442,1.1689710157404089e-07,0.6878287203704101,8.040518379068235e-08,0.9752068471136532,1.0019010676061797,0.9770607812600256,0.020732061145622403,1.1174366405099188,0.023166764757410512,0.27075796386136103,0.5822852861736958,0.15765837847081982,0.39986685364566493,0.6825382708840066,0.2729244308711403,0.6766824523788458,0.6311231963480313,0.4270699922579616,0.004027514174840799,0.5237739555355232,0.0021095070303317537,0.03813621339774879,1.0,0.03813621339774879,5.953725388927143e-07,0.6494057764129799,3.8663836587459045e-07,9.996671341141603e-17,1.0,9.996671341141603e-17,1.0,1.0,1.0,0.29250484611775435,0.6776973903867183,-11.604581981469627,-0.72105843910964,7.094715951013789,-1.9521665636279977,-3.118324669278065,-98.36272611189779,57.78272066377331,6.935641208467877,-2.5304515044877216,313.15,7.5,0.4
50,0.0010153594276675305,0.1287803326684366,0.000130758324873058,1.2573422310744067e-07,0.6828536732293594,8.585807609955571e-08,0.9752079482769916,1.0018697884813956,0.9770313808656454,0.021744800992194696,1.117427024535561,0.024298228271826032,0.2697006469798182,0.5841161481221055,0.1575365030598912,0.39985955668675355,0.6815378495230732,0.2725194223755394,0.6766314030066456,0.6313993888765008,0.42722465435304535,0.005039837456264765,0.5204783342564728,0.002623126204160064,0.03716182164444542,1.0,0.03716182164444542,7.687626969919542e-07,0.6483056242853579,4.983931802006643e-07,9.996488917168813e-17,1.0,9.996488917168813e-17,1.0,1.0,1.0,0.2924608073996804,0.6776468881685361,-11.56264231538178,-0.7299238693635784,7.066218847381247,-1.8874004291047544,-3.0056697277867537,-96.80722724677594,57.08659403651923,6.894637657716437,-2.5340459180882187,318.15,7.5,0.4
51,0.0010084051076005985,0.1278113627698039,0.00012888563102646328,1.3467640924978444e-07,0.6779521530888181,9.13041616211621e-08,0.9752117442578397,1.001840596086318,0.977006715177652,0.02291313035808402,1.1173879268722362,0.025602855228972803,0.2683410430937506,0.5859761464429207,0.15724145036454976,0.3998511387727481,0.6803184919672653,0.2720261237412697,0.6764250865391742,0.6315616351237818,0.42720413369342647,0.006215247402584895,0.5172347761110095,0.003214742098750531,0.03617759516502207,1.0,0.03617759516502207,9.817312987021057e-07,0.6472160947756744,6.353922972650279e-07,9.996278469318717e-17,1.0,9.996278469318717e-17,1.0,1.0,1.0,0.2922625785594352,0.677433626323184,-11.52413617646637,-0.738926239691256,7.0395094269792144,-1.823998412343329,-2.8969129847249677,-95.30695448394873,56.4130400464352,6.855876290309888,-2.5379450374391332,323.15,7.5,0.4
52,0.0010096183260755016,0.12473392737195842,0.00012593365895809984,1.4403079991203324e-07,0.6722621625389745,9.682645702108176e-08,0.9752167779974957,1.0018220078525446,0.9769936306249405,0.02424281619851611,1.1173355183158853,0.02708735960260573,0.26674288002056007,0.5871029113326331,0.1566055214373221,0.3998415583917406,0.6780321284192418,0.27110542286681844,0.6761486180414259,0.6308195624496367,0.42652777538381875,0.007543846196619638,0.513372771081526,0.0038728052265714534,0.03510824208513439,1.0,0.03510824208513439,1.2408111543699733e-06,0.6453095782317378,8.007073226917227e-07,9.996038959793547e-17,1.0,9.996038959793547e-17,1.0,1.0,1.0,0.29199531454515165,0.6771583803983012,-11.488392282553221,-0.7480320608559498,7.014005959134495,-1.7619607732634481,-2.791872370666587,-93.85927693382904,55.76119972295684,6.819256019129029,-2.5431750347520152,328.15,7.5,0.4
53,0.0009842074540285497,0.12437089063590863,0.00012240675762803082,1.5331401892878082e-07,0.6666649777891845,1.0220908702392623e-07,0.9752248090056151,1.0018050251686657,0.9769851143309775,0.025717673198734897,1.1172502527308432,0.028733076880935793,0.26485410955434086,0.5882777411747125,0.1558077773094675,0.39983093223967003,0.6756002532984171,0.2701258790976633,0.6756990844809109,0.6299638878487402,0.425666022275429,0.009044227030191563,0.5095956857781001,0.0046088990757832985,0.034038292031354445,1.0,0.034038292031354445,1.5540626703342606e-06,0.6434437349368465,9.999518889258059e-07,9.995773305991767e-17,1.0,9.995773305991767e-17,1.0,1.0,1.0,0.2915559902071043,0.6766834452489584,-11.456230347971953,-0.7573037406601957,6.990510491002566,-1.7016970670228406,-2.6903828666212863,-92.46214342663045,55.130656696122436,6.784883787425737,-2.5486683643598242,333.15,7.5,0.4
54,0.0009738138445492264,0.12139888567883601,0.00011821991558689932,1.6265419554535577e-07,0.6611524766963452,1.075392242298636e-07,0.9752355068591224,1.0017902695265086,0.9769814412682215,0.027365430774215146,1.1171358724144818,0.030570904381950946,0.2626252068580324,0.5894477104882841,0.1548038268989792,0.39981906053137134,0.6729804870728584,0.26907042609741494,0.6750961398427747,0.6290186176639952,0.42464804067420137,0.01070247981377068,0.5058585171373803,0.005413940568286784,0.03296164195150961,1.0,0.03296164195150961,1.9276046974236503e-06,0.6415627597768706,1.2366793894379764e-06,9.995476513284259e-17,1.0,9.995476513284259e-17,1.0,1.0,1.0,0.29096445147679684,0.6760701163415196,-11.426891725399,-0.766701037811469,6.9684331007759965,-1.6428358989214205,-2.592286297080248,-91.11287888873082,54.520263318848194,6.752487960902182,-2.554422062594843,338.15,7.5,0.4
55,0.0009476890397052762,0.11992696362970405,0.00011365346899700381,1.7179007637571937e-07,0.6557304159922909,1.126479782451979e-07,0.975249093766508,1.0017772282913238,0.9769823340470377,0.029162038774970485,1.1169898613364149,0.032573701647541434,0.2600975170116587,0.5906494571172102,0.15362645722047052,0.39980611665723365,0.6702358526657051,0.2679643934987253,0.6743264971863353,0.627969366765052,0.4234563834309986,0.012525285329596377,0.5021955171639476,0.0062901421437226565,0.03188520971034592,1.0,0.03188520971034592,2.371898512527398e-06,0.6397081743995776,1.5173228673099758e-06,9.995152916430835e-17,1.0,9.995152916430835e-17,1.0,1.0,1.0,0.2902072448263344,0.6752743580161169,-11.400934256688473,-0.7762703379020155,6.948276598390514,-1.5858752388383002,-2.4974340778717323,-89.80982241127036,53.92978149379656,6.7222391562038695,-2.560413969038901,343.15,7.5,0.4
56,0.0009184097842062807,0.1184386354112315,0.00010877520158971548,1.8066808978452207e-07,0.6503957441887155,1.1750575670655794e-07,0.9752654063554758,1.0017660768749905,0.9769878000366183,0.031110601784921147,1.1168140509961852,0.03474475720834693,0.2572649601299946,0.5918659488985993,0.1522663697456996,0.3997920783126632,0.6673648753521083,0.2668071905098908,0.6733997365255509,0.6268237532704256,0.4221029503002615,0.014503162763555393,0.49859326828361694,0.007231179322730337,0.030808856010741254,1.0,0.030808856010741254,2.8964190148015368e-06,0.6378635789741738,1.8475201989901585e-06,9.99480195781658e-17,1.0,9.99480195781658e-17,1.0,1.0,1.0,0.289293971699122,0.6743183269778469,-11.378195665869427,-0.7860104942403084,6.929940856416501,-1.5308204571174562,-2.4056861697817666,-88.55095409111625,53.358518946431914,6.694068842463345,-2.566634726313696,348.15,7.5,0.4
57,0.0008999319156357224,0.11503890305795152,0.00010352718040157447,1.895448872450604e-07,0.6442946915910841,1.22122764670223e-07,0.9752828328331425,1.0017655037188296,0.97700469830142,0.033193184588338615,1.1166262643295055,0.03706438170807626,0.25422521619658395,0.59230890730847,0.15057986001565818,0.3997770748439003,0.663510952250956,0.265256467617778,0.6724096827370079,0.6247736819737554,0.4201038732784051,0.016604202658587194,0.4943866495769725,0.008208896121275983,0.02967089796069689,1.0,0.02967089796069689,3.514751552275925e-06,0.6351932459688088,2.2325464472640543e-06,9.99442687109753e-17,1.0,9.99442687109753e-17,1.0,1.0,1.0,0.28831833270055823,0.6733098041975307,-11.358463951450139,-0.7959162317615368,6.913203372507741,-1.4779401191413584,-2.316907542087012,-87.33464059595823,52.806088417047015,6.668049429571557,-2.574147300001467,353.15,7.5,0.4
58,0.0008606123408107182,0.11417586875278737,9.826116167143373e-05,1.9785147201394863e-07,0.638297919163688,1.2628818288997614e-07,0.9753029760767549,1.0017664514586948,0.9770258014415151,0.035398036729704686,1.116408723397096,0.039518676996173126,0.25092789927430353,0.5927847313408953,0.14874622735725326,0.39976119102555396,0.6595965786929966,0.26368111389469284,0.6712626377832596,0.6226258716760262,0.41794548497335066,0.018848280418070677,0.49027009014379885,0.009240748139623108,0.028545310594769516,1.0,0.028545310594769516,4.240235181969254e-06,0.6325637366552812,2.6822190110036596e-06,1.1026011325194415e-16,1.0,1.1026011325194415e-16,1.0,1.0,1.0,0.28718654834481894,0.6721234479755424,-11.342289979495515,-0.8060356469892329,6.898637285594947,-1.4273650130801876,-2.230976914192902,-86.1592248440046,52.271985730388465,6.644183807302924,-2.5818597906210936,358.15,7.5,0.4
59,0.0008380169270490673,0.11091651839685263,9.294991990591177e-05,2.0563269858586192e-07,0.6323950088955697,1.300410922514262e-07,0.975325347285399,1.001769512216456,0.9770511974024398,0.037736302303247905,1.1161668880972364,0.04212001111011279,0.24735305452595868,0.5932440342454492,0.1467407239499143,0.39974434663322295,0.6555809790684611,0.2620647901428906,0.6699872797119554,0.6204002638736233,0.4156602851252682,0.021208965749759306,0.48620171096673975,0.010311835435367957,0.027429701937039093,1.0,0.027429701937039093,5.0845816148821814e-06,0.629924999495856,3.202905071191295e-06,1.3086528078817305e-16,1.0,1.3086528078817305e-16,1.0,1.0,1.0,0.28592737375625565,0.670825502271703,-11.329254823224153,-0.8163491424107446,6.885919391400033,-1.3789083297306617,-2.147776722729968,-85.02283763732014,51.75542677320662,6.622324340311853,-2.5897701483665236,363.15,7.5,0.4
60,0.0008045151285023658,0.10905292220874357,8.773472572432585e-05,2.1265498500495019e-07,0.6265899460389409,1.3324747557916363e-07,0.9753500597955788,1.001774233051351,0.9770805581083053,0.04018174502413571,1.1158994515464091,0.0448387872346107,0.2435474057034273,0.5937198560414997,0.1445989306535196,0.39972673087094635,0.6515170232100201,0.26042876979451185,0.6685766472246877,0.618083353786012,0.41323609637964237,0.02368762654127403,0.4822103184700758,0.011422417938267966,0.026330005533013203,1.0,0.026330005533013203,6.066507020198748e-06,0.6273139882272725,3.8056047134496196e-06,1.5447471831435168e-16,1.0,1.5447471831435168e-16,1.0,1.0,1.0,0.2845336658560654,0.669381375008175,-11.319666413449308,-0.8268885541400762,6.875341010086939,-1.3328174004807125,-2.0671960813645014,-83.92414158038775,51.25609024851678,6.602544746686854,-2.5978611472670377,368.15,7.5,0.4
61,0.0007797826704352771,0.10595476303188246,8.262168806233829e-05,2.1889878424614462e-07,0.6208758836018335,1.3590897608819225e-07,0.9753767513847611,1.0017809062200624,0.9771138059082065,0.04273271768906849,1.1156104369065043,0.047673065851304014,0.23951402953142376,0.5941854235127564,0.14231574507437586,0.3997083557272348,0.6473881703247323,0.25876646107776174,0.6670518570862632,0.6156863335357528,0.4106947121676564,0.026262922985274575,0.4782732270537037,0.012560852928030162,0.02524646597713719,1.0,0.02524646597713719,7.202400243789136e-06,0.6247047246131973,4.499373460850316e-06,1.813665114490249e-16,1.0,1.813665114490249e-16,1.0,1.0,1.0,0.2830265298909275,0.6678318586554828,-11.313313135521263,-0.8376484726520109,6.8667518594055625,-1.289013570825365,-1.9891300459008872,-82.86156379274026,50.77335615074343,6.584759827822201,-2.606126419386217,373.15,7.5,0.4
62,0.0007417494959677883,0.10462127270396504,7.76027762956746e-05,2.2456722616256442e-07,0.6143899251007261,1.379718412620957e-07,0.9754040439109961,1.001798051143699,0.9771578702677189,0.04533583239802034,1.1153149650493908,0.0505637323264831,0.2354076986247874,0.5938458042495417,0.1397958741163706,0.3996896061683408,0.6423557681311161,0.25674292398428783,0.6654925938162632,0.6123492433953039,0.40751388630856716,0.028903490186551566,0.4737472228655501,0.013692948207000483,0.02413145570420207,1.0,0.02413145570420207,8.524411874057492e-06,0.62127307325909,5.295987562721974e-06,2.116326144088402e-16,1.0,2.116326144088402e-16,1.0,1.0,1.0,0.2814852805187755,0.666234567879457,-11.310318546143229,-0.848647797575623,6.860209539920026,-1.2479085465060915,-1.9134762074481506,-81.83410569003647,50.30712624202802,6.5691361870967375,-2.6156943226505307,378.15,7.5,0.4
63,0.0007196966580998262,0.10109893738239299,7.276056737155179e-05,2.2933492462119088e-07,0.6080052498428942,1.394368381420086e-07,0.9754328938432673,1.0018171431641352,0.9772053950583872,0.04801836831468987,1.1150025334273221,0.053540602321925465,0.2311165953008503,0.5934844217489876,0.13716409891871992,0.39967028570472657,0.6372820857215307,0.2547027132748282,0.6638434111686793,0.6089493056024253,0.4042469842599125,0.03160732045338857,0.46927631479754517,0.01483256686299126,0.023042075419969707,1.0,0.023042075419969707,1.0045728438722969e-05,0.6178428285687482,6.206681273614114e-06,2.4578939757993144e-16,1.0,2.4578939757993144e-16,1.0,1.0,1.0,0.27985466027364003,0.6645633371617038,-11.31044908352542,-0.8598787688732056,6.855622473811482,-1.2090837014384852,-1.8401437839915964,-80.84001626566683,49.85648266516991,6.555422003643152,-2.6254157807094622,383.15,7.5,0.4
64,0.0006972102763042146,0.09773750258487306,6.814359118248326e-05,2.3308321207165832e-07,0.6017224569967082,1.40251403052443e-07,0.9754632730941015,1.0018378840076383,0.9772560614437596,0.05075927476466977,1.114673410151578,0.0565800138987554,0.22667938653712874,0.5931206718578723,0.13444823003923212,0.39965054623315166,0.6321997298850028,0.2526589673769923,0.6621056575030041,0.6054801290444287,0.40089181894596526,0.03436974355168095,0.4648759674290145,0.015977667783874813,0.02198192006596004,1.0,0.02198192006596004,1.1793711646373162e-05,0.6144357662697868,7.246478252604204e-06,2.8426956337217587e-16,1.0,2.8426956337217587e-16,1.0,1.0,1.0,0.2781358715781027,0.6628031008625204,-11.31378920323368,-0.8713571924633424,6.853092785438032,-1.1726013229795147,-1.7690437995124781,-79.87809779659891,49.42101647655145,6.543611752305703,-2.6352773364807645,388.15,7.5,0.4
65,0.0006606752928938803,0.09653565635184246,6.377872303495649e-05,2.3573047784199553e-07,0.5955415954549195,1.4038730487137248e-07,0.9754951318611297,1.0018600099351844,0.9773095624981154,0.053539792221366546,1.114328109191802,0.05966089543255734,0.22213095964393734,0.5927709063782343,0.13167277028280372,0.39963052316043096,0.6271363436631251,0.2506228251110145,0.6602819756392406,0.6019370112366075,0.397448158989687,0.03718557934460449,0.4605585253879786,0.017126135588648714,0.020953770381700654,1.0,0.020953770381700654,1.3798634958067611e-05,0.61107001418429,8.431932059550222e-06,3.275347573782861e-16,1.0,3.275347573782861e-16,1.0,1.0,1.0,0.27633142715819775,0.6609428866626125,-11.320363400412015,-0.8830945319451385,6.85267216338563,-1.1384765757610062,-1.7000918894709998,-78.94717270763242,49.000291788337734,6.533678714506855,-2.645266657997185,393.15,7.5,0.4
66,0.0006391527651323956,0.09329949391380436,5.963262952046117e-05,2.3735892993674002e-07,0.5894515633397993,1.3991159232387336e-07,0.9755279530840066,1.0018839538134725,0.9773658026913683,0.05635985090691036,1.113972355012724,0.06278331584293695,0.21747247122848207,0.5923956499905666,0.12882974594845142,0.3996102171786963,0.6220570276673323,0.24858034392367695,0.658402514128964,0.5983375742243529,0.39394696316713956,0.04002567078594303,0.4562899018947484,0.018263309396189448,0.019956636106087416,1.0,0.019956636106087416,1.6086764507802803e-05,0.6077064411567932,9.776030408764248e-06,3.759036051600315e-16,1.0,3.759036051600315e-16,1.0,1.0,1.0,0.2744714749005248,0.6590419042530263,-11.329891315513398,-0.8950782641509388,6.854146300706744,-1.106560968990841,-1.6332079189116828,-78.04596233622634,48.59372791791922,6.52551647958601,-2.6553806692645083,398.15,7.5,0.4
67,0.0006136899315790146,0.09070736486859604,5.566619653992143e-05,2.3832978617998689e-07,0.582545434207903,1.38837928774897e-07,0.9755602480028396,1.0019189971102287,0.9774323452996111,0.05915659105055119,1.1136224239063568,0.0658781063157519,0.2128712465208169,0.5911155182608041,0.1258314972099761,0.3995900817183722,0.6160592501511163,0.24617116611124365,0.6565532213095847,0.593768392948716,0.38984055110229476,0.04284603268894624,0.451385964243514,0.019340097779309114,0.018949369226613316,1.0,0.018949369226613316,1.8718848077406606e-05,0.6034526910135836,1.1295939244985457e-05,4.292029578461222e-16,1.0,4.292029578461222e-16,1.0,1.0,1.0,0.2726415275029471,0.6571671495709498,-11.342404953658022,-0.9073197404987865,6.85749187388526,-1.077177621459592,-1.5683124020250352,-77.17371785324785,48.20123984676935,6.519259588680101,-2.6668711615251737,403.15,7.5,0.4
68,0.000596065284650653,0.08713739898731987,5.193957853109435e-05,2.3826555460530583e-07,0.5757459447180385,1.3718042682999917e-07,0.9755932237698982,1.0019555387413666,0.9775010341147949,0.061962315229807316,1.1132650654719052,0.06898048092110225,0.20821342987597993,0.5898214448706801,0.1228087460509305,0.39956988412286937,0.6100855409327067,0.24377180889551972,0.654664099078042,0.5891616308543343,0.3857029682746027,0.04566718002993169,0.4465483938177599,0.020392605892552474,0.017981034620049043,1.0,0.017981034620049043,2.171274551430868e-05,0.5992231974551713,1.301078079261447e-05,4.88354515673275e-16,1.0,4.88354515673275e-16,1.0,1.0,1.0,0.2707718103904379,0.6552604026282474,-11.357775089118528,-0.9198173820234732,6.86270785018999,-1.049923255003322,-1.5053366386747913,-76.32901823490336,47.82201807407719,6.514673865155618,-2.678465824382794,408.15,7.5,0.4
69,0.0005664101517667139,0.08556386866777022,4.846424383785893e-05,2.3713478342010552e-07,0.5690543940697412,1.3494259049198745e-07,0.9756269230766582,1.0019931953123375,0.977571538086325,0.06475858163343653,1.112899761129994,0.07206981003096874,0.2035344324405779,0.5885386906102258,0.11978788836267318,0.3995497576160303,0.6041688874459706,0.24139553253818424,0.652732376093768,0.5845104800204194,0.3815289144754373,0.04849048934412039,0.441795676280775,0.021422888532971383,0.017053266590088097,1.0,0.017053266590088097,2.5113524289320154e-05,0.59504403075363,1.4943652719546245e-05,5.539035483653325e-16,1.0,5.539035483653325e-16,1.0,1.0,1.0,0.26885942422578113,0.6532990233803182,-11.37603248675196,-0.9325822126142399,6.869850956952497,-1.0247910722245364,-1.444212018876009,-75.51088940912382,47.4556711045662,6.511728052941752,-2.6901537073951225,413.15,7.5,0.4
70,0.0005497695128845361,0.08223337119133668,4.5209400422714436e-05,2.350527438361533e-07,0.5624599479861799,1.3220775407209153e-07,0.9756608816629073,1.002032323697255,0.9776437403931955,0.0675450622783931,1.1125316323513132,0.07514601839385178,0.19883657218668035,0.5872331263580098,0.1167634219194944,0.3995297048382279,0.5982772252782343,0.23902952322684698,0.6507850898625186,0.579831659571648,0.3773457986794682,0.051290549270500765,0.43709792281495313,0.02241899254617389,0.01616444373862103,1.0,0.01616444373862103,2.8959594084340175e-05,0.5908812241760977,1.71116804041978e-05,6.261745523718445e-16,1.0,6.261745523718445e-16,1.0,1.0,1.0,0.266931403977958,0.651335094428147,-11.396942889911072,-0.9456033894366219,6.878743072445195,-1.0016486486485352,-1.3848731885170342,-74.71827867659535,47.10169529948134,6.510329129208841,-2.7019333564952857,418.15,7.5,0.4
71,0.0005277009092932566,0.07993274680432773,4.218058317095139e-05,2.3202079460706105e-07,0.5559638549868229,1.2899517540684755e-07,0.975695148839161,1.0020725573154,0.9777173329574878,0.07030577046126192,1.112160087843108,0.07819127185207442,0.19415103136666756,0.5859285047009907,0.11375862349482664,0.39950984136704226,0.5924401148604035,0.2366856563073521,0.6488191045173056,0.5751194171031502,0.37314846519538064,0.05406975954877507,0.43247217940209515,0.023383666751806,0.015315509968349938,1.0,0.015315509968349938,3.33024370287769e-05,0.5867588860699031,1.9540500854418218e-05,7.057199175809287e-16,1.0,7.057199175809287e-16,1.0,1.0,1.0,0.26498450273722274,0.6493470374473936,-11.420521640367117,-0.9588900968135056,6.889426532595064,-0.9804762482498082,-1.327258028385483,-73.95028978751999,46.7597115805541,6.510441038574866,-2.713795896151733,423.15,7.5,0.4
72,0.0004985567816115465,0.07886883477122633,3.9320592432995425e-05,2.2855988832397914e-07,0.5485796394834345,1.253833011371426e-07,0.9757279673674527,1.0021246548247291,0.9778010525009431,0.07297605229944082,1.111804308143249,0.08113508933780535,0.1896451535227101,0.5836034810585746,0.11067757176174144,0.3994906339172417,0.5856383006160328,0.23395701595931515,0.6469359105609801,0.569383029706688,0.3683543287812657,0.056764986019525815,0.4271532692085099,0.024247349354815814,0.014468947955442943,1.0,0.014468947955442943,3.825209816783355e-05,0.5816618306148967,2.224978544516281e-05,7.9157594088839e-16,1.0,7.9157594088839e-16,1.0,1.0,1.0,0.26311976260376246,0.64743469590248,-11.446673313411912,-0.9724421698806323,6.9017603000835015,-0.9615331642331086,-1.2713033648160794,-73.20634624987174,46.42963873651652,6.51217172626536,-2.7271893201568207,428.15,7.5,0.4
73,0.0004758178332652246,0.0770544664648241,3.6663889276700513e-05,2.2429711770128022e-07,0.5413091763374025,1.214140880377334e-07,0.9757607046551372,1.0021778250180835,0.9778857407293978,0.07560746041428894,1.1114493435439028,0.08403386224448307,0.1851751991227801,0.5812712919067282,0.10763702722318404,0.3994717110378613,0.5789018442551341,0.23125491024757194,0.6450564449096512,0.563649333585533,0.363585635298378,0.059414306775077134,0.4219069042319027,0.025067306238557355,0.013665074928924074,1.0,0.013665074928924074,4.381660451989214e-05,0.5766059136149164,2.5264913280695902e-05,8.851986280334478e-16,1.0,8.851986280334478e-16,1.0,1.0,1.0,0.26125847737033425,0.6455324870400342,-11.475252828753408,-0.9862547973770555,6.915730917856567,-0.9443829399153749,-1.2169567616759998,-72.48521369921366,46.11069347090027,6.515273542655994,-2.7406578088276943,433.15,7.5,0.4
74,0.000459788269937591,0.07437978867470352,3.4198954353065555e-05,2.1930605749712762e-07,0.5341484544524817,1.171419916641579e-07,0.9757932270864832,1.0022320064445671,0.9779712038579051,0.0781939863254849,1.1110966377182179,0.08688107529603056,0.18075447983595894,0.5789314271447125,0.10464444897423185,0.3994531164506685,0.5722319802383357,0.22857984783894056,0.6431883569640541,0.5579223752677163,0.3588491758619248,0.06201134889316865,0.41673021208916644,0.025842002576185467,0.012902693009544603,1.0,0.012902693009544603,5.0054550440380774e-05,0.5715903168600315,2.8610696346503655e-05,9.869508081508018e-16,1.0,9.869508081508018e-16,1.0,1.0,1.0,0.25940825443138144,0.6436483645400491,-11.50617243910552,-1.0003275767376751,6.931287396311128,-0.9289585631756032,-1.1641644269220843,-71.78606239966616,45.80247819999003,6.519687527199689,-2.754199141609756,438.15,7.5,0.4
75,0.00043487691935884307,0.07340468646349195,3.1922003915745146e-05,2.1363057048010449e-07,0.527098425079727,1.1260433724894673e-07,0.9758256098150323,1.0022868846363937,0.9780572104099179,0.08072548403991583,1.110745321673674,0.08966545373717935,0.17640407538554811,0.5766040253387615,0.10171529995346937,0.39943492376207806,0.5656510316721258,0.22594077671189639,0.6413270600004882,0.5521979290164625,0.3541394743544862,0.06456148666781196,0.41163667589144387,0.026575875762547885,0.012181146950264995,1.0,0.012181146950264995,5.7033976902832805e-05,0.5666344049416517,3.2317413563792576e-05,1.0972924293560768e-15,1.0,1.0972924293560768e-15,1.0,1.0,1.0,0.2575644363448228,0.6417621505504174,-11.539417980369656,-1.0146662273814389,6.94844488118088,-0.9152214652849257,-1.112875060180199,-71.10812368343426,45.50463075874691,6.525368654833784,-2.7678100684267415,443.15,7.5,0.4
76,0.0004156706964655702,0.0717239627329394,2.981354954247154e-05,2.073867605221299e-07,0.5201509863341633,1.0787242803823276e-07,0.9758575706761549,1.00234264805442,0.9781436615154904,0.08320236033079613,1.1103984882077276,0.0923877751266306,0.17212538511585224,0.5742696625152638,0.09884638682079026,0.39941713046809185,0.5591392652086409,0.22332980084167273,0.6394889446456581,0.5464869192600311,0.3494723432602542,0.06705048086708912,0.4066085149736951,0.027263296453639264,0.011498280854826374,1.0,0.011498280854826374,6.4814188454254e-05,0.5617184303140578,3.6407324200603076e-05,1.216408942682474e-15,1.0,1.216408942682474e-15,1.0,1.0,1.0,0.25574341614311397,0.6399048227288843,-11.57483288204174,-1.0292637493762178,6.967089545873433,-0.9030785110089907,-1.063039635684625,-70.45060449234929,45.21674019016933,6.532244137560915,-2.7814939027329326,448.15,7.5,0.4
77,0.0004454625414042978,0.06242829672848475,2.7809467716212427e-05,2.012214204536384e-07,0.512184482509594,1.030624891048923e-07,0.975886638979427,1.0024127691549967,0.97824122816073,0.0855612828380109,1.110083109321143,0.09498013489032488,0.16808098441563116,0.5706692127935918,0.0959186430620402,0.3994001942860937,0.5514758996808883,0.2202595814766451,0.6378169866266582,0.5396872849129606,0.34422171778390726,0.06937150583787519,0.4007359112840539,0.02779965360908798,0.010818767494138449,1.0,0.010818767494138449,7.357822566996452e-05,0.555616966342927,4.0881310535640995e-05,1.34125039123724e-15,1.0,1.34125039123724e-15,1.0,1.0,1.0,0.25408772979504635,0.638262650389483,-11.612135361984366,-1.0441012630889706,6.98689937292224,-0.8927589221862748,-1.0146065475743147,-69.81306193959809,44.93873168005055,6.5404063181142105,-2.7970078278714996,453.15,7.5,0.4
78,0.00042953256071299946,0.060486817518857997,2.5981057618254993e-05,1.9451258372280928e-07,0.504362583891688,9.810486932588435e-08,0.9759158064914787,1.0024827093226656,0.9783387217623919,0.08784245037664035,1.1097663573238177,0.09748459617288238,0.16415179563715251,0.5671443879708753,0.09309776967095307,0.3993838256187963,0.5439828882427816,0.2172579669775643,0.6361373089827775,0.5329111728047109,0.3390046793948447,0.07165947833878995,0.3950014419679108,0.0283055972744903,0.010181046457238451,1.0,0.010181046457238451,8.333877919655039e-05,0.5496448224919654,4.580672849818503e-05,1.4751748328814409e-15,1.0,1.4751748328814409e-15,1.0,1.0,1.0,0.2524237785745058,0.6365670360560742,-11.65166688198141,-1.059215427747652,7.00830943636235,-0.8839766949815242,-0.9675359730324137,-69.19456342654532,44.669998455516364,6.549679072060373,-2.812589876961361,458.15,7.5,0.4
79,0.00041959509926759565,0.05789994997806294,2.4294535258634143e-05,1.8744644869853582e-07,0.4966659738049653,9.309827297914084e-08,0.9759443555759713,1.0025532800591852,0.9784362148379377,0.0900596125969385,1.1094561473206874,0.09991719082099305,0.16031440347164458,0.5636267055630426,0.09035747908302744,0.3993679257493408,0.5365881763002435,0.21429610695064982,0.6344918655567884,0.5261880536704511,0.33386203980706003,0.07387638658281229,0.3893489263421198,0.028763691798053357,0.009580998223711813,1.0,0.009580998223711813,9.414700090417023e-05,0.5437339420676861,5.119091993547449e-05,1.6177552063818955e-15,1.0,1.6177552063818955e-15,1.0,1.0,1.0,0.25079361116785065,0.6349116481025047,-11.693109805039992,-1.0745836872078733,7.031058375329999,-0.8765867624748884,-0.9217850502885117,-68.59434053894422,44.41008566812561,6.559960237465554,-2.8282540326623087,463.15,7.5,0.4
80,0.000401326747705679,0.056673445602220006,2.2744569604813682e-05,1.8007617047681977e-07,0.489095564978017,8.807445633843789e-08,0.9759724081330977,1.0026241900132011,0.9785335451796805,0.09220742736193326,1.109151103161981,0.1022719697782165,0.15658116864987354,0.560135305362993,0.08770664071579122,0.3993525337895636,0.5293102719025347,0.21138139824512006,0.6328733891103594,0.5195131705140608,0.32878606091070167,0.07603112512272876,0.3837906670999748,0.02918003623121372,0.009017065790992557,1.0,0.009017065790992557,0.0001060881289527068,0.5379017706832482,5.7064992412133755e-05,1.7690942685369014e-15,1.0,1.7690942685369014e-15,1.0,1.0,1.0,0.2491899227595125,0.6332748959342356,-11.736437402914486,-1.0902092476060958,7.0551500289295195,-0.8705495898211354,-0.8773128742498602,-68.01175137932054,44.1586428985693,6.57119840139448,-2.8440051007513727,468.15,7.5,0.4
81,0.000388175752325584,0.0549150055429545,2.131667359059998e-05,1.7250182770782006e-07,0.48164360910699744,8.308440287474798e-08,0.975999738823296,1.0026956390705586,0.9786306818521231,0.09428874436468555,1.108853689215333,0.10455242204026301,0.15294890689165117,0.5566519968380451,0.08513931443543386,0.3993376296956439,0.5221292017692036,0.20850583782939236,0.6312949740452841,0.5128954721463406,0.3237883337765678,0.07811302799037606,0.37831028228289504,0.029550961669010847,0.00848678469239677,1.0,0.00848678469239677,0.0001192304647894804,0.5321295559279285,6.344605428150673e-05,1.928882316800749e-15,1.0,1.928882316800749e-15,1.0,1.0,1.0,0.2476258270086623,0.6316833222994375,-11.781505008866104,-1.10608413657907,7.080480497048568,-0.8657882568492667,-0.8340802316223841,-67.44613535558098,43.91527943922498,6.58332113473524,-2.8598552406175917,473.15,7.5,0.4
82,0.0026043145906706707,0.13827633344540866,0.0003601150727363207,1.5607362754323803e-08,0.7244204483981816,1.1306292724800332e-08,0.975453978608986,1.002335539287201,0.9777321896988839,0.005219900978526719,1.1170814980743276,0.005831054804892274,0.26838712097177736,0.5640546606388102,0.15138500643956315,0.3999786373994609,0.674403285705273,0.2697469072741144,0.6748192080591948,0.618656372279775,0.41748120320261217,0.001244667755253397,0.5472583342784979,0.0006811548024701313,0.04454394123058627,1.0,0.04454394123058627,1.6835872477014473e-07,0.6534532285112798,1.1001455224909313e-07,9.999465934986504e-17,1.0,9.999465934986504e-17,1.0,1.0,1.0,0.27621133654097474,0.6774235382572282,-12.773574275238484,-0.6923125263544425,7.94667977465869,-3.06351716446782,-4.185642974651621,-113.72353178984125,64.82830971224213,7.6327821975743895,-2.522500168958937,273.15,8.0,0.4
83,0.00254322773126337,0.13782371438567262,0.0003505170924513647,1.9130198787279514e-08,0.720000373886298,1.3773750279360457e-08,0.9754471022035219,1.0022695836756808,0.9776609610231732,0.005565060108657723,1.1171585505141686,0.006217054484512285,0.2685111113301853,0.5664712969291599,0.1521038374751001,0.39997615043775586,0.6769697008394336,0.27077173490475587,0.6752247922496823,0.6210557486370304,0.4193522388489098,0.0016508712488258435,0.5444397076627757,0.0008987998600996236,0.043727672997122616,1.0,0.043727672997122616,2.229005874427049e-07,0.653167448120122,1.4559140788442762e-07,9.999403760943867e-17,1.0,9.999403760943867e-17,1.0,1.0,1.0,0.27661939917010636,0.6777680391111445,-12.647885597412584,-0.6980484064947282,7.860947795118586,-2.952332564403458,-4.033717770238321,-111.57023673745897,63.87932337634089,7.550984311619823,-2.521167804032336,278.15,8.0,0.4
84,0.0024889806017329816,0.13583475259397382,0.0003380900642475995,2.326031258811397e-08,0.7156220656779324,1.6645592942620544e-08,0.9754410530289236,1.002208256523132,0.9775950770972054,0.006004010794847709,1.1172266800782726,0.006707841047481816,0.26848809616950303,0.5688904868430469,0.15274032374143137,0.39997298767000933,0.6790725569073467,0.2716106794309439,0.6755833287170274,0.6232445126465194,0.42105360245835705,0.002144016527327189,0.5416235078773,0.0011612497524778596,0.04287029315905703,1.0,0.04287029315905703,2.904070344654705e-07,0.65286219307156,1.8959577340453526e-07,9.99932469175025e-17,1.0,9.99932469175025e-17,1.0,1.0,1.0,0.2769810875660837,0.6780723325790731,-12.528412247379812,-0.7038840892914952,7.778700729968314,-2.8424784319966534,-3.887640720055916,-109.50127905126514,62.9613897193079,7.472643546590097,-2.520648787514312,283.15,8.0,0.4
85,0.002400161516318476,0.13540790990411725,0.00032500085435698163,2.7929612668216988e-08,0.7112936816687482,1.9866157022358184e-08,0.9754365333574122,1.0021503495186312,0.9775340628373725,0.006515039673192625,1.1172780469372199,0.007279110801783157,0.26833978663509295,0.5713727251659652,0.15332203516014667,0.39996930559748545,0.6808156847001778,0.27230537664940674,0.6758535595218462,0.6252190426846845,0.42255651547928513,0.0027437976893725144,0.5388685785405826,0.001478546360675102,0.04199364751230209,1.0,0.04199364751230209,3.744968710109932e-07,0.6526032849593104,2.443978882287574e-07,9.999232639937151e-17,1.0,9.999232639937151e-17,1.0,1.0,1.0,0.27725498782460406,0.6782537489677775,-12.417457003119297,-0.709969735190401,7.701886136181604,-2.736065044582176,-3.747105892391568,-107.5141771461812,62.075471579421624,7.398631893834515,-2.520790170188091,288.15,8.0,0.4
86,0.0022988976808180944,0.1350455137437876,0.0003104558183504814,3.323925586406039e-08,0.7070156560904195,2.3500674292685953e-08,0.9754336351354972,1.0020958999760008,0.9774780464679681,0.007122771037769553,1.117311691894211,0.007958355359185381,0.2680145598781451,0.5738901412759969,0.1538109136324928,0.39996492678033824,0.6821941470562953,0.2728537320773464,0.6760304364834621,0.6270084528842479,0.4238767980821584,0.0034527107747651196,0.536149317876119,0.001851168526713845,0.04109996851930853,1.0,0.04109996851930853,4.769278332357863e-07,0.6523573678885433,3.111273859624835e-07,9.999123169508433e-17,1.0,9.999123169508433e-17,1.0,1.0,1.0,0.2774362285967327,0.678329367403536,-12.312959821962346,-0.7162108698176286,7.628919676562668,-2.631847265786871,-3.6118278870154814,-105.60339630916012,61.219160902688955,7.328144739988861,-2.521500087180257,293.15,8.0,0.4
87,0.0022102574092418793,0.1331213462629639,0.00029423244190596984,3.929740009728653e-08,0.7027858483056334,2.7617656663577366e-08,0.9754323319493517,1.0020450176269893,0.9774271082621233,0.007849975394118382,1.1173279635090663,0.008770997020706576,0.26746657442607025,0.5764126432195449,0.15417111513780823,0.3999596871362347,0.6831997837099612,0.2732523717441792,0.6761157934288284,0.6286397243863835,0.42503324603437975,0.004268457113840515,0.5334390364434003,0.0022769616499070614,0.04018942540946949,1.0,0.04018942540946949,5.992315994797912e-07,0.6520901542328573,3.9075302612597894e-07,9.998992178405853e-17,1.0,9.998992178405853e-17,1.0,1.0,1.0,0.27752680722943046,0.6783260901354704,-12.213610406364506,-0.7225491980985047,7.558813173738987,-2.5291520143115043,-3.4815404789611595,-103.7642643563958,60.390640277512205,7.260671431579569,-2.5227096868942667,298.15,8.0,0.4
88,0.0021015485662225896,0.13205983100360713,0.0002775301485012281,4.607246920315795e-08,0.6977122045214229,3.214532405548066e-08,0.9754315886901576,1.0020053008503744,0.97738762248444,0.008676078648031672,1.1173382778646601,0.009694114775210061,0.26680906299100887,0.5782524271487357,0.1542829882598308,0.3999537349691531,0.6830622062578099,0.2731932806090811,0.6761697446362379,0.6292975478503581,0.4255119622301873,0.005203148820177857,0.5301062868396526,0.0027582219009386036,0.039190058977698866,1.0,0.039190058977698866,7.467959221448911e-07,0.651037876965431,4.861924316796514e-07,9.998843374228793e-17,1.0,9.998843374228793e-17,1.0,1.0,1.0,0.2775866902052631,0.6782713392749298,-12.12104587179361,-0.7290985163105659,7.492882191778436,-2.429829237082418,-3.3559922820325485,-101.99490563980046,59.590657535570365,7.196976817433941,-2.5253936610628127,303.15,8.0,0.4
89,0.001972799522891852,0.1322992458534853,0.0002609998890987077,5.348863697355521e-08,0.6927068924403813,3.705194749882317e-08,0.9754330828712996,1.0019680164666278,0.9773527512404839,0.00961171530995636,1.1173240719557975,0.010739400888600325,0.2659337079443982,0.5801401821258318,0.15427882976026094,0.39994699366768216,0.6826614337137767,0.27302838810669466,0.6760945590098494,0.6298008048071784,0.4258048973901575,0.0062673887334237606,0.526837614691972,0.003301896130664314,0.03818885945586456,1.0,0.03818885945586456,9.231071984589504e-07,0.6500182789952195,6.000365524703858e-07,9.99867484169202e-17,1.0,9.99867484169202e-17,1.0,1.0,1.0,0.2775182227772464,0.6780674120213782,-12.035161864127517,-0.735872637856944,7.4311889599987095,-2.333741995273634,-3.234954022482746,-100.29171241261047,58.81800741462661,7.136838822790827,-2.5284619989210997,308.15,8.0,0.4
90,0.0018799931162080871,0.1297774194201355,0.00024398065514910443,6.170348549542419e-08,0.6877593684354731,4.243715021460038e-08,0.97543636840252,1.0019339504083944,0.9773228139655549,0.01069375108831196,1.1172903838646482,0.011948025258413071,0.26477442968790277,0.5820041090198962,0.154099806041759,0.39993919756976964,0.6819374360532708,0.27273351096793125,0.6759167407451027,0.6301860958978576,0.4259533320021605,0.0074420598232442185,0.5235686776928011,0.003896429420966697,0.03717796105792033,1.0,0.03717796105792033,1.1291352554112375e-06,0.6489530414282714,7.327557581830105e-07,9.998479939244244e-17,1.0,9.998479939244244e-17,1.0,1.0,1.0,0.2773481738924228,0.6777967955647962,-11.954070361172825,-0.7427741326139942,7.372253788004169,-2.2397358203130238,-3.118208213778695,-98.6502953685828,58.070522831457076,7.07954229230976,-2.5318924518186208,313.15,8.0,0.4
91,0.001768811713136799,0.1287735370216619,0.00022777614062597068,7.045993426014445e-08,0.6828807230325392,4.811573085239267e-08,0.9754420654078263,1.001902006539979,0.9772973625956026,0.01189499995684089,1.11723027376236,0.013289454058184606,0.26337599990285676,0.5839152495750418,0.1537892627153528,0.39993054264712685,0.6809988618303829,0.2723522443539008,0.6755997531641372,0.6304331990492231,0.4259205136641326,0.008754284673289196,0.5203668865301516,0.004555439859238124,0.036167130943800564,1.0,0.036167130943800564,1.3729745251681903e-06,0.6479207571889455,8.895786939481074e-07,9.998263566178184e-17,1.0,9.998263566178184e-17,1.0,1.0,1.0,0.27703981157283447,0.6773686353372084,-11.879712356932298,-0.7499397952458436,7.317712913117281,-2.149467896735799,-3.005551513900061,-97.06929471440696,57.34889793192366,7.025789605418652,-2.5356401688799206,318.15,8.0,0.4
92,0.0016599992840856575,0.1278369391583326,0.000212209227482534,7.974374206832763e-08,0.678067873520931,5.407166961087248e-08,0.9754500364486189,1.0018724037097377,0.9772764727155292,0.013230523140574053,1.1171453071335393,0.014780416837414006,0.2617109357884236,0.5858469050984084,0.15332254176205623,0.39992092039417354,0.679836808941826,0.27188096234985293,0.6751518105278339,0.6305589909742995,0.4257230444009023,0.010198376506381565,0.5172095928324875,0.005274698160418015,0.03515364614443827,1.0,0.03515364614443827,1.6590144261347563e-06,0.6468930283988579,1.0732048662797068e-06,9.998023009854323e-17,1.0,9.998023009854323e-17,1.0,1.0,1.0,0.2766014582130833,0.6768118895556616,-11.811367346243138,-0.7573434681025873,7.267030220185907,-2.0626001306447432,-2.8967930899097,-95.54555620225014,56.651881554367144,6.975297044275862,-2.5396851391610356,323.15,8.0,0.4
93,0.0015784332960934184,0.124790711551958,0.0001969738141568,8.966621040350597e-08,0.6724555457933515,6.0296540456111e-08,0.9754586712163426,1.0018537544454296,0.9772669320644427,0.014703972227586806,1.1170533378377197,0.016425121256298972,0.2598447214312862,0.5870271643868905,0.15253591000270939,0.39991030454438764,0.677593109356039,0.2709764667197522,0.6746668998014862,0.6297793717492169,0.4248912962969719,0.011753102944956724,0.5134170718328398,0.006034243698949606,0.03406470474992466,1.0,0.03406470474992466,1.993954879066038e-06,0.6450324895701518,1.2861656797345184e-06,9.997757613609708e-17,1.0,9.997757613609708e-17,1.0,1.0,1.0,0.2761271269549664,0.67624542276379,-11.748469185514677,-0.7649661850500493,7.219707605006155,-1.9792188622253974,-2.7917508993437634,-94.07653502279099,55.97870075456443,6.928006534932828,-2.545051146559926,328.15,8.0,0.4
94,0.0014697227061605336,0.12444944970768916,0.00018290618200457413,9.98009685055834e-08,0.6669302993744027,6.656028980328414e-08,0.9754699954223363,1.0018367228915206,0.9772616634929199,0.01629697182343345,1.116931880971408,0.018202607392885563,0.2577315737291849,0.5882611839730317,0.15161348070916303,0.399898827591007,0.67521577513746,0.27001799684842326,0.6740266034845587,0.6288761235794419,0.4238792375887868,0.013454468655695606,0.509714274314299,0.006857934727122369,0.0329829582960187,1.0,0.0329829582960187,2.387897318732635e-06,0.6432216832347486,1.535947332746948e-06,9.997470689775197e-17,1.0,9.997470689775197e-17,1.0,1.0,1.0,0.2754982682587789,0.6754964259916877,-11.692128242400125,-0.7728975575125203,7.176784795796461,-1.899945599911495,-2.690259950951504,-92.6603919595191,55.329151060350654,6.884130969539845,-2.550668687102348,333.15,8.0,0.4
95,0.001395151274687639,0.12149937708962047,0.0001695100108203382,1.1023191718523838e-07,0.6614784757263872,7.29160405560888e-08,0.975483367982058,1.0018222670484875,0.9772609591798794,0.018039742383591996,1.1167881244764861,0.020146570062610683,0.255318002483622,0.5894692311724508,0.15050210662850655,0.39988627177999786,0.6726320653236176,0.26897632888194145,0.6732687185866639,0.6278835752405073,0.42273437012378956,0.015271407464779186,0.5060315081099402,0.007727813350363608,0.031901283637828765,1.0,0.031901283637828765,2.844540806714755e-06,0.6413764491027542,1.8244214819385933e-06,9.997156794499975e-17,1.0,9.997156794499975e-17,1.0,1.0,1.0,0.2747528961419017,0.6746639800932688,-11.640974454218348,-0.781065175873482,7.137176922180097,-1.8239430671289423,-2.5921620616349155,-91.29398605693835,54.70161895794639,6.843165780451275,-2.5565355325600985,338.15,8.0,0.4
96,0.0013093651134804438,0.11999744606643986,0.00015712046958614746,1.2064680617955764e-07,0.6561101136337248,7.91575897120155e-08,0.9754992517466682,1.0018095962010451,0.9772645114867513,0.019907920483000496,1.1166168891302282,0.02222952023877996,0.25264623074417536,0.5907074179746035,0.14924000262390769,0.399872812779742,0.669926414857058,0.2678853598643401,0.6723659259104718,0.626781897137572,0.4214267906128258,0.017224895627979592,0.5024205444325731,0.008654141439203752,0.030826340203837427,1.0,0.030826340203837427,3.3771784201830266e-06,0.6395584695261546,2.1599030617290136e-06,9.996820319493557e-17,1.0,9.996820319493557e-17,1.0,1.0,1.0,0.2738635163406563,0.6736754116707585,-11.595712061224063,-0.7895324293007052,7.101507438198689,-1.7518122632762902,-2.4973086606491157,-89.97575943570835,54.09596935267977,6.805333085645482,-2.5626286223826753,343.15,8.0,0.4
97,0.001227918304915148,0.11856898660562439,0.0001455930290482851,1.309495083449646e-07,0.650821513741105,8.52247572447233e-08,0.9755174423401262,1.0017989271534062,0.9772723271557733,0.021905792833794947,1.116420461929899,0.02445607535444603,0.24970843005392526,0.5919541962331336,0.147815953005209,0.39985841976763614,0.6670918917085876,0.26674230965839896,0.6713302070766044,0.6255813960462461,0.4199716881509976,0.01930365618765844,0.49886366019121337,0.009629892580848053,0.029757367800573604,1.0,0.029757367800573604,3.9954070624419575e-06,0.6377463676788963,2.548056341470965e-06,1.0534737051055284e-16,1.0,1.0534737051055284e-16,1.0,1.0,1.0,0.27284214119263533,0.672558256331028,-11.555877896303237,-0.7982848567018304,7.069434227147205,-1.6833229744774494,-2.4055597090747667,-88.70345660847624,53.5112743852059,6.770446561850342,-2.568938722433554,348.15,8.0,0.4
98,0.0011692936054530487,0.11517961751867055,0.00013467879024310948,1.412543770978282e-07,0.6447582896703302,9.107493058604353e-08,0.9755363135834124,1.0017989655601862,0.97729126981426,0.02401762701536165,1.1162168142833275,0.026808879113732167,0.24659638185504598,0.5924166160548365,0.14608779406993264,0.3998432062316389,0.6632664782385918,0.26520259524488604,0.670256206962107,0.6234799827714366,0.4178913283691829,0.021473457894729247,0.49469129630430714,0.01062273272207957,0.028634157261772673,1.0,0.028634157261772673,4.715024163955463e-06,0.6350994341557022,2.994509178558576e-06,1.2314355360117667e-16,1.0,1.2314355360117667e-16,1.0,1.0,1.0,0.2717833024758607,0.6714256418219372,-11.521094939402316,-0.8073121954809116,7.040601151089173,-1.6186182225512924,-2.316780175066234,-87.47531869936817,52.94702125449851,6.738515848297302,-2.576528838622255,353.15,8.0,0.4
99,0.001090515633074808,0.11432468321427917,0.00012467285429149655,1.510867623762827e-07,0.6387947171409885,9.651342563590525e-08,0.9755576418679267,1.0018004971320116,0.9773141306042218,0.026233452014687686,1.1159862664894338,0.029276172171001022,0.24325921356610872,0.592913973769938,0.14423178697163155,0.39982724413175624,0.659386032481342,0.26364050018598767,0.6690401783039113,0.621277939785327,0.41565990361026184,0.023767289840689605,0.49060952347380443,0.011660458743004521,0.02752759640328729,1.0,0.02752759640328729,5.5505859693935045e-06,0.6324970901914153,3.5107294744986895e-06,1.4352913184209823e-16,1.0,1.4352913184209823e-16,1.0,1.0,1.0,0.27058318121387126,0.6701308450237484,-11.491701061963527,-0.816653490364969,7.0154122693087615,-1.5576531174079618,-2.230848768865479,-86.28951294833239,52.40253012537109,6.709456004794235,-2.584308193737382,358.15,8.0,0.4
100,0.0010384916883973327,0.11107062204562118,0.00011534591781949914,1.6046691254774664e-07,0.6329177363618079,1.01562355050688e-07,0.9755808013016734,1.0018042677438748,0.9773410102730055,0.0285664207025153,1.115735793991294,0.03187257808401024,0.2396736417270398,0.5933838831183237,0.1422184762091008,0.3998104387601046,0.6553950133258163,0.2620337678389792,0.6677188034299917,0.6190007381813408,0.4133184322207265,0.02615138726057589,0.4865648070316719,0.012724344696052629,0.02643459703488979,1.0,0.02643459703488979,6.512772389460026e-06,0.629875641353476,4.1022366858003465e-06,1.6666612214391961e-16,1.0,1.6666612214391961e-16,1.0,1.0,1.0,0.26927855411795243,0.6687574555853015,-11.466934890461356,-0.8262699188933906,6.993267237163616,-1.4999796130344096,-2.147647921427035,-85.14390892062389,51.87675565911624,6.6829887832666595,-2.5922753194621353,363.15,8.0,0.4
101,0.0009776259419880936,0.10921100672820748,0.00010676751332813182,1.6914329582135496e-07,0.6271342187289825,1.0607554867817058e-07,0.9756060609259054,1.001809683875832,0.9773715994835269,0.030992013263836847,1.1154623712433338,0.034570424604884305,0.23588359018210256,0.5938698189244589,0.1400841449886965,0.39979296697157907,0.6513572403147818,0.2604080436638665,0.6662760667889681,0.6166318650432591,0.41084705369776847,0.02863680376079356,0.48259524159633693,0.013819985229487058,0.025360439726122362,1.0,0.025360439726122362,7.6231338126263395e-06,0.6272825111970561,4.781858521175439e-06,1.9298003685597105e-16,1.0,1.9298003685597105e-16,1.0,1.0,1.0,0.2678532293879275,0.6672538618742521,-11.447012074137541,-0.8361910075337022,6.974384713157523,-1.445766544378614,-2.067066738045754,-84.03709072428565,51.36929807905217,6.6591486619545535,-2.6004137852880675,368.15,8.0,0.4
102,0.0009312562421410559,0.1061142976280059,9.881960204649437e-05,1.7707811613583324e-07,0.6214364912282059,1.1004280316475297e-07,0.9756330158525962,1.0018170935765056,0.9774058323387287,0.03351028196548442,1.1151704919098433,0.037369677623486815,0.2318892833411717,0.5943398001200143,0.13782103031096532,0.3997748285092729,0.6472500651799885,0.2587542838099456,0.6647355826498146,0.6141851543883039,0.40827072645717555,0.031200237106020386,0.47867352077764075,0.014934727344635967,0.024304811980484967,1.0,0.024304811980484967,8.898287183775253e-06,0.6246861778876805,5.558637010579498e-06,2.2274219876756147e-16,1.0,2.2274219876756147e-16,1.0,1.0,1.0,0.26633082154879717,0.6656670159700719,-11.431502952301413,-0.8463993591803853,6.958438355182769,-1.3947673017529831,-1.9890002692889686,-82.96731752366787,50.87936943489488,6.637766469897929,-2.608717726935422,373.15,8.0,0.4
103,0.00087252146321305,0.10478266378308641,9.142512312337966e-05,1.8436495424981875e-07,0.6149640530706842,1.1337781950965978e-07,0.9756604339739362,1.0018348908109864,0.977450664338878,0.03607006591774067,1.1148736529932886,0.040213566153420255,0.2278395345888422,0.5940065108742666,0.1353381669803349,0.3997563923361766,0.6422428939054913,0.256740702271205,0.6631685100802842,0.6108019700656352,0.40506463244252966,0.03381734790167813,0.4741629640901153,0.016034933918726346,0.023221558854342107,1.0,0.023221558854342107,1.0376692115341627e-05,0.6212701634372013,6.446729206435809e-06,2.560689860390663e-16,1.0,2.560689860390663e-16,1.0,1.0,1.0,0.2647821219697959,0.6640412159084514,-11.420512595588148,-0.8569159941773234,6.945471899647295,-1.3473750819059966,-1.9133460956143606,-81.93357222543635,50.406853001095506,6.61899956663048,-2.618316167892693,378.15,8.0,0.4
104,0.0008352358878793059,0.10125894890950611,8.457510809815662e-05,1.907701936126655e-07,0.6085883409679339,1.1610051563686357e-07,0.9756891684019874,1.0018546705195537,0.9774987503388703,0.0386997535023177,1.1145625043569591,0.04313329418154021,0.22362296468607232,0.5936454742359711,0.13275276092111726,0.3997374539467864,0.6371888465511341,0.2547082472036399,0.6615254687010785,0.6073594003949273,0.4017837120162603,0.036482700649393296,0.46970086317678467,0.01713595598604027,0.022165127785026533,1.0,0.022165127785026533,1.2068413261654225e-05,0.6178499323968555,7.456468317850378e-06,2.934826392403888e-16,1.0,2.934826392403888e-16,1.0,1.0,1.0,0.26315795407626935,0.6623608953591515,-11.413525294881445,-0.8677151549500445,6.935165851426394,-1.3029543266428,-1.840013429143976,-80.93388689087116,49.95061400006946,6.60248767109293,-2.628060806757265,383.15,8.0,0.4
105,0.0007904248216076596,0.09903796605081577,7.828206664810154e-05,1.9613898854587445e-07,0.6023137326242243,1.1813720630420552e-07,0.9757193752148509,1.0018759305605083,0.9775497570092965,0.04137632143968516,1.1142352722363071,0.046102956783484535,0.21928198813704752,0.5932925245103049,0.13009836432146765,0.3997181794830807,0.6321382279704689,0.25267714166601646,0.6597970406149147,0.6038449049224676,0.39841508125823866,0.03920221453782352,0.46531668669157544,0.01824144457971235,0.021139316805170612,1.0,0.021139316805170612,1.4004952736177223e-05,0.6144638878887243,8.60553770796929e-06,3.3549801568043956e-16,1.0,3.3549801568043956e-16,1.0,1.0,1.0,0.2614487343983404,0.6605876615755109,-11.410608538605045,-0.8788139536535938,6.927613303505438,-1.261535593303818,-1.7689133002442357,-79.96703206692321,49.510211745412235,6.588209386736097,-2.637937522057556,388.15,8.0,0.4
106,0.0007571475457163004,0.09571646880699318,7.247148944184567e-05,2.0048415643168785e-07,0.5961321488335382,1.1951505098070122e-07,0.9757506512163747,1.0018989341241697,0.9776035374246504,0.04409559826589077,1.1138964094930761,0.049117928582824835,0.21482512874295792,0.592921255711099,0.1273743850925731,0.3996985991978395,0.6270712489693528,0.25063949981029,0.6580066675894494,0.6002712132326367,0.39498246066908305,0.04195263215135534,0.46098717874570466,0.01933962553640964,0.0201439960666166,1.0,0.0201439960666166,1.6212890020384632e-05,0.6110862577682976,9.907474290165827e-06,3.8246400173084418e-16,1.0,3.8246400173084418e-16,1.0,1.0,1.0,0.25967787455456504,0.6587640156193221,-11.41144637483687,-0.8901998583222901,6.922577398931225,-1.2229262997202088,-1.699961273241173,-79.03162243159161,49.08500274475659,6.576034192716283,-2.647940442603914,393.15,8.0,0.4
107,0.0007183324449917575,0.09345272247579486,6.713012262717391e-05,2.0373057864817835e-07,0.5900448187200148,1.2021017234618814e-07,0.9757830135102271,1.0019233591355,0.9776597946835275,0.04683970092348445,1.113545688017365,0.05215814699136911,0.2102859587163592,0.5925525568943888,0.12460548251636654,0.3996788422203262,0.6220192763886371,0.2486079442257355,0.6561530958512991,0.5966323424497191,0.39148215858339563,0.044733105895388724,0.4567285090965589,0.020430884762859376,0.019181499578663403,1.0,0.019181499578663403,1.872785982019971e-05,0.6077395355596197,1.1381660829153835e-05,4.349044025192061e-16,1.0,4.349044025192061e-16,1.0,1.0,1.0,0.2578439920848354,0.6568716320268696,-11.415999626888288,-0.9018809488129595,6.9200587801960705,-1.187083063889946,-1.6330773026158618,-78.12648443112546,48.67451124540997,6.565908143331383,-2.658058234148312,398.15,8.0,0.4
108,0.0006839706998538874,0.09085749410903783,6.214386383272905e-05,2.0624375965844734e-07,0.5831378013168333,1.202685325425444e-07,0.9758147119825369,1.0019589310100974,0.9777262656819488,0.049559955875085174,1.1132022921130633,0.055170256477167084,0.20580414555846943,0.5912699822289004,0.12168581348699026,0.3996592597742031,0.6160388706648796,0.2462056390420618,0.6543376605647058,0.5920334348549595,0.3873897727390814,0.0474849060095503,0.4518256886641905,0.02145490035891942,0.018209854707528346,1.0,0.018209854707528346,2.1614066534787977e-05,0.6034934396436894,1.3043947357766746e-05,4.925048738954704e-16,1.0,4.925048738954704e-16,1.0,1.0,1.0,0.25604807213340847,0.6550218375083192,-11.424085381329185,-0.9138536514939611,6.91984798804506,-1.1542137252988085,-1.5681818264283403,-77.25075395708708,48.27853710180195,6.557908216196403,-2.6695492100853047,403.15,8.0,0.4
109,0.0006593570334251975,0.08728260673765414,5.755040064815779e-05,2.0770878780316976e-07,0.5763352209825836,1.197098901185644e-07,0.9758469874721513,1.001995982643363,0.9777947611217237,0.05228580354077523,1.1128526019104854,0.05818639251333219,0.20127319652451406,0.589971680909252,0.11874548607554578,0.3996396398121217,0.6100802272270149,0.2438122422655016,0.652488392807458,0.5873999601351515,0.3832716559237499,0.05023216304766479,0.4469865946806616,0.022453103504119453,0.017276517793753405,1.0,0.017276517793753405,2.4887065094721992e-05,0.5992696374454951,1.4914062476396493e-05,5.562647347254484e-16,1.0,5.562647347254484e-16,1.0,1.0,1.0,0.2542183570987145,0.6531479575496709,-11.435478643428526,-0.9261102588711417,6.9218699678351685,-1.123828040588141,-1.5052061581412945,-76.40292302048817,47.896183820729,6.551756738481524,-2.6811400738443547,408.15,8.0,0.4
110,0.0006223565849959836,0.08570651820749943,5.3340015983515436e-05,2.080901093271526e-07,0.5696393952667866,1.1853632403811874e-07,0.9758799357260708,1.0020340952217675,0.97786496844035,0.054999823231214516,1.11249551565675,0.06118705670664009,0.19672669184376673,0.5886860343538359,0.11581025607305616,0.39962010822464594,0.6041794894497068,0.24144227296100315,0.6505994427179039,0.582723947760326,0.379119875671245,0.052979542131218284,0.44223246793602417,0.023429273666809226,0.016382900383927906,1.0,0.016382900383927906,2.8595438390352933e-05,0.5950972379532222,1.7017066404160558e-05,6.267742863194434e-16,1.0,6.267742863194434e-16,1.0,1.0,1.0,0.2523488716599772,0.6512220073930093,-11.450168697986971,-0.9386597367412938,6.926148544911362,-1.0958848867835205,-1.444081679502567,-75.58198322368281,47.52702559787207,6.547405299594686,-2.692820528509066,413.15,8.0,0.4
111,0.0006004159821191055,0.08237065102253922,4.9456655331487984e-05,2.0749521392406937e-07,0.563038738144312,1.1682784341879211e-07,0.9759130590693087,1.002073668436156,0.977936779176333,0.05770222726424855,1.112136518890127,0.06417275416186838,0.19216595008489512,0.5873754683867392,0.11287356493909799,0.3996006637660186,0.5983008537120309,0.23908141827510315,0.648699786568622,0.5780234387247797,0.3749636813324256,0.055699769612551055,0.4375305419466315,0.024370350384881972,0.015527297608757148,1.0,0.015527297608757148,3.277863613315397e-05,0.590938797935066,1.9370167834476927e-05,7.043456274919824e-16,1.0,7.043456274919824e-16,1.0,1.0,1.0,0.2504685933312628,0.6493004100459552,-11.467857359347429,-0.9514871569790986,6.932453640082691,-1.0702039444085016,-1.384743032661851,-74.78683397235532,47.17051090695167,6.544736932944008,-2.704589392846658,418.15,8.0,0.4
112,0.0005731724787427898,0.0800658601810201,4.5891547542628945e-05,2.0592243379247835e-07,0.5565353832393558,1.1460312060827781e-07,0.9759464517970258,1.0021143061353872,0.9780099013678695,0.060377857503206206,1.1117745262365608,0.06712656392080567,0.1876206364774378,0.5860664007205183,0.10995815112122476,0.39958141606963987,0.5924765964295318,0.23674263738943283,0.6467836779641041,0.5732916384762702,0.37079567447974954,0.05839799452212494,0.4329002177223392,0.025280504543175857,0.01471050435055013,1.0,0.01471050435055013,3.7491859849614664e-05,0.5868210269597205,2.2001011699580772e-05,7.895730847733204e-16,1.0,7.895730847733204e-16,1.0,1.0,1.0,0.24857166645938678,0.6473570563652805,-11.488529597660737,-0.9646001824651862,6.940803556500361,-1.046740108573524,-1.3271280911990238,-74.01655364784371,46.82623531525073,6.543702905923183,-2.716438354573366,423.15,8.0,0.4
113,0.000538904303678559,0.07899996602687405,4.257342168234238e-05,2.0381821042432123e-07,0.5491436801387858,1.1192548215171319e-07,0.9759784212765962,1.0021667311984364,0.9780931041709768,0.06296435298248582,1.111427995815714,0.06998034464315739,0.1832520880190899,0.5837386790472818,0.10697133179291976,0.39956281542837885,0.5856886801695562,0.2340194180130792,0.6449488199149259,0.5675418437818952,0.36603544239947455,0.0610134524004815,0.42757719968568586,0.026087961120553768,0.01389639331291842,1.0,0.01389639331291842,4.285927782890109e-05,0.5817299190694376,2.4932524222781156e-05,8.814351605616589e-16,1.0,8.814351605616589e-16,1.0,1.0,1.0,0.24675534530525428,0.6454879280368149,-11.512107047781392,-0.978001035840325,6.951071026090128,-1.025765805942378,-1.2711736681970311,-73.27057889158101,46.494130771463894,6.544417743739043,-2.7298161373587932,428.15,8.0,0.4
114,0.0005120703396808478,0.07718233884200341,3.9522786468186974e-05,2.008839584054526e-07,0.5418645750127734,1.0885190074825416e-07,0.9760102688813228,1.002220212494891,0.978177219075435,0.06551208057734241,1.1110827142790782,0.07278934030594329,0.17892064689917508,0.5814028946420393,0.10402498201840661,0.3995444988843376,0.5789642795245119,0.23132199293455266,0.6431200186544151,0.5617972105819393,0.3613030325494552,0.06358205135953243,0.4223252415007868,0.026852305195529974,0.013123596239953428,1.0,0.013123596239953428,4.888171596671334e-05,0.5766786386360996,2.8189041417880716e-05,9.81449857422727e-16,1.0,9.81449857422727e-16,1.0,1.0,1.0,0.24494479781619835,0.6436322898780543,-11.538347244374808,-0.9916775249651035,6.963163983000737,-1.0067694809791818,-1.2168273308337245,-72.54760024027746,46.17333887364863,6.546596244030173,-2.7432669562740153,433.15,8.0,0.4
115,0.0004928442576136571,0.07450294977210432,3.671835097046034e-05,1.9718956070341663e-07,0.5346942264881882,1.0543611963185906e-07,0.9760418701584884,1.0022746885796134,0.9782620614537625,0.06801545136354636,1.1107400235311136,0.07554748404802479,0.17463880257230133,0.5790587146988369,0.10112612055406074,0.39952650715834187,0.5723047945165911,0.2286509355831862,0.6413043889650855,0.5560616457468808,0.3566047739526232,0.06609796701124493,0.4171416971527554,0.027572218137417552,0.012390896100455935,1.0,0.012390896100455935,5.562089753090785e-05,0.5716665337918097,3.1796605697883496e-05,1.0899913206519142e-15,1.0,1.0899913206519142e-15,1.0,1.0,1.0,0.24314709819346134,0.6417974304122599,-11.56713649580183,-1.005627690865624,6.977010585806605,-0.9896637449207079,-1.1640352829676586,-71.84676758141126,45.863441669643976,6.5501692620266665,-2.7567888984231277,438.15,8.0,0.4
116,0.0004644525254714234,0.0735255918763829,3.4149146833767226e-05,1.9277680892305206e-07,0.5276341791138408,1.0171563332830027e-07,0.9760733285307661,1.0023298280479327,0.9783474115484162,0.0704648020172859,1.110398744873641,0.07824402771776386,0.17042669428500729,0.5767279032898127,0.09828983005960616,0.39950891041040915,0.5657342230930169,0.2260158630497705,0.639495703157231,0.5503301956962837,0.35193379546545156,0.06856823689616903,0.4120414892597093,0.02825295844661004,0.011697609444975277,1.0,0.011697609444975277,6.314929151166346e-05,0.566714553593286,3.578762254876466e-05,1.207550410424258e-15,1.0,1.207550410424258e-15,1.0,1.0,1.0,0.2413559488277646,0.6399603484595114,-11.598443300117736,-1.0198563503677673,6.992612292441764,-0.9743954175311712,-1.112746218985896,-71.1672976356805,45.56406239338177,6.55508447215121,-2.77037912950168,443.15,8.0,0.4
117,0.00044246943346341194,0.07184143983598773,3.1787641183425296e-05,1.877577886642335e-07,0.520676011175176,9.776097646876477e-08,0.9761043485468494,1.0023858386377478,0.9784331760160861,0.0728607223910059,1.1100621146923235,0.08087992757537031,0.16628531804087615,0.5743896251072994,0.0955125614903469,0.3994917048339276,0.5592313709337788,0.22340829377094984,0.6377111175835223,0.5446142184570505,0.34730654190412225,0.07097781507577,0.407005715466136,0.028888376407136873,0.011041619001323378,1.0,0.011041619001323378,7.152852381040679e-05,0.5618015681190704,4.0184836841928795e-05,1.3342991341243665e-15,1.0,1.3342991341243665e-15,1.0,1.0,1.0,0.23958850986534544,0.6381537747747744,-11.632085506481035,-1.034354799198928,7.009834469203828,-0.9608522659165298,-1.0629111106519817,-70.5083782472568,45.27477099514215,6.5612595400473275,-2.784041137809804,448.15,8.0,0.4
118,0.0004727627282069939,0.0625311982019417,2.956241986000223e-05,1.8271275864671487e-07,0.5126977708908261,9.36764240714842e-08,0.9761324763945637,1.0024562035379552,0.9785300564365969,0.07514210857159208,1.1097569022940648,0.0833894736402543,0.16237141228539156,0.5707822241297531,0.09267871583934491,0.3994753322365497,0.5515728639021807,0.22033975305998882,0.6360925748164808,0.5378176094109253,0.3421017879518399,0.07321952519133094,0.40112234640467004,0.029369987747382514,0.010388954523325741,1.0,0.010388954523325741,8.096235955324657e-05,0.5556997272694237,4.4990761122828115e-05,1.466984309772408e-15,1.0,1.466984309772408e-15,1.0,1.0,1.0,0.2379862835851906,0.6365655202574465,-11.667800176286296,-1.0491063462291936,7.0283696960277435,-0.9492804716651194,-1.0144783399208963,-69.86958348907693,44.995509644836226,6.568795300507051,-2.799532702741643,453.15,8.0,0.4
119,0.0004546267881544711,0.06058625186350294,2.7544133091022184e-05,1.770936789728962e-07,0.5048649710906102,8.940839511498108e-08,0.9761607584222505,1.0025263247317089,0.9786268574883763,0.07734784969951104,1.1094497032881092,0.08581354889909582,0.15857008443789783,0.5672546140841327,0.08994961205310806,0.39945951241589867,0.5440880689989701,0.21734115475363644,0.6344630865522736,0.5310443479392143,0.33692803608965344,0.07543295571126794,0.3953802191912186,0.02982469856336261,0.009776511029380729,1.0,0.009776511029380729,9.145750457939834e-05,0.549730812651947,5.027700831555177e-05,1.6092188230499445e-15,1.0,1.6092188230499445e-15,1.0,1.0,1.0,0.23637256092556333,0.6349178904341071,-11.705888123507265,-1.0641445058029673,7.048621700656708,-0.9393568289605153,-0.9674080854925766,-69.2499435605243,44.72563436457503,6.577497026589707,-2.8150921604620143,458.15,8.0,0.4
120,0.0004430065418220657,0.05799486516035458,2.5692104658125672e-05,1.7108081937800672e-07,0.49715703864413124,8.50540335307814e-08,0.9761884190497206,1.0025970698704614,0.9787236485807279,0.07949144668739201,1.1091490624664435,0.08816786356742214,0.15485828788517486,0.5637337397925936,0.08729884176738772,0.3994441484450474,0.536700255396019,0.21438177648690224,0.6328679554240778,0.5243255876012536,0.33182886260173355,0.07757661233701503,0.389719393723645,0.030233110327115738,0.009200305559798514,1.0,0.009200305559798514,0.00010306475401565989,0.5438223308884794,5.6048914761243895e-05,1.760492567263575e-15,1.0,1.760492567263575e-15,1.0,1.0,1.0,0.23479274111438891,0.6333111330467192,-11.74600277174165,-1.0794444915732897,7.0703050859476635,-0.9309166604444553,-0.9216574869845248,-68.64867043691379,44.46467069270315,6.587252749754324,-2.830733332722774,463.15,8.0,0.4
121,0.00042275495628277336,0.05676588685325816,2.3998060015002014e-05,1.647263052107736e-07,0.48957530537063887,8.064593117614162e-08,0.9762155989291234,1.002668135004094,0.9788202739401688,0.08156777995315302,1.1088533988138518,0.09044671003475409,0.15124789495823748,0.5602399052277361,0.08473510633729756,0.39942927786938653,0.5294291533364247,0.21146950440016885,0.6312988245646172,0.5176560245336339,0.3267956398168757,0.07966043201855262,0.3841531842198871,0.030601808616258837,0.008658825674241392,1.0,0.008658825674241392,0.0001158745321801523,0.537992867588478,6.23396718480735e-05,1.9209169100659447e-15,1.0,1.9209169100659447e-15,1.0,1.0,1.0,0.23323842986767326,0.6317217442472051,-11.788109493606072,-1.0950091190816698,7.093417539153204,-0.923913436263421,-0.8771856364268803,-68.06511522576284,44.21226122065754,6.598007562438602,-2.846461263251868,468.15,8.0,0.4
122,0.00040804325499777915,0.05500412009422365,2.244406020153577e-05,1.5812779115684886e-07,0.482111767636821,7.623526890713447e-08,0.9762420613662718,1.0027397348595992,0.978916705773204,0.08357969123097089,1.1085652991813726,0.092653545414948,0.14773565887730525,0.556753862435498,0.08225239869939285,0.3994148807202814,0.5222537487882015,0.20859591877795935,0.6297694402515495,0.5110448951873305,0.321840457585537,0.08167301465684092,0.37866438683884096,0.03092666201631233,0.008149689218284968,1.0,0.008149689218284968,0.00012995761491744234,0.5322226647347076,6.916638811392814e-05,2.090141318352329e-15,1.0,2.090141318352329e-15,1.0,1.0,1.0,0.2317233933632739,0.6301776416343384,-11.832050045399406,-1.1108294609710063,7.117844063462064,-0.9182603125196849,-0.8339533191274039,-67.4986074112514,43.96800531988537,6.609684075065429,-2.862288212395686,473.15,8.0,0.4
123,0.00819999966677442,0.1368672855556567,0.0011223116959487042,4.859864721434002e-09,0.7213173678173141,3.5055048288129964e-09,0.9754127619737379,1.0024028155847453,0.9777564989597678,0.0015621171534653472,1.1182929999893552,0.001746904677883595,0.26085286904189875,0.5607764694453985,0.14628015094601884,0.40000499957140395,0.6708145194320596,0.26832916155791253,0.6811968559857745,0.6186284955392884,0.42140778618457303,0.003938447293972406,0.5440747924796616,0.0021428098941601217,0.043446701152638115,1.0,0.043446701152638115,5.456048153034721e-07,0.6503578587134256,3.5483837938450035e-07,1.0000124989285101e-16,1.0,1.0000124989285101e-16,1.0,1.0,1.0,0.2706149858621385,0.6893968605124137,-13.41301880720303,-0.7269696591074944,8.455249430313497,-3.586995080184916,-4.185632176964148,-114.24700970555831,65.35180922333417,7.894531953120412,-2.520723140230369,273.15,8.5,0.4
124,0.007520790962615555,0.13507404150897787,0.0010158636306646788,6.4109827338435246e-09,0.7172295602277057,4.598146326822011e-09,0.9754151158433703,1.0023323738503975,0.9776901485528459,0.0017956157100874703,1.118267461248915,0.002007978621498183,0.26116586819589377,0.563482648154609,0.1471624350186198,0.40000331778823,0.6736975177110572,0.2694812422701177,0.6810624187396075,0.6209492300693321,0.42290518454551634,0.00485098663301642,0.5415308131136626,0.0026269587357808898,0.042665535805658905,1.0,0.042665535805658905,6.706082187998235e-07,0.6503531631788333,4.361321763501887e-07,1.0000082944705734e-16,1.0,1.0000082944705734e-16,1.0,1.0,1.0,0.2704822748685968,0.6885832161132056,-13.247067894799061,-0.7311178270448354,8.337417212292449,-3.443158153191011,-4.033704804809232,-112.06106232624651,64.37017489598661,7.796410071442689,-2.51957854755055,278.15,8.5,0.4
125,0.006786869265337918,0.13478542392014425,0.0009147710510191693,8.360221325090445e-09,0.7131828299589863,5.9623663037114775e-09,0.9754188629730236,1.0022653447385166,0.9776285229621094,0.002082365007132255,1.1182266026360361,0.002328555947373667,0.26140010916072765,0.5663010018392788,0.1480311436986169,0.4000012523898665,0.6762469010515738,0.27049960734539563,0.6808473672928997,0.6230073060333935,0.4241728841170779,0.005871461789410232,0.5390945144809779,0.003165272842655724,0.041856350112794476,1.0,0.041856350112794476,8.137824408184317e-07,0.650452834200259,5.293270950527533e-07,1.0000031309746642e-16,1.0,1.0000031309746642e-16,1.0,1.0,1.0,0.2702693434331978,0.6876342449184589,-13.089174314790677,-0.735389398131509,8.224581346184339,-3.3019745189148706,-3.887625862057508,-109.96077513818334,63.42091552222295,7.702406448047616,-2.51922347571505,283.15,8.5,0.4
126,0.006061716630371293,0.13455279180088855,0.0008156208957223324,1.0835663720351853e-08,0.7091703228739766,7.684331139115769e-09,0.9754234100150465,1.0022026413145515,0.9775719179171263,0.0024442137871979637,1.1181770626050531,0.0027330637929477916,0.2615053274594926,0.5691412758710637,0.14883347571737593,0.39999864589770756,0.6783886486314017,0.2713545408449364,0.6805866063241409,0.6248511176196103,0.42526530159857723,0.0069582392758173895,0.5366789669497286,0.0037343406663347045,0.04102558604628129,1.0,0.04102558604628129,9.712660444348724e-07,0.650554751270813,6.318617399551146e-07,9.999966147442687e-17,1.0,9.999966147442687e-17,1.0,1.0,1.0,0.27001125787706187,0.686648333790176,-12.936330344732076,-0.7396363866512954,8.114393928454792,-3.161493606066115,-3.7470890746308814,-107.93960570766512,62.50093377642694,7.611362992337171,-2.5195341467842476,288.15,8.5,0.4
127,0.005373653215681257,0.13426931213322893,0.0007215167209120361,1.3941705474900108e-08,0.7051821773388647,9.831442222607211e-09,0.9754286184167996,1.0021441202245305,0.9775200546451329,0.002894919547370231,1.1181204139240357,0.003236868642582384,0.2614478095257807,0.571986328520658,0.14954457267041965,0.3999953991699323,0.6801331420738445,0.27205012765252773,0.6802883981586605,0.626505179690662,0.4262042051298642,0.008096753885715147,0.5342686624104056,0.004325841868387287,0.04017936590720275,1.0,0.04017936590720275,1.1430875752710618e-06,0.6506395999285076,7.437380426576118e-07,9.999884979248336e-17,1.0,9.999884979248336e-17,1.0,1.0,1.0,0.2697163822888322,0.6856620653160471,-12.789106809608867,-0.7439070251786724,8.007382768701271,-3.0225455180898573,-3.6118092231410457,-105.99409456146309,61.60989648274083,7.5235125300147905,-2.5204029662833176,293.15,8.5,0.4
128,0.004777815212447042,0.1324869538322764,0.0006329981834706188,1.78264890087932e-08,0.7012055996245629,1.250003391461153e-08,0.975433944801773,1.0020903154648029,0.9774729094614859,0.003457188659224111,1.1180627412682658,0.0038653538294136703,0.26118187824728223,0.5747728529804078,0.15012025330697193,0.39999134855888424,0.6814354209531411,0.27256827298283787,0.6799847402721007,0.6280079731025369,0.42703583847893684,0.009254573904558298,0.5318052486030694,0.0049216309760291045,0.039317825861344156,1.0,0.039317825861344156,1.3269629707397286e-06,0.6506381575860302,8.633727424669823e-07,9.999783713972137e-17,1.0,9.999783713972137e-17,1.0,1.0,1.0,0.26941688211895337,0.6847625733110366,-12.646861142688955,-0.7481800281062877,7.90308880867925,-2.885011723545209,-3.48152012885837,-104.12012406562951,60.74654068695149,7.438621636299212,-2.5217569022393276,298.15,8.5,0.4
129,0.004189697960181772,0.13279451273028503,0.0005563688991094072,2.2457140856668723e-08,0.6963538378204601,1.5638116222015933e-08,0.9754393355972117,1.0020473782761634,0.9774364289026287,0.004113664011856323,1.1180045919002026,0.00459909525478998,0.26081215283205705,0.5769119345361281,0.15046564364087434,0.3999866192548345,0.6816371909751477,0.27264575557651133,0.6796785186016636,0.6285185116333051,0.42719053090064724,0.010498835174470913,0.5287502744144944,0.005551261979534041,0.03837117215497516,1.0,0.03837117215497516,1.5378770786174377e-06,0.6498926540862328,9.994550162810688e-07,9.999665481370869e-17,1.0,9.999665481370869e-17,1.0,1.0,1.0,0.2691155148040951,0.6838682390189863,-12.514949024828322,-0.7527923631522794,7.80581556353045,-2.753664989797639,-3.3559705958269888,-102.3187413925157,59.91453666069669,7.358916379997111,-2.5245550893901427,303.15,8.5,0.4
130,0.0036994352681642534,0.1318259286376539,0.0004876814896606407,2.800001739123969e-08,0.6915243627691922,1.9362694184003294e-08,0.9754452084015405,1.002008515004401,0.977404404738586,0.004901663483613188,1.1179414319213183,0.005479772693666967,0.26018758517343366,0.578989197485491,0.15064580113525422,0.3999809422819137,0.6814502763520514,0.272567123653564,0.679345860640216,0.6289050622015873,0.42724405074232585,0.01177672152251083,0.525654422517746,0.0061904857510677435,0.037415603546850563,1.0,0.037415603546850563,1.7691260464956404e-06,0.6490634238488603,1.1482750089586592e-06,9.999523557047862e-17,1.0,9.999523557047862e-17,1.0,1.0,1.0,0.2687886839252111,0.6830453239083976,-12.39007297155142,-0.7575731663395072,7.713034213771499,-2.625959505747444,-3.2349310704458327,-100.5839299230843,59.11027082917425,7.282970530064644,-2.527730961036198,308.15,8.5,0.4
131,0.0033033951007057096,0.12938666191229267,0.0004274152650577337,3.448567786519317e-08,0.6867203915897788,2.368201820782446e-08,0.9754518022372479,1.001973323795885,0.9773766844903417,0.005830694391206105,1.1178706356087165,0.006517962045137748,0.2592885449643508,0.5810130617093425,0.150650031375898,0.39997424916434693,0.6809093168476666,0.27234619275515387,0.6789729410753172,0.6291794049506355,0.42719579104335104,0.013101365282334047,0.5225283274019727,0.006845834487660286,0.03645168829176929,1.0,0.03645168829176929,2.0259485520329346e-06,0.6481600609442686,1.3131389369556202e-06,9.999356229108679e-17,1.0,9.999356229108679e-17,1.0,1.0,1.0,0.2684226344562626,0.6822763706617008,-12.273205907692905,-0.7626038325898848,7.6255812893151464,-2.502920125183342,-3.1181842759082685,-98.91347967345312,58.33375501206825,7.211158382615345,-2.531244701359988,313.15,8.5,0.4
132,0.0029303155558361486,0.12848613424838648,0.0003765049178972986,4.177422373429416e-08,0.6819600725923287,2.8488352650327412e-08,0.9754602257283753,1.0019403728940592,0.9773529823096115,0.006888886951319694,1.1177798826803802,0.0077002592482445275,0.25813323786693454,0.5830754536704179,0.1505111547766768,0.3999666255340676,0.6801438204194495,0.2720348287310161,0.6784949217800089,0.6293185222728339,0.4269894215442172,0.014532147718634895,0.5194592630630613,0.007548858744645632,0.0354850392247611,1.0,0.0354850392247611,2.321322923265945e-06,0.6472816252786977,1.5025496745682778e-06,9.999165638351668e-17,1.0,9.999165638351668e-17,1.0,1.0,1.0,0.2679524403740904,0.6814252791100688,-12.166594913414997,-0.7680500523972041,7.545332663275697,-2.386469689867861,-3.005526798139567,-97.30629650753903,57.5859491565767,7.144315217745176,-2.535058058703512,318.15,8.5,0.4
133,0.002609509093593228,0.12754342049013864,0.0003328257155970016,4.986966503943496e-08,0.6772409076139717,3.3773777213711674e-08,0.9754701918633872,1.001910138875658,0.9773334753989111,0.00809131565251931,1.1176723979325072,0.009043440167780088,0.2566943286922633,0.5851297785349397,0.15019949569887903,0.39995796278059337,0.6791221086809832,0.2716202950673068,0.6779287430316278,0.6293467436093292,0.42665224682612063,0.016054824895954726,0.5164062945187599,0.008290812633667516,0.03451276217731278,1.0,0.03451276217731278,2.6583452949818728e-06,0.646378226848519,1.718296518121486e-06,9.998949069514822e-17,1.0,9.998949069514822e-17,1.0,1.0,1.0,0.26739515343837583,0.6805383019948861,-12.069108410755456,-0.7738697944751474,7.471420365738968,-2.27595314323921,-2.896767759074894,-95.75890921484462,56.86528522863123,7.081998881407902,-2.5391548431199165,323.15,8.5,0.4
134,0.0023667166403578857,0.12454013783392807,0.00029475121660402226,5.8816089845288265e-08,0.6716981454773036,3.9506658473306607e-08,0.9754800856894319,1.0018913350481073,0.977325045364227,0.0094408796256063,1.1175660907936276,0.010550806936842044,0.2550374398606261,0.5863989330041085,0.1495536826103706,0.39994824007234203,0.6769798368800064,0.27075689432461975,0.6773686459252378,0.6284830082022614,0.4257146842529859,0.017646546086940117,0.5126855045576473,0.009047128384282666,0.033463428838398486,1.0,0.033463428838398486,3.045440703576134e-06,0.644606515754982,1.963110920870613e-06,9.998706001808519e-17,1.0,9.998706001808519e-17,1.0,1.0,1.0,0.2668450361265903,0.6797354213816855,-11.98015992258469,-0.7800520295502337,7.403329701980787,-2.1714417703286504,-2.79172507473615,-94.26875793089424,56.17097531188291,7.024143813592068,-2.5445624025195133,328.15,8.5,0.4
135,0.0021143396603661904,0.1242208108501598,0.00026264498702333966,6.826592603883169e-08,0.6662309610146697,4.548087350940715e-08,0.9754925013445507,1.0018740687880425,0.97732064139429,0.010920792071956011,1.1174321693806013,0.012203244376320274,0.2531152778959868,0.5877244825926715,0.14876204573771912,0.399937578482999,0.6747053926289768,0.269840040917454,0.6766630759255111,0.6274977005835258,0.424604524213034,0.019378111825666074,0.5090554532742938,0.009864533499014394,0.032418013736785364,1.0,0.032418013736785364,3.4966660528458636e-06,0.6428872079735403,2.2479618759299373e-06,9.998439462074969e-17,1.0,9.998439462074969e-17,1.0,1.0,1.0,0.266150409628309,0.6787774838518034,-11.90094232854893,-0.7867010237260837,7.342171202808569,-2.0736038934208767,-2.6902337419992763,-92.8340502530285,55.50286177176449,6.9709863252467645,-2.5502125313611126,333.15,8.5,0.4
136,0.001934137932089333,0.12129939888422113,0.0002346097685216066,7.827486907917972e-08,0.6608207047881783,5.172565415210601e-08,0.9755064050340247,1.0018597519725967,0.9773206049950675,0.012558226423882829,1.1172821683457261,0.0140310824494524,0.2508797756263741,0.588993603897991,0.14776658319129746,0.39992578218852437,0.6721894239630192,0.2688258811572641,0.6758726980692731,0.6264357877162539,0.4233908460109349,0.021194930840386803,0.5054163246811298,0.010712264047219028,0.03137008642717373,1.0,0.03137008642717373,4.011824678073996e-06,0.6411015486926457,2.5719870141966127e-06,1.0725091727235572e-16,1.0,1.0725091727235572e-16,1.0,1.0,1.0,0.26537213998234627,0.6778069142762314,-11.829382280480866,-0.7937066254818821,7.286294008291931,-1.9810530086062603,-2.592135555861111,-91.45109599841567,54.8587819109713,6.921747256963739,-2.5561046116056247,338.15,8.5,0.4
137,0.0017567035846885253,0.11986192697163613,0.00021056187677874743,8.8525002416391e-08,0.6554857125315412,5.8026874285764445e-08,0.9755226814039007,1.0018472065364432,0.9773246732774387,0.014329435653957867,1.1171062325349994,0.016007501877745575,0.2483719940003409,0.5902910717761358,0.14661177053763721,0.3999130224486769,0.6695480132409863,0.2677609696497096,0.674945594194992,0.6252680531543524,0.4220219176674102,0.023142650259263868,0.5018463111231681,0.011614053662225204,0.03032622988097998,1.0,0.03032622988097998,4.608842335652788e-06,0.6393409578616148,2.946621673509416e-06,1.2245533892527072e-16,1.0,1.2245533892527072e-16,1.0,1.0,1.0,0.2644581332389873,0.6767023863046829,-11.766240443860783,-0.8011434185609608,7.236370822801061,-1.894418790990564,-2.4972819256871834,-90.11836596342263,54.23862935031792,6.876663084464551,-2.562217464234177,343.15,8.5,0.4
138,0.001601739370550428,0.11840207211336372,0.0001896492604587256,9.889927274777641e-08,0.6502220587015151,6.430648873014181e-08,0.9755410454352423,1.0018367637520522,0.977332883866137,0.01623795206269763,1.1169075405782327,0.018136291102374854,0.2455853987025618,0.5915866480752748,0.14528504283467847,0.3998992738739106,0.6667646040914198,0.2666386810209843,0.6738984389793531,0.6240078900565657,0.42051794301991946,0.025205089735581197,0.4983199598608421,0.012560199305323748,0.02928590352289767,1.0,0.02928590352289767,5.296825471324541e-06,0.637574952725984,3.3771232494775315e-06,1.398060933943826e-16,1.0,1.398060933943826e-16,1.0,1.0,1.0,0.26342509013580984,0.6755002772491762,-11.71066189534614,-0.8089773998045251,7.191745203164164,-1.8131612593706676,-2.4055327988373287,-88.83329489336948,53.641166490574,6.835392614534389,-2.5685429600060727,348.15,8.5,0.4
139,0.0014876850319273443,0.11502848100504356,0.00017112614943654223,1.0941120377465852e-07,0.6441753702978352,7.048000270627247e-08,0.9755598723002344,1.0018371935589996,0.977352164614043,0.018266897962490956,1.11670405125856,0.020398718958640382,0.24261284633130994,0.5920854286433654,0.1436475311144606,0.39988465822662733,0.6629749544437294,0.26511351307054454,0.6728257760572951,0.621854810106085,0.4183999452045885,0.0273469163345929,0.4941665261350743,0.013513930645572294,0.028190118434698583,1.0,0.028190118434698583,6.09451211411321e-06,0.6349604873869303,3.869774382362873e-06,1.5933087403450856e-16,1.0,1.5933087403450856e-16,1.0,1.0,1.0,0.26236742932572826,0.6743135705004263,-11.662110346639354,-0.8171935009134206,7.1519340879200834,-1.7372939844350508,-2.3167531151175327,-87.59399446125194,53.065751136279665,6.797880789187881,-2.576146483908126,353.15,8.5,0.4
140,0.0013575811136072873,0.11418074147603718,0.0001550096181655443,1.1964033558658416e-07,0.6382253895673998,7.635749978772216e-08,0.97558115448418,1.001839045693495,0.9773752928049889,0.020405784986155005,1.1164736821427115,0.02278252190050494,0.239405353252723,0.5926220957879744,0.14187690218748905,0.39986925120154576,0.6591321381464736,0.26356667452350424,0.6716112516687879,0.6196025609764683,0.4161320515145923,0.029614587273919923,0.490105674923862,0.01451427728347614,0.027108909031593856,1.0,0.027108909031593856,7.017353720200916e-06,0.6323932215759757,4.4377269260560155e-06,1.816336465381476e-16,1.0,1.816336465381476e-16,1.0,1.0,1.0,0.2611687193524853,0.6729689524227307,-11.620678806096986,-0.8258192461010474,7.117148300369682,-1.6665656135506797,-2.230821590730699,-86.3984254444751,52.51149697778336,6.763939431000374,-2.5839367886900586,358.15,8.5,0.4
141,0.0012681319220348396,0.11093801730990538,0.0001406840411179446,1.2957479382944329e-07,0.6323561270764023,8.193741479271004e-08,0.9756040783224631,1.001843259173826,0.9774023694898529,0.022666245578678943,1.1162254856570912,0.025300640979083796,0.23594228123556202,0.5931196977858618,0.13994201454134336,0.39985296903440315,0.6551648036383454,0.26196959194163416,0.6703024783548815,0.6172816225915692,0.41376540146605145,0.031963019613651285,0.48607090854323676,0.015536293983392777,0.02603959314151467,1.0,0.02603959314151467,8.074201989168482e-06,0.629794515902064,5.085088133063851e-06,2.0682093650724582e-16,1.0,2.0682093650724582e-16,1.0,1.0,1.0,0.2598766587362758,0.6715707398517102,-11.585270445770727,-0.8347967929553523,7.08651774259147,-1.600265282919045,-2.1476206564984786,-85.24419459050853,51.97709585885798,6.733158883137534,-2.5919122982291043,363.15,8.5,0.4
142,0.0011737859138975459,0.10908530718197233,0.00012804279698338587,1.3894481752201296e-07,0.6265779634493046,8.705976079477807e-08,0.9756290830924883,1.0018490893656151,0.9774331084548195,0.025023685096808176,1.1159545493865224,0.027925295226198802,0.23226764803785233,0.5936335924011052,0.1378818783032658,0.39983598914124147,0.6511498236111094,0.2603531338026928,0.6688735097942838,0.6148710727689372,0.4112709725139355,0.03441315008537608,0.4821110171103848,0.01659095878963299,0.02498750350546386,1.0,0.02498750350546386,9.289646836427946e-06,0.6272239984495765,5.826689432928796e-06,2.3538859359331864e-16,1.0,2.3538859359331864e-16,1.0,1.0,1.0,0.25846511904855807,0.670047434652999,-11.556000291833652,-0.844152470924705,7.060182530443617,-1.538473484980936,-2.0670394074313765,-84.12979766488797,51.46205968088324,6.705529462870092,-2.6000574894112294,368.15,8.5,0.4
143,0.0011015091097098372,0.10599681946898341,0.00011675646224535425,1.4768681540025148e-07,0.6208822510331645,9.169612239362755e-08,0.9756556909046409,1.0018569586242645,0.977467443154179,0.027477308476199464,1.1156661736804336,0.030655503610678404,0.22838313576582353,0.5941260751710895,0.1356883760878148,0.39981831736957163,0.647058415347507,0.2587058068640617,0.6673522050515258,0.6123868051821377,0.4086776847827588,0.036937201326567914,0.4781936680610292,0.01766313579026023,0.023952569072282097,1.0,0.023952569072282097,1.0680056958412883e-05,0.6246443192448508,6.6712369082840485e-06,2.67592066894432e-16,1.0,2.67592066894432e-16,1.0,1.0,1.0,0.25696195335173283,0.668453861848051,-11.532230037790605,-0.8538572884628158,7.037649029200825,-1.4807781980054247,-1.9889728943818392,-83.05332841992032,50.96543508096159,6.68079929293128,-2.608366415689482,373.15,8.5,0.4
144,0.001018696584957321,0.1046681770872555,0.00010662511455249529,1.5581166077109253e-07,0.6144103385851697,9.573229524988462e-08,0.9756827873950902,1.0018752166140916,0.9775124039680967,0.02997642939908389,1.1153725586065664,0.03343488675674531,0.2244359525975764,0.5938164029580812,0.13327375006596326,0.3998003193108187,0.6420670135702777,0.2566985970443408,0.6658028563207619,0.6089688987454616,0.40545323219523716,0.03951705644741216,0.47368865747291145,0.01871878141585593,0.022889280437639412,1.0,0.022889280437639412,1.229060670058645e-05,0.6212453717427916,7.635482528650268e-06,3.0357813117516894e-16,1.0,3.0357813117516894e-16,1.0,1.0,1.0,0.2554310785816176,0.66682170871738,-11.51403912270717,-0.863933575594738,7.018941528442831,-1.427547813557326,-1.913318664732696,-82.01374495708768,50.48708059451016,6.659113363337809,-2.61797095585317,378.15,8.5,0.4
145,0.0009639364760908706,0.10115058054789187,9.750273416788071e-05,1.6313251651677967e-07,0.6080323866036356,9.91898533503545e-08,0.9757111120012991,1.0018955121172453,0.9775605842370284,0.03254806453734315,1.1150656037956597,0.03629322723571263,0.22031792797500233,0.5934731232930066,0.1307527688327683,0.39978180031418453,0.6370215058133986,0.25466960443293324,0.6641826980544915,0.6054956959115982,0.40215976497094724,0.04214113280110562,0.4692266350667194,0.019773741942162547,0.02185163125259952,1.0,0.02185163125259952,1.4127144533633004e-05,0.6178359290260236,8.728257467422062e-06,3.438611246206273e-16,1.0,3.438611246206273e-16,1.0,1.0,1.0,0.25382992898843637,0.6651467976630988,-11.500652690850323,-0.8743390296899054,7.003532751831022,-1.377941366203318,-1.8399859577314235,-81.00887393043168,50.02565598245508,6.640008662285741,-2.6277204086612964,383.15,8.5,0.4
146,0.0009132720426478243,0.09779201417131234,8.931071253687936e-05,1.6950693700284338e-07,0.6017519206010334,1.0200112489665934e-07,0.9757407835662372,1.0019174280286707,0.9776116962933641,0.035172556692755194,1.1147439536608457,0.03920839490804216,0.21606532695154557,0.5931250869792972,0.12815376584134577,0.39976290226981764,0.631964468135972,0.25263594991343785,0.6624845270094599,0.6019575480333239,0.3987875614886308,0.044813701274204525,0.4648314656216115,0.020830818443217564,0.020842812317152293,1.0,0.020842812317152293,1.6221935533624767e-05,0.6144472328527618,9.96752340015163e-06,3.889600900751074e-16,1.0,3.889600900751074e-16,1.0,1.0,1.0,0.2521511556869486,0.6633979685590449,-11.491991461137518,-0.8850818444210911,6.991395038691827,-1.3318853090686757,-1.7688857834483735,-80.03738178268807,49.580616494768826,6.623411761414388,-2.637602492693214,388.15,8.5,0.4
147,0.0008485247182023605,0.09659110772105102,8.195994245985867e-05,1.7483146821133894e-07,0.5955709344029927,1.0412454088567431e-07,0.9757718471436531,1.0019406308663186,0.9776654601087047,0.037832420799148496,1.1144070751245787,0.04216071740766135,0.21171080977483983,0.5927943096862889,0.12550096333360142,0.3997437514342185,0.6269293711441845,0.25061109870547177,0.6607054693956593,0.5983477987333243,0.39533166322396057,0.04753542361644347,0.46052047437938187,0.021891035833669418,0.01986526563923227,1.0,0.01986526563923227,1.8609965221065324e-05,0.6111029814487255,1.1372605231250114e-05,4.3941144525938926e-16,1.0,4.3941144525938926e-16,1.0,1.0,1.0,0.2503917552921907,0.6615541689453298,-11.48791264376688,-0.8961649445639455,6.982446900507199,-1.2892583508303577,-1.6999337653330209,-79.09795448270177,49.151389811683046,6.609227726179509,-2.6476058687391437,393.15,8.5,0.4
148,0.0008065216295565636,0.09335538336819994,7.529313592199833e-05,1.7916026139019882e-07,0.5894758536198959,1.0561064801775107e-07,0.9758036591599412,1.0019656891002784,0.9777217857767635,0.040528090574769964,1.1140620864106958,0.04515080914396989,0.20725463025223917,0.592430408710881,0.1227839453075566,0.3997243448723057,0.62186945907106,0.24857636212327452,0.6588830368528023,0.5946883738416461,0.39183008173783834,0.05026987996572585,0.456250204013119,0.022935642990077425,0.01891789409517189,1.0,0.01891789409517189,2.1317663679803503e-05,0.6077529595850295,1.2955873192838865e-05,4.954965712492314e-16,1.0,4.954965712492314e-16,1.0,1.0,1.0,0.2485892424565657,0.6596897376426202,-11.487911061690527,-0.907562059111631,6.976292292576617,-1.2497396801748417,-1.6330497659038483,-78.18914104741035,48.737222935118886,6.597263988185844,-2.6577276081162835,398.15,8.5,0.4
149,0.0007624684125246973,0.09076221531318072,6.920332222706572e-05,1.826987092154636e-07,0.5825625389872736,1.06433423910258e-07,0.9758349160529517,1.002001803000742,0.9777883453161352,0.04319971622076962,1.1137232167761766,0.04811252691321351,0.2028561296983168,0.5911620296271825,0.11992084135477193,0.39970511445777657,0.6158907287324195,0.2461746742214751,0.6570923698256611,0.59006836771447,0.3877294221006607,0.05298194712358462,0.45134422662314877,0.023913095949482863,0.017961467067343598,1.0,0.017961467067343598,2.4424419642937097e-05,0.6035125938777948,1.4740444852668736e-05,5.570480961403535e-16,1.0,5.570480961403535e-16,1.0,1.0,1.0,0.2468183143316111,0.6578550209368951,-11.492034856187091,-0.9192891742201376,6.972921966586965,-1.2136605612083642,-1.5681542522620073,-77.31020079299664,48.338039086044176,6.587659208317515,-2.669223227031545,403.15,8.5,0.4
150,0.0007303248066315764,0.0871905749521589,6.367743979203139e-05,1.852060498274949e-07,0.5757527842162433,1.0663289884187257e-07,0.9758667271329485,1.0020394076192851,0.9778569171716703,0.04587865567357529,1.113378298588263,0.051080299595362005,0.19840595283614815,0.5898761504624709,0.11703493968782562,0.3996858342818482,0.6099313084208556,0.24378090386080892,0.655269198831036,0.5854160140322855,0.3836050824977943,0.055689007490916306,0.446500338622399,0.02486516070223944,0.017042460160509317,1.0,0.017042460160509317,2.7939814910159336e-05,0.5992925182260089,1.6744122036277972e-05,6.250656023818213e-16,1.0,6.250656023818213e-16,1.0,1.0,1.0,0.24501493331635502,0.6559997088437174,-11.499873262043359,-0.9313253022265471,6.972108784228817,-1.1803960370849804,-1.5051785519680512,-76.459491016985,47.95280702957233,6.580068342903188,-2.6808182499128956,408.15,8.5,0.4
151,0.0006933426423995778,0.08462229921627783,5.867224854454179e-05,1.8665692359029844e-07,0.5690476085528893,1.0621667598889865e-07,0.9758991319754826,1.0020781743087366,0.9779272204794724,0.0485499029400384,1.113026854885227,0.05403734577433398,0.1939331980614438,0.5885938291493686,0.11414788364616812,0.39966661283945926,0.6040194868623,0.24140642240328372,0.6534109794657565,0.5807262248816424,0.3794528914013652,0.058392756721742,0.4417339212234438,0.025794061397741704,0.01616191973999794,1.0,0.01616191973999794,3.191321523586693e-05,0.5951144944645698,1.899201695183196e-05,7.001303106933445e-16,1.0,7.001303106933445e-16,1.0,1.0,1.0,0.24317644364388177,0.6541045087650796,-11.511332658719773,-0.9436738242009485,6.973807293787408,-1.1498504405126242,-1.444054032682789,-75.6359487774119,47.58104644524073,6.574415723279016,-2.6925037063201422,413.15,8.5,0.4
152,0.0006578076895988482,0.08228180995302593,5.412560730121151e-05,1.8709570518514646e-07,0.5624412306103589,1.0523033866624674e-07,0.9759318873208516,1.00211816382961,0.9779990709447376,0.05120628743293422,1.1126715477472535,0.05697577909239365,0.1894527404518443,0.5873054054501298,0.11126661854470861,0.3996475021435894,0.5981495033258721,0.23904895491261344,0.6515317553783072,0.5760057448413304,0.3752860340444613,0.06107969285667614,0.4370349478345798,0.02669396038136961,0.0153193988548289,1.0,0.0153193988548289,3.639164270486284e-05,0.5909691061511692,2.150633656066549e-05,7.826941279049275e-16,1.0,7.826941279049275e-16,1.0,1.0,1.0,0.24131683557437736,0.6521897501636112,-11.526191683952362,-0.9563271509669382,6.977859031895198,-1.1218643506607793,-1.384715370229778,-74.83849437860759,47.22222663806809,6.57059479850222,-2.704275168524923,418.15,8.5,0.4
153,0.0006250327188640709,0.07997833810761447,4.998907811763223e-05,1.8656815139598594e-07,0.5559298668054855,1.0371880755571622e-07,0.9759648226222223,1.0021593329049157,0.9780722555777506,0.05383984526361036,1.1123142310915974,0.05988682608648335,0.18498095953858573,0.5860084752248726,0.10840041004484048,0.39962855995621765,0.5923227002661583,0.2367090677367432,0.6496413142712189,0.5712593059291057,0.37111364629344856,0.06374048932586188,0.43239935117183165,0.02756134622787773,0.0145145415818591,1.0,0.0145145415818591,4.142658097685093e-05,0.5868541457470954,2.4311360790392748e-05,8.732351662841611e-16,1.0,8.732351662841611e-16,1.0,1.0,1.0,0.23944583752106016,0.6502665335582344,-11.544273150218805,-0.9692805238884888,6.9841424849122244,-1.0963032289217005,-1.3271004031091453,-74.06611676819188,46.87585381177866,6.56851215418715,-2.716127676130857,423.15,8.5,0.4
154,0.0005852488228985207,0.0789112475666385,4.618271475182895e-05,1.8544641938445564e-07,0.5485301573947456,1.0172295361324749e-07,0.9759963672144416,1.0022123373846623,0.9781556004649248,0.05638652704672974,1.1119720202304362,0.06270024039393018,0.18068175641094678,0.5836923333145797,0.10546255598688203,0.3996102488523856,0.5855314234907297,0.2339843578520221,0.647830213747516,0.5654979705814519,0.36634667115556857,0.06632073816382968,0.4270717057518157,0.028323710774346277,0.013712040832630307,1.0,0.013712040832630307,4.71581209764564e-05,0.5817649043058014,2.743493973710956e-05,9.707272963767753e-16,1.0,9.707272963767753e-16,1.0,1.0,1.0,0.237653532280575,0.6484156480168339,-11.565557652084673,-0.9825418854135555,6.9925810382002975,-1.0734726770200835,-1.271145919378033,-73.31828576265872,46.541893140179596,6.568298928096894,-2.7295120966337847,428.15,8.5,0.4
155,0.00055403110111359,0.07709344245252167,4.271216481060777e-05,1.8348246863965205e-07,0.5412427361210524,9.930855335677051e-08,0.9760277817119067,1.002266406793393,0.978239857706919,0.05889583404555991,1.1116311433799848,0.06547044334038359,0.17641759845590135,0.5813670494493168,0.10256337868524172,0.3995922120557743,0.5788022313981557,0.23128486398720716,0.6460256313467082,0.5597434003268192,0.3616085835882866,0.06885436284848787,0.421814270339986,0.029043752824659548,0.012950145745833301,1.0,0.012950145745833301,5.3579266786143175e-05,0.5767142902583142,3.089992881713142e-05,1.076743883838779e-15,1.0,1.076743883838779e-15,1.0,1.0,1.0,0.23586746360257485,0.6465798459302904,-11.589716136249857,-0.9960924879122174,7.003013344498861,-1.0527919825487255,-1.2167995212093456,-72.59362274184701,46.21941699446693,6.5696353044393225,-2.7429695453522163,433.15,8.5,0.4
156,0.0005314174950756175,0.07441506633845894,3.954546814946976e-05,1.8074151590586662e-07,0.5340638425903694,9.652750850029551e-08,0.9760589439995617,1.0023214783411494,0.9783248436977418,0.06136214171338937,1.1112929167436287,0.06819131344230837,0.17220100576238195,0.579032448226716,0.09970996995369485,0.39957449056271077,0.5721367263935696,0.22861124098092758,0.6442345426329282,0.5539993992693638,0.35690554960721554,0.07133563771001426,0.4166245558955004,0.029720178380456996,0.012227681099189008,1.0,0.012227681099189008,6.0754349185837615e-05,0.5717018227185539,3.473337216762288e-05,1.1916682767720758e-15,1.0,1.1916682767720758e-15,1.0,1.0,1.0,0.23409456497084696,0.6447661408695197,-11.61661148639953,-1.0099289646137484,7.015348903366898,-1.0341546950424287,-1.1640074120031134,-71.89125853153298,45.90798836169479,6.572442608052072,-2.7564981519371305,438.15,8.5,0.4
157,0.000499259545055009,0.0734365339232017,3.666389051691441e-05,1.7726222929481908e-07,0.5269955605777512,9.341640789648511e-08,0.9760899820244192,1.0023771998621944,0.9784103429951769,0.06377582004497115,1.1109558906787145,0.07085212296182634,0.1680520259401369,0.5767119891105832,0.09691761815399969,0.39955715432063055,0.5655607051143665,0.22597382593106555,0.6424492885479229,0.5482602620001225,0.3522294152610765,0.07377300680250311,0.41151890245575123,0.030358986790226746,0.011543989301371347,1.0,0.011543989301371347,6.87596567713719e-05,0.566750127892678,3.896954426903167e-05,1.3160197254066954e-15,1.0,1.3160197254066954e-15,1.0,1.0,1.0,0.23232710553016306,0.6429487253552071,-11.64619639418405,-1.0240553014660363,7.029576836477995,-1.0174937481315462,-1.1127182842249261,-71.21039596628088,45.607216593504084,6.576661572212367,-2.770095263699252,443.15,8.5,0.4
158,0.0004742890983032015,0.07175219559808443,3.403128415149041e-05,1.7315235357563117e-07,0.5200290465626891,9.004425334002111e-08,0.9761205795505971,1.0024337992870185,0.9784962611211513,0.06613736084680047,1.1106235313666977,0.0734537092589471,0.1639718022348859,0.5743833340705858,0.0941826704612365,0.3995402002425321,0.5590514364642737,0.22336352287081113,0.6406882328225305,0.5425378944194765,0.34759764481487104,0.0761501666742999,0.4064771869795591,0.030953305537793983,0.010897004450431725,1.0,0.010897004450431725,7.765862655959789e-05,0.5618366085437995,4.363145937041394e-05,1.4499552442369925e-15,1.0,1.4499552442369925e-15,1.0,1.0,1.0,0.23058345217998955,0.6411626950731872,-11.678265791800705,-1.0384612683030419,7.045543998806203,-1.0026792879718731,-1.0628831101400475,-70.55020526931214,45.31665401822137,6.582201051586933,-2.783764317537292,448.15,8.5,0.4
159,0.0005054794213511709,0.06245151031792188,3.156795329800984e-05,1.6894288874649728e-07,0.5120412948743266,8.650573551356571e-08,0.9761482478395352,1.0025048887517822,0.9785933906056205,0.06838635074628668,1.1103230037905563,0.07593093837889157,0.16011529225332527,0.5707793319940173,0.09139049955437986,0.39952406530198564,0.5513803909573092,0.22028973532306237,0.6390953414853462,0.5357402850528509,0.34238912042330844,0.07835751927005148,0.40058450294913917,0.03138880790912117,0.010253154490879829,1.0,0.010253154490879829,8.767476017012245e-05,0.5557279794752762,4.872331732032153e-05,1.5900236730586765e-15,1.0,1.5900236730586765e-15,1.0,1.0,1.0,0.22900712242096313,0.639600989849586,-11.71257274772386,-1.0531320569992164,7.0629550969361725,-0.9899729371659438,-1.014450231647836,-69.91027595457774,45.03625832688318,6.589169641530523,-2.7992666876536867,453.15,8.5,0.4
160,0.00048498370281549165,0.0605062441130982,2.9344542313428406e-05,1.6413840931784275e-07,0.5042004581948316,8.275866118542706e-08,0.9761761392427232,1.0025756793100529,0.9786904559275379,0.0705611249300708,1.1100197216648426,0.07832424025523536,0.15636913055599747,0.5672593543155451,0.08870185203407827,0.39950847324003685,0.5438873952700962,0.21728762289885659,0.6374874539084187,0.5289651291107654,0.3372086333631598,0.08054123882439705,0.39483671465724557,0.03180063813184954,0.00964892262905997,1.0,0.00964892262905997,9.880802076561222e-05,0.5497563984111995,5.4320341630242015e-05,1.7400819632132041e-15,1.0,1.7400819632132041e-15,1.0,1.0,1.0,0.22741523918888376,0.6379726017496434,-11.749381995331,-1.0680983933037695,7.082186543676727,-0.9790165010469992,-0.9673798627297118,-69.28960323261079,44.76535048218724,6.5973550853958125,-2.8148376072564747,458.15,8.5,0.4
161,0.0004612780092561745,0.05922029858165825,2.731702143730357e-05,1.5889871082835074e-07,0.49648795823477687,7.889129650530611e-08,0.9762035478565587,1.0026469206821544,0.9787874812173728,0.07267248917128118,1.109721460785134,0.08064622084204599,0.15271531572183142,0.563759318635188,0.08609468233649731,0.3994933465995207,0.5365048935358945,0.21433013538567403,0.63590577100509,0.5222403805226588,0.3320956718262529,0.0826635957679069,0.3891806702910846,0.03217107360962527,0.009080696438081863,1.0,0.009080696438081863,0.00011111579602945791,0.5438580345798442,6.043121843935586e-05,1.8996666516497643e-15,1.0,1.8996666516497643e-15,1.0,1.0,1.0,0.22584908290236877,0.6363672079130571,-11.788364328425208,-1.0833374711600599,7.102970906653878,-0.9696429583944441,-0.9216291630976795,-68.68739673486378,44.50345363842683,6.606644222616164,-2.830488902756997,463.15,8.5,0.4
162,0.00044918206800868295,0.05668560285110252,2.5462156314977138e-05,1.533209213452055e-07,0.4888953121576507,7.495787970136279e-08,0.9762302162135623,1.0027188351930114,0.978884425281885,0.07472272726886615,1.1094310363348092,0.0828997127516615,0.14915170736811273,0.5602592436084783,0.08356362275297195,0.39947866944868277,0.5292113462750019,0.21140864446708385,0.6343652395659103,0.5155757047966005,0.3270633054876585,0.08471198082764592,0.38359847825319926,0.032495386935299166,0.008546109381719612,1.0,0.008546109381719612,0.00012467110637282553,0.5380124524921839,6.707460769455784e-05,2.0685107346331943e-15,1.0,2.0685107346331943e-15,1.0,1.0,1.0,0.22432361670498754,0.6348145749548404,-11.829348828935858,-1.098839881620436,7.125182706632305,-0.9617531847385699,-0.8771571739384005,-68.10295497423799,44.25015789410964,6.616955899164657,-2.8462307009400036,468.15,8.5,0.4
163,0.0004327874534654201,0.054923702262155406,2.3770289236931173e-05,1.4745421824692084e-07,0.4814243919008154,7.098805735273404e-08,0.9762563076361466,1.002791110920177,0.9789811472772815,0.07670722111146366,1.1091466175902327,0.08507955484052603,0.14568912235587775,0.5567802791048495,0.08111683020784619,0.399464475749274,0.5220271693010595,0.20853130951172527,0.6328561847747082,0.5089652182550055,0.32210178620788943,0.08669759065562863,0.37810425212486726,0.032780727675874345,0.008043701483157986,1.0,0.008043701483157986,0.00013956856121521242,0.5322390420192452,7.428383731718903e-05,2.2466084146764687e-15,1.0,2.2466084146764687e-15,1.0,1.0,1.0,0.22282913092080683,0.6332891196823919,-11.872294192525649,-1.1146077059993786,7.148814708493141,-0.9552971460170977,-0.8339247307211279,-67.53564424474881,44.00509933019533,6.628231080220412,-2.8620702528740076,473.15,8.5,0.4
164,0.024458913121185658,0.13149256651420024,0.00321616526045255,1.5508638806210328e-09,0.7124663535808758,1.1049383339263541e-09,0.9751055212332104,1.0025811307621757,0.9776223960904327,0.00044336038977532514,1.1219453414182277,0.0004974261238777955,0.23963022102920079,0.5513865301856917,0.1321288761009214,0.4000130704912013,0.6605800758674625,0.26424066445305433,0.7003777723839089,0.6193129280421218,0.43375300895069735,0.01181490177285494,0.5349563442712025,0.006320456660329828,0.04039327750586486,1.0,0.04039327750586486,1.7543991444523941e-06,0.6415863847128643,1.1255986044325527e-06,1.0000326762280033e-16,1.0,1.0000326762280033e-16,1.0,1.0,1.0,0.26453249454016176,0.7248366870559584,-14.050786703413397,-0.7615359201977102,8.95666195906739,-4.132535696652405,-4.185691746121202,-114.7925503220258,65.89723070148756,8.167242692197101,-2.514851416220443,273.15,9.0,0.4
165,0.02204893232142397,0.1302650924304309,0.002872206206842609,2.076846499667094e-09,0.7092561124140289,1.4730160744345655e-09,0.9751357840545639,1.0024959874384394,0.9775697107223369,0.0005195183308006761,1.121608559571454,0.0005826962066803126,0.24019859653494066,0.5549213121354423,0.13329132036226096,0.40001252429479306,0.6643478033661865,0.26574744183420906,0.6986117299075454,0.6214630696914983,0.4341613901908311,0.014300627412118176,0.5331955982105213,0.007625031587790133,0.03967256672718444,1.0,0.03967256672718444,2.119099692269332e-06,0.6423748639230131,1.3612563764608117e-06,1.0000313107369857e-16,1.0,1.0000313107369857e-16,1.0,1.0,1.0,0.2627670471871653,0.720660664305816,-13.875745666040013,-0.7658151298495968,8.831792513849736,-3.9804750454299302,-4.033758307145527,-112.59837921848545,64.90738478355296,8.065015015225853,-2.5142298058668007,278.15,9.0,0.4
166,0.019504731201473228,0.13037716487632459,0.0025429715557228677,2.7600932899376563e-09,0.7060943094005702,1.948886165439679e-09,0.9751684289393115,1.0024130665296633,0.9775215752359694,0.0006168764993721951,1.121245443407624,0.00069166996406632,0.24074146377679295,0.5587262901407521,0.1345085849390618,0.40001182555673004,0.6679621769064303,0.26719276978718864,0.6967069928686829,0.6232659629720532,0.434233754819663,0.01694172738988531,0.5316958029675033,0.009007845348221615,0.03893488918011108,1.0,0.03893488918011108,2.5165024214280627e-06,0.6434450171010316,1.6192309435905681e-06,1.0000295638918235e-16,1.0,1.0000295638918235e-16,1.0,1.0,1.0,0.2608630714776384,0.7162117268302494,-13.70657967916909,-0.7700770986994777,8.710213527308852,-3.829162278072756,-3.8876733743251357,-110.48796289734123,63.948008256845576,7.96595281535893,-2.514384734924287,283.15,9.0,0.4
167,0.017008973706942227,0.1304820038448629,0.0022193649726264084,3.662933070476662e-09,0.7029482467292115,2.5748523797780206e-09,0.9752006006278251,1.0023359594374244,0.9774786296742435,0.0007450097980333926,1.1208878078949445,0.0008350723993779046,0.24123348604143657,0.5625351711843765,0.13570232036572338,0.40001090512476356,0.6711517260060166,0.268468009395714,0.6948303880554118,0.6248100229399169,0.43413699070025313,0.01956512757764589,0.5301984790706101,0.010373400884490304,0.038186362101788676,1.0,0.038186362101788676,2.9255606143711542e-06,0.644503450916108,1.8855339118264586e-06,1.0000272628119113e-16,1.0,1.0000272628119113e-16,1.0,1.0,1.0,0.25898746954641216,0.7118393654252869,-13.539894767065556,-0.7741452617765971,8.589247664675437,-3.676419245735358,-3.7471305206888275,-108.45453134733435,63.015776523980286,7.8687843661138475,-2.5152118550938205,288.15,9.0,0.4
168,0.01457353404233891,0.13176691630315632,0.0019203096403980703,4.831672183378357e-09,0.6997877340071982,3.3811449286719566e-09,0.9752323845793093,1.0022627956218513,0.9774391361494229,0.0009093973523595136,1.1205347100509062,0.001019011298547229,0.2416524275424416,0.5664360827203777,0.13688065443701053,0.40000972353518716,0.674052842092566,0.2696276910135545,0.692976990012615,0.6260944063757193,0.43386901719398097,0.022164426484719685,0.5287859543868374,0.011720237412159395,0.0374382381908628,1.0,0.0374382381908628,3.349197260938565e-06,0.6456494152222434,2.1624072529889227e-06,1.0000243088379656e-16,1.0,1.0000243088379656e-16,1.0,1.0,1.0,0.25713535893714,0.7075505288866262,-13.378128797344594,-0.7781688075833745,8.47093621332961,-3.52449159394244,-3.6118451752533542,-106.49604063731567,62.11177065436879,7.774449615828774,-2.5165465000113607,293.15,9.0,0.4
169,0.012424394989259388,0.13182094305676606,0.0016377954643939316,6.373420505484831e-09,0.6965543023368902,4.439433473697621e-09,0.9752601508667561,1.0021980474196732,0.9774038189248789,0.0011261701634647308,1.1202265334773522,0.001261565698323718,0.2419683763484613,0.5701041963147372,0.1379471867317214,0.40000816434237907,0.6763248823637638,0.2705354746934046,0.6913588737151163,0.6272236872171988,0.43363666196192496,0.024529789645522628,0.5271498545276704,0.01293087504323161,0.03668805785690499,1.0,0.03668805785690499,3.7597736549613493e-06,0.6465313303230475,2.4308114628557095e-06,1.0332892918964084e-16,1.0,1.0332892918964084e-16,1.0,1.0,1.0,0.2555189415011854,0.703783275077796,-13.21799927899997,-0.7819681864529756,8.352672447665814,-3.3712911057496635,-3.481550827099724,-104.60640344783396,61.23275867267323,7.681730629160085,-2.5183463150254806,298.15,9.0,0.4
170,0.010636861352775773,0.12971384733309368,0.0013797482096172405,8.399029627396046e-09,0.6923094153719126,5.814727291033934e-09,0.9752815811498378,1.0021500093990852,0.9773784457160646,0.0014080277881161148,1.1199890247548834,0.0015769756692399425,0.24222884330740743,0.5727873277851805,0.1387456118705451,0.4000061360376769,0.6771235481210104,0.2708535741040073,0.6901114546668783,0.6274226351717678,0.43299154744931473,0.026598602417765183,0.5245992927192084,0.013953608015679042,0.035862848073533495,1.0,0.035862848073533495,4.158597506859532e-06,0.6463171563229521,2.6877729149251697e-06,1.1424371389408804e-16,1.0,1.1424371389408804e-16,1.0,1.0,1.0,0.2542737324482993,0.7007483244186835,-13.06080308097152,-0.7856262775409903,8.235470648738866,-3.2185124017515765,-3.3559963596763454,-102.78358880446963,60.37933254495193,7.591314322124725,-2.5215614588973834,303.15,9.0,0.4
171,0.00900697256396366,0.1289916852174384,0.0011618245697329042,1.0936436878959534e-08,0.6880105508297135,7.524383961207347e-09,0.9753017044804502,1.0021052191814255,0.9773549283363995,0.0017606448375165646,1.11976627163061,0.0019715107053716054,0.24233868152298088,0.5754978938201545,0.13946540080762868,0.40000359792439705,0.6776501762773561,0.27106250864504433,0.688941255671686,0.6274441964119128,0.43227219253993515,0.028580469050201344,0.5220846639354186,0.014921424579191002,0.03504640522133015,1.0,0.03504640522133015,4.572982616390149e-06,0.646128971536128,2.9547365547807608e-06,1.2552089058802826e-16,1.0,1.2552089058802826e-16,1.0,1.0,1.0,0.2531062989244611,0.6979482391720865,-12.911547667324651,-0.7894579855290257,8.123529050976662,-3.0699229101592014,-3.2349530550739085,-101.02789332749605,59.55419026432985,7.504930247642447,-2.5250537039856193,308.15,9.0,0.4
172,0.007612364028386833,0.12828158280881632,0.0009765261064783596,1.4095460806728842e-08,0.6836487834372756,9.636344632507985e-09,0.9753194356163102,1.002065190706042,0.9773336562501671,0.0022024223724617497,1.119570364253865,0.0024657668177778635,0.24226556080940945,0.5781026872979028,0.1400543717436531,0.4000004173524178,0.6777759826798766,0.2711106759433957,0.6879118384775268,0.6273483206897108,0.43156033665144805,0.030416149630559667,0.5194820514788488,0.015800643808170763,0.034234157896189124,1.0,0.034234157896189124,4.996723827028796e-06,0.6458216492025132,3.226992422581229e-06,1.3697609480667321e-16,1.0,1.3697609480667321e-16,1.0,1.0,1.0,0.252080347210258,0.6955242166013745,-12.769242690309225,-0.7934254088246365,8.016087676365677,-2.9250799487208776,-3.1182033958022886,-99.33563949699065,58.755876595817746,7.422219174490093,-2.528804831955795,313.15,9.0,0.4
173,0.00643879367042734,0.12749179562373938,0.0008208933666935492,1.795659776306736e-08,0.6792344636718188,1.2196740050967645e-08,0.9753352468099213,1.0020295216554242,0.9773147108146205,0.002749207559757071,1.1193960803878629,0.003077452166564746,0.24198062525046626,0.5806047959209465,0.14049511154037,0.3999964801768896,0.6775254819740553,0.27100780801977276,0.6869958278896907,0.6271525122916781,0.43085115939492086,0.03213571546206036,0.5167965069404653,0.0166076254988255,0.0334231952370914,1.0,0.0334231952370914,5.437616017719398e-06,0.6453968832288602,3.5094204300314258e-06,1.4881126839786944e-16,1.0,1.4881126839786944e-16,1.0,1.0,1.0,0.2511686264806507,0.6934346395167157,-12.63458848741044,-0.797593444906511,7.913756232199349,-2.7847837259467045,-3.0055438047122442,-97.70461054361787,57.98422917951021,7.343455229211921,-2.5327906154428095,318.15,9.0,0.4
174,0.0055113207065814,0.12525917090864544,0.0006903434623180363,2.2613242413724194e-08,0.6747696093845417,1.52587287504266e-08,0.975348981627786,1.0019986518155464,0.9772983646407077,0.003420974342614986,1.1192451948140534,0.0038289090945539898,0.24144837068015876,0.5829499353812985,0.14075231208591835,0.3999916424761016,0.6768569290039609,0.2707371147536244,0.6862025960880233,0.6268910143552605,0.430174241514834,0.03373406590358083,0.5139810640169931,0.01733867108674184,0.03260897493051829,1.0,0.03260897493051829,5.898228261616993e-06,0.6447958169588937,3.803152910559362e-06,1.610811298089285e-16,1.0,1.610811298089285e-16,1.0,1.0,1.0,0.25038066572935513,0.691713939407847,-12.507476543212828,-0.8019779069407645,7.81648164722469,-2.6492117578179406,-2.8967833614080107,-96.13216782942334,57.23851263854372,7.268612586364151,-2.5369988988771253,323.15,9.0,0.4
175,0.004671341672599652,0.12500600799069214,0.0005839457744522454,2.803213077639493e-08,0.6694401992701821,1.8765835212917598e-08,0.975362169257398,1.0019780185953715,0.977291453765411,0.0042144756512337315,1.119100704326864,0.004716422669664088,0.24074129924744028,0.5846029812204744,0.14073808124294396,0.3999859279694042,0.675175333929921,0.2700606324840118,0.6854428205314989,0.6257078528202826,0.42888695546584255,0.03536651508236638,0.5105750707455238,0.018057260940201846,0.03172555001591586,1.0,0.03172555001591586,6.422919219387162e-06,0.6434278447573092,4.132685070380577e-06,1.7455834659814335e-16,1.0,1.7455834659814335e-16,1.0,1.0,1.0,0.24962711657127368,0.6901141902362292,-12.390873098114428,-0.806794380921606,7.726632101632501,-2.52111472844553,-2.791740002110408,-94.61843088901111,56.52061841525128,7.1989653652762495,-2.5424564392172377,328.15,9.0,0.4
176,0.004053117811091954,0.12213998889036176,0.0004950477644180984,3.431721938871709e-08,0.6640975390011004,2.2789980941407857e-08,0.9753741474003683,1.0019619176776016,0.9772877511824286,0.0051615457641476774,1.118970041912401,0.005775615080041102,0.2397326399147987,0.5860816538405249,0.14050290208082025,0.399979107082386,0.6731002930906258,0.26922605420728085,0.6847555755646154,0.6244896624255631,0.42762277822836886,0.036930638312547635,0.5070420050432344,0.01872538489752064,0.030835838912577358,1.0,0.030835838912577358,6.988949918484342e-06,0.6418702284145702,4.485998880555537e-06,1.889418353072953e-16,1.0,1.889418353072953e-16,1.0,1.0,1.0,0.24894730349003835,0.6888087276929268,-12.282239122666047,-0.8119063032740592,7.6422560380072,-2.3984809603083934,-2.690248357753078,-93.158927319916,55.82770960714441,7.133410242936722,-2.548125625746923,333.15,9.0,0.4
177,0.0035015777826594885,0.12068834704467965,0.0004225996346375484,4.132574322666244e-08,0.6587907137289815,2.7225015875673555e-08,0.975387539612814,1.0019476491736596,0.9772872523483388,0.006258230053007347,1.1188240702842145,0.007001858420680674,0.23842822364427185,0.5875755893538716,0.14009460402637972,0.39997120856506485,0.6708627372948702,0.2683257798170969,0.6839876975070379,0.6231788801324026,0.42624668735677645,0.03857751985436873,0.5035580527681064,0.019426020778488883,0.029941975130975067,1.0,0.029941975130975067,7.631203756715017e-06,0.6403224820269658,4.886431330353268e-06,2.0513680965881724e-16,1.0,2.0513680965881724e-16,1.0,1.0,1.0,0.2481880314799387,0.6874893166154407,-12.183582183175456,-0.8174720937749828,7.565031858322769,-2.2829308608182366,-2.592150377115795,-91.75297385062764,55.160630120673915,7.072671361815043,-2.553993736644763,338.15,9.0,0.4
178,0.0030423079710149487,0.11929398237405965,0.0003629290334707183,4.90115710833802e-08,0.6535194977281111,3.2030017317276286e-08,0.9754020556294712,1.0019358009786739,0.9772902398833593,0.007515127759851034,1.118666042756545,0.008406918231922413,0.2368090190931328,0.5890342723862891,0.13948862825603434,0.3999621560895148,0.668422909730636,0.26734386815549227,0.6831562574765927,0.6217979464303085,0.4247851579899604,0.04029215812668445,0.500080126976847,0.02014930755216356,0.029041745530808256,1.0,0.029041745530808256,8.357236801808757e-06,0.6387315577731337,5.338030881098272e-06,2.2328973369337815e-16,1.0,2.2328973369337815e-16,1.0,1.0,1.0,0.24736645482399877,0.6861986144591787,-12.094226482900407,-0.8234754334309761,7.494442826531448,-2.17410552969925,-2.4972972271493212,-90.39805270213131,54.51828548610233,7.016491152356755,-2.560060181327119,343.15,9.0,0.4
179,0.0026893759817829886,0.11652727870881335,0.000313385664582015,5.729506880479836e-08,0.6482850295851724,3.714353537520314e-08,0.9754175624385225,1.0019267142380242,0.9772969133440915,0.008939522375813889,1.1184974575939852,0.009998833049452373,0.23486158190707382,0.5904258155452099,0.1386683410377222,0.3999518972424428,0.665761864672688,0.26627272088750803,0.682269105107382,0.6203621357007657,0.4232539191670657,0.04206775390819143,0.49658276039492555,0.020890121359344118,0.028134001088730043,1.0,0.028134001088730043,9.177381176848083e-06,0.6370649553376294,5.846587929545126e-06,2.4361169521607676e-16,1.0,2.4361169521607676e-16,1.0,1.0,1.0,0.24649048026467069,0.6849585383842339,-12.013675255014624,-0.829909688858832,7.4301167618544675,-2.0717604220482717,-2.405548783244465,-89.09189405604708,53.89973368443733,6.964676211466055,-2.5663229794148905,348.15,9.0,0.4
180,0.0023553866649004052,0.11567188997613848,0.0002724520271536234,6.599611086745132e-08,0.6422643593418033,4.238694986533423e-08,0.9754341475414341,1.0019275773761376,0.9773143723361469,0.010504147986477924,1.1183172719216121,0.01174697012009889,0.23269485960062963,0.5910868497049439,0.13754287150387037,0.3999406288537691,0.662160794457886,0.2648250045377982,0.68132074131093,0.6180236457023309,0.42107232843759573,0.043964406589837156,0.49251472482294106,0.02165311761359754,0.027164511818750677,1.0,0.027164511818750677,1.0138933004269404e-05,0.6346150148219594,6.4343191187832756e-06,2.666133999201033e-16,1.0,2.666133999201033e-16,1.0,1.0,1.0,0.24555439425200795,0.6836761939719416,-11.942854952958344,-0.8368659839273108,7.372767833828427,-1.9769710153902569,-2.3167699087520925,-87.83367149220715,53.30539457996576,6.917702511030925,-2.5738542772886173,353.15,9.0,0.4
181,0.0021177450987593448,0.11239542010056892,0.00023802485004097737,7.502504175044144e-08,0.6363042503179968,4.773875294609112e-08,0.9754518931565043,1.0019312209088074,0.9773357062481038,0.012230143876252339,1.1181246369253974,0.013674825181180019,0.23020596985719582,0.5916680805153579,0.1362055243085834,0.3999281984935746,0.6583671480408975,0.26329958746334864,0.6803066620492096,0.6156434333480393,0.41882632915351964,0.04592584936962035,0.4884326427646128,0.022431683978813195,0.026193761778730045,1.0,0.026193761778730045,1.1229156341973536e-05,0.6320864557823789,7.0977976336242695e-06,2.923897532120983e-16,1.0,2.923897532120983e-16,1.0,1.0,1.0,0.2445538588322075,0.6824244821730108,-11.880070643586015,-0.8442528312000147,7.321128930023545,-1.888245627301895,-2.230839181283187,-86.62010545822632,52.7331418104296,6.874761847323493,-2.581574299158592,358.15,9.0,0.4
182,0.0018934624393451302,0.11051848045032742,0.00020926259158619403,8.410434231823778e-08,0.6304290862679621,5.3021823678854585e-08,0.9754719519168451,1.0019363363315912,0.9773607936977899,0.01409730196619183,1.1179067244642968,0.015759468664809605,0.22743042488020665,0.5922686263066601,0.13469990532414006,0.3999147520277288,0.6545069672032233,0.26174699148949787,0.6791593415348776,0.6131844528663649,0.4164499492481446,0.04801484272391242,0.4844258675214994,0.023259631840439627,0.02522679071218287,1.0,0.02522679071218287,1.2481128681856305e-05,0.6295840911476783,7.857920057663724e-06,3.216712621922658e-16,1.0,3.216712621922658e-16,1.0,1.0,1.0,0.2434211892857436,0.681052888078565,-11.825686293114494,-0.8521203745909873,7.275545338842786,-1.8058552360410713,-2.147639130487977,-85.44978454363054,52.18264886400102,6.83593538570905,-2.589472842434967,363.15,9.0,0.4
183,0.0017215897873533359,0.10739087519884517,0.00018488303399726849,9.312003824775757e-08,0.6246281766243936,5.816539969789065e-08,0.9754936410617003,1.0019436255311336,0.9773896354079263,0.016104211481472494,1.117671113765792,0.017999211982817225,0.22437038586196892,0.5928308708623422,0.1330136912462708,0.39990029971492014,0.6505309143785296,0.260147507633795,0.6779185924637497,0.6106690120112728,0.41398387708391077,0.05019091280451831,0.48044498803657626,0.02411397250191164,0.024264279072220098,1.0,0.024264279072220098,1.3907627673794112e-05,0.6270501138004043,8.720779515546253e-06,3.5462897735525644e-16,1.0,3.5462897735525644e-16,1.0,1.0,1.0,0.24219618713079474,0.6796402753711414,-11.778829456625873,-0.8604298839831288,7.235335283198804,-1.7292177664778972,-2.067058723867547,-84.32054194638494,51.65276532950787,6.800882287182401,-2.5975452600727027,368.15,9.0,0.4
184,0.001540561540590581,0.10663000703919831,0.00016427008791749191,1.0180971599731031e-07,0.6189181874404301,6.301188488888034e-08,0.9755176984234728,1.0019521352868206,0.9774220409454832,0.018227906886475576,1.1174095782588116,0.020368037746557557,0.22106684730438295,0.5934280764228563,0.13118727395670526,0.39988500730259585,0.6465339803605606,0.25853924545785917,0.6765410587946181,0.6080683049491521,0.41138317484974807,0.05249263976418373,0.4765544816291753,0.025015602732167616,0.023311314585114696,1.0,0.023311314585114696,1.5543151990429035e-05,0.6245620565984462,9.707662973164596e-06,3.919648854169852e-16,1.0,3.919648854169852e-16,1.0,1.0,1.0,0.2408353157314491,0.6780817221449247,-11.739538267104898,-0.8692065870788052,7.200577529040702,-1.6583374620974687,-1.9889930673162848,-83.23088768401236,51.14295399918474,6.7695587520428555,-2.6057805144713324,373.15,9.0,0.4
185,0.001420960424386215,0.10304134760652074,0.00014641767702428912,1.1025204281611543e-07,0.6124113821982426,6.751960593119707e-08,0.9755416508873535,1.0019721037336693,0.9774655202194182,0.020444959780619703,1.1171494676748237,0.022840075935552484,0.21761639643423547,0.5931416661250241,0.12907735195712616,0.39986904391225253,0.6415397589486295,0.25653189004248544,0.6751706663500108,0.6045764641143991,0.4081922941356522,0.054825987869681625,0.4720077657160856,0.025878292037545637,0.02231832534732481,1.0,0.02231832534732481,1.7427537111491874e-05,0.6211667687547799,1.0825406914899412e-05,4.333135404925987e-16,1.0,4.333135404925987e-16,1.0,1.0,1.0,0.23948231663924138,0.6765917370264397,-11.707032858461142,-0.8784144859356188,7.170570101074433,-1.593050126773784,-1.9133394949969091,-82.17924727030415,50.652541247198194,6.741843689681826,-2.6153290550868857,378.15,9.0,0.4
186,0.0013008185489201832,0.10077461882767644,0.00013108949343140265,1.1811211027706478e-07,0.6060074530637752,7.157681912499173e-08,0.9755675069890499,1.001993449235684,0.9775122512902154,0.022751309187484064,1.116868525184008,0.025410221138230694,0.21396781522575398,0.5928689137930735,0.12685486619956982,0.39985243892639893,0.636538042376686,0.25452128871375335,0.6736902002524372,0.6010188751344515,0.4049005263448232,0.05724885002812977,0.4675444528034297,0.02676638226002755,0.021344688609575314,1.0,0.021344688609575314,1.957708642441782e-05,0.6178070660368947,1.2094862325420285e-05,4.797402783214765e-16,1.0,4.797402783214765e-16,1.0,1.0,1.0,0.23801994296215823,0.6749911369134678,-11.681041093843413,-0.8880530879681603,7.145227605571032,-1.5327585095380971,-1.8400074308261516,-81.16369107376647,50.18043017960041,6.717395760858402,-2.6250236859536455,383.15,9.0,0.4
187,0.0012093390241420118,0.09739033639183904,0.00011777793437296883,1.2531925980941666e-07,0.5996955499850789,7.515340243513118e-08,0.9755946587465285,1.0020166461118547,0.977562087921836,0.025139784222653613,1.1165734775457061,0.02807041629423702,0.21013437318646638,0.5925681962897236,0.12451894649757603,0.3998352441964985,0.631494153023586,0.25249361888284655,0.6721350187311526,0.5974129997734023,0.40154219779292977,0.059724832507296835,0.46312834296592836,0.027660262713021997,0.020391537428361826,1.0,0.020391537428361826,2.201611186656844e-05,0.6144420309879826,1.3527624489752925e-05,5.315313754945096e-16,1.0,5.315313754945096e-16,1.0,1.0,1.0,0.23648349643326202,0.6733444830745543,-11.660919308451964,-0.8980922065659611,7.124051352730395,-1.477015519444882,-1.768907822043807,-80.18251199306428,49.72570262795416,6.695954828007058,-2.63485764829615,388.15,9.0,0.4
188,0.001104344756396643,0.09619077880555983,0.00010622778218762933,1.3170325850438415e-07,0.5934848834067769,7.816389301776704e-08,0.9756234880974655,1.002041006791571,0.9776147422626885,0.027587209732839204,1.1162600445603839,0.03079449996567574,0.2061586356666827,0.5922909267872993,0.12210588938422468,0.39981762704972773,0.6264742675099738,0.25047545504355406,0.6704825172054645,0.5937395050229042,0.3980919578920833,0.06227290797305052,0.458802144921913,0.028570943748560482,0.019462818528428155,1.0,0.019462818528428155,2.4788706468810946e-05,0.6111256141566033,1.5149013464899865e-05,5.894100773988177e-16,1.0,5.894100773988177e-16,1.0,1.0,1.0,0.23485019015591854,0.6715869936651198,-11.646557005412424,-0.9085406928802945,7.106993818352362,-1.4256931865953435,-1.699956295587905,-79.23438931846673,49.287779586938264,6.677422613807118,-2.644819190352789,393.15,9.0,0.4
189,0.0010333861389764428,0.09296683634597132,9.607064006441813e-05,1.372713032458936e-07,0.5873581800479578,8.062742284731944e-08,0.9756531286716188,1.0020673014945658,0.9776700978426993,0.030090814442316444,1.1159378174903336,0.033579477795265225,0.20204627879064307,0.5919719074225424,0.11960572104332375,0.3997996076370093,0.6214162837993638,0.24844198644223406,0.6687831728731752,0.5900253696836563,0.3945990388127038,0.06484273159063016,0.45450970904362403,0.029471651068851124,0.018558437458747634,1.0,0.018558437458747634,2.791984824294856e-05,0.6077928746873501,1.696948482441627e-05,6.535831859580093e-16,1.0,6.535831859580093e-16,1.0,1.0,1.0,0.23317047937193597,0.6698166962834549,-11.637272410737122,-0.9193618278219288,7.093517221647696,-1.3783312798732206,-1.6330727257869675,-78.31773264710873,48.86576861505103,6.661536828151914,-2.654904194713435,398.15,9.0,0.4
190,0.0009746231284150459,0.08933368058556618,8.7066671245135e-05,1.4212415794108889e-07,0.5804103483066201,8.249033201337245e-08,0.9756822923516068,1.0021049758452252,0.9777360800096209,0.03259415884323766,1.1156208884751109,0.03636272444779169,0.19794942603131105,0.5907319151909382,0.11693504355042333,0.39978159340813435,0.6154180219781897,0.24603279743852297,0.6671112736040957,0.5853637449145508,0.390502753391609,0.0673996400117018,0.44957128970732857,0.03030094308587045,0.01763953627526572,1.0,0.01763953627526572,3.1510020276339095e-05,0.603550584288193,1.9017891148717263e-05,7.238353747641114e-16,1.0,7.238353747641114e-16,1.0,1.0,1.0,0.23151820800296374,0.6680860388566687,-11.633098668651451,-0.9305733756079265,7.08359694841109,-1.3352623133411978,-1.5681774670415594,-77.43180254512947,48.4595944086179,6.648436869604379,-2.6663782517131933,403.15,9.0,0.4
191,0.0009022958371300761,0.08770933652257085,7.913976922175662e-05,1.4601295333987108e-07,0.5735752926951503,8.37494224491999e-08,0.9757125459428405,1.0021436602160774,0.9778041421099057,0.03511386984677215,1.1152919715826544,0.03916221713130323,0.19378618734111283,0.5895118073683409,0.11423924554247933,0.399763464604712,0.6094766197166023,0.24364648509347747,0.6653756658881804,0.5806593087124791,0.3863565741887363,0.06998600048524707,0.4447267313183356,0.031124645233847375,0.016754675925202907,1.0,0.016754675925202907,3.5567795801611566e-05,0.599365007388379,2.1318092193421278e-05,8.015221148769684e-16,1.0,8.015221148769684e-16,1.0,1.0,1.0,0.22980235302501506,0.6662781077382639,-11.63361747849473,-0.9421566714050882,7.077018179252195,-1.2957822019296015,-1.5052019915288093,-76.57487718182965,48.06814631529544,6.6377379857647405,-2.677953828426473,408.15,9.0,0.4
192,0.0008555839446467797,0.08425524612580039,7.20874358374976e-05,1.4899081859812473e-07,0.5668373880070916,8.445356645119948e-08,0.9757431590439116,1.0021839649693338,0.9778741479223305,0.037647492009899225,1.1149591379025876,0.0419754152355518,0.18956234572495595,0.5882581102062925,0.11151158726243444,0.3997452391887397,0.6035404207103277,0.24126240983692254,0.6636188765378312,0.5759357550570556,0.3822018387289308,0.07256014248758351,0.43992977188956495,0.031921366932836946,0.015903033913602472,1.0,0.015903033913602472,4.013023807705143e-05,0.5951829680139207,2.388483420580475e-05,8.868801349191745e-16,1.0,8.868801349191745e-16,1.0,1.0,1.0,0.22806542167950195,0.6644746094732966,-11.638320337504547,-0.9540839958133946,7.073382005567562,-1.2595494485412015,-1.4440776026823643,-75.74564778544048,47.690698313270154,6.62924165729373,-2.6896279592183676,413.15,9.0,0.4
193,0.0008035066974330262,0.08191973224983834,6.582305351466537e-05,1.5100979358152961e-07,0.5602021068959964,8.45960045263024e-08,0.975774376107001,1.0022253383288786,0.9779458042264896,0.040177253780439674,1.1146196344139074,0.04478235592050845,0.18531197328135376,0.5870100487749773,0.10877999047447477,0.3997270456800578,0.5976566391034102,0.23889952267987866,0.6618263653781882,0.5711804462714702,0.3780222787309387,0.07513522411149327,0.4352107972226032,0.032699660785061944,0.015086234120207336,1.0,0.015086234120207336,4.525992021097235e-05,0.5910444121489589,2.6750622935002917e-05,9.806511237308668e-16,1.0,9.806511237308668e-16,1.0,1.0,1.0,0.22629273375922648,0.6626300230854147,-11.647116806835177,-0.966360298203927,7.072650148227594,-1.2264476858461766,-1.3847390247224016,-74.94307771379299,47.326762664268244,6.622862811602294,-2.701391742941297,418.15,9.0,0.4
194,0.0007401897815161117,0.08139082064164677,6.024465374815756e-05,1.5208247090513171e-07,0.553667842519612,8.420317355109587e-08,0.9758061078612115,1.0022676292555406,0.9780188743391328,0.04269215881616299,1.1142744151393777,0.04757078029591744,0.18105686242901295,0.5857742339793899,0.10605844489606683,0.3997089637512091,0.5918363468735529,0.23656229291912897,0.6600031409811722,0.5663941376037657,0.37382190985180763,0.07770607101687303,0.4305728967630572,0.03345812809381087,0.014304592209392904,1.0,0.014304592209392904,5.101630351595687e-05,0.5869561158806338,2.9944331358313536e-05,1.0834138826629087e-15,1.0,1.0834138826629087e-15,1.0,1.0,1.0,0.22448921102669203,0.6607434828451594,-11.659788108893304,-0.9789793934668524,7.074671539975932,-1.196294250518324,-1.3271241066851407,-74.16610778978853,46.975797426223295,6.618483961409467,-2.7132392223211568,423.15,9.0,0.4
195,0.0007025675021187003,0.07855052279616452,5.5187044591019325e-05,1.5255484346894938e-07,0.5462362993419406,8.333099314316797e-08,0.9758361690289937,1.002322495667803,0.9781025443040489,0.045139935209127305,1.1139474469649615,0.05028351558237113,0.1769384947544747,0.5834736381818149,0.10323894726880732,0.3996913712169504,0.5850024038561621,0.23382041296248163,0.658275758989098,0.5606151301759162,0.3690393503173232,0.08018335541877693,0.4252105495823534,0.03409480862497531,0.01352159114575937,1.0,0.01352159114575937,5.75551495021335e-05,0.5818468279069408,3.348828116752614e-05,1.1936211791005529e-15,1.0,1.1936211791005529e-15,1.0,1.0,1.0,0.2227809974657207,0.6589784790460603,-11.676119170494717,-0.9919345429939886,7.079193442198978,-1.169316249094407,-1.2711694765941055,-73.41412933473303,46.63768959782177,6.616197156917983,-2.726636071271584,428.15,9.0,0.4
196,0.0006601789422933929,0.07673310428632996,5.065757962663795e-05,1.5217678101752842e-07,0.5389227299092313,8.201152625476572e-08,0.9758663876501683,1.0023781935808975,0.9781871868290916,0.04755558281657316,1.1136186284328127,0.052958782910515256,0.17284649700836394,0.581182900034559,0.10045542839213568,0.39967401578701606,0.5782498641072694,0.23111144531604869,0.6565381102030634,0.5548379424805093,0.36427225422510956,0.08263252457992434,0.41993485706379396,0.03470027739829097,0.012777418205724825,1.0,0.012777418205724825,6.486711995328678e-05,0.5767946719238835,3.741500917210327e-05,1.31337320901192e-15,1.0,1.31337320901192e-15,1.0,1.0,1.0,0.22106225876723049,0.6571984413221379,-11.695843026925079,-1.0052136947928956,7.086125105700945,-1.144899268696648,-1.2168229053387647,-72.68573002799494,46.311477512356014,6.615665563383865,-2.740107941482216,433.15,9.0,0.4
197,0.0006153380372673305,0.0757142099547805,4.658983334682118e-05,1.510050244382374e-07,0.5317228387290325,8.029282025664647e-08,0.9758966007918528,1.0024347023528435,0.9782726185419326,0.049933235133911416,1.1132897305275518,0.05559015788660111,0.16879372616327074,0.5788983833044243,0.09771441518784714,0.3996569402450238,0.5715766587032028,0.2284345785327963,0.6547995456423678,0.5490676008204366,0.3595292155441669,0.08504533156232892,0.4147403167996864,0.035271727754494664,0.012071049801220821,1.0,0.012071049801220821,7.302260223411992e-05,0.5717956461733504,4.175400602971816e-05,1.4430702192269309e-15,1.0,1.4430702192269309e-15,1.0,1.0,1.0,0.2193422993344495,0.6554150346846596,-11.718757065303425,-1.0188093320826148,7.095323287377934,-1.1228858430612672,-1.1640305962271842,-71.97998967955182,45.99667314126548,6.616784997837421,-2.753653002438198,438.15,9.0,0.4
198,0.000580270028564977,0.0739687284943686,4.2921836196342296e-05,1.4911802196686465e-07,0.5246287729229123,7.82316048851681e-08,0.975926520578511,1.002492179239124,0.9783587043920072,0.05227001281165253,1.1129639074249773,0.05817463770001042,0.1647874845618745,0.5766035734842638,0.09501705246385979,0.39964016583082645,0.5649667986282731,0.2257834250927142,0.6530767366841932,0.5433135968984826,0.3548254708586122,0.0874066057458881,0.4096112998900673,0.035802733398551854,0.011401025135898829,1.0,0.011401025135898829,8.20896064962019e-05,0.5668330377860289,4.653110102090187e-05,1.5829586369332648e-15,1.0,1.5829586369332648e-15,1.0,1.0,1.0,0.217637767402092,0.6536571558307802,-11.744630652206085,-1.0327106701685322,7.106617760312286,-1.1031129285338592,-1.1127412060515396,-71.2960151466832,45.69278993025316,6.619448240586911,-2.767272179471275,443.15,9.0,0.4
199,0.0005547823721126962,0.07139502059127588,3.960869888066282e-05,1.4658029776923188e-07,0.5176371558277536,7.587540843765036e-08,0.9759560428634646,1.002550563159943,0.978445280392116,0.054561100580858876,1.1126422771664861,0.060706987194996516,0.16083866855802464,0.5742986703686567,0.09236943349673862,0.3996237277932321,0.5584214557291454,0.2231584638182044,0.651375610275689,0.5375792853480719,0.3501660350651691,0.08971165157674517,0.40454572408192185,0.036292465045699475,0.010766179133693472,1.0,0.010766179133693472,9.214418375949817e-05,0.5619066133737594,5.177642623838899e-05,1.7333414479427896e-15,1.0,1.7333414479427896e-15,1.0,1.0,1.0,0.21595455151099624,0.6519305392280997,-11.773303200113663,-1.046912237764809,7.119898958101326,-1.085454339657177,-1.0629057379486337,-70.63298032099745,45.3993838142895,6.623565949621,-2.7809660115457047,448.15,9.0,0.4
200,0.0005882930466979421,0.062133252211908775,3.655256024499546e-05,1.438216260608708e-07,0.5096243293749545,7.329499973088683e-08,0.9759826629945557,1.0026237561886844,0.9785434035466363,0.056745168245474556,1.1123522275092954,0.06312061429824334,0.1571035856992499,0.5707103839945656,0.08966064772134208,0.3996080700954109,0.5507075434790459,0.22006717863664613,0.6498410454794376,0.5307768036700524,0.34492055301318103,0.09184948448519897,0.39862872702834207,0.03661384307854433,0.01013345257554304,1.0,0.01013345257554304,0.0001034629278078824,0.5557768544650036,5.750230057080467e-05,1.890388552535216e-15,1.0,1.890388552535216e-15,1.0,1.0,1.0,0.2144370469914224,0.6504294823477615,-11.80459409848779,-1.0614061259424976,7.134925652416939,-1.0702204874003696,-1.0144724162022847,-69.99052350481219,45.116461508008705,6.629271232093287,-2.7965065557243824,453.15,9.0,0.4
201,0.0005618921389695545,0.06018886024704957,3.381964742635428e-05,1.404463963603516e-07,0.5017628509977685,7.047078425013267e-08,0.9760097172754585,1.0026965244634531,0.9786415513546598,0.05886048649798469,1.1120570757538102,0.0654562204923955,0.1534692559152505,0.5672162758014232,0.08705025979026394,0.39959291678052306,0.5431825255411628,0.2170518897252042,0.6482791223278838,0.5239940952306089,0.33969443216109263,0.09397728256983079,0.3928659872300772,0.0369204778939965,0.009539068144283562,1.0,0.009539068144283562,0.00011602323073648416,0.5497942428330225,6.378890429380643e-05,2.0584584182375512e-15,1.0,2.0584584182375512e-15,1.0,1.0,1.0,0.21289163455220478,0.6488411549132497,-11.838661812455712,-1.0762145333069844,7.151990895331029,-1.056961766874277,-0.9674015647057349,-69.36754849843805,44.84325234406246,6.636306016333428,-2.8121192813369893,458.15,9.0,0.4
202,0.0005322186526674476,0.0589006892346815,3.1348045465666224e-05,1.3660273773391415e-07,0.4940312083290574,6.748601558374291e-08,0.9760363480637196,1.0027697470543302,0.9787397218636884,0.06091696014771743,1.111766285705182,0.06772542251987841,0.14991926002734313,0.5637424199227749,0.08451584644084616,0.3995781968788099,0.5357687224328518,0.2140815000537825,0.6467398881283535,0.5172632452660889,0.33453477337629944,0.0960482487747276,0.38719637088619274,0.03718953335554873,0.00897964206575668,1.0,0.00897964206575668,0.00012988174487571884,0.5438853380282723,7.064077671543218e-05,2.2369154259074477e-15,1.0,2.2369154259074477e-15,1.0,1.0,1.0,0.211368438827728,0.6472722433837588,-11.875127111980655,-1.091310873738153,7.170786212117542,-1.0454752546521657,-0.9216503547559474,-68.7632290311215,44.57924355136802,6.644539179086756,-2.8278149499960934,463.15,9.0,0.4
203,0.000510089756380996,0.05706084241219331,2.9106151204930086e-05,1.3237351421780875e-07,0.4864221020861144,6.438940304635269e-08,0.9760623402721208,1.002843579594314,0.978837851225697,0.06291511383464293,1.11148220667827,0.06992902955834349,0.14645471081485642,0.560274195586527,0.08205479529165112,0.3995639072034247,0.5284501484484878,0.21114960607630762,0.6452357939964187,0.5105917948250268,0.3294521021419827,0.09805200795321076,0.38160607809268515,0.03741724220413753,0.008453092375325048,1.0,0.008453092375325048,0.00014512088567899485,0.5380349056447314,7.808010203337789e-05,2.42549548932775e-15,1.0,2.42549548932775e-15,1.0,1.0,1.0,0.20987991440588036,0.6457460161263139,-11.913815272796352,-1.1066860529114146,7.1911856012299245,-1.0356487091101667,-0.8771778376002991,-68.17685049860958,44.32401209115744,6.653882997688557,-2.8436027056295963,468.15,9.0,0.4
204,0.00048481076995966467,0.05584587692262735,2.7074682589931635e-05,1.2781389626530014e-07,0.4789358982876029,6.121466322145998e-08,0.9760877889362358,1.0029177947636754,0.9789358127756815,0.06485162642234789,1.11120375923985,0.07206337107333137,0.14308391155466152,0.5568256695211874,0.07967279484913477,0.3995500723984271,0.5212399999791648,0.20826147972863143,0.6437611542440015,0.5039766269258826,0.32444057506180474,0.09999583730188887,0.3761036997422221,0.03760880436806171,0.007957873929875525,1.0,0.007957873929875525,0.00016183926300092653,0.5322554945965321,8.613983697369644e-05,2.6240924142897936e-15,1.0,2.6240924142897936e-15,1.0,1.0,1.0,0.20842034874696908,0.6442460928278575,-11.95464162232027,-1.122338737452096,7.213144535478634,-1.0274077806606017,-0.833944842425852,-67.60775487939232,44.07716974142939,6.6642662858374395,-2.8594905442453813,473.15,9.0,0.4
205,0.06364623193727192,0.1202305295174419,0.007652220167608125,5.074962862642258e-10,0.6927574497559917,3.515718330330417e-10,0.97431025702205,1.0030206914497743,0.9772533476848639,0.00010598963199586201,1.130915984795236,0.00011986536904668487,0.1886575901779367,0.5302108225947861,0.10002829607699387,0.400015530048986,0.6376216388745559,0.25505855784510867,0.7472239157329688,0.6205483790220313,0.4636885896745887,0.03125264662920067,0.5143925409540094,0.016076128311132296,0.03269024165200638,1.0,0.03269024165200638,5.6855097977396706e-06,0.6219767158375749,3.536254711860473e-06,1.5832083937899876e-16,1.0,1.5832083937899876e-16,1.0,1.0,1.0,0.2524098117472045,0.810870148177737,-14.702537402291998,-0.7968600325543116,9.45398592668227,-4.750570561581474,-4.18585572144138,-115.41058518695489,66.51493761577626,8.476096149341458,-2.501227260698288,273.15,9.5,0.4
206,0.057035541031718526,0.12116772803645091,0.006910866924143107,6.737321947161904e-10,0.6913091750769724,4.657572477520485e-10,0.9744130047156391,1.0028907098215982,0.9772297499586635,0.00012411597689087524,1.1297614178624937,0.00014022144203162376,0.18924185974043006,0.5358629234961158,0.10140769620834875,0.40001540808853664,0.6436272786089977,0.25746082850969254,0.7412154698712848,0.6223832639481717,0.46132010342736796,0.037880232705739716,0.5146323719295205,0.019494394006597023,0.03207085412108348,1.0,0.03207085412108348,6.887946873442137e-06,0.624808525308259,4.303647928397017e-06,1.925802546573796e-16,1.0,1.925802546573796e-16,1.0,1.0,1.0,0.24640151674903948,0.7982510115767354,-14.530374945969172,-0.8019447202210358,9.331840378226179,-4.599102809412529,-4.033909364160005,-113.21700698246802,65.5257104335066,8.374177840202675,-2.5016365544181927,278.15,9.5,0.4
207,0.050308886370246615,0.12213420948610407,0.0061444360669563065,8.936048135758978e-10,0.6899928130949425,6.165808991144153e-10,0.9745175127877236,1.002768415397612,0.9772153820753676,0.0001482678709729862,1.1285885351779825,0.00016733341931536057,0.18983451130765147,0.5416502571314749,0.10282391186221729,0.40001524313704256,0.6493024796904278,0.2597308892828511,0.7351054146282239,0.6238067311269704,0.45856370573296856,0.04462973807914348,0.5150070877164484,0.022984631433687563,0.031431069495786626,1.0,0.031431069495786626,8.150257498000388e-06,0.6277660344964375,5.116454829644563e-06,2.2840741798842483e-16,1.0,2.2840741798842483e-16,1.0,1.0,1.0,0.24029166554887108,0.7854143018920754,-14.360387117777629,-0.8068099778871995,9.210009933287255,-4.445478511342317,-3.8878094315072906,-111.1042791306108,64.56405237575082,8.273974874811556,-2.5030097360588446,283.15,9.5,0.4
208,0.043541452194822805,0.12423926573598133,0.005409558049763118,1.1790892106841544e-09,0.6886934562643364,8.120310237500587e-10,0.9746228883023019,1.0026497353788182,0.9772053810504424,0.00017961321722925576,1.12740741305919,0.00020249727258767367,0.1904114665138108,0.5478321528265857,0.10431352362312829,0.40001502676203327,0.6549985127532625,0.2620092476080883,0.7289460133520915,0.6247647087510932,0.45541974372718996,0.051427146657296564,0.5157590441076177,0.026524016001149543,0.030792623420239626,1.0,0.030792623420239626,9.470208394471814e-06,0.6311507543523678,5.977129172045015e-06,2.657572979428925e-16,1.0,2.657572979428925e-16,1.0,1.0,1.0,0.23413253192586286,0.7724874667260035,-14.194840008431111,-0.8115918419789453,9.090427378165131,-4.291724196568252,-3.7472519422276815,-109.06983629816726,63.63083863173547,8.176315419991438,-2.505002714712116,288.15,9.5,0.4
209,0.037349273316636754,0.12515666090029626,0.0046745103353627885,1.5605884462145982e-09,0.6872952176206372,1.0725849757573134e-09,0.97471854444126,1.00254790095782,0.9772020307542468,0.0002216750907453551,1.126336542501221,0.00024968075526876773,0.19097190785743554,0.5534843818869492,0.10569996837824412,0.40001473286976336,0.6596949361620891,0.26388769366441367,0.7233559741500603,0.6255093553910397,0.45246592910886174,0.05766003838832441,0.5160046175666178,0.02975284605744383,0.03014917492524806,1.0,0.03014917492524806,1.0749961851886768e-05,0.6339533202751593,6.814974008834922e-06,3.0172712682394946e-16,1.0,3.0172712682394946e-16,1.0,1.0,1.0,0.22854285626481766,0.7607052490272854,-14.029406675758173,-0.8160518432251841,8.969568290713797,-4.135285523858928,-3.611950538393149,-107.10683456723216,62.72235385800569,8.079741217647223,-2.507664610979491,293.15,9.5,0.4
210,0.03170518134978871,0.1259659451045488,0.00399377313343725,2.060011298747864e-09,0.6857072670094514,1.4125647176729896e-09,0.9748052618645703,1.0024570938985662,0.977200449925788,0.00027681617728042335,1.125366827389113,0.0003115197431960526,0.19149474583297976,0.5589339816972315,0.10703292076252671,0.4000143445028287,0.66381370771719,0.2655350051644841,0.7182893808403512,0.6259949222423411,0.44964550510665496,0.06335793076467466,0.5160537288162155,0.032696096421189966,0.029517088313270365,1.0,0.029517088313270365,1.1999100302017846e-05,0.6365483793770316,7.638007851231911e-06,3.3666271165031983e-16,1.0,3.3666271165031983e-16,1.0,1.0,1.0,0.2234767433600489,0.7499945642501513,-13.867129364304141,-0.8203702974580664,8.849991645537273,-3.9787154016075923,-3.481641200415513,-105.21382774369187,61.840002221899574,7.98535240377326,-2.5107044908446268,298.15,9.5,0.4
211,0.026973523705611867,0.1246859270434734,0.0033632188088633212,2.722191441310169e-09,0.6829011359057172,1.8589876274235328e-09,0.9748758348213692,1.0023913917969363,0.9772071448957924,0.0003494306105389839,1.1245784292807275,0.0003929621271425363,0.19203195200725012,0.5630515933011949,0.10812389654242079,0.40001382973308514,0.6660856831331734,0.266443485040479,0.7141669070401023,0.6255481183886533,0.4467457649143803,0.06816089937950036,0.5148580599286073,0.03509318841751857,0.028835549628902866,1.0,0.028835549628902866,1.3181231234252374e-05,0.6376954568478331,8.405611273743501e-06,3.6862948295878147e-16,1.0,3.6862948295878147e-16,1.0,1.0,1.0,0.219354906323401,0.7411404334679056,-13.706886445398947,-0.824489130416843,8.730723500685103,-3.8219866984357647,-3.3560724832306565,-103.38706310115383,60.982654594527496,7.892975346912507,-2.515109898454942,303.15,9.5,0.4
212,0.02268620760894413,0.12453572191218089,0.0028252432420294684,3.5631528950306853e-09,0.6798812133382578,2.4225207135831873e-09,0.9749395747652954,1.0023307346551402,0.9772119002188685,0.00044223811867968236,1.1238669854611418,0.0004970168212965412,0.19250469872237,0.5672009933434173,0.10918885633860355,0.40001316943664683,0.6681153321710508,0.2672549315709601,0.7104443283884302,0.6248591505975247,0.4439276395836234,0.072539686228295,0.5136943513044177,0.03726322706087,0.028178002457386983,1.0,0.028178002457386983,1.4362346383142122e-05,0.6389005449911992,9.176110931541878e-06,4.0032322681271226e-16,1.0,4.0032322681271226e-16,1.0,1.0,1.0,0.21563314444999382,0.7331305395605273,-13.55332635032113,-0.8286986187426624,8.615732500858654,-3.668350962186624,-3.235016615266789,-101.62632137952347,60.152491195971514,7.804080713463278,-2.5196425426804336,308.15,9.5,0.4
213,0.019013473706716175,0.12426837372605282,0.0023627734564166843,4.629759179705437e-09,0.6766218822252629,3.132596370421978e-09,0.9749935976547724,1.002278942863424,0.977215552356032,0.0005613644579943518,1.1232644992719978,0.0006305607668181219,0.19290503190338387,0.571062252958262,0.1101607821257318,0.40001231925749914,0.6695621771407426,0.2678331193651689,0.7072900023457788,0.624050096028361,0.4413843938837829,0.07633019528551252,0.5122619335969869,0.039101053428792255,0.02754009541700135,1.0,0.02754009541700135,1.5513115710006618e-05,0.6398148459992269,9.92552173896607e-06,4.3089914241710893e-16,1.0,4.3089914241710893e-16,1.0,1.0,1.0,0.21247987006809438,0.726303480682254,-13.40528059609502,-0.8329460481973259,8.504095559599989,-3.5173050067235954,-3.118255880405236,-99.92786455499338,59.347996684614564,7.718279218888505,-2.524311721878373,313.15,9.5,0.4
214,0.01579125538273776,0.12505125023486116,0.001974716228389338,5.954220197694678e-09,0.6731713093959949,4.0082102069141995e-09,0.9750408042733244,1.0022325990120782,0.9772176794096809,0.0007121758357119502,1.1227384400092852,0.0007995871867995442,0.19322217764044855,0.5748160855050414,0.11106721578404236,0.40001124077199735,0.6706502529057352,0.26826763978887697,0.7045344070637851,0.6231001467412395,0.4389954924256967,0.07970181597156743,0.5107284735037191,0.04070598680663298,0.026921883018756313,1.0,0.026921883018756313,1.6667868516383766e-05,0.6406273724913315,1.0677892812681927e-05,4.613375136765353e-16,1.0,4.613375136765353e-16,1.0,1.0,1.0,0.20972560885889827,0.7203256684007431,-13.264191576337636,-0.8373388863288097,8.397049510367108,-3.3701092114981956,-3.005586925208976,-98.28993602916938,58.56946842406823,7.636074851490935,-2.529071335593354,318.15,9.5,0.4
215,0.01320250625331004,0.12459312476299765,0.0016449415088029145,7.60001074657466e-09,0.6694900506020567,5.0881315793004375e-09,0.9750781345474173,1.0021959412936265,0.9772193488875823,0.0009039774298481394,1.122322794493871,0.001014554475226551,0.19344265325600676,0.5781340107734474,0.11183577698155245,0.4000098666726326,0.671028627717216,0.2684180719066832,0.7023562354006797,0.6221286530947268,0.4369559387225077,0.08248091874553813,0.5087926224052864,0.04196568294693969,0.026318165456600182,1.0,0.026318165456600182,1.7791819892751174e-05,0.6409856694400509,1.1404301584511919e-05,4.906398486261487e-16,1.0,4.906398486261487e-16,1.0,1.0,1.0,0.20754913693916494,0.7155587492540005,-13.128618927536161,-0.8418054826768261,8.293441666340533,-3.226011441984113,-2.8968184760609477,-96.7089675135895,57.81524209340403,7.5569773137943,-2.533941698130257,323.15,9.5,0.4
216,0.011202179191959911,0.12205703228650111,0.0013673047473122218,9.625275575253092e-09,0.6647320946609026,6.398229594826416e-09,0.9751055131656464,1.0021762772430365,0.9772276131035083,0.001144241799762375,1.1220182631289664,0.0012838601967689422,0.19360841037848064,0.5803261360468205,0.11235602070111081,0.4000081434621341,0.6699268653867446,0.2679762016787588,0.7007597982423298,0.6203554230226545,0.43472014107589046,0.08471996169162667,0.5058547698878675,0.04285599672642676,0.02567206527664972,1.0,0.02567206527664972,1.893395144402744e-05,0.6401338002642073,1.2120262291883258e-05,5.189042782840906e-16,1.0,5.189042782840906e-16,1.0,1.0,1.0,0.20595483137020293,0.7119619870595654,-12.99944073655658,-0.846419429715026,8.193940179697812,-3.086209711925968,-2.7917683729231215,-95.18352587249156,57.08565665710629,7.481484486203755,-2.5399545679924938,328.15,9.5,0.4
217,0.009437694754365665,0.12086926872579283,0.001140727263417429,1.2032759351561409e-08,0.6598900849263193,7.940298590399822e-09,0.9751300678253129,1.0021591674407153,0.9772355369182238,0.0014402822594756018,1.1217453969734414,0.0016156299949092634,0.19364864092213918,0.5825033549775356,0.11280098302398618,0.4000060187661523,0.668627912275558,0.26745518922527006,0.6993289565863021,0.6184811658931653,0.43252178841234695,0.086778779599835,0.5029202144367471,0.04364280244490822,0.025039780484625993,1.0,0.025039780484625993,2.0139822203600486e-05,0.6392746050484361,1.2874876884952422e-05,5.48478000696345e-16,1.0,5.48478000696345e-16,1.0,1.0,1.0,0.20452661793598045,0.7087666633734271,-12.87844873212064,-0.8513182000100084,8.100163165869532,-2.9517372944902562,-2.6902715617404276,-93.71218365409787,56.38091953335157,7.410015206040303,-2.546044524056829,333.15,9.5,0.4
218,0.008056929660165682,0.11826830945352898,0.000952879450293791,1.4884578711291888e-08,0.6549391580005777,9.748493448366816e-09,0.9751494119456596,1.0021477030864312,0.9772437433474269,0.0018049660564079205,1.1215307670266768,0.0020243249657002907,0.19354219610261159,0.5844184942831293,0.1131096388265384,0.40000339967283527,0.6668710366813737,0.26675068181589745,0.6982031906845094,0.6166043426712378,0.4305151194429828,0.0885223667571864,0.49976641557878737,0.04424050593278985,0.02441664813138271,1.0,0.02441664813138271,2.138371612366436e-05,0.6381458082459022,1.3645928809036732e-05,5.786051435583827e-16,1.0,5.786051435583827e-16,1.0,1.0,1.0,0.2034040918191852,0.7062601352292539,-12.764336426028128,-0.8564384978863344,8.011062495851801,-2.8218639549110205,-2.5921697124131673,-92.29190694472042,55.69952454417195,7.342118573564062,-2.5522232072795505,338.15,9.5,0.4
219,0.006836258003822066,0.11697897426657511,0.0007996984491087692,1.816983111150097e-08,0.6499518811201388,1.1809515910555264e-08,0.9751674707260636,1.0021382050127292,0.9772525787002204,0.0022458163985899613,1.1213306629921898,0.0025183027911896134,0.1932761232190482,0.5863272272833808,0.11332305342710558,0.40000023240882543,0.6649544448210101,0.2659819324696855,0.6971533786216384,0.6146485100381622,0.42850428543786084,0.09018179820379724,0.49662847009439437,0.04478684847231323,0.02380060604844428,1.0,0.02380060604844428,2.2726952154481137e-05,0.6370128969991795,1.4477361631887762e-05,6.108898824801569e-16,1.0,6.108898824801569e-16,1.0,1.0,1.0,0.2023581976214602,0.7039896547952916,-12.65842541144543,-0.8618907845806997,7.927767904391862,-2.697634406416129,-2.4973139635890287,-90.92158157884818,55.04178088993979,7.278238854275489,-2.558492436246692,343.15,9.5,0.4
220,0.005771890062479714,0.11681123939175356,0.000674221631831201,2.189602356575899e-08,0.6449428949288721,1.4121684825931387e-08,0.9751844423723225,1.0021308941539657,0.977262457199612,0.0027735357348963015,1.121142894825033,0.003109529882722314,0.19283215040668214,0.5881995746738653,0.11342378885265726,0.3999964399548292,0.6628575416607201,0.2651406568614979,0.6961680659870582,0.6126339952573099,0.42649622363620593,0.09177153304146143,0.4934813375507138,0.04528753887437991,0.02318849336197549,1.0,0.02318849336197549,2.4184355149530564e-05,0.6358422565841203,1.5377434952309313e-05,6.456449346443449e-16,1.0,6.456449346443449e-16,1.0,1.0,1.0,0.20137757620405816,0.7019399779455614,-12.56047796872151,-0.8676830479988861,7.850113485511277,-2.579015003695297,-2.4055640952514987,-89.59914863769411,54.40695764207028,7.218288190282533,-2.564859125742164,348.15,9.5,0.4
221,0.005014960749532873,0.1135820703253216,0.0005696096245321703,2.6121567494859337e-08,0.6390223718700253,1.6692266017527994e-08,0.9751969816021756,1.0021373471770556,0.977281316117876,0.0033977127669583772,1.1210046830575056,0.0038088519234446157,0.19224498168789778,0.5890517900473661,0.1132422505908793,0.3999919534333953,0.659501328882806,0.26379522483175366,0.6954425952176511,0.6098391592427735,0.42410812756914484,0.09314997790897,0.4894911526294555,0.04559609005407003,0.022526421323970754,1.0,0.022526421323970754,2.578680988983967e-05,0.6335883137368507,1.6338221394756266e-05,6.818738670988348e-16,1.0,6.818738670988348e-16,1.0,1.0,1.0,0.20065765520438902,0.7004575820887514,-12.46984742117665,-0.873793676022286,7.777484702739149,-2.466102790062311,-2.316784598371303,-88.32280326687919,53.79449697539939,7.162253708747742,-2.5724264424730765,353.15,9.5,0.4
222,0.004331249297586232,0.11172649599570443,0.00048391530730316595,3.075192264630255e-08,0.6331364517903033,1.94701631900099e-08,0.9752101240131019,1.002145055776424,0.9773020041228433,0.0041260024785106,1.1208600142948815,0.004624671197044107,0.19144738880815104,0.5899169237930704,0.11293805467392035,0.3999867178913164,0.656055096867211,0.26241332495178543,0.6946831042987964,0.6069867789593267,0.42166345987579246,0.09455896606750942,0.4855547587081479,0.04591355595260148,0.0218663072516474,1.0,0.0218663072516474,2.7563688569814065e-05,0.6313537746440295,1.7402438821664617e-05,7.217397812432108e-16,1.0,7.217397812432108e-16,1.0,1.0,1.0,0.1999046405842479,0.6990143843483053,-12.387274864547004,-0.8802971117762503,7.71063040840684,-2.359086549103636,-2.2308541576104663,-87.09094638002806,53.20395277957679,7.110167331897084,-2.580106601190708,358.15,9.5,0.4
223,0.0038015649622715063,0.1086005745799448,0.000412852139205672,3.577573852295224e-08,0.6272679909492768,2.244097562801892e-08,0.9752226426795396,1.002155546192804,0.9773247801341038,0.004969772893072035,1.1207225635398872,0.005569736616934733,0.1904190544849448,0.590672699026232,0.11247533685864547,0.3999806514074944,0.6523964861476547,0.2609459715052993,0.6939613518917952,0.6041264692545661,0.41924042131751577,0.09592903666144274,0.4815662338085536,0.04619618489793364,0.02120568721660224,1.0,0.02120568721660224,2.95151891086653e-05,0.6290120430709295,1.8565409402866408e-05,7.650847097516489e-16,1.0,7.650847097516489e-16,1.0,1.0,1.0,0.19919039234028837,0.6977629526298051,-12.312017946887673,-0.8871638469711018,7.648958265925037,-2.2575621481810937,-2.14765513356509,-85.90149145577057,52.634323769986814,7.061772838701947,-2.5879036091984084,363.15,9.5,0.4
224,0.0032862713933172766,0.10783563469624181,0.0003543771614824713,4.107282649440666e-08,0.6214640353963491,2.5525284498348013e-08,0.9752369344786049,1.0021666168528955,0.9773498992564126,0.005929447805285489,1.1205656673419553,0.006644335636899025,0.18915924146064372,0.5914844364938722,0.11188474734295714,0.39997375139792557,0.6487188043118596,0.25947049376299125,0.6931373849870035,0.6011987390497984,0.4167133218424611,0.09740018387914215,0.47767400431997575,0.04652553585505177,0.02054451480016549,1.0,0.02054451480016549,3.17065354841022e-05,0.6267336102401028,1.9871551452157308e-05,8.134008943296113e-16,1.0,8.134008943296113e-16,1.0,1.0,1.0,0.19837496065924648,0.6964236974531474,-12.24471523609706,-0.8944623019458736,7.593029408677914,-2.1620196954994437,-2.067076380635657,-84.75334387540647,52.0855319449932,7.017265594925064,-2.595822994204194,368.15,9.5,0.4
225,0.002914308578309595,0.10480058767014731,0.0003054212516589971,4.6625482327384544e-08,0.6156884515594365,2.8706771017359212e-08,0.9752509409778669,1.0021805941345279,0.977377567459456,0.007015451336318468,1.1204122453777927,0.007860197584063209,0.1876489646981192,0.5921724135453057,0.1111205403245631,0.39996594267499375,0.6448365947126226,0.257912676475567,0.6923314896499253,0.5982718260121521,0.41420242451857425,0.09885388334710146,0.47372260700311997,0.046829319331571216,0.019880875842013156,1.0,0.019880875842013156,3.412839857421513e-05,0.6243342280427572,2.1307527378168152e-05,8.662268434833831e-16,1.0,8.662268434833831e-16,1.0,1.0,1.0,0.19757872461274728,0.6952458448537174,-12.184345444388601,-0.9021405338557658,7.542015654880999,-2.0718531899396204,-1.9890128285127695,-83.64440341185453,51.55643020463393,6.976296854767447,-2.603868191945678,373.15,9.5,0.4
226,0.002581661012189552,0.1024848075351362,0.000264581031955211,5.2324885288634577e-08,0.6091103690458144,3.18716301884401e-08,0.975265375780764,1.0022050931709046,0.9774159268007179,0.008209503982040955,1.1202542909406188,0.009196732062375479,0.18596832792648943,0.5920394353156035,0.11010058385218581,0.39995735799303195,0.6400137645691335,0.255978214356245,0.6915016388159054,0.5944634760661832,0.41107246791596547,0.10037576019567186,0.4691649349617512,0.04709278700393873,0.019171441480768093,1.0,0.019171441480768093,3.692300121817379e-05,0.6210846839455273,2.293231054190979e-05,9.243989295967842e-16,1.0,9.243989295967842e-16,1.0,1.0,1.0,0.19675949292071993,0.6940833521529802,-12.131813463754225,-0.9102870741093392,7.496595722414639,-1.988114137072548,-1.9133615302442313,-82.5743112806029,51.047561187002316,6.939353659583885,-2.6132138222746493,378.15,9.5,0.4
227,0.002325009495990994,0.09903373131669505,0.00023025436573473668,5.806680142583299e-08,0.6026047052236942,3.499132775649687e-08,0.9752806485281268,1.0022315325631146,0.9774570190534929,0.009523512588411482,1.1200872933808805,0.010667165438632557,0.1840451463875989,0.5918488121537256,0.10892690127215895,0.39994791121809903,0.6350933184632477,0.25400424614794687,0.6906241288271942,0.590644357884176,0.40791324511045657,0.10194106553001513,0.4646222058078569,0.04736408272895892,0.0184644896033141,1.0,0.0184644896033141,4.004476630059157e-05,0.6177924508597177,2.4739354316947115e-05,9.885828695971176e-16,1.0,9.885828695971176e-16,1.0,1.0,1.0,0.19589366847200135,0.6929491963899865,-12.086080649236917,-0.9188462873950533,7.4560395777691815,-1.9097179240053224,-1.840031970399231,-81.54065048823368,50.55734051492147,6.905850928518936,-2.622687356826487,383.15,9.5,0.4
228,0.0020836557454129434,0.09666772035830233,0.00020142225092054843,6.370655813038463e-08,0.5961907385725134,3.798125994366672e-08,0.9752976832570959,1.0022589862987263,0.9775008673607531,0.010949174758663242,1.1199009588212798,0.012261991310528719,0.18189425946657237,0.5916715352425989,0.1076216557504025,0.3999376626163814,0.6301627982033753,0.2520258365812564,0.6896448729363525,0.5867868864336969,0.4046745677352848,0.10360214890200063,0.46015671969248395,0.04767322499183689,0.017761879615301304,1.0,0.017761879615301304,4.3554167130274576e-05,0.6145311575227745,2.6765392741508008e-05,1.0598775817074313e-15,1.0,1.0598775817074313e-15,1.0,1.0,1.0,0.19492708997064856,0.6917285923883235,-12.047206951235859,-0.9278430274318168,7.420430632608321,-1.8367033687606986,-1.7689350209140982,-80.54219984238009,50.0853360795294,6.875771553794675,-2.6322882704403945,388.15,9.5,0.4
229,0.0018726781069087668,0.09453495939241455,0.00017703354879168394,6.91462391467084e-08,0.589862520071708,4.078677487655846e-08,0.9753161438770741,1.002287809841039,0.9775474817491603,0.012480890510116294,1.119699010382776,0.01397484075287299,0.17952564967267276,0.5914809339077796,0.10618599892879334,0.3999266528252261,0.6252028878183175,0.25003529826184506,0.6885833822842959,0.5828999221544362,0.4013751999303545,0.10533830243435637,0.45574599708805974,0.04800750967450932,0.01706489065905395,1.0,0.01706489065905395,4.749028446235739e-05,0.6112748322618231,2.9029615668793785e-05,1.1387846967501623e-15,1.0,1.1387846967501623e-15,1.0,1.0,1.0,0.19387921828969784,0.6904561295374438,-12.01481045287264,-0.9372679160549698,7.389480634194781,-1.768819475683503,-1.6999861763512798,-79.57751560755489,49.63084611449967,6.848955877587823,-2.642015910229548,393.15,9.5,0.4
230,0.0017104886420418308,0.09135122278569761,0.00015625522901156866,7.42993419575289e-08,0.5836139943895654,4.3362135740349625e-08,0.975335621779915,1.002318325492361,0.977596767215495,0.014111965531046421,1.119485971279239,0.01579814743918264,0.17695126496835717,0.5912484895181142,0.10462216813086077,0.3999149303727863,0.6201919498129113,0.248024020427193,0.6874633826120269,0.5789957671730465,0.3980383886188281,0.10712439144408628,0.4513660719613387,0.04835231577736606,0.016375030083812317,1.0,0.016375030083812317,5.1892842055369175e-05,0.6079960233883354,3.155064161198345e-05,1.2257710082180877e-15,1.0,1.2257710082180877e-15,1.0,1.0,1.0,0.19277371914144542,0.6891739455534106,-11.98849518034125,-0.9471089489718991,7.362889335385584,-1.7057990554319893,-1.6331053014801702,-78.6452004226675,49.19317123922339,6.8252381402380955,-2.651866508309509,398.15,9.5,0.4
231,0.001544790592013546,0.08966156785808133,0.00013850834649234824,7.910701401845447e-08,0.5765522396154569,4.5609326101631274e-08,0.9753556616981149,1.0023598790889159,0.977657383128412,0.015800941963520665,1.1192667606393645,0.01768546912656037,0.17429032570500066,0.5901277107846957,0.10285355092021105,0.3999027954400257,0.6142629099717726,0.24564545483283673,0.6863107109742086,0.5741591006472746,0.3940515405775432,0.10897112899614463,0.44637270350366853,0.04864173745385608,0.015656356488407602,1.0,0.015656356488407602,5.695875602444438e-05,0.6038322440378276,3.4393533467843374e-05,1.3209402448827558e-15,1.0,1.3209402448827558e-15,1.0,1.0,1.0,0.19163605826053487,0.6878555806732362,-11.9686905437398,-0.9574185759215039,7.340946344608547,-1.6483021439737306,-1.5682124243244944,-77.74484237576199,48.772564324684566,6.804921827637711,-2.6631335941832477,403.15,9.5,0.4
232,0.001430507065162075,0.08614002336992378,0.00012322391202390228,8.347648134358258e-08,0.569586500453047,4.7547076878625264e-08,0.9753763733807835,1.002403193288559,0.9777203913351113,0.017564791154890527,1.1190402219681441,0.01965570779279279,0.1714649837685483,0.5889549798439042,0.10098515605934073,0.39989012519304673,0.6083020133193184,0.24325396826144463,0.6851192617685123,0.5693267283216763,0.39005670781282925,0.11084060789171597,0.4414130497715815,0.04892649076801838,0.014952633586704069,1.0,0.014952633586704069,6.261426135866464e-05,0.5996472865840412,3.754647192518723e-05,1.4251997990361905e-15,1.0,1.4251997990361905e-15,1.0,1.0,1.0,0.19046028198860088,0.6865498523101556,-11.954301522939847,-0.9681274936747427,7.322876177664642,-1.5951607858475927,-1.5052391912660144,-76.87425576574763,48.36745049973902,6.787390077986531,-2.67451460086047,408.15,9.5,0.4
233,0.0013151422768367658,0.08369608009773563,0.00011007225334204838,8.730133395968098e-08,0.562730515228438,4.9127124639261205e-08,0.9753984041294743,1.0024474140679527,0.9777856079055993,0.01938684742545176,1.1187991192788722,0.021689987825189293,0.16850619012456028,0.5877948401390982,0.0990470690867144,0.39987704033689464,0.6023852460935593,0.24088002935050443,0.6838509738067443,0.564473894922901,0.3860160227315117,0.11276860271356577,0.4365400765665705,0.049228014462885175,0.014266392754442508,1.0,0.014266392754442508,6.894337938401259e-05,0.5955071601643845,4.105627606910911e-05,1.5396953955013659e-15,1.0,1.5396953955013659e-15,1.0,1.0,1.0,0.18920817982684882,0.6851662033849151,-11.945281246900645,-0.9792479784588438,7.308678653936535,-1.5462851414130456,-1.444116926946828,-76.03238347831233,47.97735535761307,6.7725701794651885,-2.6860042655797094,413.15,9.5,0.4
234,0.0011874833099521892,0.08312874013631952,9.87139914892321e-05,9.052308096406841e-08,0.5559850261611872,5.032947753799881e-08,0.9754217435323512,1.0024923513357373,0.9778528372177513,0.021254023794140438,1.118543532329075,0.023773550850904056,0.16543850276852765,0.5866589269702261,0.09705597451374523,0.3998636357053742,0.5965306780719319,0.23853092574363483,0.6825062224944513,0.559597332765913,0.38192866170403367,0.11475318913043384,0.43176161213558756,0.0495460219366561,0.01359937522495463,1.0,0.01359937522495463,7.601879329214396e-05,0.5914241718272336,4.49593518661119e-05,1.6651966471914877e-15,1.0,1.6651966471914877e-15,1.0,1.0,1.0,0.18788000987262027,0.6836937963274844,-11.941376813703174,-0.9907750261320927,7.298177577918811,-1.501460569813198,-1.384780312264041,-75.21809059776001,47.601692973151984,6.760327966044166,-2.697597475934621,418.15,9.5,0.4
235,0.0010993469020740138,0.0807766133948179,8.880151969562339e-05,9.315462640290492e-08,0.5493298801802842,5.117261976014697e-08,0.9754454107810158,1.0025388498441083,0.9779219202101133,0.023160682835726594,1.1182843281196126,0.025900228643741956,0.1622728042345167,0.5854780129765413,0.09500715898335613,0.39984995223905767,0.590669876246096,0.23617932180605158,0.6811421203210007,0.5547261299632884,0.3778473323606572,0.11673687897931621,0.42701885868513756,0.04984884882821264,0.012952039692737205,1.0,0.012952039692737205,8.388421858846567e-05,0.587329899731353,4.9267709692606414e-05,1.8017467962378734e-15,1.0,1.8017467962378734e-15,1.0,1.0,1.0,0.1865328339723173,0.6822415603777011,-11.942066559563228,-1.0026800631398138,7.290962348940487,-1.4603309277210468,-1.3271671618158312,-74.43014446699124,47.23974799316464,6.750459244880137,-2.7092912637067736,423.15,9.5,0.4
236,0.001015627192227463,0.0788787896309359,8.011144363916819e-05,9.526881083313246e-08,0.5417906758296163,5.1615753406766696e-08,0.9754684714439223,1.0025978765932475,0.9780026181533374,0.02505098152834973,1.118031669307609,0.028007790695934925,0.15915302279815327,0.5832594846899746,0.09282751006410266,0.3998363945887067,0.583818037575716,0.23343169924012838,0.6798121472270096,0.5488697251192206,0.3731283063811959,0.11869872250897319,0.4215850026062788,0.050041601238307434,0.012292676534716808,1.0,0.012292676534716808,9.284821553213293e-05,0.5822362104855027,5.405959316177029e-05,1.948192879314183e-15,1.0,1.948192879314183e-15,1.0,1.0,1.0,0.18521963151873047,0.6808278696880479,-11.947657967199396,-1.015002885161567,7.2872177291194085,-1.423463030742363,-1.2712138478035067,-73.668276116381,46.89174763705092,6.74322617653256,-2.722573143192284,428.15,9.5,0.4
237,0.000931856467307352,0.07780290409858226,7.25011393595576e-05,9.675146128876304e-08,0.534374346126384,5.170149886295491e-08,0.9754921333149416,1.0026576947996417,0.978084693684744,0.026951755267280345,1.1177722494860758,0.030125924112706145,0.15598701719230837,0.581050115608439,0.09063627437300634,0.39982276866466654,0.5770404885730056,0.23071392577287098,0.6784462895410888,0.5430261120244275,0.36841405082689643,0.12067007427765758,0.4162400397931685,0.05022771651917677,0.0116595512815981,1.0,0.0116595512815981,0.00010281322330285138,0.5771957629154231,5.934335686208309e-05,2.1068057661865316e-15,1.0,2.1068057661865316e-15,1.0,1.0,1.0,0.18387062892689607,0.6793782427598574,-11.957441438318877,-1.0276970938145604,7.286496866219894,-1.389896886625635,-1.2168684125175027,-72.93072764592391,46.556384115927536,6.73811886516962,-2.7359454939626464,433.15,9.5,0.4
238,0.0008659465882479779,0.07598310829340264,6.579731339114865e-05,9.762735666711296e-08,0.527070696938188,5.145651891876833e-08,0.9755159643471227,1.002718576973243,0.9781679795848278,0.02885605829490594,1.1175108298311258,0.032246957650795674,0.15278879871478016,0.5788257121856629,0.08843808523007451,0.3998091250661504,0.570314526073863,0.2280169516821074,0.6770695872549392,0.5372067698201475,0.36372636591268637,0.12262601301331377,0.41096205656099083,0.05039463849582624,0.01105264782075737,1.0,0.01105264782075737,0.00011385491155557505,0.5721846905062148,6.514603733103914e-05,2.2778122002588965e-15,1.0,2.2778122002588965e-15,1.0,1.0,1.0,0.1825108035979341,0.6779356314705438,-11.971097437582197,-1.0407473861532115,7.288559597556427,-1.3593950033503979,-1.1640770521448858,-72.21649883984095,46.23308938971922,6.734993122064284,-2.7494071152078243,438.15,9.5,0.4
239,0.0008971020349080803,0.06667721563215938,5.981626582561504e-05,9.798368097028273e-08,0.5198502189243027,5.093683800341055e-08,0.975538616623053,1.0027817540392534,0.9782523251102918,0.03076566024235953,1.117262343197836,0.03437331365240712,0.14955602204627264,0.5764855102724471,0.08621687968366284,0.39979545126033583,0.5635373412208892,0.22529966563545523,0.6757606536573153,0.5314555193469004,0.3591367291436494,0.12448907047708148,0.4056682331146801,0.05050126126252652,0.010470795687763292,1.0,0.010470795687763292,0.00012600378749023035,0.567104068155281,7.145726048868317e-05,2.4604675143717914e-15,1.0,2.4604675143717914e-15,1.0,1.0,1.0,0.18121878432354024,0.6766578536759045,-11.988085369405177,-1.054117753251825,7.292968018153181,-1.331625214870711,-1.1127884304966524,-71.52452743302004,45.92120776769979,6.733657159310223,-2.7629586539816438,443.15,9.5,0.4
240,0.0008483571501809978,0.06433641654020614,5.4580258988906915e-05,9.76989277689463e-08,0.5127669324637276,5.009677949707797e-08,0.9755626418039,1.0028443528104476,0.9783374861458825,0.032651002814297815,1.116998401885578,0.03647111796353217,0.14634550980537694,0.574252189808788,0.08403922947442118,0.39978196182795195,0.5569432185317238,0.22265585253138634,0.6743700528479809,0.5256834337643413,0.3545051650089669,0.1264064866463116,0.4005351832050694,0.05063024528718958,0.00991662594051808,1.0,0.00991662594051808,0.0001394779669060663,0.5621728248235364,7.841072265622703e-05,2.6575170289816192e-15,1.0,2.6575170289816192e-15,1.0,1.0,1.0,0.17984486976985575,0.6752185076970897,-12.008892910916572,-1.0678614775099178,7.300190192128831,-1.3067439435332795,-1.0629535863323878,-70.85426992487355,45.6205777213981,6.734162903175297,-2.7765967112022114,448.15,9.5,0.4
241,0.0008010481134772371,0.062296173109289775,4.9902231946047964e-05,9.704360755082327e-08,0.5046878400969824,4.897672869004421e-08,0.9755851560002768,1.0029213773555683,0.9784352083834447,0.034458472033896834,1.1167507271933148,0.038481523701824796,0.14329611350769492,0.5708014341040496,0.08179362709172892,0.3997690463792769,0.5492495040808173,0.21957295047067907,0.6730648404880641,0.51882988391063,0.34920615305474906,0.12824295346346803,0.394617905484958,0.0506069656889587,0.009359181042064723,1.0,0.009359181042064723,0.00015472795427739518,0.5561001202685045,8.604423398255911e-05,2.8638511698560715e-15,1.0,2.8638511698560715e-15,1.0,1.0,1.0,0.17855563365506896,0.673865985645149,-12.03338440067709,-1.0819777293601083,7.31001022613879,-1.2851394443663182,-1.014520437741309,-70.20544246177812,45.331284421896605,6.736682689037237,-2.7921201799994613,453.15,9.5,0.4
242,0.0007506676972134185,0.06093664602494032,4.574317174745116e-05,9.589607615142281e-08,0.4967479372554318,4.763617801910913e-08,0.9756076629831273,1.0029988854429532,0.978533398601681,0.03623697231057299,1.1165028281795129,0.04045868206941745,0.1402770272639593,0.5673728126911779,0.07958937151470963,0.39975635083503513,0.54166790696869,0.21653518585425482,0.6717581698785876,0.5120306972781452,0.34396080412522395,0.13005202812469124,0.3888014808934744,0.05056442112807973,0.008831032479732045,1.0,0.008831032479732045,0.00017152415655136502,0.5501030426563006,9.435596040796159e-05,3.0830944022803474e-15,1.0,3.0830944022803474e-15,1.0,1.0,1.0,0.1772646672717457,0.6725089334718773,-12.060944806965088,-1.0964215628672254,7.322063090425969,-1.265900960349423,-0.9674495626058397,-69.57648769191321,45.0520955417374,6.740727615170897,-2.807733848531898,458.15,9.5,0.4
243,0.0007122535839502954,0.05900872602888772,4.202917659841636e-05,9.43132397059862e-08,0.4889379960680171,4.611332642452739e-08,0.9756298363196191,1.0030771089124209,0.9786319555841818,0.037983990410198884,1.1162582926365678,0.04239994428281239,0.13729461020058423,0.5639462776617757,0.07742678436564393,0.39974389399618887,0.5341775621102833,0.21353421876335568,0.6704689478509489,0.5052952472542331,0.33878477278063074,0.13181606853421995,0.38306758427771426,0.05049446294238925,0.008330953643194318,1.0,0.008330953643194318,0.000189962265295063,0.5441612856002349,0.00010337011049849444,3.3149096340566787e-15,1.0,3.3149096340566787e-15,1.0,1.0,1.0,0.1759908541947334,0.671181295748139,-12.09133714683453,-1.1111803336456,7.336173548444005,-1.2488616919297721,-0.9216981763333312,-68.96661546839911,44.78253434549086,6.746184576148176,-2.823443994084266,463.15,9.5,0.4
244,0.0006705945755824073,0.05772844839442156,3.871238435008803e-05,9.23308547626809e-08,0.4812596527984138,4.4435115105668545e-08,0.9756518188515787,1.0031557477328024,0.978730729866924,0.03969389961471394,1.1160154995347311,0.04429900720699645,0.13436111873073664,0.5605410280044747,0.07531491961715842,0.399731717302693,0.5267976578021171,0.2105777324242767,0.6691886441628445,0.4986180012738688,0.33366950422764774,0.1335445453088486,0.37742876350337984,0.05040355260853981,0.007858088191488005,1.0,0.007858088191488005,0.00021016600025594497,0.5382926770751613,0.00011313081890795154,3.559305478074414e-15,1.0,3.559305478074414e-15,1.0,1.0,1.0,0.17472561292103297,0.6698593310692815,-12.124445473767175,-1.1262517000528969,7.352273690488578,-1.233912217192854,-0.8772253682109805,-68.37511400669226,44.52218053801877,6.752967221119219,-2.839256303369293,468.15,9.5,0.4
245,0.0007185571106740001,0.04969217967303813,3.5706669048951576e-05,9.006601162676422e-08,0.47367768091417317,4.266225951655459e-08,0.9756721290439517,1.0032363649994969,0.9788297601733742,0.041375339453926636,1.1157908556023763,0.04616622541013556,0.13146162158282748,0.5570387661165204,0.07322921947817515,0.39971975850907215,0.51940699653422,0.20761723922258085,0.6680037565141987,0.4920467019496756,0.3286890452828056,0.13515321490285956,0.37179126145275165,0.05024878425812899,0.007410055746647888,1.0,0.007410055746647888,0.0002321373641031663,0.5323822365154921,0.00012358580908005472,3.814114731949122e-15,1.0,3.814114731949122e-15,1.0,1.0,1.0,0.17355551814742812,0.6687224036908843,-12.159777259438725,-1.1415975056564138,7.369956146786617,-1.2207979872135704,-0.8339918940858206,-67.8011450859453,44.27046584466242,6.760914337453956,-2.855186014867876,473.15,9.5,0.4
246,0.12399872115044668,0.10729922086710837,0.01330496616796076,1.6692539678535737e-10,0.6660207608907172,1.1117577977896866e-10,0.9730599799973354,1.0037169153921248,0.976676761614448,1.8210713575031637e-05,1.1450952590749701,2.0853001779140913e-05,0.10947631577255448,0.5023716546635857,0.0549977979011314,0.4000162565813128,0.6078353315216353,0.24314401393314578,0.8205175988829981,0.6208395182443356,0.5094097508015195,0.06300886015186251,0.4873567711041393,0.03070779463456398,0.019746103355793472,1.0,0.019746103355793472,1.8724243300534812e-05,0.5968797428360799,1.1176121526023403e-05,5.497009723873956e-16,1.0,5.497009723873956e-16,1.0,1.0,1.0,0.2334932476365762,0.9445163202003702,-15.392294420282802,-0.8342440421828151,9.953989815757907,-5.510095707155298,-4.186112033737098,-116.17011033252871,67.27395013675864,8.855602409832654,-2.4811627338347355,273.15,10.0,0.4
247,0.11066948378984466,0.11004591518876336,0.012178724627121468,2.1946719597539634e-10,0.6667027719214689,1.4631938790262908e-10,0.9732804785665204,1.003507203479435,0.9766939712474151,2.1355966236415404e-05,1.1425814309200026,2.440093046108278e-05,0.1098746717398322,0.5109575937224802,0.05614129788323206,0.40001626273716656,0.616915040711173,0.24677604901163042,0.8075898717760583,0.6223984205327012,0.5026426606316254,0.0763372462224639,0.4903424504589349,0.037431392374010025,0.019345458292601633,1.0,0.019345458292601633,2.272371637339285e-05,0.6025276055145925,1.3691666414853141e-05,6.67556908430787e-16,1.0,6.67556908430787e-16,1.0,1.0,1.0,0.22056551149591327,0.9182593557853702,-15.222965618951624,-0.8401694346924741,9.834698124310387,-5.358510853057537,-4.034147536961862,-113.97641502611303,66.28464213154788,8.753643689223324,-2.4827877453517737,278.15,10.0,0.4
248,0.09740513389637144,0.11216403853530994,0.01092535319188963,2.8918343576759655e-10,0.6676995132293454,1.9308763929601412e-10,0.9734994296197862,1.0033207368473696,0.9767321650466179,2.5605894038844015e-05,1.140091796069133,2.919306972470159e-05,0.11030339890727107,0.519066611408963,0.05725481149768832,0.4000162620415362,0.6249014808454397,0.2499707545120134,0.7947584979569878,0.6234961221944952,0.4955288415573036,0.08960169238997905,0.49288324038420184,0.04416317248908135,0.018912384373361152,1.0,0.018912384373361152,2.687711464198135e-05,0.6075853425034188,1.6330140905251874e-05,7.877714773968173e-16,1.0,7.877714773968173e-16,1.0,1.0,1.0,0.20773413869768137,0.8921636321425428,-15.05409103382196,-0.8457843618347686,9.714245527139065,-5.203781428809484,-3.8880242361408497,-111.86258204807797,65.32192568395087,8.65291152891158,-2.485974878748524,283.15,10.0,0.4
249,0.0847901870192111,0.1134660121059518,0.009620804386787724,3.817641041918099e-10,0.6687197973578936,2.552932143936653e-10,0.973707187504327,1.0031593641468526,0.9767834830820608,3.130028796611741e-05,1.137735442934449,3.5611446993106396e-05,0.11074237975964582,0.5266753754803231,0.058325284441496,0.4000162510569891,0.6318601300092028,0.252754320398663,0.7825882102062929,0.6241553621271165,0.48845662773772075,0.10221815850106229,0.4949655587149602,0.05059446793329266,0.018466181208880755,1.0,0.018466181208880755,3.1047231937620995e-05,0.6120903921984289,1.9003712373374016e-05,9.06244031140435e-16,1.0,9.06244031140435e-16,1.0,1.0,1.0,0.19556386706682305,0.8673783976072681,-14.885986976569335,-0.8511082606646294,9.592960728441152,-5.04655375433276,-3.7474394847114736,-109.82466585593177,64.38529310453241,8.5535426563899,-2.4902065946413376,288.15,10.0,0.4
250,0.07276029599965333,0.11538304461136502,0.008395304479264124,5.015923705503943e-10,0.6695816455587067,3.3585704487282577e-10,0.9739053171531447,1.00300730481696,0.9768341473046823,3.873554709299809e-05,1.1354937222957135,4.3983970553789344e-05,0.11116322561219145,0.5347327680699419,0.05944261933919059,0.40001622778334867,0.6389660881858732,0.2555968042775955,0.7709865661443115,0.6242356781817058,0.48127732198607875,0.11425126833931139,0.4974819507849867,0.05683794385309962,0.018034662878646884,1.0,0.018034662878646884,3.5252911745626555e-05,0.6171389093734501,2.1755943506934454e-05,1.024560460672352e-15,1.0,1.024560460672352e-15,1.0,1.0,1.0,0.18396225715893777,0.8437468626455572,-14.722124817922039,-0.8563453445694095,9.473845537592158,-4.889376161630505,-3.612114066331691,-107.86092520500374,63.476117439900186,8.45662300859447,-2.4947188131154054,293.15,10.0,0.4
251,0.0615283701187369,0.11816387859405568,0.00727043085680055,6.553456122367743e-10,0.6701677116107558,4.391914692668693e-10,0.9740901946823778,1.002866655533073,0.9768825757286762,4.838479853435553e-05,1.1334066987313633,5.483965477560598e-05,0.11156391679074115,0.5430201221227948,0.06058145172020557,0.40001618850383414,0.6460073443276418,0.25841339562342724,0.7601649230506496,0.6237985997237699,0.4741898145581226,0.12548862665388,0.5002075720234525,0.06277036125509482,0.0176188589610751,1.0,0.0176188589610751,3.9451520066309366e-05,0.6224859056331022,2.4558015197079097e-05,1.1415374018788551e-15,1.0,1.1415374018788551e-15,1.0,1.0,1.0,0.17314067170801242,0.8216932938247322,-14.563010891262934,-0.8615381931536443,9.357346104091448,-4.733106265716801,-3.4817824953442837,-105.96821860780109,62.594110496151245,8.362406540899094,-2.499429284810924,298.15,10.0,0.4
252,0.05203781579134355,0.11907954414451018,0.006196639382709183,8.579088737127508e-10,0.6693402038375634,5.742329004049472e-10,0.974244913296307,1.0027652866988437,0.9769389797964615,6.106281051620426e-05,1.1316635994461781,6.910255994106762e-05,0.11198827486917588,0.5494925467968251,0.061536722369246365,0.4000161260704511,0.650666610279926,0.260277136807568,0.7511113131926059,0.6223933115519371,0.46748665756207025,0.13498781559836828,0.5012312440135385,0.0676601107390403,0.01717313889445529,1.0,0.01717313889445529,4.346592983249797e-05,0.6258778171034158,2.7204361281934093e-05,1.2484411510257259e-15,1.0,1.2484411510257259e-15,1.0,1.0,1.0,0.16408715347103564,0.8031491298418585,-14.405729415225267,-0.8665255501964376,9.24091192842783,-4.576843258219709,-3.3561916786399837,-104.14191966093777,61.73727276349279,8.270284431395151,-2.5055702072439927,303.15,10.0,0.4
253,0.043784045268660185,0.11976703348056278,0.0052438852156061,1.117027048259435e-09,0.6680802291687317,7.462636863888352e-10,0.9743789122489216,1.002680544515635,0.9769907782983008,7.747788172049568e-05,1.1301564786038822,8.75621299749235e-05,0.11238656799936556,0.5555025375330616,0.062431023708279534,0.40001603583325607,0.6545492144851119,0.26183018203610614,0.7432721184481214,0.6207832118711447,0.46141085298449475,0.1432540660074188,0.5018182544215697,0.07188750534263522,0.016745879466214884,1.0,0.016745879466214884,4.7359187787448337e-05,0.6288272001056167,2.978074545565726e-05,1.3504027603284778e-15,1.0,1.3504027603284778e-15,1.0,1.0,1.0,0.15624809114974625,0.7870561648338086,-14.253166092442793,-0.8714893117907716,9.127107690879468,-4.422405731530206,-3.2351148978363464,-102.38037614886706,60.906349400175976,8.181009815565512,-2.5117729430631965,308.15,10.0,0.4
254,0.0367141992996415,0.1202313703057703,0.004414198491475049,1.4449606726272681e-09,0.6663789856850267,9.628914273801138e-10,0.9744931051937192,1.002610806263693,0.9770373178966845,9.861347067814892e-05,1.1288739598933137,0.00011132217914326507,0.11275628070732752,0.5610336670518306,0.06326006964835752,0.4000159107644709,0.6576618526403338,0.2630752049589724,0.7365929372374252,0.6190283255630078,0.455971892559621,0.15034120907228768,0.5019509644736018,0.07546391489396222,0.01633763519551468,1.0,0.01633763519551468,5.113953901670547e-05,0.6313125714319908,3.228503387848294e-05,1.447920210391995e-15,1.0,1.447920210391995e-15,1.0,1.0,1.0,0.14956909347764716,0.7733071379820273,-14.105854418640588,-0.8764766697890747,9.016422679799645,-4.2704502534270485,-3.11833509865132,-100.68100980169683,60.10098349482587,8.094772623994148,-2.517974985234001,313.15,10.0,0.4
255,0.030728531482272652,0.1204888753379735,0.0037024461990865436,1.855166653079773e-09,0.6642557000786594,1.2323050239040898e-09,0.9745891984984808,1.0025542736825042,0.9770785660394583,0.00012566566094822325,1.1277960059131082,0.00014172523049783717,0.11309543159123332,0.5660992918812774,0.06402324373880464,0.40001574240968607,0.6600397732180158,0.26402629990372545,0.7309732254333773,0.6171745636132886,0.45113808141984263,0.15635016043671518,0.5016414836911787,0.07843172645682762,0.015948015474940718,1.0,0.015948015474940718,5.482988636391408e-05,0.6333425321037399,3.4726099064681655e-05,1.541837628269987e-15,1.0,1.541837628269987e-15,1.0,1.0,1.0,0.1439496287344542,0.7617017587708166,-13.964247596558277,-0.8815318644659048,8.909281780968405,-4.121527865061338,-3.0056487542886647,-99.04135468273252,59.32076341947198,8.011722349192818,-2.524143007157763,318.15,10.0,0.4
256,0.025704265935357844,0.1205620361691081,0.0030989586393989858,2.3619688182670467e-09,0.6617472051488852,1.5630262641370324e-09,0.9746692895757575,1.002509154341473,0.977114885255197,0.0001600730533279607,1.1268984322551683,0.00018038607284157697,0.1134021778865119,0.5707325298539252,0.0647223118761138,0.40001552063440604,0.6617370231802309,0.26470507985050207,0.7262897881186228,0.6152550481803527,0.44685345858182135,0.16140509757710841,0.5009217004333699,0.08085131593693913,0.015576014860840665,1.0,0.015576014860840665,5.8462511849626184e-05,0.6349460887991917,3.7120543240296534e-05,1.6331870394957822e-15,1.0,1.6331870394957822e-15,1.0,1.0,1.0,0.1392665168751977,0.7519940564159495,-13.82870586314644,-0.8866949736430897,8.806033724300741,-3.9760838092601585,-2.896864904126684,-97.45903988086556,58.56522160454859,7.931967069366586,-2.530263697413365,323.15,10.0,0.4
257,0.021795074694447924,0.11857285330636377,0.002584304194546015,2.988428719820237e-09,0.6579493100087747,1.96623461421613e-09,0.9747301649916251,1.002487288096534,0.9771545997283414,0.00020349680146762028,1.126216656589957,0.00022918148737561349,0.11370843769089865,0.5739280984148076,0.06526046741765609,0.40001523394028354,0.6616274412588119,0.26466105569645487,0.72272985970626,0.6125979312927421,0.4427428169395486,0.1653539386798262,0.49890416597341414,0.08249576886747775,0.015186454789459678,1.0,0.015186454789459678,6.210299478444076e-05,0.6350259989331002,3.94370162997266e-05,1.7195746958017237e-15,1.0,1.7195746958017237e-15,1.0,1.0,1.0,0.1357070091868142,0.7445249373891367,-13.69893354417081,-0.8919647970357614,8.706364662709243,-3.834547913778044,-2.7918008223649413,-95.93186407434364,57.83392996007472,7.855621137687972,-2.5374189926671904,328.15,10.0,0.4
258,0.01835464618437325,0.11878920585340873,0.002180333843961997,3.736475466589053e-09,0.6539085971544285,2.4433134306591878e-09,0.9747835183961873,1.002467297097747,0.9771885989420578,0.0002576200374492011,1.125619464492873,0.0002899821285962039,0.1139752272599656,0.5771987348955411,0.06578635698388394,0.40001487096522265,0.6614436161102621,0.26458728274911675,0.7196098113348829,0.6098001369919009,0.43881816153272757,0.16884456667762962,0.4969530200491281,0.08390781732933442,0.014815055532810767,1.0,0.014815055532810767,6.585779979402816e-05,0.635217023005857,4.1833995526878325e-05,1.8080162602095223e-15,1.0,1.8080162602095223e-15,1.0,1.0,1.0,0.13258749348178805,0.7376948272044966,-13.577257725273087,-0.897512336165364,8.612315102878215,-3.698137033290401,-2.6902910255064425,-94.458583392898,57.12728034461968,7.783195611674361,-2.544567873461062,333.15,10.0,0.4
259,0.015372165272700983,0.11786846439983009,0.0018118935151936603,4.621617170192994e-09,0.6497428584158828,3.0028627506651216e-09,0.9748294701588767,1.002455268650065,0.9772229383961172,0.00032462872972267924,1.1251053488973892,0.0003652415202167514,0.11420401964725534,0.5801107486650381,0.066250979338126,0.4000144161817593,0.6607030376554619,0.26429073987726454,0.7169224641074791,0.6069956497131266,0.4351688168948549,0.17188994413626688,0.49469062772858846,0.08503234436500187,0.014455998359753185,1.0,0.014455998359753185,6.975821841260348e-05,0.6350391455642244,4.42991994168223e-05,1.8986478645996383e-15,1.0,1.8986478645996383e-15,1.0,1.0,1.0,0.129900813649679,0.7322946340017972,-13.461658847282845,-0.9032261840667185,8.522464517281856,-3.5655640440269183,-2.5921789583886903,-93.03560703383631,56.4432061413368,7.713959372146489,-2.5515774395666684,338.15,10.0,0.4
260,0.013134744732827363,0.11556513781416458,0.001517918585203067,5.6694036505967e-09,0.6452949101850641,3.6584373195146734e-09,0.9748631776488015,1.0024520472945315,0.9772535882660937,0.0004078581548381827,1.1247282878160352,0.00045872960416295676,0.11438730896058705,0.5825405642508221,0.06663524750503351,0.400013844572485,0.6592948220925199,0.26372705649196143,0.7149507234687357,0.604270672584671,0.43202375453534997,0.17420641816649574,0.49199539034288764,0.08570875470606137,0.014109974223290793,1.0,0.014109974223290793,7.366797291662342e-05,0.6343772924146428,4.673328919652277e-05,1.988164502562704e-15,1.0,1.988164502562704e-15,1.0,1.0,1.0,0.1279299118482526,0.7280854738709667,-13.352249907528547,-0.9091321214652769,8.436704381391035,-3.4371855848729744,-2.4973135149346373,-91.66113275730504,55.78133296570542,7.648014892158302,-2.558637428479112,343.15,10.0,0.4
261,0.011152431429803078,0.11447916482203191,0.0012767210358188355,6.874140634932888e-09,0.6407438556111538,4.4045633744402045e-09,0.9748930272791834,1.0024509602227714,0.9772824513105018,0.0005094401678414877,1.1243944500541545,0.0005728116973556256,0.11452279171694585,0.5849542549730881,0.0669905943062242,0.4000131423166449,0.657742171877236,0.26310551300678797,0.7132044443737592,0.6014754050632005,0.4289749320725817,0.17628585328089214,0.4892956033029838,0.08625589293485539,0.013775232447237488,1.0,0.013775232447237488,7.780107381094462e-05,0.6337104141662203,4.9303350707310413e-05,2.0821068305256938e-15,1.0,2.0821068305256938e-15,1.0,1.0,1.0,0.1261846633145904,0.724356882677703,-13.250136776942494,-0.9153249656302556,8.35609713684778,-3.313697860292218,-2.405555209979033,-90.33383149429103,55.14165826921214,7.58563850385346,-2.565688781368166,348.15,10.0,0.4
262,0.009544840441865272,0.11278344779860458,0.0010765000137211223,8.254113553065625e-09,0.635214963895644,5.243136442601126e-09,0.9749164513796366,1.002463342991405,0.977318004987348,0.0006317550988699616,1.1241324236461252,0.0007101763904434875,0.11463829341622347,0.5863964909245971,0.06722349298485782,0.4000122933106437,0.6549955072208696,0.26200625495158836,0.7118334240987708,0.5978939799187524,0.42560091897360725,0.1780108615151368,0.48578464495550905,0.08647494315935501,0.013419327356330802,1.0,0.013419327356330802,8.230322714983925e-05,0.6320164090538541,5.201699007678508e-05,2.1785646368301648e-15,1.0,2.1785646368301648e-15,1.0,1.0,1.0,0.12481488895695872,0.7213782727947496,-13.155136675555614,-0.9218136233798987,8.280408840455694,-3.195530648719951,-2.3167682944941994,-89.05223112553684,54.523957441811234,7.526983941953665,-2.5738557510467737,353.15,10.0,0.4
263,0.008287210170678438,0.10979113708992856,0.0009098622279420063,9.814592423774605e-09,0.6295993002521271,6.179260522268307e-09,0.9749344767338279,1.0024804919802892,0.9773527938846738,0.0007792177802758476,1.1239307299020078,0.0008757868085380556,0.11469439355317787,0.5875858188798269,0.06739279915686915,0.40001126470580084,0.6518767931464147,0.2607580604588591,0.7107778471670652,0.5943586650403159,0.4224569723824465,0.179410747381012,0.48207572806044624,0.08648956666557017,0.013072695740228183,1.0,0.013072695740228183,8.70310003099008e-05,0.6300743414358506,5.483600020476407e-05,2.278519827985386e-15,1.0,2.278519827985386e-15,1.0,1.0,1.0,0.12376082150413215,0.7190650671523361,-13.066389849690783,-0.928558167296786,8.209063494217627,-3.081769011160998,-2.230831588189689,-87.81362884208541,53.9266803804757,7.471531132346542,-2.5820382289052053,358.15,10.0,0.4
264,0.007084141065984894,0.10911364746131151,0.0007729764708400752,1.153364577945334e-08,0.6239926999902992,7.196910770652808e-09,0.9749521803000191,1.0024975951545636,0.9773872161414676,0.0009543867804332746,1.1237326641101706,0.001072475599367812,0.11468730515550636,0.5888681627601255,0.0675357026788329,0.4000100392677713,0.6487752377950651,0.2595166083463616,0.7097410603330334,0.59075220662418,0.41928109752352477,0.18078329388302505,0.47847768302892807,0.0865007715874876,0.012734168923334987,1.0,0.012734168923334987,9.215142840672792e-05,0.6282403380486009,5.78932445339042e-05,2.386025147549609e-15,1.0,2.386025147549609e-15,1.0,1.0,1.0,0.12272583300192454,0.716825212932664,-12.984789243913216,-0.935641551810039,8.142853881785667,-2.9730093870744247,-2.1476273897199283,-86.6169386946639,53.34982649657046,7.419524201993774,-2.5902469143030764,363.15,10.0,0.4
265,0.006200366360594303,0.1061471956559812,0.0006581515012167676,1.3430758493896074e-08,0.6183208354348672,8.304517812469747e-09,0.9749650946715347,1.0025195610181976,0.9774215787181725,0.001162412838203857,1.1235880869540178,0.0013060732171282618,0.11460825047459836,0.5898736329215793,0.06760438507023764,0.40000857909635,0.645296847023301,0.2581242748731454,0.7089841142011388,0.5872138941958666,0.41632532262305766,0.18186900933187905,0.4746661662864689,0.08632706542588109,0.012402102408425434,1.0,0.012402102408425434,9.755600788115786e-05,0.6261318206315147,6.108292082817182e-05,2.4979751208972205e-15,1.0,2.4979751208972205e-15,1.0,1.0,1.0,0.12197102967339651,0.7151844939924916,-12.90900834108458,-0.942988145821954,8.080685579041974,-2.8685037345465605,-2.0670445303707297,-85.4598279144536,52.79207968457016,7.37053946471355,-2.598486680803494,368.15,10.0,0.4
266,0.005389105980347999,0.10445383488657911,0.0005629127862575462,1.5472601204500568e-08,0.6126647185871967,9.479516862767265e-09,0.9749774704491618,1.0025423450114685,0.9774561995574524,0.0014060168676542373,1.1234495431725302,0.0015795890076590242,0.11445295342811275,0.5908960135936103,0.06762979392468695,0.4000068657466533,0.6417715595888237,0.2567130300764669,0.7082586464610582,0.5836414594672567,0.4133691101008357,0.18291722465973378,0.4709019472089703,0.0861360772703293,0.012075485923461683,1.0,0.012075485923461683,0.00010340613846359311,0.624050613760756,6.453066417483502e-05,2.6181233329263156e-15,1.0,2.6181233329263156e-15,1.0,1.0,1.0,0.12124807627611499,0.7136477679140073,-12.839783395260561,-0.950669783589183,8.023213796541793,-2.7687425503680645,-1.988977890006126,-84.34129277228297,52.25338944207566,7.324776473488312,-2.606767584202612,373.15,10.0,0.4
267,0.004781503279088027,0.10098978018978938,0.000482882965131857,1.766687579513021e-08,0.606124641178544,1.0708328752069188e-08,0.9749865675543619,1.0025776888552416,0.9774997795635569,0.0016865536000626297,1.1233475445683605,0.0018945858454132846,0.11424871473650978,0.5909338846723707,0.06751343681807126,0.40000489108950693,0.6371295752775172,0.2548549463687871,0.7077244439887992,0.579287821110748,0.4099761511050871,0.18379792076926388,0.4663770597181648,0.0857191338706815,0.011724533333357856,1.0,0.011724533333357856,0.00010992850221834835,0.6209510185340877,6.826021541841017e-05,2.7442234866008836e-15,1.0,2.7442234866008836e-15,1.0,1.0,1.0,0.12071677161566044,0.7125059649347631,-12.77704448599137,-0.9587007314006929,7.970278304181229,-2.6742333818254216,-1.913324273607439,-83.26043052535579,51.73375494502878,7.282450538597113,-2.6162835568596314,378.15,10.0,0.4
268,0.004219368181489303,0.09860547812136283,0.00041605281690581793,1.9966892244930652e-08,0.5996381938173799,1.1972911201896464e-08,0.9749956885887747,1.0026136800419514,0.9775440153610278,0.0020088848517404176,1.1232452854136021,0.002256470438656227,0.11395621938232926,0.590985802302493,0.06734650773902476,0.4000026193870843,0.6324672472186743,0.2529885555640083,0.7071888110625828,0.5749219269523145,0.40657835397521636,0.18467423016054596,0.4619126671566027,0.0853033662085501,0.01137872716059993,1.0,0.01137872716059993,0.00011702573653698366,0.617883063280367,7.23082205741126e-05,2.87997580784552e-15,1.0,2.87997580784552e-15,1.0,1.0,1.0,0.12018447241555898,0.7114081992109644,-12.720515481778838,-0.9670793008419767,7.921800238465943,-2.5843373057783303,-1.839993318740568,-82.21526987000668,51.2320372000118,7.243199271064102,-2.625851012050515,383.15,10.0,0.4
269,0.0037315202522553545,0.09644494462282795,0.00035988626408772864,2.2349244310978927e-08,0.5931974258124607,1.325751419412646e-08,0.9750043840807388,1.0026509949542577,0.9775891157833159,0.0023764473032509247,1.123147778377089,0.0026691015090765003,0.1135694985604155,0.5910014149480683,0.06711973434414817,0.4000000261440397,0.6277379471468707,0.25109519527035407,0.7066779991755703,0.5705628321568987,0.40320420063258394,0.18552072090376395,0.45746626301360516,0.08486947090343493,0.011037192529156921,1.0,0.011037192529156921,0.00012473541208475041,0.6147950002489248,7.668670770369382e-05,3.0256683018694734e-15,1.0,3.0256683018694734e-15,1.0,1.0,1.0,0.11967746611592178,0.7104095417770698,-12.669882799225348,-0.9757998232472962,7.877537899232782,-2.498899281970986,-1.7688958147360585,-81.20439575559038,50.74761040509576,7.206908716577858,-2.6354757964272744,388.15,10.0,0.4
270,0.0033513794198601976,0.09320929593888327,0.00031237971614923225,2.4789612896721708e-08,0.5867953261208807,1.4546428984142186e-08,0.9750121283268981,1.002690213948876,0.9776351195548465,0.0027925819924789447,1.123060884342039,0.0031362396020710565,0.11308252948358458,0.5909299716079514,0.06682385593708998,0.39999708752866003,0.6228947360673776,0.2491560802638844,0.7062227115338682,0.5662344554107336,0.3998876324640714,0.18630726892531682,0.45299568636757287,0.08439638916209188,0.010699296492379216,1.0,0.010699296492379216,0.00013309154619936328,0.6116355557548679,8.140352182592223e-05,3.1814929722271735e-15,1.0,3.1814929722271735e-15,1.0,1.0,1.0,0.11922649089592373,0.7095741157433414,-12.624827302628178,-0.9848549523857919,7.837243608934348,-2.4177571085842997,-1.6999472432967224,-80.22645324045571,50.27986161350958,7.1734636270927785,-2.645158306237436,393.15,10.0,0.4
271,0.0029589788110381495,0.09204870136282314,0.00027237015691617224,2.7229388683541165e-08,0.580471822284719,1.580589286883406e-08,0.975020976624507,1.002729415229715,0.9776822137273975,0.0032579541954212837,1.1229616626335017,0.0036585576600740755,0.11249446411314086,0.5909161978693571,0.06647480101508801,0.39999379984212047,0.6180999137861863,0.24723613319742374,0.7057027930734818,0.5618815001139407,0.39652134400672584,0.18715435258013055,0.44862546160163375,0.083962207817016,0.010364707407057085,1.0,0.010364707407057085,0.0001422461454023234,0.6085514163227619,8.65640932510374e-05,3.3502756733560337e-15,1.0,3.3502756733560337e-15,1.0,1.0,1.0,0.1187113971196003,0.7086617991139086,-12.585629854563818,-0.9942834763158319,7.801180966002505,-2.341095313783251,-1.6330673437779692,-79.28049668101875,49.82854341297905,7.142924227115928,-2.654906698679785,398.15,10.0,0.4
272,0.0026935710042161956,0.08842396759302043,0.00023817623518631236,2.9675971414652665e-08,0.5732776288644323,1.701257052684075e-08,0.975027983212101,1.0027814534137527,0.9777399781245107,0.0037679097125694018,1.1228828666628572,0.004230921259376751,0.11184222105570207,0.5898645154902544,0.06597175753437563,0.3999901992609111,0.6122184693582965,0.24488138754983504,0.7052898138689914,0.556704600757544,0.3926380842482993,0.18791771615944985,0.4435098065717137,0.0833433499452758,0.010006192597123065,1.0,0.010006192597123065,0.00015256506046729574,0.6044245785239623,9.221407237042798e-05,3.5289294000384026e-15,1.0,3.5289294000384026e-15,1.0,1.0,1.0,0.11830370177248767,0.707983414549179,-12.552288015359983,-1.0041026353136349,7.769230061385712,-2.269483785367565,-1.5681757355657069,-78.36602401715584,49.39381934359598,7.115549337093415,-2.6660471573001394,403.15,10.0,0.4
273,0.0024345756386125973,0.08589569551493573,0.00020911956776234797,3.205284128200597e-08,0.5661796670209278,1.8147667004120807e-08,0.9750358036735857,1.0028339145089176,0.9777989717843304,0.004327598674246842,1.1227949423126917,0.004859005903803463,0.11108647435083857,0.5888341907060387,0.06541151422276316,0.3999862474026314,0.60637341746848,0.24254102777792652,0.7048289614032884,0.551535523319511,0.38873821007831005,0.18872324815837385,0.4384780178608294,0.08275099577674119,0.00965258941368539,1.0,0.00965258941368539,0.00016387226706080142,0.6003459633602959,9.838005403665242e-05,3.721715361773487e-15,1.0,3.721715361773487e-15,1.0,1.0,1.0,0.11784864866369801,0.7072635690947424,-12.524357309472455,-1.0142938613886194,7.741179198306154,-2.2021020469198174,-1.5052042879496441,-77.48119702681986,48.97446156744398,7.090895611839013,-2.677259841252974,408.15,10.0,0.4
274,0.002161810689701647,0.08528315954385458,0.00018436604595343587,3.4314681206489196e-08,0.5591850724244777,1.9188257495673525e-08,0.9750447674264151,1.0028864949604661,0.9778592292338203,0.004936243814152275,1.1226941973496938,0.005541892286852077,0.11022881759135439,0.5878462577565683,0.06479759791800904,0.3999819506877525,0.6005922728380367,0.2402260688577488,0.7043008794004001,0.5463666250413755,0.38480649449166937,0.18959024261747656,0.43354729802295494,0.08219633741832343,0.009303974590143151,1.0,0.009303974590143151,0.0001762814390944526,0.5963366114733386,0.00010512307605522968,3.929980345264008e-15,1.0,3.929980345264008e-15,1.0,1.0,1.0,0.11732687209520831,0.7064627244047829,-12.501733710693358,-1.0248647319713524,7.716964462178217,-2.138886369586365,-1.4440842284363364,-76.62498470648566,48.57002198280737,7.06890349206234,-2.688547865174115,413.15,10.0,0.4
275,0.001945004065971872,0.08384652703552418,0.00016308183600171504,3.644282928327042e-08,0.552269953680981,2.012627964027562e-08,0.9750536876480661,1.0029404030412252,0.9779207384765845,0.005594358321129978,1.1225938538437454,0.006280192267500131,0.109268280017605,0.5868081387573234,0.06411951602234482,0.3999773056863596,0.5947818366900969,0.23789923651048925,0.7037748331646094,0.54123458448549,0.3809072793991924,0.19044944596013794,0.428640278375793,0.08163430353286907,0.008960328653776878,1.0,0.008960328653776878,0.0001898298113925882,0.592304047176351,0.0001124369655625533,4.1532839519118285e-15,1.0,4.1532839519118285e-15,1.0,1.0,1.0,0.11680764240470684,0.7057198736734107,-12.483981089109243,-1.0357948570554347,7.696236497392739,-2.079581683710801,-1.3847501562762496,-75.79621171165762,48.17987439902517,7.04941867898076,-2.6999121000320003,418.15,10.0,0.4
276,0.001776904683828983,0.08144921456252957,0.0001447274908503506,3.840268559405898e-08,0.5454361967772959,2.0946214776457778e-08,0.9750626599159571,1.0029955111019189,0.977983470938802,0.006300269547385603,1.1224928220770454,0.0070720073440909345,0.10820805726563791,0.5857270330345148,0.06338038433263096,0.39997232521632314,0.5889546952495726,0.23556557890604252,0.7032451134108171,0.536137880079585,0.37703634428040284,0.19130633654895698,0.4237632288017575,0.08106859086622167,0.008621911470988888,1.0,0.008621911470988888,0.0002046234149266514,0.5882561513969972,0.00012037098255046294,4.392583703828253e-15,1.0,4.392583703828253e-15,1.0,1.0,1.0,0.1162852314968525,0.7050220564973317,-12.470952548577165,-1.047086400536551,7.678894447648723,-2.024091822935208,-1.3271398280378723,-74.9939053622054,47.80356355593472,7.032367026265177,-2.7113544482341556,423.15,10.0,0.4
277,0.001605155724267058,0.08029879370006009,0.00012889206835939104,4.0178461277786284e-08,0.5377220541184424,2.1604844729609518e-08,0.9750717811295407,1.003063032122777,0.9780584573171539,0.007033633463463641,1.1223898162839643,0.007894478570865702,0.10711389596291158,0.5836216577937445,0.06251398953462112,0.39996716165479557,0.582140499361853,0.23283708321406565,0.7027049895316787,0.5300972258329083,0.37250196552968573,0.19219219772558654,0.4182129263478908,0.08037726143205,0.008264514388737496,1.0,0.008264514388737496,0.00022146291831234396,0.5832136376597244,0.0001291601941956805,4.646845572736238e-15,1.0,4.646845572736238e-15,1.0,1.0,1.0,0.11575268515064228,0.7043101854344072,-12.463390336577868,-1.058816479786344,7.665448850543036,-1.973418432964973,-1.271189052421575,-74.2182315186036,47.44175263003739,7.0182286730257974,-2.7244104526720765,428.15,10.0,0.4
278,0.0014691090606092606,0.07838270003352589,0.00011515273481427068,4.173292067187523e-08,0.5301171958665617,2.2123338881896202e-08,0.9750810684508525,1.0031315735961575,0.9781346065789263,0.0078061995579057,1.12228476769486,0.008760778857423912,0.10593445553935685,0.5814893570914826,0.06159975844541687,0.39996172690582754,0.5753506462019082,0.230118238031299,0.7021540930380762,0.5241094075900883,0.36800556573914184,0.19307986107660768,0.41271864020208665,0.07968765771394531,0.007915475381011176,1.0,0.007915475381011176,0.00023987312798635717,0.578182755403882,0.00013869050608650014,4.918326138528901e-15,1.0,4.918326138528901e-15,1.0,1.0,1.0,0.1152097641578718,0.7036232438316061,-12.460204396058755,-1.0709076780530167,7.655149328155971,-1.9262945466637083,-1.2168462504884074,-73.46712530596199,47.09282610002379,7.006339857217752,-2.7375500612435903,433.15,10.0,0.4
279,0.0014988034941523368,0.06876295730746232,0.00010306216068067249,4.309009671443148e-08,0.5225761352705496,2.2517856209461802e-08,0.9750883146983799,1.0032032080792446,0.9782117254659985,0.008619112377542787,1.1222022700288246,0.009672387475712058,0.10466747827513616,0.5791689780123221,0.06062015642373755,0.3999560124319615,0.5684203249005804,0.2273431265325161,0.7017213370295696,0.5182420385825719,0.36366149621909216,0.19384046853844294,0.40714912267735137,0.07892197670479378,0.007574720133481651,1.0,0.007574720133481651,0.0002598138858211427,0.5730050219753327,0.00014887466135444038,5.204430764482372e-15,1.0,5.204430764482372e-15,1.0,1.0,1.0,0.11478539414683128,0.7032201836138187,-12.460759274737422,-1.0833177753573284,7.647472958435206,-1.8823500646975255,-1.1640576299491294,-72.73945390118809,46.756083295457856,6.996490074933604,-2.750769884500442,438.15,10.0,0.4
280,0.0013807849886782056,0.06712216891486475,9.268128324516817e-05,4.413408214506097e-08,0.5152015226561004,2.273794632216485e-08,0.9750986371157213,1.0032729116404375,0.9782900487957122,0.009457798876002682,1.1220851913445389,0.010612456061477633,0.10334136661660319,0.5770455504375286,0.05963267578224422,0.3999501270006917,0.5617544482233751,0.22467376291014232,0.7011072564863552,0.512336152740404,0.3592025944465989,0.19477243170001257,0.40181590281790885,0.07826266048758004,0.007243547683784961,1.0,0.007243547683784961,0.00028180532577337674,0.5680605862014442,0.00016008249855351342,5.513086024650887e-15,1.0,5.513086024650887e-15,1.0,1.0,1.0,0.11417995048128407,0.7024880856091156,-12.465975861733776,-1.0961388797746192,7.643248763097192,-1.8420307107665481,-1.1127716834140056,-72.03493292891588,46.43164675776092,6.988876654340789,-2.764087200246853,443.15,10.0,0.4
281,0.0012913113219422286,0.06473392209063321,8.359164650936076e-05,4.491440950205653e-08,0.5079324390160134,2.2813485565343614e-08,0.975109045242507,1.003343522538785,0.9783693443130483,0.010323949347350614,1.1219668611032785,0.01158312904343621,0.10195287908103098,0.574899182979552,0.058612626886097766,0.399944057885385,0.55512537545701,0.22201909529542446,0.700486539321176,0.5064830767527078,0.3547845776592458,0.19570125290160686,0.3965389742990599,0.0776031740946441,0.0069217390410081575,1.0,0.0069217390410081575,0.00030577172367826655,0.5631323029821002,0.00017218993494174872,5.8405067143280575e-15,1.0,5.8405067143280575e-15,1.0,1.0,1.0,0.11356813975032383,0.7017778955575277,-12.475048940873881,-1.1093132641644443,7.641808355839139,-1.8048671250332617,-1.0629394443812379,-71.35239310637353,46.11872918680038,6.983238635876438,-2.7774983317858464,448.15,10.0,0.4
282,0.0011949694183792919,0.0632799202871033,7.561756954056777e-05,4.546624243142975e-08,0.49968064436657855,2.271860131506393e-08,0.9751191256236587,1.0034289001617647,0.9784627117512495,0.011183842370459402,1.1218515490632406,0.01254661088777898,0.10059318094997735,0.5715384939421276,0.05749287514099797,0.3999380573489715,0.5473965903516905,0.21892472894470588,0.6998815865150599,0.49958390096696353,0.34964957320614104,0.1966274577849394,0.3904990605104459,0.0767828375355762,0.006586937214718038,1.0,0.006586937214718038,0.00033299706065569214,0.5570597291565149,0.00018549925241877555,6.181899647766054e-15,1.0,6.181899647766054e-15,1.0,1.0,1.0,0.11297199273881604,0.7010766013996818,-12.488680145691964,-1.1229154938306585,7.643618409750103,-1.7718652750293022,-1.0145082300929193,-70.69216829244111,45.81803466785637,6.980057812017119,-2.7928530819569093,453.15,10.0,0.4
283,0.0011201792913904877,0.06123879974156096,6.859843530010577e-05,4.575834096624979e-08,0.4915651165706471,2.249320421115396e-08,0.975129241929018,1.0035150355639884,0.9785568558938834,0.012059454280125467,1.1217354221453162,0.013527517037758683,0.09919201173384834,0.5681731792559791,0.05635824066361699,0.3999319610316481,0.5397446434554114,0.2158611337134504,0.6992722927283963,0.492764913390456,0.3445768507626538,0.19754535694415004,0.384541565816283,0.07596440087904,0.006264565811217483,1.0,0.006264565811217483,0.0003626501943097817,0.5510327596683968,0.00019983213736479938,6.5412381157529994e-15,1.0,6.5412381157529994e-15,1.0,1.0,1.0,0.1123716453053643,0.7003925177781276,-12.505784006219589,-1.1368604586483886,7.647948673861745,-1.7416946024444662,-0.9674391518723121,-70.05228133400824,45.5279100052995,6.9786348469519455,-2.8083107300205685,458.15,10.0,0.4
284,0.0010425457527442367,0.059871287045096144,6.2418556020196e-05,4.579028165431041e-08,0.4835913319098617,2.214378329373564e-08,0.9751397180255819,1.0036014943181784,0.9786516781794811,0.012945724809619431,1.1216148248559994,0.01452011686497527,0.0977596008299394,0.564832932535065,0.055217842020232055,0.3999258068198553,0.532200715241575,0.21284080043309095,0.6986394875019176,0.48601487132040544,0.3395491806175985,0.19847410594653658,0.37868800045476797,0.0751597623229417,0.005954725273454907,1.0,0.005954725273454907,0.00039492819037952894,0.5450799738895653,0.00021526744770032684,6.918849434886132e-15,1.0,6.918849434886132e-15,1.0,1.0,1.0,0.11174787139230306,0.6996820790449435,-12.52626494539018,-1.1511497109313318,7.654748177349569,-1.7142568660687745,-0.9216894239847597,-69.43201064253812,45.24794702432701,6.978890915566248,-2.8238777862621043,463.15,10.0,0.4
285,0.0011043245887062676,0.05151106662894811,5.68849374688343e-05,4.562187578939025e-08,0.47570678039893644,2.1702635647530995e-08,0.975148155123543,1.0036906785906365,0.9787471135423562,0.013845248875016699,1.1215164831207427,0.01552767482624015,0.09629129652398943,0.5613419730249796,0.05405234637590957,0.3999195752348186,0.5245857367866649,0.20979210502996737,0.6981233412385782,0.4794042866795036,0.3346833224207923,0.19927414294196846,0.37279932548966865,0.07428926607629766,0.005656763063787551,1.0,0.005656763063787551,0.0004297229822651277,0.5390306365056967,0.00023163385265149807,7.309773472324297e-15,1.0,7.309773472324297e-15,1.0,1.0,1.0,0.1112408699877124,0.6992277114491605,-12.549484830229586,-1.1657340251489943,7.663487520636674,-1.6891997829515932,-0.8772180983051086,-68.830401572451,44.97748264358925,6.980618273904461,-2.839562051925195,468.15,10.0,0.4
286,0.001033662702269081,0.05036413557172821,5.205952847251893e-05,4.517711542467325e-08,0.46800137191924873,2.1142951998101366e-08,0.9751589225802484,1.0037779636319983,0.9788430375251751,0.01474197300875537,1.121391599989209,0.016531524699285913,0.09481890359792639,0.5580358994079941,0.05291235215014875,0.3999133866620391,0.51724234248786,0.20685213690932647,0.6974679288216092,0.472798784763116,0.32976198915810434,0.20020067187256008,0.3671354188170838,0.07350075751539391,0.005371672198122801,1.0,0.005371672198122801,0.0004676864616606016,0.5332095594891372,0.00024937489220108256,7.721349971606025e-15,1.0,7.721349971606025e-15,1.0,1.0,1.0,0.11059453930895084,0.6985016367009935,-12.576161298646461,-1.1806889273504848,7.674834376206345,-1.6668094447413757,-0.8339860031313892,-68.24715654347308,44.71648908409909,6.98392595717229,-2.8553740506076,473.15,10.0,0.4
287,0.17235976962743843,0.09835743762803684,0.016952865290713576,5.430968374050985e-11,0.6473644342374547,3.5158157688290274e-11,0.9720436160536575,1.004299516849163,0.9762229339590017,2.2982014102517463e-06,1.1567607144708603,2.6584691053207478e-06,0.04587853327428531,0.48303771236991133,0.022161061759697637,0.40001667529440693,0.5874272052000659,0.2349806776016157,0.8801398710528131,0.6201141937432181,0.5457872265191751,0.08946420860308624,0.46858108591864517,0.041921236018086346,0.008524772210579786,1.0,0.008524772210579786,6.091468046769897e-05,0.5798976795779106,3.532428185544851e-05,1.8615077345561886e-15,1.0,1.8615077345561886e-15,1.0,1.0,1.0,0.21824060110313398,1.0524996407345615,-16.115811809728957,-0.8734578237725015,10.4539738903324,-6.404632668735829,-4.18631388214794,-117.06464729410924,68.16808340151749,9.302669042212077,-2.4660380503440233,273.15,10.5,0.4
288,0.15393504415853054,0.10095071852776426,0.01553985331440678,7.134205439950297e-11,0.6494428513961802,4.633258723367462e-11,0.9723536724722737,1.0040392934741096,0.9762812943160174,2.708358835805465e-06,1.1531828784371048,3.1232330381147118e-06,0.04608051922738445,0.4922603666653386,0.022683613291001457,0.40001676499225625,0.596960854118708,0.2387943496915798,0.8619176901155948,0.6218444464812792,0.5359787289223548,0.10787654584168205,0.4721089887275246,0.050929486964734955,0.008334835240194509,1.0,0.008334835240194509,7.377180855291926e-05,0.5858651463358383,4.3220331413315495e-05,2.247026988209832e-15,1.0,2.247026988209832e-15,1.0,1.0,1.0,0.2000182717447508,1.0158527343454675,-15.945489665723029,-0.8800461995175829,10.334113447909601,-6.251312845898313,-4.034331075709067,-114.86921701895383,67.17707704689425,9.199861146896506,-2.469178496799028,278.15,10.5,0.4
289,0.13513948302688622,0.10432445391625246,0.014098352769304573,9.328129803795296e-11,0.6518248241534114,6.08030656903906e-11,0.9726702069183346,1.0037852522740074,0.9763520090309316,3.2508590781605776e-06,1.1495439481356153,3.7370053795412186e-06,0.04628395929623394,0.5026727880843574,0.023265686863020822,0.4000168592402204,0.6073467901565472,0.24294895546805123,0.8433262675031874,0.622669945402003,0.5251139209422847,0.12665909032763223,0.4768056345805862,0.060391767939066456,0.008143943823676685,1.0,0.008143943823676685,8.739267860972085e-05,0.593164037006512,5.1838194048954694e-05,2.649993308668249e-15,1.0,2.649993308668249e-15,1.0,1.0,1.0,0.1814266931821983,0.9784657506233548,-15.779024510134708,-0.8865133169246711,10.216074523048738,-6.096537472113656,-3.888193301728653,-112.75533809138213,66.21434359607943,9.099120484975863,-2.473164448956047,283.15,10.5,0.4
290,0.11749271850310361,0.10644341012188145,0.012506325621960626,1.2244394040830363e-10,0.6543501886501741,8.012121550524414e-11,0.9729670771627061,1.003576621072503,0.9764470117137379,3.97956059980533e-06,1.146143477550303,4.561147424983047e-06,0.04650344690849887,0.5116798628664952,0.023794877336960042,0.4000169526029898,0.6156126776900412,0.24625550731333687,0.825899873778623,0.6230668403297634,0.514590824783997,0.14429296046796938,0.48018906731796335,0.06928790210766197,0.007936695700432475,1.0,0.007936695700432475,0.00010107691540172775,0.598864520930367,6.053137851917497e-05,3.0410482199996288e-15,1.0,3.0410482199996288e-15,1.0,1.0,1.0,0.16400014497220228,0.9433925924041704,-15.612332783354628,-0.8926371775733388,10.096252470721247,-5.939069265183805,-3.747589111353506,-110.71718136678282,65.27750936209938,8.999650785173392,-2.4788831989291444,288.15,10.5,0.4
291,0.10046903528347113,0.10984416688228534,0.011035937478179818,1.5957794233498922e-10,0.6567038947050567,1.047954562404064e-10,0.9732537097326796,1.0033725389477224,0.9765360457747683,4.926951564895966e-06,1.1428716358686002,5.630873194818007e-06,0.04670994467844498,0.5219745830093686,0.02438140389592199,0.40001704616440087,0.6250117953154046,0.25001537217997727,0.8090837905340216,0.6225870490590057,0.5037250895900512,0.16130372187755534,0.4848025943532815,0.078200462845079,0.0077422463136990185,1.0,0.0077422463136990185,0.00011500740625604875,0.6060822544554947,6.970394806274499e-05,3.4356999748262366e-15,1.0,3.4356999748262366e-15,1.0,1.0,1.0,0.14718390691348102,0.9095528259770707,-15.451050221386152,-0.898744922314803,9.97965754724254,-5.782094846202162,-3.6122466206738753,-108.75364388957539,64.36857101578747,8.902849796538113,-2.4845093358158445,293.15,10.5,0.4
292,0.08535430421026968,0.11226548192733993,0.009582342096738704,2.0809143713393323e-10,0.6587106064640663,1.3707203675447253e-10,0.9735079260316495,1.0032066209744508,0.9766295969660567,6.177486486251522e-06,1.1399790139755308,7.042204953444171e-06,0.04691610496496847,0.5311586054542421,0.0249198928865375,0.40001713447116777,0.632804085836086,0.25313247709779807,0.7941766164016345,0.6217718195582288,0.49379663983064176,0.176406256875532,0.4883689864756828,0.08615134487827253,0.007547101377598661,1.0,0.007547101377598661,0.00012851187751830852,0.6121284178662916,7.866577226230881e-05,3.807839213208764e-15,1.0,3.807839213208764e-15,1.0,1.0,1.0,0.1322765866617244,0.8795309208199956,-15.291506192601187,-0.904635498396506,9.863051133991563,-5.624492317997084,-3.4818949771427543,-106.85960466008137,63.48527158483459,8.807987085240764,-2.4908005295022893,298.15,10.5,0.4
293,0.0722596248246993,0.11378000662462226,0.008221700591247006,2.710432813976554e-10,0.6592032788019407,1.786726197945716e-10,0.9737276397146766,1.0030793429378149,0.976726081045387,7.805273255287757e-06,1.1374857940442977,8.878387446523715e-06,0.047129785573626105,0.5390316496659274,0.02540444606615311,0.4000172179133149,0.6388157657264562,0.2555373053650609,0.781297383481475,0.6197606341224647,0.48421736182470143,0.1894894120571477,0.49070934401647304,0.09298422508863009,0.007343383150564913,1.0,0.007343383150564913,0.00014171855903115962,0.616804051645132,8.7412581403729e-05,4.155034408201541e-15,1.0,4.155034408201541e-15,1.0,1.0,1.0,0.1193972156715807,0.8535570085772177,-15.135502165092788,-0.9104224411743411,9.747941994686252,-5.468003301432143,-3.356286332278435,-105.03307970415018,62.62824349942831,8.715769799362917,-2.4982807800717053,303.15,10.5,0.4
294,0.06053993997340925,0.11604848517463308,0.007025568326477359,3.503373966145179e-10,0.659209631382013,2.3094578608159077e-10,0.9739241616147037,1.0029664446913156,0.9768132537736696,9.898360112813803e-06,1.1352610683075788,1.1237222876166124e-05,0.04733111923972091,0.5468896486025151,0.025884899168974716,0.4000172970806435,0.6445789955339946,0.2578427475484647,0.7697812563796685,0.6173485041054635,0.4752233071144127,0.2011981631196988,0.49302349403599544,0.09919542137489805,0.00715095277137052,1.0,0.00715095277137052,0.0001547973431242375,0.6215490487016125,9.6214141360407e-05,4.4934155984095755e-15,1.0,4.4934155984095755e-15,1.0,1.0,1.0,0.10788095757324298,0.8303211967034152,-14.985423228560071,-0.9162621197037507,9.6364899576357,-5.3140630550626655,-3.2351938186701625,-103.27203347239951,61.7978488820408,8.626759556497925,-2.505627803605877,308.15,10.5,0.4
295,0.050810541799071345,0.11705016890226894,0.0059473824995970965,4.512555240251443e-10,0.6586126591629556,2.9720260064017376e-10,0.9740868939929938,1.0028824965307248,0.976894696085553,1.2608918895500094e-05,1.133422501384664,1.4291232394294083e-05,0.04752344082450668,0.5535681387168083,0.02630746268264055,0.4000173677155247,0.6487941866609065,0.2595289427372306,0.7602470072269671,0.6149100782559487,0.46748354670778514,0.21091780595057866,0.4942291501366713,0.10424172798364584,0.006965731811029769,1.0,0.006965731811029769,0.00016730958947001464,0.6250888148316974,0.00010458335299178931,4.808772185004628e-15,1.0,4.808772185004628e-15,1.0,1.0,1.0,0.09834659154247352,0.8110575494772938,-14.83922543791938,-0.922045167068323,9.526947394646538,-5.161962270928475,-3.118398498877366,-101.57252181919826,60.992368711875194,8.540465232518814,-2.5130408471551537,313.15,10.5,0.4
296,0.04257341752493962,0.11777932648449953,0.005014268442230778,5.771305972128542e-10,0.6574702979121706,3.7944622568376404e-10,0.9742243535623244,1.002816038904086,0.976967807243264,1.6079849002493203e-05,1.1318719450215435,1.8200329966104714e-05,0.04770424670329169,0.5596692827474302,0.026698601536437726,0.4000174308470684,0.652168595701025,0.2608788061314645,0.7521942642241792,0.612358965039969,0.46061290114931935,0.21914621119861208,0.49488380340819277,0.10845191050046425,0.006790223936309652,1.0,0.006790223936309652,0.0001795410024582826,0.6280744177503494,0.00011276511058129988,5.1119194213339304e-15,1.0,5.1119194213339304e-15,1.0,1.0,1.0,0.09029374407723381,0.7947676823262494,-14.69863294009092,-0.9278919763619675,9.42084976270279,-5.012895774736255,-3.0056979874437406,-99.93272259240744,60.212032862836764,8.457357070875199,-2.5203247887916453,318.15,10.5,0.4
297,0.03565514634907073,0.11826260240789517,0.004216670396475467,7.323031462211779e-10,0.6558231043627046,4.802613226893485e-10,0.9743394775128177,1.0027645905549312,0.9770331272296462,2.0498238068393147e-05,1.1305749577627755,2.317479463838489e-05,0.04787368764485794,0.5652262889378903,0.027059466805274792,0.4000174857935165,0.6547546769510113,0.26191331968548964,0.7454499432976864,0.6097406813934839,0.4545311563710652,0.22605689382832406,0.49501886131738027,0.1119024261758409,0.006623996589254239,1.0,0.006623996589254239,0.0001915840651495964,0.6305321874056794,0.00012079991967084727,5.406133691937786e-15,1.0,5.406133691937786e-15,1.0,1.0,1.0,0.08354933223199706,0.7811050903790604,-14.563973133147057,-0.933840223462257,9.318522387375092,-4.867270918847421,-2.896901244321125,-98.35022699045282,59.45633603374698,8.377524283965776,-2.5274698538550235,323.15,10.5,0.4
298,0.03001159530466369,0.11788593181258981,0.0035379448776726246,9.224240111551484e-10,0.6528041148987389,6.021621901634808e-10,0.9744327410801481,1.0027364369499363,0.9770992148380676,2.605385482268986e-05,1.129525076531655,2.9428482362543402e-05,0.04804656228291569,0.5694733867100442,0.027361238543027074,0.40001753428534714,0.6556909666684106,0.26228788373987333,0.7399849027465144,0.606319253510613,0.44866709384239023,0.2316937478143016,0.4939664840756215,0.11444894599013428,0.006452301727651889,1.0,0.006452301727651889,0.00020386867704650215,0.6316126004596531,0.00012876602526161032,5.689721116288113e-15,1.0,5.689721116288113e-15,1.0,1.0,1.0,0.07808421144240207,0.7699964989736019,-14.435696008455196,-0.9399368657957144,9.220286517370049,-4.725959580735012,-2.791825438770502,-96.8232757413006,58.72529239422057,8.301302354760896,-2.5355581094048985,328.15,10.5,0.4
299,0.025517285190324836,0.11611836841058856,0.002963025522568195,1.1528069713365589e-09,0.6493704393739629,7.485987694901885e-10,0.9745065299125871,1.0027225199183263,0.9771596433508132,3.3050439593698496e-05,1.1286947817629918,3.730385870438045e-05,0.048208207807442754,0.5730041190428429,0.027623501645338038,0.4000175718014375,0.6556822117070008,0.26228440620043053,0.7356592968185673,0.6029864401368933,0.4435925805422381,0.23618287677942804,0.4922594665879599,0.11626325694065108,0.006288870425573806,1.0,0.006288870425573806,0.00021607120241649895,0.6319754269405985,0.0001365516903967354,5.966085765548631e-15,1.0,5.966085765548631e-15,1.0,1.0,1.0,0.0737585434373613,0.7611765831616993,-14.31316663017185,-0.9461589284158104,9.125750891092903,-4.588325444488315,-2.6903052910065313,-95.3487718040959,58.01744022481742,8.228275551773228,-2.543546798204675,333.15,10.5,0.4
300,0.021565779139501928,0.1154186385358029,0.0024890928672451317,1.4245510296428687e-09,0.6456881465719857,9.198157140273163e-10,0.974571198471686,1.0027124363220004,0.9772146607887962,4.173749756402375e-05,1.127967344424564,4.7078534290218566e-05,0.048358616266506026,0.5764905707447547,0.027878286291904645,0.4000176002876757,0.6554860575621618,0.2622059597680452,0.7318669334203636,0.5995543184155361,0.43879398043771456,0.24013044884306461,0.49051042648334575,0.11778648887364888,0.0061337314152657,1.0,0.0061337314152657,0.00022871116866427562,0.6323237354765376,0.00014461950051499928,6.249975262201605e-15,1.0,6.249975262201605e-15,1.0,1.0,1.0,0.06996613290357198,0.7534327139844165,-14.197930968157374,-0.9526272471687182,9.03629917526094,-4.455321252279223,-2.592182637113644,-93.92536424208862,57.332955992139205,8.158834297547688,-2.551413933865698,338.15,10.5,0.4
301,0.018267092070317285,0.11464941785026904,0.002094311471679143,1.7431321885363901e-09,0.6417522931662453,1.1186590792851248e-09,0.9746248501684966,1.002709488750388,0.9772655852358768,5.2490948288298086e-05,1.127363785925538,5.917639418911737e-05,0.04849812255589277,0.5796609125858423,0.028112465979448817,0.4000176163395303,0.6548110722886248,0.26193596428962757,0.7287185326519595,0.5961309656485095,0.43441168255577756,0.24342691929534777,0.48847601666570256,0.11890821188659492,0.005985700981705423,1.0,0.005985700981705423,0.00024169206368629149,0.6323640264575875,0.00015283736655550707,6.538067235329408e-15,1.0,6.538067235329408e-15,1.0,1.0,1.0,0.06681770557449834,0.746985626465409,-14.089202506982245,-0.9593099779913837,8.95130224818497,-4.326593854852193,-2.4973081834773176,-92.55054102728425,56.67075189859928,8.092724358605231,-2.55920311480573,343.15,10.5,0.4
302,0.01567288060278623,0.11251617522348269,0.0017634525801598184,2.114253527848158e-09,0.6375649409134867,1.3479739255586396e-09,0.974666594663821,1.0027154049679818,0.9773132091770972,6.575673335878522e-05,1.1268938479123503,7.410085828082785e-05,0.04862651704460738,0.5823540057446553,0.028317846986337873,0.40001761624576915,0.653491647583094,0.2614081711027095,0.7262659813030686,0.592793063349127,0.43052543586290587,0.24602114408343506,0.48601650082450615,0.11957033557627275,0.005844027313241944,1.0,0.005844027313241944,0.00025494483793811137,0.631924585740258,0.00016110591110065814,6.828179820443736e-15,1.0,6.828179820443736e-15,1.0,1.0,1.0,0.0643651543807524,0.7419388640201083,-13.986412142669042,-0.9661871744642665,8.870318508465033,-4.201886500103343,-2.4055415417078825,-91.22202013410215,56.029874245565566,8.029746492030172,-2.566932669988634,348.15,10.5,0.4
303,0.013430696117390372,0.11094101137968247,0.0014900150107964626,2.5382690100545233e-09,0.6323771577322477,1.6051433421381271e-09,0.9747022001622454,1.002733216015865,0.9773662718264278,8.177835481627222e-05,1.1264925963102135,9.212271123896038e-05,0.04875780270558448,0.5842197246903386,0.0284852700731624,0.4000176053332214,0.6511439598207537,0.2604690475346892,0.7241710860433413,0.5886276180097686,0.42626710140923924,0.24826483613421965,0.4828707925904573,0.11987983819647065,0.005695203838602279,1.0,0.005695203838602279,0.00026945217380410836,0.6306121186154994,0.00016991980618816057,7.127684932363098e-15,1.0,7.127684932363098e-15,1.0,1.0,1.0,0.06227027717779113,0.7376017846990007,-13.89097461703526,-0.9733756448004866,8.794486178262291,-4.08253016795784,-2.3167468465067915,-89.93923064477472,55.41099985702394,7.970505149560018,-2.575732029811684,353.15,10.5,0.4
304,0.01144758800842833,0.11039361672085415,0.0012637406429806832,3.0152330078742853e-09,0.6271108136018618,1.8908852247672297e-09,0.9747335038053384,1.002753269053428,0.977417207396705,0.00010113866888319768,1.1261394765258084,0.0001138962476326413,0.04887737607220098,0.5860256016069405,0.02864339371768025,0.40001757641045504,0.6486409711597573,0.25946778924384994,0.7223268637571626,0.5844424804589599,0.4221585039563772,0.25025193926834927,0.47969108279697775,0.12004362371967801,0.005552252268118663,1.0,0.005552252268118663,0.0002847990045336992,0.6292558519364928,0.0001792114402285179,7.44124891416369e-15,1.0,7.44124891416369e-15,1.0,1.0,1.0,0.06042610274951251,0.7337744547808239,-13.802147744522099,-0.9808445302675706,8.723334831685385,-3.9676579937269656,-2.2308029664768245,-88.69951782465138,54.812626606467404,7.91450424534239,-2.5844994596015485,358.15,10.5,0.4
305,0.009979331257810673,0.1075428160433284,0.0010732053856941702,3.5522488033374935e-09,0.6216962016896947,2.208419588491682e-09,0.9747561365590106,1.0027806859236712,0.9774666272269523,0.0001245220477917857,1.125883342447335,0.0001401972993762024,0.04898427523705595,0.587393013426353,0.028773021042000177,0.40001752252262635,0.6455799670478862,0.25824329900873416,0.7209888003832392,0.5803783456390701,0.41844628719072213,0.25172763905049655,0.47614593673250577,0.11985909249716079,0.005414484092287597,1.0,0.005414484092287597,0.0003007046096879445,0.6274622702484656,0.00018868079706897657,7.760849547012238e-15,1.0,7.760849547012238e-15,1.0,1.0,1.0,0.05908812854265841,0.7309681351932987,-13.718783357055399,-0.9885307730472425,8.655918409360137,-3.856657158935444,-2.147592105449075,-87.50058646652492,54.233544836973195,7.861383372195137,-2.5932485746535554,363.15,10.5,0.4
306,0.008640065585759546,0.10593755444669717,0.0009153074184144364,4.141707775178898e-09,0.6162553882443851,2.552349732987656e-09,0.9747766869971946,1.0028090228545785,0.9775148569890799,0.00015241060872642515,1.1256503632659296,0.00017156105707848184,0.04907841604126131,0.5887774919180514,0.02889626670408449,0.4000174437658147,0.6424673162365888,0.25699813354404355,0.7197714337590703,0.5762813041215421,0.41479082051610916,0.2530777824831841,0.4726398918226138,0.11961465573555911,0.005281514706022726,1.0,0.005281514706022726,0.0003176644389988188,0.6257010384565362,0.00019876296936227386,8.098416321063892e-15,1.0,8.098416321063892e-15,1.0,1.0,1.0,0.057870892235747276,0.7284115034865376,-13.641790502876434,-0.9965170361736856,8.593059817137348,-3.750052545388587,-2.0670030863241338,-86.34137672529562,53.673711383505385,7.811355314181159,-2.601989251067259,368.15,10.5,0.4
307,0.00759071930231176,0.10311435930367822,0.0007827121575119404,4.786675033787068e-09,0.6107483898214778,2.923454069484121e-09,0.9747924114967653,1.0028413264092897,0.9775621149191263,0.00018558538126844156,1.1254712204697221,0.00020887100555753177,0.049158536153896024,0.5899431477209846,0.029000741555985244,0.4000173333105635,0.6390556942100577,0.2556333546348382,0.7188351995927929,0.5722460284510907,0.4113505880778229,0.2541423844816153,0.46896783695433747,0.11918460432876071,0.005152876786457983,1.0,0.005152876786457983,0.0003355118287695118,0.6237280610161812,0.00020926814240640067,8.448919813584112e-15,1.0,8.448919813584112e-15,1.0,1.0,1.0,0.05693484083747623,0.7264259236817796,-13.570363337892585,-1.0047626179132383,8.534103724992866,-3.647408496018609,-1.9889308332017703,-85.2199587179335,53.13214950133491,7.76415650311794,-2.610723875226548,373.15,10.5,0.4
308,0.006597270752686857,0.10190510726694392,0.000672295583721626,5.479162714223721e-09,0.6043864807773762,3.3115318704562864e-09,0.9748070526602387,1.0028832506811336,0.9776176657587952,0.0002241428993997602,1.1253038160492328,0.0002522288600348892,0.049238624883420186,0.5903504770839716,0.02906804569088582,0.40001719951248615,0.6347762335822739,0.25392141127466494,0.7179601758979282,0.5673667157178253,0.40734670701539966,0.2551543126915995,0.4647280118511812,0.11857735645242166,0.005015645105577465,1.0,0.005015645105577465,0.00035550278421119804,0.6209687956259423,0.000220756135753297,8.818002585923237e-15,1.0,8.818002585923237e-15,1.0,1.0,1.0,0.056060038535506805,0.7245574521297777,-13.505693306561364,-1.0133734812671111,8.479971060911009,-3.5499528932866116,-1.913271900974511,-84.13615003681697,52.60957920175583,7.720362666960637,-2.6206716848046625,378.15,10.5,0.4
309,0.005872215076197851,0.09856973934684923,0.0005788227094494605,6.221411388894815e-09,0.597992282890191,3.7203559992442375e-09,0.9748172481055487,1.0029292843603042,0.9776727650245789,0.00026934860858678035,1.1251859153514343,0.0003030672607013518,0.04930241195286653,0.5905120268973618,0.02911366721321593,0.40001702582010834,0.6301986604328286,0.25209019382215647,0.7173438255949083,0.5625820728753224,0.4035647763674972,0.2559033579144622,0.460316222097516,0.11779646693725372,0.004882525469624665,1.0,0.004882525469624665,0.00037660597648700726,0.617977871784992,0.00023273415985094936,9.200899729462313e-15,1.0,9.200899729462313e-15,1.0,1.0,1.0,0.05544397563765117,0.7232160468925175,-13.446131998031042,-1.0222444169272284,8.42941550067996,-3.456227930614659,-1.8399361227620246,-83.087160494843,52.10404221680522,7.6792017794608105,-2.6306269351692313,383.15,10.5,0.4
310,0.005245071038662444,0.09535673899573083,0.0005001528700478013,7.002050560815782e-09,0.5916221162221668,4.142567970684444e-09,0.9748259102980031,1.002976629175751,0.9777276055438742,0.00032186285146052596,1.1250849000899348,0.00036212303407812737,0.0493492657059169,0.5906287330894434,0.029147094282780006,0.4000168097813355,0.6255474590834317,0.25022949894937485,0.7168156920784341,0.5578215410096999,0.3998552339751267,0.2565603400338781,0.45590799030778417,0.11696790901752711,0.004753148604312791,1.0,0.004753148604312791,0.0003991414820292019,0.6149604768244818,0.0002454562361091084,9.604019428359577e-15,1.0,9.604019428359577e-15,1.0,1.0,1.0,0.05491619959603987,0.7220607701191473,-13.391983251795564,-1.0314140309831317,8.382730357006148,-3.3664082224424687,-1.7688342949441453,-82.07190469606185,51.61524238515107,7.640724706605513,-2.6405979554871024,388.15,10.5,0.4
311,0.0046076789414908,0.09420500079172782,0.0004340663983311684,7.808362034321387e-09,0.585313460989993,4.570339406971522e-09,0.9748348869462101,1.003023540346238,0.9777823395578122,0.0003823459347334515,1.1249800722349939,0.0004301315572751943,0.049378487818352114,0.5908253902558336,0.02917406433552081,0.40001654862079555,0.6209626926965519,0.24839535315475042,0.7162675730400584,0.5530408776992504,0.3961252472615858,0.25723380204480467,0.45161017864125497,0.11616940329402344,0.004627167036735833,1.0,0.004627167036735833,0.00042338448148654997,0.6120425151824388,0.00025912930293824066,1.003226166663656e-14,1.0,1.003226166663656e-14,1.0,1.0,1.0,0.05436851269457636,0.7208752597899112,-13.343369919663562,-1.0409080165524778,8.340051546735086,-3.2805650366628742,-1.6998818487338005,-81.08926116853428,51.142800330714,7.6049329856949885,-2.6505917785162034,393.15,10.5,0.4
312,0.00414724324458981,0.09107140864471364,0.0003776952842770665,8.641643130896939e-09,0.5790077385946157,5.003578246962332e-09,0.9748409951015619,1.0030733225981763,0.9778369959614361,0.0004518870408130945,1.124907033562621,0.000508330910586449,0.049387965643337445,0.5908532271772488,0.029181038884085013,0.40001623283275234,0.6161843814551778,0.2464837550000799,0.715885633746317,0.5483374718591759,0.3925469185487594,0.25773785233401403,0.4472112181563013,0.11526325890728331,0.004504283869967465,1.0,0.004504283869967465,0.00044910508867681046,0.6089713997191529,0.0002734921544725115,1.0478826149377278e-14,1.0,1.0478826149377278e-14,1.0,1.0,1.0,0.05398709592874035,0.72003288563255,-13.299493414053835,-1.0506797591993258,8.300719304241664,-3.198258698771327,-1.6329985936783067,-80.13766006600683,50.68584429816646,7.571574669709628,-2.6606053367200952,398.15,10.5,0.4
313,0.003726017102112232,0.08852352693545465,0.00032984017530079685,9.489027498048006e-09,0.5718463070092843,5.426265331868295e-09,0.9748463108999387,1.0031342756107122,0.9779017479163851,0.0005298327129953435,1.124842263743628,0.0005959782282911099,0.04939310716327273,0.5899672730109228,0.029140316738652285,0.4000158790980958,0.6104536829578853,0.24419116663706875,0.7155469094785801,0.542794591193644,0.3883949922103013,0.25820793392241054,0.44216839401516517,0.11417138746444618,0.0043720615901822685,1.0,0.0043720615901822685,0.00047796457960388186,0.6049817168896865,0.0002891598319812137,1.0946239130661583e-14,1.0,1.0946239130661583e-14,1.0,1.0,1.0,0.053648956978380305,0.7192729360697198,-13.261393989662125,-1.0608265709532685,8.265498974056005,-3.120688333445736,-1.5681038862825023,-79.217228565234,50.245167590240555,7.541223460415706,-2.6719917853379895,403.15,10.5,0.4
314,0.0032898943501080387,0.0879021594030494,0.00028918881758238847,1.0333522332107935e-08,0.5647754638092535,5.836119867899534e-09,0.9748520353988672,1.0031949775846023,0.9779666658002705,0.0006177345204998294,1.124772530379616,0.0006948108197254318,0.04937730034010068,0.5891380640410685,0.029090047129941315,0.400015469560035,0.604795391383386,0.24192751247197028,0.7151822040567994,0.5372639894596661,0.38424164414211304,0.25870061917372966,0.43722982919586095,0.11311162753419328,0.004243080349907569,1.0,0.004243080349907569,0.0005090366162404437,0.6010756151511994,0.0003059694972412098,1.1440932721440685e-14,1.0,1.1440932721440685e-14,1.0,1.0,1.0,0.053284929210708556,0.7184721087404298,-13.228261360174015,-1.0713000246584257,8.233875796725002,-3.0467829001476345,-1.505129812169366,-78.32587788004767,49.819291372232364,7.5133105142332,-2.6834125935415156,408.15,10.5,0.4
315,0.00297673537300125,0.08540222902843295,0.0002542198360820905,1.1174048369447939e-08,0.5577494786833445,6.232319652842058e-09,0.974855828049499,1.0032577995253198,0.9780317129033739,0.000716625687833102,1.1247240058729078,0.0008060061143310742,0.04933854472928332,0.588186759665764,0.029020278750941514,0.4000149956597158,0.5990246219315578,0.23961883154201502,0.7149283964832097,0.5318167704018103,0.38021091088624553,0.2590792297732043,0.4322455622192792,0.1119858473326565,0.004117118533392185,1.0,0.004117118533392185,0.0005421667490521618,0.597073228602554,0.00032371325129752505,1.1957350992216629e-14,1.0,1.1957350992216629e-14,1.0,1.0,1.0,0.05303190579011767,0.7179051430302593,-13.199487764212696,-1.0820650801462903,8.205350279997674,-2.9762061131780726,-1.4440076303965532,-77.46230445007734,49.40749492247865,7.487639961897976,-2.69486487101482,413.15,10.5,0.4
316,0.002670824544359367,0.08396964285967161,0.0002242681831307011,1.199164660308416e-08,0.5508066240671401,6.605078382450968e-09,0.9748596596398511,1.0033208426699467,0.9780970151947929,0.0008269110400503708,1.1246746042474076,0.0009300058467164632,0.049276651186321185,0.587253473382047,0.028937884565802686,0.4000144572688827,0.5932940826137941,0.2373262104575965,0.7146699865997126,0.5263990191102524,0.376201579933626,0.2594594990417884,0.4273330977893455,0.11087563147639913,0.003993942664168024,1.0,0.003993942664168024,0.0005777420056480381,0.593115094701263,0.0003426675043928337,1.2501345892686046e-14,1.0,1.2501345892686046e-14,1.0,1.0,1.0,0.05277438677073092,0.7173408231357185,-13.1752775703696,-1.0931516677457886,8.18012202424719,-2.909068944262516,-1.3846718788617738,-76.62569897220932,49.009518214405844,7.464240586671092,-2.706358100947224,418.15,10.5,0.4
317,0.0023806313055773857,0.08338486277613928,0.00019850861473615151,1.2775802417491268e-08,0.5439448687162632,6.949332168727195e-09,0.9748633880672923,1.003384249615451,0.9781625691134763,0.0009492016031805677,1.12462588714541,0.0010674966950567917,0.04919071224195417,0.5863239047289072,0.028841690478098616,0.4000138509838416,0.5875922150224648,0.2350450247392617,0.7144151417724499,0.5210181673519284,0.3722232678947499,0.25983342761469086,0.4224800723483482,0.1097744452971739,0.0038733764181026796,1.0,0.0038733764181026796,0.0006159010966109502,0.5891865653794732,0.000362880651725657,1.3073213532420483e-14,1.0,1.3073213532420483e-14,1.0,1.0,1.0,0.05252054515071212,0.7167957858538296,-13.155448833901348,-1.1045580931589813,8.158056929132531,-2.8452679865015815,-1.3270603029435222,-75.81508152577177,48.62489876968979,7.443034633142713,-2.717894914852473,423.15,10.5,0.4
318,0.002164687621334935,0.0813913691279097,0.00017618688923468854,1.3527576912899901e-08,0.5361669247286847,7.2530393124203045e-09,0.9748656935704547,1.0034612659552784,0.978239963006579,0.0010812670380583567,1.1245921826354661,0.001215984458341833,0.04909932281136986,0.5842759255911214,0.028687552281510386,0.40001320786910954,0.5808028514734193,0.23232881175740844,0.7142388099439336,0.5147712391857941,0.36766959726942566,0.2601381931810828,0.4168747897019135,0.10844505457579962,0.0037433701230972245,1.0,0.0037433701230972245,0.0006587243672785718,0.5841665227791013,0.0003848047231029871,1.3664668351981094e-14,1.0,1.3664668351981094e-14,1.0,1.0,1.0,0.05234527747076315,0.7164035110928454,-13.140560604299695,-1.1163448905736506,8.139479968599064,-2.7858138593527046,-1.27110846459432,-75.03062694499133,48.25430923207964,7.424506974046918,-2.7310303808946634,428.15,10.5,0.4
319,0.001997969660185674,0.0784920201738713,0.0001568246748740767,1.4230166696527033e-08,0.5284839098390298,7.520414133441764e-09,0.9748673220647641,1.0035392306290403,0.9783176023502662,0.0012257419221347497,1.1245654769960356,0.0013784270493395027,0.0489830100655533,0.5821900321727728,0.028517420205983728,0.40001249740162115,0.5740217416960857,0.2296158704586795,0.7140990785252722,0.508602908277833,0.36319286813647417,0.260403035122466,0.4113088789574998,0.10710608045335195,0.0036165223509257377,1.0,0.0036165223509257377,0.0007046108454273256,0.5791453399977956,0.0004080720876411428,1.42820452867864e-14,1.0,1.42820452867864e-14,1.0,1.0,1.0,0.052206721647873724,0.7160970624156247,-13.129643664615505,-1.128443463975949,8.123758243063104,-2.7294534780128568,-1.2167650074571978,-74.27028423731115,47.89614751743535,7.408000565923537,-2.7442162743663654,433.15,10.5,0.4
320,0.002030099258744031,0.06886348948668657,0.0001397997189614498,1.489036077862375e-08,0.520844089652103,7.755556404333666e-09,0.9748657386428671,1.0036206004999315,0.9783953380235636,0.0013837033131060088,1.124574134085573,0.0015560769551675288,0.04883945926442009,0.5798814033176903,0.0283210941755291,0.4000117097083951,0.5670595915489792,0.22683047672205137,0.7141443153340756,0.5025890021903641,0.3589210788636738,0.2604796951749657,0.4056325318552062,0.10565903825069368,0.003492699406240241,1.0,0.003492699406240241,0.0007532675591675956,0.5739408186896042,0.00043233099960096974,1.491662148089628e-14,1.0,1.491662148089628e-14,1.0,1.0,1.0,0.05225326183627013,0.7161744294831807,-13.12208976405433,-1.140812752883717,8.110387039286412,-2.675852679935507,-1.1639761195403409,-73.53295651642605,47.54974893151341,7.393322892961384,-2.757448664019732,438.15,10.5,0.4
321,0.0018632823570104418,0.06720931260535233,0.00012522992640435248,1.546002153325386e-08,0.5133803711406818,7.936871592584798e-09,0.9748676713926959,1.0036989077895015,0.9784736170161437,0.0015533551949525521,1.1245427492490725,0.0017468143214922711,0.04867379954036565,0.577834213774136,0.028125386688807093,0.40001086789559476,0.5604224199856397,0.22417505860660525,0.7139800976600071,0.4965314529041404,0.35451357523576343,0.2607627761383217,0.40023816998373357,0.10436721632147988,0.003371777699293869,1.0,0.003371777699293869,0.0008061048317258205,0.5690306978779389,0.00045869839495972194,1.5590912743054472e-14,1.0,1.5590912743054472e-14,1.0,1.0,1.0,0.05209043709232865,0.7158433954770391,-13.119010776582009,-1.1535605343610655,8.100350645911192,-2.6255998722293064,-1.1126901992094353,-72.81850209037864,47.21537888763282,7.380742719276737,-2.770758862088562,443.15,10.5,0.4
322,0.00169819748595014,0.06626040840191987,0.00011252325896616984,1.595214130063407e-08,0.506024657380241,8.072176836134552e-09,0.9748697131506701,1.0037774042276932,0.9785521901265753,0.001735637801098111,1.1245094448128925,0.0019517411001091067,0.04848383257277078,0.5758013640450614,0.027917056929533793,0.40000996242679715,0.5538541645434406,0.2215471835489468,0.7138058301671165,0.49053187975983087,0.3501445156554023,0.2610529165781447,0.39492347827961677,0.10309592583007955,0.00325369068177308,1.0,0.00325369068177308,0.0008627395696450146,0.5641702457051544,0.00048673199498618704,1.6293532691650927e-14,1.0,1.6293532691650927e-14,1.0,1.0,1.0,0.05191766785981903,0.715504043605208,-13.119641417607678,-1.1666320761234554,8.093009332633853,-2.578270812195001,-1.0628582873939116,-72.12579679353527,46.89229518793677,7.3700216364446325,-2.784139831653641,448.15,10.5,0.4
323,0.0015812127590720585,0.06410536237059158,0.00010136421690531722,1.637747787827077e-08,0.49766522859592816,8.150501272114388e-09,0.9748706435158171,1.0038717024164774,0.9786450525420701,0.0019246794917461253,1.1244871584011886,0.002164277372506644,0.0482966324277994,0.5724820353344172,0.027648954432064825,0.40000906067456277,0.5461103402709668,0.21844908423645526,0.713689194875254,0.4835564384436949,0.3451090052296259,0.2612944435092448,0.38879370807180247,0.10158963559051742,0.0031265940597626266,1.0,0.0031265940597626266,0.0009266491229806442,0.5580910271426186,0.0005171545608450745,1.701074897116808e-14,1.0,1.701074897116808e-14,1.0,1.0,1.0,0.05180252467861759,0.7152704240118039,-13.12472125629943,-1.1801049173311682,8.088815680460195,-2.5350787855036376,-1.0144273049635488,-71.45538180291545,46.581410028589445,7.3617454923836565,-2.7994743847897023,453.15,10.5,0.4
324,0.0014617653519727314,0.06265411082424065,9.158560836153465e-05,1.671740952618946e-08,0.4894464540560984,8.182276813597083e-09,0.9748717156157904,1.0039661331363123,0.978738186630748,0.002124963062797896,1.1244624170656234,0.0023894411017688928,0.048087884205521715,0.5691904769287406,0.027371165745434953,0.40000811144975723,0.5384706362248259,0.21539262226744185,0.7135597121543913,0.4766664577781627,0.3401299804058391,0.2615449895129262,0.3827679393884394,0.10011103669323375,0.0030032097132808287,1.0,0.0030032097132808287,0.00099521299965037,0.5520862364131736,0.0005494433994064375,1.7753190052332872e-14,1.0,1.7753190052332872e-14,1.0,1.0,1.0,0.05167461262029234,0.7150214942237737,-13.133231838648433,-1.1938997158591507,8.087125832026087,-2.494616362244702,-0.9673586827177555,-70.80520309380849,46.280992703408856,7.355176196006621,-2.8148955435547167,458.15,10.5,0.4
325,0.0015372571668368464,0.05389646858298497,8.285273259639059e-05,1.699283138735814e-08,0.4812974076050531,8.178605694605255e-09,0.9748695891926269,1.0040640551857025,0.9788315130019689,0.002337703563909944,1.1244726348611243,0.002628683686034056,0.0478547150816309,0.5656857809308765,0.027070731872176967,0.4000071016396674,0.5306895971066132,0.21227960760893919,0.7136131044347304,0.4699574668663026,0.33536780688274415,0.261608963715993,0.3766557319476595,0.09853651571251605,0.002883374021851934,1.0,0.002883374021851934,0.0010678266565966813,0.5459211913536172,0.0005829492005284099,1.8505674256328358e-14,1.0,1.8505674256328358e-14,1.0,1.0,1.0,0.05172967581237769,0.7151503785943986,-13.144435341566755,-1.2079588775877381,8.087320729428049,-2.4564886481173698,-0.9216096263429395,-70.17424242458671,45.990338401659244,7.3500866042323665,-2.8304057095416355,463.15,10.5,0.4
326,0.0014293151059680837,0.052676696588178105,7.529159816598034e-05,1.7159157540808523e-08,0.47334601367213786,8.12221881991392e-09,0.9748706227881655,1.0041590304243961,0.9789251393681915,0.0025595422389565895,1.1244464638810363,0.0028780682197488863,0.04760556000614084,0.5624297825665194,0.02677478476321118,0.40000606831621743,0.5232395564891912,0.2092989977787627,0.7134761361546038,0.46324366983264254,0.33051330365027276,0.2618596191361634,0.37081871134129274,0.09710244652039383,0.002767160178441829,1.0,0.002767160178441829,0.0011462756433035276,0.5400447483848382,0.0006190401413675221,1.9291925359736167e-14,1.0,1.9291925359736167e-14,1.0,1.0,1.0,0.051594417351065514,0.7149054684197296,-13.159363453403616,-1.2223862520621194,8.090325314402616,-2.421205126665021,-0.8771391109936286,-69.56240691616442,45.70964596192564,7.346699933072654,-2.846029170260641,468.15,10.5,0.4
327,0.0013461793451488918,0.05096191479067775,6.86038770804482e-05,1.724137535092432e-08,0.4655186111757191,8.026181108121562e-09,0.9748712886092292,1.0042546317022525,0.9790190068993618,0.0027915155677867933,1.1244234180357302,0.0031388454762307796,0.04733786650775976,0.5591652179479644,0.026469688443003132,0.4000049994371867,0.5158576201571932,0.20634562706064652,0.7133555115723399,0.4566269650994967,0.3257373622862764,0.2620903787840771,0.36505318985393787,0.09567692880515419,0.0026544114682019327,1.0,0.0026544114682019327,0.001229925394393655,0.5342059151137357,0.0006570334208336851,2.0095321291411287e-14,1.0,2.0095321291411287e-14,1.0,1.0,1.0,0.05147556142069544,0.714701708158864,-13.177242744269696,-1.2371203129243609,8.0954910447803,-2.3883524189058973,-0.8339079358042074,-68.96869951763762,45.43818819291797,7.344775511581733,-2.861771811652116,473.15,10.5,0.4
328,0.19494739295043564,0.09474289728531285,0.018469880826342645,1.738930680709665e-11,0.6393164786306338,1.1117270393740735e-11,0.9715612301822426,1.0045750450996267,0.9760061666273752,2.4921040759253897e-07,1.1623234188357388,2.896630929624077e-07,0.016070165751414737,0.47507617393781587,0.007634552859728639,0.4000176553625436,0.5791602706691708,0.23167433355221784,0.9083595630567983,0.6195039271091677,0.5627323165408542,0.10218209068397678,0.46084912508696135,0.04709052709126723,0.0030279891514716378,1.0,0.0030279891514716378,0.00019486537538136327,0.5731524579338375,0.00011168756886602823,6.0684088185372426e-15,1.0,6.0684088185372426e-15,1.0,1.0,1.0,0.21101780791225797,1.1033069560246234,-16.856476140573832,-0.9136009491827356,10.9540018313201,-7.367371121755797,-4.186410326623992,-118.02738574712919,69.13062896558536,9.783941824246007,-2.4589137906147056,273.15,11.0,0.4
329,0.174141228864084,0.09715523079391702,0.016918731281026406,2.288501205340213e-11,0.6419807262288931,1.469173665780006e-11,0.9719126341778194,1.0042956867686563,0.9760876664207468,2.952471701773033e-07,1.1582407366470062,3.419672998791037e-07,0.01617754632890961,0.4840687482775978,0.007831044601638124,0.40001794790704603,0.5882710335638245,0.23531897165935806,0.8876613355709351,0.6213829356677859,0.5515776065758553,0.12294787712118817,0.4641177927215806,0.05706229734928996,0.00296117145297189,1.0,0.00296117145297189,0.00023550650850815176,0.5786453296421967,0.0001362747412485822,7.291126513284036e-15,1.0,7.291126513284036e-15,1.0,1.0,1.0,0.1903190704401638,1.0618025644579039,-16.684414961412468,-0.920828164313357,10.83292686477333,-7.211932655105602,-4.034417218777746,-115.82983682816112,68.13752456996419,9.680084908431471,-2.4630865297640976,278.15,11.0,0.4
330,0.15285801669219848,0.10068643863820294,0.015390729318036441,2.992918145265838e-11,0.6449265706084367,1.9302124355380597e-11,0.9722723948713542,1.0040136403659696,0.9761747466021279,3.563011948827942e-07,1.1540786082311636,4.1119958710143586e-07,0.016283920678854726,0.49513925526639185,0.00806280835774513,0.4000182562625378,0.5992940663162203,0.23972856739630008,0.866485096352191,0.622180801846786,0.5391103920366959,0.144188529376945,0.4694204758896709,0.06768504807795733,0.0028975397308858794,1.0,0.0028975397308858794,0.00027835667938577046,0.5865293214275726,0.00016326435427496824,8.56861166724507e-15,1.0,8.56861166724507e-15,1.0,1.0,1.0,0.1691422936722481,1.0193431130743187,-16.516923213668044,-0.9279706976901039,10.714394890730674,-7.0550085255792805,-3.88827215759546,-113.71380914484776,67.17265693781145,9.57827715584187,-2.467535523324944,283.15,11.0,0.4
331,0.13257535724225403,0.10366976717738845,0.013744056418763577,3.917911024639288e-11,0.6480533645741693,2.5390154216197186e-11,0.9726152701009415,1.0037708161574024,0.9762828234763745,4.377455597747831e-07,1.1501280848089916,5.03463462297411e-07,0.016395563488421177,0.5054289686234417,0.008286792743952873,0.40001856857855683,0.6089173898562712,0.24357826267289664,0.8463147056096475,0.6223666244191639,0.5267180265265747,0.16442808227201663,0.4740048236532791,0.0779397041409941,0.0028291689285172388,1.0,0.0028291689285172388,0.0003217768253238568,0.5935194563044282,0.00019098080641758052,9.820839386279574e-15,1.0,9.820839386279574e-15,1.0,1.0,1.0,0.148971358476235,0.9788900628910807,-16.350654995698783,-0.9348508470429809,10.595334661275151,-6.89617541678909,-3.7476621435204387,-111.6742875183881,66.23446944937079,9.478130828809102,-2.473514478742744,288.15,11.0,0.4
332,0.1133443854684647,0.1073107344165707,0.012163069246615832,5.105543335150545e-11,0.6510197813592451,3.323809705769855e-11,0.9729404845675708,1.003546271293269,0.9763907954780519,5.446621251304644e-07,1.146395610376518,6.243982693879099e-07,0.016505042264232352,0.5163803556417594,0.008522879594286574,0.4000188823125952,0.6189378114228214,0.24758681154636086,0.8271938664537055,0.6217181154358545,0.5142814117516957,0.18361575177531203,0.47922622822008626,0.08799348416507839,0.002763133524318254,1.0,0.002763133524318254,0.00036541921569196913,0.6013228361554779,0.0002197349191656052,1.1057684042504811e-14,1.0,1.1057684042504811e-14,1.0,1.0,1.0,0.12984997239482218,0.9405382519732257,-16.188502736383256,-0.9416404985899067,10.478363848335519,-6.737208902143617,-3.612311222584344,-109.70875794551684,65.32355586790798,9.380342222598374,-2.47974129627805,293.15,11.0,0.4
333,0.09658128538931161,0.10930816432922302,0.01055712301446246,6.670232316041396e-11,0.6535945281959394,4.3596273435603906e-11,0.973223829053595,1.0033738530792573,0.9765073432660539,6.866459951249451e-07,1.1431548183730433,7.849426778436343e-07,0.01661488416819428,0.5255611638692381,0.008732137860988767,0.4000191828605383,0.6265917846149764,0.2506487336688093,0.8105412742008328,0.6208063380638658,0.5031891602862387,0.20033736956247686,0.48278876105863355,0.09672063044481381,0.0026948695220905873,1.0,0.0026948695220905873,0.0004072668977024015,0.6072280546590226,0.0002473038860188445,1.2198512589543738e-14,1.0,1.2198512589543738e-14,1.0,1.0,1.0,0.11319685620350102,0.9071225596568467,-16.027196186272246,-0.948158436929007,10.36055063218835,-6.577363035820759,-3.481949345176331,-107.81247537790505,64.43803356659112,9.284368076119025,-2.486899737136071,298.15,11.0,0.4
334,0.08144405712567013,0.11195560122476003,0.009118118381688101,8.662664809799015e-11,0.6546705375007638,5.67119142722007e-11,0.9734795742691227,1.0032242132193423,0.976618279981241,8.700867330970874e-07,1.1402383791324735,9.921062862512924e-07,0.016725072235440137,0.5346894295155565,0.008942719332173962,0.4000194828781766,0.6339264102158207,0.25358291479735146,0.7955149404591552,0.6183787257880318,0.4919295152264743,0.21543318873228154,0.4862983086271413,0.10476479530266021,0.0026261442823351565,1.0,0.0026261442823351565,0.00044908244854319803,0.6131738519595732,0.0002753656148206695,1.3297589153320156e-14,1.0,1.3297589153320156e-14,1.0,1.0,1.0,0.09816999944784335,0.876958997671452,-15.871805868727527,-0.9547121785082553,10.246325693150917,-6.419779193383653,-3.3563342679197725,-105.98485559610171,63.57992352009714,9.191609809697335,-2.494752578089088,303.15,11.0,0.4
335,0.06863618354182839,0.11341493759115596,0.007784368472891593,1.1223372859944231e-10,0.6551437920032223,7.35292305452991e-11,0.9736957574844325,1.0031105525143964,0.9767244892711329,1.1093852005973787e-06,1.1377791650785973,1.2622353672862385e-06,0.016831732451033577,0.5425122660878751,0.009131421314195044,0.4000197696680953,0.6395442008095384,0.25583032390039767,0.7828144663437693,0.6158325941571015,0.48208266355219037,0.2282014789477672,0.48858359150382524,0.11149549817078466,0.002559054854048997,1.0,0.002559054854048997,0.0004891183054501657,0.6177824192303055,0.00030216869003083077,1.431564512295936e-14,1.0,1.431564512295936e-14,1.0,1.0,1.0,0.08546902537806256,0.8514506499978314,-15.719833178308868,-0.9611665583055169,10.133539978726738,-6.26358170530728,-3.23523328546194,-104.22155212264413,62.74728859870186,9.101479414828455,-2.5028069216742743,308.15,11.0,0.4
336,0.057660848338769694,0.11459550257509764,0.006607673894287797,1.4451237124764162e-10,0.655012362050217,9.465738963639558e-11,0.9738808221793337,1.0030190579790215,0.9768210248461502,1.4183184311930268e-06,1.1356781119203803,1.6107531980391718e-06,0.01693373944412335,0.5497316470377825,0.009309012475126595,0.4000200478509962,0.64428129207767,0.25772543328641123,0.7719419320170061,0.6130875627381359,0.47326799767567407,0.23913841874922387,0.4902931071809657,0.11724791837489987,0.002495354242601868,1.0,0.002495354242601868,0.0005280294396355543,0.6218272544979256,0.0003283430967426549,1.528411651145599e-14,1.0,1.528411651145599e-14,1.0,1.0,1.0,0.07459600610132423,0.8296027805002881,-15.57311731275617,-0.9676460280549628,10.023845476226999,-6.110002950173244,-3.118431251864325,-102.52056249844303,61.94034388514604,9.01445281915424,-2.510728558015479,313.15,11.0,0.4
337,0.04836270296922552,0.11548450511286372,0.005585142818321434,1.8477509126354928e-10,0.6542897337617241,1.2089644526862605e-10,0.9740373817806541,1.002947106958481,0.9769079741263206,1.8150271157670186e-06,1.1339033431667205,2.0580653145064745e-06,0.017031257995278947,0.5563291086091557,0.009474984579006092,0.40002031857716636,0.6481352415272714,0.25926726579682774,0.7627421738581266,0.610220273072051,0.46544073761527577,0.24839919792003246,0.49140776594249364,0.12206529491179045,0.0024350191999632765,1.0,0.0024350191999632765,0.0005659936119728752,0.6252782566240276,0.00035390349895473585,1.621147013287397e-14,1.0,1.621147013287397e-14,1.0,1.0,1.0,0.06539577599162023,0.8111048770121271,-15.432011373288445,-0.9741885242500927,9.917586468559545,-5.95951588341666,-3.005724586056386,-100.87934270108784,61.158599774291865,8.930640526602756,-2.5184876050761917,318.15,11.0,0.4
338,0.040545960458579985,0.11610957775447647,0.0047077743484954205,2.344255445329119e-10,0.6530163923538077,1.5308372336645886e-10,0.9741687451315569,1.0028919015280193,0.9769859452141516,2.3215592322038362e-06,1.1324157171062996,2.628970162740858e-06,0.01712461948866171,0.5623357455846488,0.009629785668009988,0.40002058368934434,0.6511554824100624,0.2604755961461897,0.7550197615370589,0.607282760955677,0.458510485362322,0.2561793490972379,0.49195681511612555,0.12602917668039926,0.0023779520883136116,1.0,0.0023779520883136116,0.0006032885790803967,0.6281583907575427,0.0003789607829975463,1.7108030608597502e-14,1.0,1.7108030608597502e-14,1.0,1.0,1.0,0.0576729015064739,0.7955657222300643,-15.296818802131801,-0.9808302005125773,9.815070983226725,-5.812501155775763,-2.896922217390701,-99.29545722738115,60.401524324536176,8.850118429360371,-2.5260747844602838,323.15,11.0,0.4
339,0.03416353669573653,0.11586365747941951,0.003958312314000397,2.9532254806449943e-10,0.6503195261317185,1.9205401951331688e-10,0.974275563880414,1.00286177027843,0.9770637167321276,2.9608790192003653e-06,1.1312062981977042,3.349364994720897e-06,0.017220246753154995,0.5669768102074071,0.009763480575088279,0.400020852424689,0.6524697727613318,0.26100151468133104,0.7487340728387591,0.6035479694039813,0.4518969292854057,0.26252468146021835,0.4912650003276822,0.12896918772357885,0.002318989348545406,1.0,0.002318989348545406,0.0006412191045462244,0.6296064084724441,0.00040371565745726514,1.796720216906665e-14,1.0,1.796720216906665e-14,1.0,1.0,1.0,0.051386744327910724,0.7828976098298183,-15.167929548019186,-0.9876140472634566,9.716576599021138,-5.66976496977937,-2.7918412170162963,-97.76708113034496,59.66906622677333,8.773189271037282,-2.534578139154471,328.15,11.0,0.4
340,0.02882828728862688,0.11543351547097519,0.0033277505467334285,3.6864965993473395e-10,0.6472224320015163,2.385983294594902e-10,0.9743645439246033,1.0028428918438799,0.9771345569394922,3.76584144622011e-06,1.1301987616803268,4.2561493392024215e-06,0.01731264180579635,0.5711485093289047,0.009888089559925864,0.40002112162387443,0.6531177514120335,0.26126089547230447,0.7434924927355844,0.5998134046118246,0.44595676337106316,0.2678227754595221,0.49013851536716463,0.13127025754524366,0.00226315755261439,1.0,0.00226315755261439,0.0006793796377876747,0.6306016677762004,0.0004284179326420987,1.8817786375000622e-14,1.0,1.8817786375000622e-14,1.0,1.0,1.0,0.04614469493586945,0.7723207803928611,-15.04542699039339,-0.9945643369218573,9.622332601357483,-5.531062343987314,-2.6903164406993527,-96.29150870359493,58.96015482493078,8.699632851829906,-2.5429363768395157,333.15,11.0,0.4
341,0.024369442130298288,0.1148898205192369,0.0027998008325039003,4.5584809160466246e-10,0.643784776177394,2.9346806162459933e-10,0.9744385819423076,1.0028333665457165,0.9771995236212385,4.773131281561518e-06,1.1293598837199321,5.390582989124291e-06,0.017402287022554308,0.5749178638691942,0.010004885681445527,0.4000213934339309,0.6531848118652585,0.2612878986122207,0.7391247739241885,0.5960884049882011,0.4405837075757343,0.2722441048655881,0.4886420100393627,0.133029906622888,0.0022102356735994857,1.0,0.0022102356735994857,0.0007181047973666524,0.6312076925154043,0.0004532732721300467,1.9668866126711744e-14,1.0,1.9668866126711744e-14,1.0,1.0,1.0,0.041776502284134154,0.7634942165103349,-14.929364384894905,-1.001703651599519,9.532439156477517,-5.396508449193056,-2.592189364437252,-94.86655143900245,58.27412973440582,8.629421168680995,-2.5511694242955674,338.15,11.0,0.4
342,0.0206581799566416,0.11417997313130342,0.0023587504323909687,5.583255048282287e-10,0.6400582729242766,3.5736085834993127e-10,0.9744998627366572,1.0028319361841038,0.9772595841593454,6.026226059811677e-06,1.1286646587592963,6.801588379403722e-06,0.017489586465885738,0.5783215189263426,0.010114604210344645,0.40002166944664974,0.6527222091925498,0.2611030278061091,0.7355025454553873,0.592387004599931,0.4357021497779414,0.2759172712412946,0.4868126880383696,0.13432002848918656,0.0021599971311067503,1.0,0.0021599971311067503,0.0007576589465994529,0.6314571624031341,0.0004784291684890382,2.0527009914602646e-14,1.0,2.0527009914602646e-14,1.0,1.0,1.0,0.03815379264858715,0.7561607259703544,-14.819676481571587,-1.009046715903931,9.44689301739711,-5.2661320074591025,-2.4973108503495203,-93.49007917989115,57.61028471746179,8.562490768036483,-2.559298132101221,343.15,11.0,0.4
343,0.01772996098155275,0.11214665517066624,0.0019883558203875632,6.779762720230021e-10,0.6360490046653301,4.312261330069416e-10,0.9745477768551243,1.0028401892505576,0.9773156769751029,7.57956822942121e-06,1.1281196331016923,8.550659730043901e-06,0.017574542455547553,0.5812060208562524,0.010214429888958064,0.40002194802468377,0.651572582743949,0.2606433338287089,0.7326613214509314,0.5887837139874892,0.4313790539388611,0.27880704036499715,0.48451839552943504,0.13508713985995885,0.002112157876299249,1.0,0.002112157876299249,0.0007978693205736863,0.6311858065375233,0.0005036037906178478,2.1386647130234494e-14,1.0,2.1386647130234494e-14,1.0,1.0,1.0,0.035312083005329724,0.7503912831104604,-14.715845013525266,-1.016576700903564,9.36529492806991,-5.13971011458626,-2.405540445079194,-92.15984374858506,56.96770005330585,8.498659395900319,-2.5673449681057727,348.15,11.0,0.4
344,0.015071650697925222,0.1117027463777891,0.0016835447754049698,8.144963133946928e-10,0.6310542126409668,5.139913297482589e-10,0.9745909095741534,1.0028582082829265,0.9773764933843632,9.464864380414309e-06,1.1276277232596632,1.0672843472248068e-05,0.01766493010175855,0.5834241706067108,0.010306147193444002,0.40002225258670093,0.6495733314297404,0.2598437872587724,0.7300958150457595,0.5843047866740133,0.4265984794619024,0.28142331444591423,0.4816788636955238,0.13555566231973604,0.0020621619035292595,1.0,0.0020621619035292595,0.0008420173300316338,0.6302103688375544,0.0005306480521268488,2.2276581801779873e-14,1.0,2.2276581801779873e-14,1.0,1.0,1.0,0.03274604566406419,0.745167466558181,-14.619556559230674,-1.0244292200409697,9.289044206830106,-5.018616738985131,-2.3167423045626676,-90.87531721580203,56.34709551193948,8.438552977017787,-2.5764383269062288,353.15,11.0,0.4
345,0.013092726183658317,0.10893888834062311,0.001426307035795906,9.707549048469046e-10,0.6258484089013048,6.075454126315726e-10,0.9746224273748393,1.0028857283818855,0.9774349229751371,1.1772193521198042e-05,1.127265925037245,1.3270392619390785e-05,0.017753376518313428,0.5850758312213413,0.01038707152343767,0.4000225618229164,0.6468676571672437,0.25876165738042883,0.728208183361706,0.5799808030855145,0.42234676699956586,0.2833595576337861,0.47835457799141223,0.13554634161174303,0.002014333946226438,1.0,0.002014333946226438,0.0008872359901283092,0.6286673030081356,0.000557776257045717,2.3170412086596015e-14,1.0,2.3170412086596015e-14,1.0,1.0,1.0,0.030857874895492944,0.7413009105161192,-14.528644513506011,-1.032472754751528,9.216421253996023,-4.901283637922363,-2.230795095008863,-89.6331434688468,55.746267993598714,8.381324938908051,-2.585489354998292,358.15,11.0,0.4
346,0.011298790067699275,0.10740056307423751,0.0012134964153285041,1.1450191265017058e-09,0.6205834318998125,7.10579899115354e-10,0.9746507377688142,1.0029143853070035,0.9774912455584277,1.4562849191718933e-05,1.1269396700896568,1.641145246368115e-05,0.017841249982486592,0.5867419862745206,0.01046821045234444,0.40002288621101956,0.6441001871967901,0.25765481589151795,0.7265054768640526,0.5756202382079372,0.418191255651857,0.2851087211434894,0.47506317415214927,0.13544465404488606,0.0019686988727314297,1.0,0.0019686988727314297,0.000935040536677754,0.6271578658008392,0.0005864180274200916,2.4105941788511746e-14,1.0,2.4105941788511746e-14,1.0,1.0,1.0,0.029154602899377588,0.7378042680767711,-14.444155655815722,-1.0407987344675842,9.148387081995514,-4.788249787700607,-2.147581167509529,-88.43217909529008,55.16515934161744,8.327190624517264,-2.5945041426512234,363.15,11.0,0.4
347,0.009890934423562618,0.10462345165839583,0.0010348236995199667,1.3389799987131246e-09,0.6152114449874446,8.237558198175878e-10,0.9746724175147088,1.0029481125310356,0.9775458614824386,1.7931537382361952e-05,1.1266873524252143,2.0203236378247165e-05,0.017927988906315303,0.588122584533732,0.010543855171074227,0.4000232206174471,0.6409536389404521,0.256396338915432,0.7251883117951159,0.5713409591913201,0.4143297856553556,0.2864704214492758,0.47154268175866865,0.13508303077472755,0.0019250109589892949,1.0,0.0019250109589892949,0.0009848133139324612,0.6253699776951814,0.0006158726801678613,2.506528115053511e-14,1.0,2.506528115053511e-14,1.0,1.0,1.0,0.027836854867260286,0.7350792475576586,-14.365188520103784,-1.0493604256062765,9.084201504105689,-4.679050313151033,-2.066989311733653,-87.27037449305807,54.60273670044879,8.275867972652863,-2.6034903821389963,368.15,11.0,0.4
348,0.008601353344775573,0.10302500597919402,0.000886154479774664,1.5506047348368588e-09,0.6098175109055177,9.455859197965236e-10,0.9746920156697932,1.0029826349201796,0.9775991661121503,2.1961578892409972e-05,1.1264578240982694,2.473879237290661e-05,0.01801447618966894,0.5895213557091981,0.010619918425724696,0.40002357143009487,0.6377661881718807,0.2551215083298736,0.7239898596049671,0.5670379248187307,0.4105297075802047,0.2877115827836855,0.4680611949274124,0.13466662723218897,0.0018831907081186443,1.0,0.0018831907081186443,0.0010375240625712238,0.6236151842579005,0.0006470157594523595,2.6070261953317613e-14,1.0,2.6070261953317613e-14,1.0,1.0,1.0,0.026637791113336924,0.7325912145003474,-14.292191762359888,-1.0582074815026155,9.024299003256601,-4.573908157433047,-1.9889143730469612,-86.14645837934795,54.058682083058976,8.227422793979969,-2.6124618532206414,373.15,11.0,0.4
349,0.007558044461038334,0.10069782890941655,0.0007610786680274018,1.7812522674610698e-09,0.6035057306851519,1.074995951208675e-09,0.9747071868436975,1.003029832274649,0.9776603861367288,2.671503239710764e-05,1.1262768746898175,3.008852319545161e-05,0.018107394716926385,0.5899389183155034,0.010682256852815413,0.4000239542052376,0.6334714913348527,0.25340377084005666,0.7230448899852627,0.5619848962006148,0.4063403074467528,0.28870206040615726,0.4638172190105484,0.13390498678019921,0.001838652585703114,1.0,0.001838652585703114,0.0010953935161171424,0.6208457382767143,0.0006800703962172734,2.7097985384861538e-14,1.0,2.7097985384861538e-14,1.0,1.0,1.0,0.025692154210361827,0.7306029362275535,-14.225173381463623,-1.067358272099864,8.968593171442368,-4.473346798549529,-1.9132529233928959,-85.0595439420799,53.53301106218197,8.182078597173712,-2.6226322397401107,378.15,11.0,0.4
350,0.006654137591474944,0.09857892057972985,0.000655957701156603,2.028506943245552e-09,0.5971955610909278,1.2114153421483695e-09,0.9747199037182784,1.0030788247121187,0.9777208954452402,3.233548039474823e-05,1.1261227732501338,3.641372085650922e-05,0.018200106155922234,0.590285121128434,0.010743251866798913,0.40002435448594326,0.6290676261536702,0.2516423710801266,0.7222400128030165,0.5569635290220365,0.40226134633168886,0.2895507198736195,0.4595501782133471,0.1330630849197248,0.0017958845366488388,1.0,0.0017958845366488388,0.0011565591330885334,0.618023655701392,0.0007147809034662078,2.8166841914498868e-14,1.0,2.8166841914498868e-14,1.0,1.0,1.0,0.024886579227791927,0.7288941524229984,-14.163502608651152,-1.0767826366681523,8.916706930451332,-4.376501895687607,-1.8399147431528637,-84.00743445991596,53.02435894109649,8.139360141606446,-2.6328040693526558,383.15,11.0,0.4
351,0.005945822713887905,0.09535667940277505,0.0005669739103139469,2.2918565133231017e-09,0.5908751203762846,1.3542009931949595e-09,0.9747292100758461,1.003130628372191,0.9777807249961129,3.8956420225912096e-05,1.12600623184385,4.38651719447048e-05,0.018292309134790567,0.5904736588557049,0.010801126703739417,0.40002477015825016,0.6244694435714859,0.24980324563553402,0.7216312464762837,0.5520141868875895,0.39835068575628346,0.2902016629815711,0.4551870765226461,0.13209604657459154,0.0017547609910197161,1.0,0.0017547609910197161,0.0012208610657527528,0.61506063979904,0.000750903588207626,2.927021572260541e-14,1.0,2.927021572260541e-14,1.0,1.0,1.0,0.024277088268904387,0.7275770714820282,-14.106765642536622,-1.086464621552766,8.868316872019223,-4.283144536896387,-1.76881070058289,-82.98864101051578,52.5320258883275,8.099116458193729,-2.64297560105355,388.15,11.0,0.4
352,0.005223740857374517,0.09422382163827168,0.000492200826829809,2.5666370335399686e-09,0.5846124983838727,1.5004880886223725e-09,0.9747386549255106,1.0031818013504727,0.9778400796941107,4.669120574846877e-05,1.1258873542126158,5.256903810514036e-05,0.01838485949061673,0.5907543000889819,0.01086093480061356,0.4000252076941452,0.6199509596644972,0.24799601139997512,0.7210102125075741,0.5470452512822671,0.3944252128782867,0.29086335541791797,0.4509423931227255,0.1311626175638618,0.0017152111572003867,1.0,0.0017152111572003867,0.0012893107567822945,0.6122100672984032,0.0007893290251782436,3.042793940159108e-14,1.0,3.042793940159108e-14,1.0,1.0,1.0,0.023655291553739716,0.7262339559315858,-14.055316462262695,-1.096446525040965,8.823767447800678,-4.1934363126487755,-1.6998562034739189,-82.00213244452019,52.05572289721967,8.06139426894782,-2.6531584042514287,393.15,11.0,0.4
353,0.004701379165436158,0.09111021320515797,0.000428343658121176,2.8539281683038953e-09,0.5783412182345341,1.6505442936107292e-09,0.9747446138883991,1.0032361332000852,0.9778990172950076,5.571842722091351e-05,1.1258068306795224,6.272818596002422e-05,0.018476711318054152,0.5908446977647185,0.01091686691440166,0.4000256596817407,0.6152165510118265,0.24610240666563116,0.7205895178043238,0.542166532210885,0.390679520015484,0.2913233330457776,0.44657609955668665,0.13009803778143697,0.0016770734843046399,1.0,0.0016770734843046399,0.0013610582818072941,0.6091850087119797,0.0008291363012602889,3.161715334056376e-14,1.0,3.161715334056376e-14,1.0,1.0,1.0,0.023233808910711223,0.7252908998236881,-14.008331646585681,-1.1066790337792758,8.782372816554748,-4.106942489551535,-1.6329710485262459,-81.04634385678703,51.59458317925078,8.025944110251794,-2.663348704562297,398.15,11.0,0.4
354,0.00422354792549294,0.08857565593473751,0.000374103527872337,3.1503938566509907e-09,0.5712077133653374,1.79952927105782e-09,0.9747495072173951,1.0033016613041088,0.9779677999465738,6.603410084117505e-05,1.125736694995862,7.433701043796784e-05,0.018576913887424166,0.590020145768303,0.010960753439783219,0.40002615947058023,0.6095296263906129,0.24382779552857448,0.7202230760779796,0.5364625800868891,0.38637272963090874,0.29173218259487227,0.44156438064828324,0.12881854052267666,0.001635932032646354,1.0,0.001635932032646354,0.0014407274245109313,0.6052399469101432,0.0008719857899229831,3.283743452403412e-14,1.0,3.283743452403412e-14,1.0,1.0,1.0,0.02286649591375828,0.7244466271538665,-13.966757092808363,-1.117251100876057,8.744841084740159,-4.024713636883121,-1.5680745530048614,-80.12125386867139,51.14925156023322,7.99326544541204,-2.674905678457049,403.15,11.0,0.4
355,0.0037289152894266733,0.08796380976364239,0.00032800959514386543,3.450621776181231e-09,0.5641611592537401,1.946706781396605e-09,0.9747545674666033,1.0033668039675754,0.9780363750117621,7.789053243444332e-05,1.1256637342883802,8.767854760586564e-05,0.018677549745698713,0.5892585791444749,0.01100590642505067,0.4000266841212088,0.6039215263759546,0.24158472566559228,0.7198418503433859,0.5307749389308949,0.38207401415591297,0.29215440206345217,0.4366595257987073,0.1275720026650319,0.0015962676648585427,1.0,0.0015962676648585427,0.0015253872847945658,0.6013850501357101,0.0009173451087425542,3.4108224886952935e-14,1.0,3.4108224886952935e-14,1.0,1.0,1.0,0.02248435556755983,0.7235707690834343,-13.929843805723332,-1.1281181711065855,8.710699458244408,-3.9457561257884786,-1.505098856874033,-79.2248511056885,50.71832650846386,7.962828082348955,-2.6864853119870498,408.15,11.0,0.4
356,0.003334137182158025,0.08650213581431337,0.00028840998735458557,3.753957756260857e-09,0.5571628537886725,2.091565816480418e-09,0.9747578152083348,1.0034336222239026,0.978104765305557,9.148763125425755e-05,1.125610167268053,0.00010297940791906287,0.01877788267242575,0.5884067348744704,0.011049032631137927,0.40002722885390407,0.5982343650639854,0.2393100352617209,0.7195619518818824,0.5251637569706662,0.37788785802343516,0.2924739952340197,0.4317328611300952,0.12627063476853315,0.0015579532061796798,1.0,0.0015579532061796798,0.0016145745111749038,0.5974657414013458,0.0009646529573668297,3.54147321957584e-14,1.0,3.54147321957584e-14,1.0,1.0,1.0,0.022203507485838034,0.7228960928179983,-13.897079154177447,-1.1392520935195016,8.67952846467908,-3.8697940590242643,-1.4439751927261502,-78.35589239592355,50.301147743665645,7.9344663724914755,-2.698086544201626,413.15,11.0,0.4
357,0.0030257318777190544,0.08404818633543404,0.0002543072766595937,4.057222688879476e-09,0.550217545761759,2.232355110484188e-09,0.9747594773051708,1.0035018625101044,0.9781729509751147,0.00010701381968149573,1.1255734233149335,0.00012045191136090816,0.018877786440287928,0.5874787183415201,0.01109029778306528,0.4000277934971598,0.592487558585883,0.23701149073562996,0.7193699608635824,0.5196267277532335,0.373803858807515,0.2927044675010345,0.4267966902485944,0.12492529795041879,0.0015209026574725519,1.0,0.0015209026574725519,0.0017084537268848613,0.5934964310352401,0.00101396118949502,3.675600884239334e-14,1.0,3.675600884239334e-14,1.0,1.0,1.0,0.022010532137688478,0.7223956967985242,-13.868327118817174,-1.1506539302726704,8.65123671911767,-3.7967409272507346,-1.3846381631773743,-77.51337095519756,49.89725762876286,7.908110293849602,-2.7097112384895974,418.15,11.0,0.4
358,0.002696094884108584,0.08346940807470021,0.00022504144408977097,4.354515620755648e-09,0.5433612644982614,2.3660751139712185e-09,0.9747613700827681,1.0035697778826336,0.9782410516625352,0.0001246314092403486,1.125533045605681,0.00014027676962041763,0.018977792138148947,0.5866021230374029,0.011132413158800708,0.4000283825318585,0.5868189228242313,0.2347442245364648,0.7191589740082934,0.514114449626264,0.36973002011606243,0.29295280488908143,0.42195674627244395,0.12361341236238292,0.0014850446280593478,1.0,0.0014850446280593478,0.0018078090355028947,0.5896043070580473,0.0010658919936709615,3.8142832327152094e-14,1.0,3.8142832327152094e-14,1.0,1.0,1.0,0.021798518431497882,0.7218550732469177,-13.843725994827016,-1.1623472357443565,8.625971472275543,-3.72664876951516,-1.3270254588677521,-76.69646230878534,49.50634924085491,7.8837598687252735,-2.721369864852966,423.15,11.0,0.4
359,0.0024505167174111385,0.08147860406874517,0.00019966468138178333,4.648215092673553e-09,0.5355810902124969,2.489496106876288e-09,0.9747614311155893,1.0036514527908538,0.9783207264636531,0.00014422910065994883,1.125511073436711,0.0001623314499045906,0.019087840607158138,0.5845959114093047,0.011158673576577145,0.4000290344566376,0.5800518472182329,0.2320375803774988,0.719044178487785,0.5077578602969118,0.36510033352790844,0.29310840321531134,0.4163548735301092,0.1220371121513232,0.0014458936773402817,1.0,0.0014458936773402817,0.0019178714220707141,0.5846087909664676,0.0011212044932858998,3.953648366357914e-14,1.0,3.953648366357914e-14,1.0,1.0,1.0,0.021682586425229224,0.7214946998534113,-13.823618451291795,-1.1743734755342012,8.60388854854637,-3.6603392152574648,-1.2710726107371353,-75.90515230089608,49.12890629569877,7.861805505856482,-2.734620613710317,428.15,11.0,0.4
360,0.0024800095394637025,0.07150041137790908,0.00017732170229279359,4.9389965851144566e-09,0.5278160591528548,2.606881713724516e-09,0.9747567024864464,1.003737694340937,0.9784000450971205,0.00016637657572847453,1.1255418266092652,0.0001872637949504218,0.01919580744130028,0.5822787121621695,0.01117731003583332,0.40002969850478987,0.5730077680976525,0.2292201247130065,0.7192049432392112,0.5015981959561867,0.36075190205156005,0.29298725725447133,0.41056715833278795,0.12029094563868584,0.0014079574601076888,1.0,0.0014079574601076888,0.0020321658987188075,0.5793416603535639,0.001177318365877646,4.0927833141928195e-14,1.0,4.0927833141928195e-14,1.0,1.0,1.0,0.021842193556492456,0.7216849577176715,-13.80651488654599,-1.1866179983236973,8.583878674333082,-3.596383444114708,-1.2167284110375751,-75.137214203413,48.76315067637646,7.8415021453940845,-2.7478941142686106,433.15,11.0,0.4
361,0.0022681632293314966,0.06978529986808726,0.00015828445110866766,5.208195097243218e-09,0.520237569361482,2.709498758150195e-09,0.9747558915164309,1.0038200735215779,0.9784795306876148,0.00019103882458874064,1.1255272362413091,0.00021501940025415344,0.019305552667578565,0.5802775114820152,0.011202578059727472,0.4000304023294779,0.5663425365440636,0.2265542327500188,0.7191287313659182,0.4953813750779169,0.35624297980208647,0.2931019603566762,0.40510465718491734,0.11873696917051854,0.00137124959082419,1.0,0.00137124959082419,0.0021544947617175283,0.5744236470843623,0.0012375927386499373,4.238178020479701e-14,1.0,4.238178020479701e-14,1.0,1.0,1.0,0.021764754721498802,0.7213968998034448,-13.793720810250424,-1.199203243766657,8.567111043702573,-3.535406104487779,-1.163938749333362,-74.39250994097834,48.409377096479645,7.8231369754444975,-2.7612305386604796,438.15,11.0,0.4
362,0.0021052313646546267,0.0672931514805262,0.0001416676531232587,5.461575679900023e-09,0.5127481763099683,2.8004129696476157e-09,0.9747540992149174,1.003903357130597,0.9785589125786667,0.0002185560133113907,1.1255224329966063,0.00024598969584827506,0.019414638652621604,0.5782351546802895,0.011226226584360583,0.4000311298038849,0.5596855145058127,0.22389162870262885,0.719103670864729,0.4892523763969874,0.3518231798463657,0.2931644848098756,0.3996749205781656,0.11717049218272589,0.0013356289223898647,1.0,0.0013356289223898647,0.0022829603306133337,0.5695003365832201,0.001300146676690433,4.385592245640606e-14,1.0,4.385592245640606e-14,1.0,1.0,1.0,0.02173842603058762,0.7212089076909594,-13.784289435326107,-1.2120587868702994,8.552777919652662,-3.476929700796695,-1.1126523425140598,-73.66983191894602,48.06678442959096,7.8064454902558085,-2.7746167189882343,443.15,11.0,0.4
363,0.0019173761359871876,0.06634207419493057,0.00012720270987325128,5.694005955059543e-09,0.505371722781283,2.87758959903532e-09,0.9747525671685537,1.0039862949465053,0.9786382184011508,0.0002490943035799564,1.1255134031917315,0.000280358977337951,0.019523490960245915,0.5762413331876811,0.011250242459409747,0.40003188476134877,0.553131001431831,0.22127003702270767,0.7190565223342695,0.4831756600835974,0.3474306098162767,0.29324813933236715,0.39434927806882863,0.11564219204074624,0.0013010358508406465,1.0,0.0013010358508406465,0.002418260702339448,0.5646596665043512,0.001365494281703571,4.535613061462556e-14,1.0,4.535613061462556e-14,1.0,1.0,1.0,0.021689961399813062,0.7209739041642628,-13.778299254093204,-1.2252016158520962,8.540971144931596,-3.4209785528744874,-1.0628201085792228,-72.96850453421476,47.735079286245636,7.791413685599065,-2.7880627062337395,448.15,11.0,0.4
364,0.001783933976635711,0.06418161676557595,0.00011449576682352306,5.910925839383013e-09,0.49698554133980205,2.937644678105194e-09,0.9747495536610281,1.0040851662216914,0.9787315676122528,0.00028213485970656393,1.1255179618436857,0.0003175478522619861,0.019646289962144074,0.5729515116601144,0.011256371532323377,0.40003273237663856,0.5453916914786789,0.2181745285577326,0.719080397361556,0.4761474293734527,0.34238828271654587,0.29326459192706833,0.3882014335796699,0.11384573500424483,0.0012628559268722229,1.0,0.0012628559268722229,0.002568921053359545,0.5585898587094764,0.0014349732482319072,4.6828417676102833e-14,1.0,4.6828417676102833e-14,1.0,1.0,1.0,0.021712358798486348,0.7208643372491177,-13.776301441264195,-1.2386915314997098,8.532000735322603,-3.3685825248246064,-1.014388913764615,-72.28888554223641,47.414990550308275,7.778535753243075,-2.8034579651525426,453.15,11.0,0.4
365,0.0016478250508615202,0.06272471368742669,0.00010335935452225823,6.103940344718921e-09,0.48873658984456475,2.983218988692586e-09,0.9747463934030184,1.004184088502633,0.978824818580639,0.00031845504688177595,1.125522659623422,0.0003584283713368781,0.019769148410923025,0.5696903382429631,0.011262292844994073,0.4000336124770872,0.5377553950295134,0.2151202333026993,0.7191050013309939,0.4692123621381509,0.3374129562998738,0.29327922758912545,0.38215544346920516,0.1120782532796282,0.0012258463046905422,1.0,0.0012258463046905422,0.0027273688560754,0.552594497138527,0.0015071290215342653,4.8308184429660896e-14,1.0,4.8308184429660896e-14,1.0,1.0,1.0,0.02173542850866632,0.7207528324857957,-13.777413579129737,-1.2524601986383408,8.525314865280242,-3.318510313381625,-0.9673202433135378,-71.6290970449454,47.10496353335421,7.767161610979299,-2.818928265926079,458.15,11.0,0.4
366,0.001731070969507064,0.05395704137368377,9.340346792247552e-05,6.280142552133893e-09,0.48054583433746473,3.0178963424733953e-09,0.9747393630269081,1.004286867766547,0.9789179417830527,0.0003584544031149738,1.1255695264737886,0.00040346535277656565,0.019889332741734267,0.5661884388787572,0.01126111025538268,0.40003450708451294,0.5299480168346172,0.21199749369485124,0.7193499904856273,0.4624762882262714,0.33268231353539657,0.2930725061041318,0.3759989484634231,0.1101949541186937,0.0011898454023202404,1.0,0.0011898454023202404,0.0028915088963768027,0.5464110523287874,0.0015799524188872998,4.9753833974813054e-14,1.0,4.9753833974813054e-14,1.0,1.0,1.0,0.021978858114356303,0.7210810677352769,-13.78091248695227,-1.2664504139810004,8.520295681281745,-3.2704207320533647,-0.9215712807388745,-70.9881745085227,46.80434717680337,7.757090991804429,-2.83447491698969,463.15,11.0,0.4
367,0.001608017738473048,0.052730725947922275,8.479194268682005e-05,6.421594655867518e-09,0.4725572423743126,3.034571062222373e-09,0.974735600768427,1.0043862068462648,0.9790109927338155,0.0004019210407649983,1.125577954655997,0.0004523934629974763,0.020011381079341167,0.5629627023716176,0.011265661170614163,0.40003544787548345,0.5224969063802835,0.20901728395739125,0.7193940922895257,0.45573305641722145,0.3278516684475982,0.29306570937663246,0.370136308451396,0.1084742598023564,0.0011549241136233454,1.0,0.0011549241136233454,0.003065524902717287,0.5405419736447427,0.0016570448811719096,5.12247073502222e-14,1.0,5.12247073502222e-14,1.0,1.0,1.0,0.022021319858579212,0.7210021164495934,-13.787856060861266,-1.280767550336862,8.517902687941287,-3.22478988985635,-0.8771010243141334,-70.36599167935576,46.51330689847595,7.748530401347813,-2.8501256659552983,468.15,11.0,0.4
368,0.0015129613968137884,0.051008820010969756,7.717437557361994e-05,6.536509870871142e-09,0.4646887360310186,3.037442509949387e-09,0.974731176612284,1.0044861562928618,0.9791039730140918,0.00044923524216129506,1.1255923051703218,0.00050565573178808,0.020132488445950912,0.5597253119809422,0.011268663376362589,0.4000364162224907,0.5151084552616569,0.2060621404087764,0.7194691456133651,0.44909553430725757,0.32311038036682027,0.29302711238664375,0.3643403073937255,0.10676158820164554,0.0011209213892984084,1.0,0.0011209213892984084,0.003247212301161989,0.5347063667046463,0.0017363050914729608,5.267649465969753e-14,1.0,5.267649465969753e-14,1.0,1.0,1.0,0.022094685084925993,0.7209821135466886,-13.797491227723901,-1.2953511593034646,8.517491933261294,-3.1812674206107867,-0.8338702463279298,-69.7616145193425,46.23117857357541,7.741270701910453,-2.865885539373937,473.15,11.0,0.4
369,0.2032967397183572,0.0930388716109121,0.01891449926557325,5.518855473931818e-12,0.6365405763658226,3.5129754442562295e-12,0.9713700756155752,1.004689195963638,0.9759250202533504,2.5438323962906035e-08,1.164462281605219,2.962196876205833e-08,0.005241183778721819,0.47136997897048455,0.0024705366875565488,0.40002072277940603,0.5751863467245183,0.23008645814958784,0.9191742755268802,0.6193730664058179,0.56931178959443,0.10669859617160589,0.4572502198109398,0.04878795655298549,0.0009913119400200708,1.0,0.0009913119400200708,0.000620293365951249,0.569763529221412,0.0003534205373370125,1.942719489762644e-14,1.0,1.942719489762644e-14,1.0,1.0,1.0,0.208537948935403,1.1224710152507564,-17.604350950867214,-0.9541348739992799,11.454324885921407,-8.357650365338566,-4.186446435911781,-119.01766499071198,70.12083599059255,10.279045336749604,-2.4568523331869265,273.15,11.5,0.4
370,0.18114862389316497,0.09644497520485414,0.017470874539769744,7.349926130487031e-12,0.6392574147191519,4.698494776551871e-12,0.9717425944973732,1.0043744817693065,0.9759934647614608,3.1134743355283385e-08,1.1601102868640287,3.611973604533569e-08,0.005362285117519466,0.4822833360162891,0.002586140755147786,0.40002156990333443,0.5865540474805664,0.23463427090633113,0.8971487716515283,0.6210138318580671,0.5571417964300737,0.12872981817846646,0.4623555321725085,0.05951894359037513,0.0009877683989021053,1.0,0.0009877683989021053,0.000737850673227902,0.5774566148888394,0.0004260767520556356,2.3026409261658375e-14,1.0,2.3026409261658375e-14,1.0,1.0,1.0,0.1865109401454278,1.0782973955520434,-17.423568398891565,-0.9616227204637492,11.328041251625692,-8.18817267014317,-4.034459134311062,-116.80607684319868,69.11368075393511,10.168163000416941,-2.459992911558715,278.15,11.5,0.4
371,0.15910104129061242,0.09960932101688619,0.01584794669603748,9.786721586082712e-12,0.6424509901430766,6.287488973233456e-12,0.972113571936658,1.004093525838099,0.9760929439609475,3.887462468767789e-08,1.1557952670538607,4.49311072225133e-08,0.005488231125720167,0.492765023062426,0.0027044083372374226,0.40002243072535537,0.5968159839021208,0.23873978057627088,0.8752286720463255,0.6219184113934075,0.5443208253250124,0.1506586167766238,0.46707843303716734,0.07036939064757253,0.000981279159717948,1.0,0.000981279159717948,0.0008573108471880941,0.5845807822606659,0.0005011674456897703,2.6557010521402324e-14,1.0,2.6557010521402324e-14,1.0,1.0,1.0,0.16458931129095727,1.0343297133467246,-17.244409276223905,-0.9688430647948407,11.201522763585011,-8.016514074562034,-3.888308552640935,-114.67531469383052,68.13408969670324,10.05899353528777,-2.4651532760825803,283.15,11.5,0.4
372,0.137918040801121,0.10269768998683279,0.014163864197784879,1.3008310521363323e-11,0.6457876144151995,8.400605819163366e-12,0.9724701226378955,1.0038417480137012,0.9762061077999235,4.932113388350195e-08,1.1516656005965085,5.680145327604401e-08,0.005614424099085985,0.5032610915213626,0.0028255212003698554,0.4000232815207714,0.6066279623275355,0.2426653081525196,0.8541733864137254,0.622071646071845,0.5313570445171483,0.17172421682415628,0.47184819073188794,0.08102776101332858,0.0009731487599854821,1.0,0.0009731487599854821,0.0009753823804781318,0.5917461221249438,0.0005771787412369308,2.9941770212084793e-14,1.0,2.9941770212084793e-14,1.0,1.0,1.0,0.14353251422134086,0.9920914272278548,-17.06789479128175,-0.9758591265651197,11.07568939317235,-7.8437839275797305,-3.7476962714424378,-112.62189602917876,67.18200970431745,9.951900956282422,-2.4713370533457377,288.15,11.5,0.4
373,0.11786967775314168,0.10642356654780437,0.012544111494329732,1.720094882174754e-11,0.6489604432472227,1.1162735371634086e-11,0.9728076745090087,1.003609574095792,0.976319095891104,6.328543852895083e-08,1.1477716126782003,7.26372298394211e-08,0.00573835336198721,0.5144347221271575,0.0029520082172413294,0.40002411349260114,0.6168574792449291,0.24675786628623336,0.8342504445898906,0.6213672658931938,0.5183759178250017,0.19165777687975205,0.4772707154108077,0.09147264428544423,0.0009646662227620237,1.0,0.0009646662227620237,0.0010908453664677884,0.5997489734789303,0.0006542333887633037,3.3184997870018177e-14,1.0,3.3184997870018177e-14,1.0,1.0,1.0,0.12360809440056741,0.9521201223602334,-16.895927915333047,-0.9827894676495469,10.952229370699214,-7.671511320962935,-3.6123431154273273,-110.64306036433616,66.25779450104133,9.84746153916505,-2.4777538070869927,293.15,11.5,0.4
374,0.100392658908528,0.10853787762685364,0.01089640612724827,2.277205360560912e-11,0.6517367445227139,1.484138408301643e-11,0.9731018021390443,1.0034314347336726,0.9764409374623036,8.205049373935908e-08,1.144389985432729,9.389776333513344e-08,0.005857524851892423,0.5238044436813895,0.0030681975463954245,0.40002489306135197,0.6246822956630143,0.2498884685199171,0.8168940009031704,0.6203839644156581,0.506787938787677,0.2090272237840862,0.4810042993994167,0.10054299333166947,0.0009536641795427632,1.0,0.0009536641795427632,0.0011990414115558875,0.6058180210311461,0.00072640089508318,3.608671100819798e-14,1.0,3.608671100819798e-14,1.0,1.0,1.0,0.10625026581091417,0.9172866598344706,-16.72570205665992,-0.9894815870642619,10.828525595580786,-7.499545730599622,-3.4819788796749447,-108.73465807268391,65.36015719237274,9.745429889009843,-2.485124043063992,298.15,11.5,0.4
375,0.08464301174931856,0.11126286050194047,0.009417623608728538,2.995378748853409e-11,0.6529949050442241,1.9559670616790166e-11,0.9733666941989416,1.0032771715309896,0.9765565838183838,1.0680120728667155e-07,1.1413531455398422,1.218978938840953e-07,0.00597523537476825,0.5331358861494059,0.0031856124064783484,0.4000256536110259,0.6322086321264984,0.2528996712849351,0.8012634401331167,0.6178679306637436,0.49507498367156116,0.22467192342884856,0.48469748895959164,0.10889791712568456,0.0009414776567361996,1.0,0.0009414776567361996,0.001304604249790589,0.6119504414473006,0.0007983531465733753,3.8799519296077996e-14,1.0,3.8799519296077996e-14,1.0,1.0,1.0,0.09061835392529409,0.885906451912389,-16.561745419905115,-0.996213044722956,10.708638462969425,-7.330341192894653,-3.3563617045856744,-106.89541759561271,64.49043064627635,9.646863372786932,-2.4931562014559483,303.15,11.5,0.4
376,0.07130559280765775,0.11284160759638637,0.008046237723029426,3.9261276709991656e-11,0.6536370701905521,2.566262588065955e-11,0.9735907452237826,1.003159930166092,0.9766672239890434,1.395640989334429e-07,1.1387901651541659,1.5893422327400775e-07,0.006087347699795892,0.5411539306980435,0.003294192135270241,0.40002636765628774,0.6380113295547611,0.25522135468534984,0.7880394347799103,0.6152213494135366,0.48481868445637705,0.2379108119574944,0.4871586988801491,0.11590032160273281,0.0009284274550957479,1.0,0.0009284274550957479,0.001403721890278015,0.6167396288816815,0.0008657309176631557,4.124793624563001e-14,1.0,4.124793624563001e-14,1.0,1.0,1.0,0.07739308007155257,0.8593450276268293,-16.40196010571718,-1.0028742268098654,10.59069890730896,-7.163504625983902,-3.235258748860657,-105.12147504332074,63.647160592581045,9.551415411768048,-2.501384097904672,308.15,11.5,0.4
377,0.059905566574877424,0.11406773225023928,0.006833292128362002,5.111263975627564e-11,0.6536555394591016,3.341006011306703e-11,0.9737819659055498,1.0030662798554504,0.9767678539312069,1.8258682617535247e-07,1.1366062926650269,2.0752933558864126e-07,0.006194668772807152,0.5485164318280265,0.0033978776116166797,0.40002704773583675,0.642877224402768,0.2571682781344483,0.776747980803356,0.6123823945590059,0.4756667884532319,0.24921699467604588,0.48899516366933077,0.12186590510079179,0.0009154444959793547,1.0,0.0009154444959793547,0.0014981365200241697,0.6209121028074038,0.0009302110969407735,4.3520077192130783e-14,1.0,4.3520077192130783e-14,1.0,1.0,1.0,0.06610041793451076,0.8366535474293462,-16.247870135893017,-1.0095722446315518,10.476122742956605,-6.999952456813303,-3.118454892288585,-103.41051200508309,62.83024611093759,9.459403932050009,-2.5094727483138355,313.15,11.5,0.4
378,0.050241036988925104,0.11502517994254523,0.005778984320151182,6.603110861768555e-11,0.6530664875429808,4.312270417352092e-11,0.9739437421554021,1.002992644131022,0.976858409179309,2.3876964104007777e-07,1.134760542208459,2.709463673295578e-07,0.006297824282734628,0.5552616269817561,0.0034969401576764396,0.4000276998814258,0.6468680156394595,0.25876512442311517,0.7671878214459883,0.6094133844383538,0.4675345267672872,0.25879153533121474,0.490239913348367,0.12686993985606557,0.0009027372738173456,1.0,0.0009027372738173456,0.0015886880387942681,0.6244989894782554,0.000992134074823212,4.5651726425083415e-14,1.0,4.5651726425083415e-14,1.0,1.0,1.0,0.05653910004130077,0.8174288585009446,-16.099851855270927,-1.0163478071743604,10.365294012876637,-6.840091704066854,-3.005746621222075,-101.75991852173803,62.03913152461068,9.370906401762165,-2.517380253441601,318.15,11.5,0.4
379,0.042118447866188846,0.11571000198556886,0.00487352568622579,8.460189420032847e-11,0.6519099329585706,5.5152815176304127e-11,0.9740793274661589,1.0029363600025887,0.9769395750426789,3.1174482288203725e-07,1.133214123018972,3.532736360679726e-07,0.006397488966878096,0.5614012368084857,0.0035915582184740044,0.4000283298433356,0.6500107587032612,0.260022718184265,0.7591660891091406,0.6063740971622322,0.4603386518797379,0.2668271966314855,0.4909042553688512,0.13098660627453745,0.0008904254399193137,1.0,0.0008904254399193137,0.001676178019665558,0.6275016125041584,0.001051804410184165,4.767260751384374e-14,1.0,4.767260751384374e-14,1.0,1.0,1.0,0.048516248577889824,0.8012845370599313,-15.95808843437219,-1.0232307306079478,10.258432314876902,-6.684175584615314,-2.89694283057108,-100.16713165622072,61.27315752701495,9.285935030599768,-2.525102361361156,323.15,11.5,0.4
380,0.035487555582408264,0.11551543302171897,0.0040993603499842116,1.0762212900222418e-10,0.6493114928656873,6.988028524781786e-11,0.9741894234052696,1.0029057588385308,0.9770201829327329,4.057144252814442e-07,1.13195706367842,4.5925130953356095e-07,0.006498366845012143,0.5661581315609039,0.0036791032311694,0.40002896021980106,0.6514301803615664,0.26059093770583486,0.7526372885361176,0.602540113693962,0.45349415740486754,0.2733711038930984,0.490311074948328,0.1340368798096361,0.0008769369450306206,1.0,0.0008769369450306206,0.0017637465210114487,0.6290552683824916,0.0011094940411335431,4.9552108794920556e-14,1.0,4.9552108794920556e-14,1.0,1.0,1.0,0.04198632814184569,0.7881248442261479,-15.822716622860323,-1.030248535446724,10.155645330917205,-6.532677043571281,-2.7918605677605104,-98.62999320413687,60.53193959907682,9.204625957189023,-2.5337295522605388,328.15,11.5,0.4
381,0.029936809758858908,0.11516885201528526,0.0034477880129277693,1.356249269013972e-10,0.6463006919360954,8.76544841001555e-11,0.974281111686838,1.0028866410946196,0.9770935115815448,5.26272654124354e-07,1.1309087597481422,5.951663545651362e-07,0.006597756119010516,0.5704435376610331,0.0037636473411530856,0.4000295847129675,0.6521823014175014,0.2608922151931905,0.7471871619561425,0.5987051750631459,0.4473448206038875,0.2788356765302914,0.4892799819283978,0.13642871477373356,0.000864093978923018,1.0,0.000864093978923018,0.00185052521178031,0.6301553853519709,0.0011661184279329587,5.137989470494895e-14,1.0,5.137989470494895e-14,1.0,1.0,1.0,0.03653509215052355,0.7771239718506263,-15.69390575085814,-1.0374314385881203,10.057225861998692,-6.38544082995613,-2.6903346839870794,-97.14588718956374,59.814496824324145,9.126803851526589,-2.5422000089947634,333.15,11.5,0.4
382,0.025313147632974205,0.11462372088279672,0.002901487168947062,1.6929984102233934e-10,0.6429338116867006,1.0884859210644512e-10,0.9743569775892151,1.0028774663389415,0.9771606569943408,6.801064667596741e-07,1.1300393511692453,7.685470704231105e-07,0.006696279018804645,0.574293734029219,0.0038456310818108332,0.40003020796561095,0.6523181944765282,0.2609469829961974,0.7426632837714247,0.5948906119827029,0.44180341537986656,0.2833733366540468,0.4878479158894743,0.13824309170532312,0.0008519119465400545,1.0,0.0008519119465400545,0.0019371650363137142,0.6308327659011759,0.0012220271778648317,5.317416926430556e-14,1.0,5.317416926430556e-14,1.0,1.0,1.0,0.03201010675824561,0.7679764315736987,-15.571585091713754,-1.0447942220061301,9.96317718393438,-6.242473714245447,-2.592206638184194,-95.71251670405483,59.12006045196433,9.05238652746025,-2.5505358047691926,338.15,11.5,0.4
383,0.02165392984906749,0.1127386809671951,0.0024412354889400425,2.0953377502610645e-10,0.6392178649700024,1.339377323112927e-10,0.9744163864417822,1.002880099126065,0.9772228022247964,8.756198606145125e-07,1.1293555447556458,9.888861446831648e-07,0.006793646710568582,0.5775233870171212,0.003923489858485291,0.40003082704624726,0.6516450296432338,0.26067810014875914,0.73910272898867,0.5911859028778936,0.43694711415668197,0.2869471281336747,0.4858539605519042,0.1394143986727406,0.0008402644466640106,1.0,0.0008402644466640106,0.0020232676095781484,0.6308876344837433,0.0012764545161343358,5.4922786044474064e-14,1.0,5.4922786044474064e-14,1.0,1.0,1.0,0.028448452179496684,0.7607566590472712,-15.455238362798655,-1.052321049847953,9.873097058341672,-6.103596061075846,-2.497327196561002,-94.32754323350791,58.44771607865555,8.981206448633372,-2.5587663203806397,343.15,11.5,0.4
384,0.01841498239487272,0.11194673713973363,0.002061497193591639,2.5654423519648364e-10,0.6353101667147575,1.6298516083238786e-10,0.9744685457641878,1.0028855214908146,0.9772803956951132,1.1219951582504116e-06,1.1287530839986302,1.2664554951066824e-06,0.006892445637348218,0.5807275357485601,0.004002632970258142,0.4000314629203118,0.6508282246228907,0.2603517668057242,0.7359639564660515,0.587411958837674,0.432314029301648,0.2900983319812818,0.4838354592935209,0.14035985969444778,0.0008294654278642101,1.0,0.0008294654278642101,0.0021117513939084786,0.6309392263480694,0.0013323867907120725,5.670538554716506e-14,1.0,5.670538554716506e-14,1.0,1.0,1.0,0.02530855002737919,0.7543789391174684,-15.34574660370625,-1.060090565031078,9.787851934626579,-5.969119806104758,-2.4055561234747747,-92.98925344010357,57.7970783880332,8.913348563263988,-2.5668907851470633,348.15,11.5,0.4
385,0.01565401314364626,0.11152237382139533,0.001745772705610755,3.112818389071342e-10,0.630358591091619,1.9621918140590932e-10,0.9745123133486303,1.002904337478239,0.977342625983294,1.4296395349956098e-06,1.1282439169537335,1.612982108795361e-06,0.006997883792978269,0.5830130942394647,0.004079857883272464,0.40003214150694655,0.6488847434883875,0.25957475352884535,0.73330993852316,0.5828503396798369,0.4274099467588241,0.2927656637669486,0.48104518584483724,0.14083351313575893,0.0008178935356189523,1.0,0.0008178935356189523,0.00220622348027577,0.6300229303626569,0.0013899713820782395,5.846193127556115e-14,1.0,5.846193127556115e-14,1.0,1.0,1.0,0.022653326576159524,0.7489639519780882,-15.242926015667544,-1.0681102909043525,9.707258540424162,-5.839267328922432,-2.316757353707334,-91.69596780573931,57.16771600358745,8.848863222841771,-2.5760628923241846,353.15,11.5,0.4
386,0.013597543101862739,0.10878293990925658,0.00147918071416346,3.7469863369265224e-10,0.6251868481359861,2.3425665779916933e-10,0.9745440127295519,1.0029329621735312,0.977402313455329,1.8141524692622228e-06,1.1278700964516888,2.0461283204848514e-06,0.0071034745456459315,0.5847142817531468,0.004153503016909121,0.4000328254069585,0.6462156273846154,0.25850746324479795,0.7313606586945145,0.5784508970073029,0.4230562290576938,0.29472776316401283,0.4777535069198923,0.1408072224382626,0.000806829557315434,1.0,0.000806829557315434,0.00230150974887047,0.6285206031459688,0.0014465462955063956,6.01914757790239e-14,1.0,6.01914757790239e-14,1.0,1.0,1.0,0.020702831799977933,0.7449582021710759,-15.145511798419319,-1.0763102004525684,9.630308057198555,-5.7132345436032335,-2.2308095843323206,-90.44509437452767,56.55818992063267,8.78728590242503,-2.5851872733439936,358.15,11.5,0.4
387,0.011733792746822768,0.10726186533705924,0.0012585884975026666,4.464870429563755e-10,0.6199511315347748,2.768001474964202e-10,0.9745722967812985,1.0029627272791475,0.9774596887104738,2.2907805174222113e-06,1.1275339259730186,2.582932750351571e-06,0.007211983992263566,0.586430231446206,0.004229325441769455,0.4000335366982439,0.6434850136241617,0.25741558581239105,0.7296071580222404,0.5740163761858604,0.41880645688719087,0.2964933631871036,0.47449383450654736,0.1406842728043912,0.0007965561107652814,1.0,0.0007965561107652814,0.0024006890974707577,0.6270525994682612,0.0015053583390841532,6.197194185141386e-14,1.0,6.197194185141386e-14,1.0,1.0,1.0,0.018948067519603755,0.7413409512155501,-15.054353726255467,-1.084767616735378,9.557833682795971,-5.591283707894559,-2.1475951882859006,-89.23521301548404,55.968165220258655,8.72869356383787,-2.594269147101621,363.15,11.5,0.4
388,0.010270733038269935,0.10450275596543034,0.0010733199082844063,5.275319902726985e-10,0.6146022846267194,3.242223664352812e-10,0.9745936521921661,1.0029977134883246,0.977515204728978,2.879761114614544e-06,1.1272749866809622,3.246282672121461e-06,0.007322160352576327,0.5878513091561334,0.004304341549113127,0.40003426500844697,0.6403652161863279,0.25616802859407295,0.7282561574967841,0.5696680543575819,0.41486426831512174,0.2978559241487901,0.47099603150733915,0.14028895823503115,0.0007868652668307535,1.0,0.0007868652668307535,0.0025023424379626916,0.6252966514988428,0.001564706347361522,6.376382497940217e-14,1.0,6.376382497940217e-14,1.0,1.0,1.0,0.017595773151960876,0.738526891062586,-14.968645887742284,-1.0934422891512043,9.48915702870907,-5.47308492452685,-2.0670029318287924,-88.06440910443388,55.39674407163433,8.672871658245633,-2.6033173997268633,368.15,11.5,0.4
389,0.00884908248929548,0.10393538236119691,0.000919732772070698,6.17144656239008e-10,0.609254188718553,3.759979668588877e-10,0.974614145921636,1.0030320075216579,0.9775691833427846,3.6022974003704055e-06,1.1270248172692183,4.05987856940184e-06,0.007436198208213458,0.5893956828752863,0.004382863120925952,0.4000350275458016,0.6373177487703288,0.2549494231847667,0.726950621986412,0.5652607472089152,0.41091665176802494,0.2991723529875947,0.4676273489023734,0.13990117429247398,0.0007779293927319292,1.0,0.0007779293927319292,0.0026088788833557278,0.62368187021277,0.001627110461129903,6.562309734603652e-14,1.0,6.562309734603652e-14,1.0,1.0,1.0,0.01628888299490931,0.7357997050928522,-14.888916964463315,-1.102389583433967,9.42481450343498,-5.358773609710334,-1.9889276929754387,-86.93132383162524,54.8435208954793,8.619842200190133,-2.612345742523301,373.15,11.5,0.4
390,0.007846808795069075,0.10060093075875343,0.0007893962682699214,7.172947766209263e-10,0.6029306819299427,4.3247902881284027e-10,0.9746271944936533,1.003082049340604,0.9776310435957772,4.482571355553308e-06,1.126856628408032,5.051215244317219e-06,0.007558288482370166,0.589743681152283,0.004457452872803886,0.4000358418580182,0.632930853823323,0.2531950269471273,0.7260727654649562,0.5601828722925253,0.4067335272515363,0.30006226061853414,0.46330924009869034,0.13902161794946824,0.0007679686450751314,1.0,0.0007679686450751314,0.002722757633190338,0.6208313322903255,0.001690373248917211,6.741954437557503e-14,1.0,6.741954437557503e-14,1.0,1.0,1.0,0.015409579848794795,0.7339195749773201,-14.814359888906537,-1.1115667380120116,9.364034946908246,-5.248351795484731,-1.913265958077577,-85.83454893901511,54.30798998974781,8.56956806095663,-2.622570073464886,378.15,11.5,0.4
391,0.006907577328169918,0.09849119731852785,0.0006803355616217731,8.263347181125686e-10,0.5966317615750458,4.930175385181199e-10,0.9746390035490042,1.0031324394008851,0.9776920011653606,5.552071012245306e-06,1.1267013584317753,6.255525951606462e-06,0.007684403966678243,0.5901225454775118,0.0045347400292936515,0.40003669133687847,0.6285448600158433,0.25144100615753934,0.7252622280801798,0.5551026724327629,0.40259500102184786,0.30088427341955465,0.45905583472477157,0.13812268129017005,0.0007586738643975102,1.0,0.0007586738643975102,0.002841705527063492,0.6180330992010273,0.0017562680739077392,6.92653602124968e-14,1.0,6.92653602124968e-14,1.0,1.0,1.0,0.014597533365860407,0.7321698062346846,-14.745177198769206,-1.1210045439277037,9.307137630933402,-5.1415031242431795,-1.8399275779115296,-84.77243568847155,53.78933450013473,8.521847921125564,-2.6327916569342986,383.15,11.5,0.4
392,0.006171373694823766,0.09527874959483704,0.0005880007689252775,9.446267475399354e-10,0.590319005766475,5.576311224281942e-10,0.9746472135552812,1.0031857139532916,0.977752160783041,6.847166562050872e-06,1.1265856194574895,7.713919382836694e-06,0.007813518671239559,0.5903384926871978,0.004612620834962839,0.40003756782239225,0.6239586493375844,0.24960690050275217,0.7246579913223903,0.550098500865484,0.3986332746666397,0.3014995317739693,0.45470106900837615,0.1370921594031487,0.0007499022301610936,1.0,0.0007499022301610936,0.0029646266097685513,0.6150885083028661,0.0018235077590775211,7.113074171628993e-14,1.0,7.113074171628993e-14,1.0,1.0,1.0,0.013991739532625377,0.7308293659618409,-14.680806607298777,-1.1306756912862497,9.253652995452306,-5.037989277192576,-1.7688233879482695,-83.74348575081197,53.286845253892935,8.476526140976443,-2.6430091122429253,388.15,11.5,0.4
393,0.005421186947020089,0.09415141424670595,0.0005104124179577235,1.0707058699848137e-09,0.5840626646744855,6.253593235059431e-10,0.9746554808589928,1.0032383008936008,0.9778117085736114,8.406142766317588e-06,1.1264681497150841,9.469252088214605e-06,0.007947185420532507,0.5906494864816977,0.004694000987612361,0.40003848339474857,0.6194548098814167,0.2478057626765442,0.7240446568132572,0.5450758441816305,0.3946592525376851,0.30212337969464037,0.4504662460322012,0.136096384689606,0.0007417391180098594,1.0,0.0007417391180098594,0.003093235480001687,0.6122593303067848,0.0018938622834670199,7.305004457119749e-14,1.0,7.305004457119749e-14,1.0,1.0,1.0,0.013376778510318913,0.7294658448309832,-14.621516672876373,-1.14061545251205,9.203870370856801,-4.93785066476495,-1.699868804307209,-82.74654679663634,52.800112047669266,8.433588844172617,-2.6532340782212813,393.15,11.5,0.4
394,0.004876484922298435,0.0910791205499342,0.00044414595809795564,1.205164287028897e-09,0.5777947284175021,6.96337571922335e-10,0.9746601105315401,1.0032941099989074,0.9778707481471782,1.0277912390207723e-05,1.1263906465417695,1.1576944382305733e-05,0.0080836680270524,0.5907660974203446,0.004775557013183362,0.40003942451527325,0.6147302758645157,0.24591634578895602,0.7236399810641431,0.5401468482227534,0.3908718550197698,0.30253821753331184,0.44610555362047577,0.13496397902405,0.0007339929106896741,1.0,0.0007339929106896741,0.0032257023490730296,0.6092512644158286,0.0019652632348018525,7.497756288902099e-14,1.0,7.497756288902099e-14,1.0,1.0,1.0,0.012970430861741045,0.7285164671916058,-14.566599919169525,-1.1507830575902267,9.157180171191897,-4.8408112710295015,-1.6329836033117084,-81.780212638265,52.32842685115783,8.392865946205314,-2.6634634141044784,398.15,11.5,0.4
395,0.004381650069960932,0.08851527441060261,0.000387842958313828,1.3478295929105141e-09,0.5706611331908237,7.691539628384405e-10,0.9746634571084334,1.003361195869113,0.9779394918942417,1.2500480737785298e-05,1.1263251660914522,1.4079606043209032e-05,0.008232550186558147,0.5899626196998559,0.004856896874872383,0.40004045000046307,0.6090477369094471,0.24364373074501888,0.7232980727128472,0.5343992990445615,0.3865299830580278,0.3028915468083938,0.4410949138188681,0.13360392073591212,0.0007252044355532734,1.0,0.0007252044355532734,0.0033702269253398543,0.6053176338688426,0.0020400577880477846,7.685621693184743e-14,1.0,7.685621693184743e-14,1.0,1.0,1.0,0.012626700737256864,0.7276797241306376,-14.51655008756382,-1.1612310186596038,9.113986718041941,-4.74732822514651,-1.5680871241844583,-80.84386845693477,51.87184100613742,8.354560168364138,-2.6750569281239502,403.15,11.5,0.4
396,0.0038678359616592774,0.08790525613115008,0.0003400031108829321,1.4960688887590304e-09,0.5636139396145707,8.432052803282708e-10,0.9746669275313525,1.0034278270786934,0.9780079172182513,1.5140155643961917e-05,1.1262570905858593,1.7051707646585613e-05,0.008386348526248078,0.5892261696063292,0.004941456019104841,0.40004151759613904,0.6034477855497337,0.2414041679213449,0.7229425932015571,0.5286687442654997,0.38219715292391115,0.30325804455935756,0.4361936429407786,0.13227923120744314,0.0007169267433037935,1.0,0.0007169267433037935,0.00352101209256286,0.6014781017916061,0.0021178116698199996,7.876869521936266e-14,1.0,7.876869521936266e-14,1.0,1.0,1.0,0.012269324643551318,0.7268104306592853,-14.470986078825034,-1.1719429576550986,9.074066682479902,-4.65688159490035,-1.5051114936662946,-79.93597657480038,51.42942670399121,8.318378180112628,-2.6866700738519254,408.15,11.5,0.4
397,0.0034576619641245817,0.08644604798476037,0.00029890121206579425,1.6496943208450282e-09,0.5566128549988618,9.182410658009607e-10,0.9746684618663017,1.00349616992577,0.9780760684302753,1.8265501774692362e-05,1.1262096863562017,2.0570785024814933e-05,0.008543912236775059,0.5883964372320641,0.005027207520141882,0.4000426185819243,0.5977651382757637,0.23913153121282257,0.7226950641605843,0.5230180037719431,0.3779825297931051,0.3035162947356728,0.43126729236218236,0.13089665061845573,0.0007090318687135833,1.0,0.0007090318687135833,0.0036769163276572088,0.5975708921189371,0.0021972181701648053,8.06853771560103e-14,1.0,8.06853771560103e-14,1.0,1.0,1.0,0.012019839702674333,0.7261527277744031,-14.42946248819174,-1.182895712520431,9.037043288511901,-4.569293583938951,-1.443987934794132,-79.05539192083823,51.00062178444437,8.284203392880835,-2.6983018205979414,413.15,11.5,0.4
398,0.0031371284730412675,0.0839951829940604,0.00026350368016897854,1.807472345140974e-09,0.5496628513779098,9.935004030169041e-10,0.9746682992395235,1.003565961822672,0.9781439291843803,2.1951090410987206e-05,1.1261802694707188,2.472088491422169e-05,0.00870516160069797,0.5874880464532438,0.005114178382853842,0.40004375265325043,0.5920197402168503,0.23683379852115125,0.7225414802983872,0.5174446152207473,0.3738751982540281,0.3036803389676017,0.4263286239449116,0.12946762103118195,0.0007014826912260156,1.0,0.0007014826912260156,0.0038379719382268616,0.5936109246771726,0.0022782620711358876,8.260257218581148e-14,1.0,8.260257218581148e-14,1.0,1.0,1.0,0.011864241164150224,0.7256786105789007,-14.391853330124475,-1.1940908558283234,9.002831952381058,-4.48449061034039,-1.384651048619093,-78.20112063828721,50.584981540969075,8.251972249952711,-2.7099540837809446,418.15,11.5,0.4
399,0.0027947304745059133,0.0834173571414382,0.00023312903010592085,1.9669966455085765e-09,0.542801129215294,1.0676880003447487e-09,0.9746683120335649,1.0036353898619697,0.9782116113339147,2.6276589596222502e-05,1.1261476823258805,2.959132047321431e-05,0.008871002639195734,0.5866327333926017,0.005204020526164377,0.4000449270733465,0.5863536339209637,0.23456779672110364,0.7223713351934026,0.5118976445587936,0.36978018498229354,0.30386068002056943,0.4214866870849515,0.12807323135725032,0.0006943015118881057,1.0,0.0006943015118881057,0.004005266478275752,0.5897295364109231,0.002362023943435769,8.453624544506031e-14,1.0,8.453624544506031e-14,1.0,1.0,1.0,0.011692009703297871,0.7251660676349052,-14.358258978293605,-1.2055484657640179,8.971555638248061,-4.402470180236881,-1.327038529229746,-77.37228371950708,50.18214451085265,8.22165750372414,-2.7216374713520084,423.15,11.5,0.4
400,0.0025395386898517014,0.0814272651696125,0.00020678769030704484,2.130706947753938e-09,0.5350129049332268,1.1399557136792429e-09,0.9746663112336894,1.0037186567083294,0.9782907606503412,3.130416277425598e-05,1.1261347669995672,3.5252706051903284e-05,0.009051513392827547,0.5846437836004464,0.00529191103729281,0.400046202503896,0.5795850958383058,0.2318608166179708,0.7223039475363736,0.5055130026402473,0.3651340373380159,0.30393987652804083,0.41587973818566926,0.12640243627466624,0.0006857667266996964,1.0,0.0006857667266996964,0.004187279862612686,0.584740278431257,0.0024484711927337368,8.634720805607803e-14,1.0,8.634720805607803e-14,1.0,1.0,1.0,0.011622356245453503,0.7248434883569321,-14.328637823755145,-1.2172769568290327,8.943112020311178,-4.323549423221187,-1.271085913314018,-76.56836250885982,49.79208989850872,8.193397307261462,-2.734911491168136,428.15,11.5,0.4
401,0.002569280720477241,0.07145657155031451,0.0001835919916356255,2.297346003020714e-09,0.5272362347164755,1.2112440564735873e-09,0.9746593364973113,1.0038066379245096,0.9783695116910993,3.7168350209352966e-05,1.1261768538897765,4.185813570304253e-05,0.009233522146211502,0.5823339055205378,0.00537699301311372,0.40004749573008896,0.5725289680172917,0.22903877988824975,0.7225238599225724,0.4993312662555532,0.360778753874988,0.3037316836193662,0.4100785067321892,0.1245538352658834,0.0006773669963350745,1.0,0.0006773669963350745,0.004372599283297205,0.5794691942114727,0.0025337865833018934,8.809011765922235e-14,1.0,8.809011765922235e-14,1.0,1.0,1.0,0.011839971216898096,0.7250931429403955,-14.302066261139053,-1.2292087741290525,8.9167683410017,-4.247057382720837,-1.2167419644881632,-75.78788814201911,49.413797508081416,8.166825561246561,-2.748205512649669,433.15,11.5,0.4
402,0.0023491773412499047,0.06974135575410668,0.00016383481268559608,2.458980008631094e-09,0.5196477210071416,1.2778033574872711e-09,0.9746563371310369,1.0038905884460383,0.978448323815137,4.395462595796081e-05,1.1261726600122788,4.950049803492153e-05,0.009422607773100597,0.5803498385367769,0.005468408899714309,0.4000488496414981,0.5658610966887464,0.22637208078720952,0.7225020336679495,0.49309098510112376,0.3562592395188945,0.3037649622206311,0.4046094634646413,0.12290617838344657,0.000669390177469235,1.0,0.000669390177469235,0.004567261809199817,0.5745567425062075,0.0026241510672668543,8.986903883358562e-14,1.0,8.986903883358562e-14,1.0,1.0,1.0,0.011815739740308463,0.7248512134681793,-14.279605835549464,-1.241445283202692,8.893535975073592,-4.173274182081679,-1.1639526006079344,-75.03037801857224,49.0472174715244,8.142057162966875,-2.7615600346862146,438.15,11.5,0.4
403,0.0021328561482478227,0.06875582749722411,0.00014664628940532116,2.616857029906332e-09,0.5121631921128422,1.3402578497397601e-09,0.9746530716630518,1.0039746487390833,0.9785269752653809,5.1791679425511246e-05,1.1261701948901475,5.832624571231604e-05,0.009615823397888242,0.5783809506153769,0.005561609077820183,0.4000502424512067,0.5592590261927142,0.22373170902142103,0.722489239477951,0.48691859497095313,0.35179344536823637,0.30378909109279906,0.3992176660316073,0.12127797191193058,0.0006616308760793128,1.0,0.0006616308760793128,0.004768372856418298,0.569694060112021,0.0027165136927008943,9.16243890721953e-14,1.0,9.16243890721953e-14,1.0,1.0,1.0,0.011800471225561576,0.7246220982430559,-14.260579293082435,-1.253939168873255,8.872811640481181,-4.1019825926635205,-1.1126665168525622,-74.29488481081285,48.69180897278078,8.118957761850718,-2.774963740649193,443.15,11.5,0.4
404,0.0019847153039185984,0.0662975712851224,0.00013158180434221672,2.770311818835877e-09,0.5047590271305762,1.398339898523935e-09,0.9746484701067114,1.0040599403074777,0.9786054847161191,6.081179578254425e-05,1.1261816040872954,6.848512572181477e-05,0.009812091370512008,0.57634650967902,0.005655164614046228,0.40005166670078507,0.5526411391257602,0.2210850087946808,0.7225489169002414,0.48084546887131735,0.34743437272935906,0.30374070125433106,0.3938378954286748,0.11962459853803557,0.0006539993800460262,1.0,0.0006539993800460262,0.004975029737087869,0.5648014246376148,0.0028099038831217267,9.333451600368504e-14,1.0,9.333451600368504e-14,1.0,1.0,1.0,0.011857618470213152,0.7245336349744718,-14.24473764864799,-1.2666785110889454,8.854387250542292,-4.033096762737381,-1.0628346351900453,-73.58062274407766,48.347168442886876,8.09745826391969,-2.788421315883866,448.15,11.5,0.4
405,0.0018460182896094244,0.06413585677684289,0.00011839596462982253,2.921916562175666e-09,0.4963591413355655,1.4503199958556794e-09,0.9746430002775783,1.0041604456954605,0.978697949552694,7.106988999391123e-05,1.1261988126628524,8.003882572722231e-05,0.010027733610287587,0.5730699969096108,0.005746593269057907,0.40005322756975853,0.5448947128531128,0.21798688856258455,0.722638893101747,0.4738052928089079,0.3423901323411783,0.3036640156044117,0.38767986994075604,0.11772442607520604,0.0006447156219889338,1.0,0.0006447156219889338,0.0052018826599870465,0.5587322831112176,0.0029064597750912157,9.48489093764848e-14,1.0,9.48489093764848e-14,1.0,1.0,1.0,0.011944821789890923,0.724484914313273,-14.232456530070156,-1.2797065635795093,8.838536165280942,-3.9670909962649197,-1.0144038314284518,-72.88739401367673,48.01346918642092,8.077775071299396,-2.803829292718964,453.15,11.5,0.4
406,0.0017046370006248562,0.06267705441619864,0.00010684162604802974,3.065643893020026e-09,0.48809602872735935,1.4963286096753564e-09,0.974637354717561,1.004260986450792,0.9787902712804484,8.276947030382207e-05,1.1262165951726184,9.321635102981166e-05,0.01024754371509814,0.5698224845008446,0.005839280819768237,0.40005482993217323,0.5372511724186204,0.21492992641279185,0.7227318680927586,0.46686021156129515,0.3374147528398753,0.3035842885810546,0.3816234692610112,0.11585488942143803,0.0006355809626671752,1.0,0.0006355809626671752,0.0054359349288270725,0.5527376015639978,0.003004645634817836,9.6308774000133e-14,1.0,9.6308774000133e-14,1.0,1.0,1.0,0.012034950186026818,0.7244365081590274,-14.223291639873688,-1.2929935339643404,8.824973020310544,-3.903420593884873,-0.9673355718650168,-72.21400732544865,47.689843156754506,8.059601422679444,-2.819310323772331,458.15,11.5,0.4
407,0.0017900931987983157,0.053914421244273494,9.65118387865214e-05,3.204008161324472e-09,0.4798886044315232,1.5375670051252133e-09,0.9746277241378423,1.0043655040347275,0.9788824653999233,9.6084502688256e-05,1.1262782368044706,0.00010821788427196334,0.010467945653524642,0.5663267460961209,0.005928277600271641,0.4000564478352509,0.5294287370851757,0.21180137994019835,0.723053915464588,0.46011879604863326,0.3326906970618164,0.30327557962394897,0.3754505977074245,0.11386499763987723,0.0006263957495852606,1.0,0.0006263957495852606,0.0056737591582748685,0.5465471572689073,0.003100976938983558,9.765444700392308e-14,1.0,9.765444700392308e-14,1.0,1.0,1.0,0.012354123355011213,0.7248440118673942,-14.216651686821987,-1.3064943581381987,8.813165949164212,-3.8419279391645205,-0.921587020032192,-71.55968171563386,47.37582290532789,8.04282885606669,-2.8348659142596073,463.15,11.5,0.4
408,0.0016623004142993845,0.052686175491360066,8.758025134713791e-05,3.328223876021382e-09,0.4718849520617702,1.5705387641871886e-09,0.9746214347772835,1.0044664419647527,0.97897452485332,0.00011113029969709115,1.126300588970747,0.00012516612200132933,0.010694553211423583,0.5631148618543039,0.006022261854244292,0.40005812434562305,0.5219696674764837,0.20881820613595062,0.7231707543536285,0.45336935280856056,0.3278634568713831,0.30317203247089897,0.3695768651252316,0.11204536935423975,0.0006174076617707842,1.0,0.0006174076617707842,0.005921446825308081,0.5406782654912722,0.003201597598706373,9.89754706305989e-14,1.0,9.89754706305989e-14,1.0,1.0,1.0,0.012467983925420058,0.7248330580961517,-14.213404004833105,-1.3202971186283994,8.803951339835468,-3.782819413942833,-0.8771172019611323,-70.92402120344224,47.07130406726844,8.027528985744057,-2.850523889948566,468.15,11.5,0.4
409,0.001563506492227677,0.050962866879361565,7.968077322841666e-05,3.441173779245509e-09,0.46400084237337136,1.596707532323072e-09,0.9746144646677101,1.0045679955210005,0.9790664991770144,0.00012809175869728503,1.1263293441185251,0.00014427350656050144,0.0109236300045407,0.5598905624882416,0.006116037347655724,0.4000598323790228,0.5145720715144569,0.2058596166770002,0.7233210330029264,0.44672769878131,0.3231275405535173,0.30303513661174736,0.36376885964319117,0.11023474607707398,0.0006084094402789591,1.0,0.0006084094402789591,0.0061754244643340665,0.5348417424774642,0.0033028747810423947,1.0020883242396965e-13,1.0,1.0020883242396965e-13,1.0,1.0,1.0,0.012615228255465662,0.724884542936328,-14.21293269592512,-1.3343540895155794,8.796774625959404,-3.725935767702597,-0.8338868686607577,-70.30628286643432,46.77581367600157,8.013588253123531,-2.866289521741791,473.15,11.5,0.4
410,0.205947149076644,0.09256851477124332,0.01906422171139677,1.7416223698093568e-12,0.635487523475311,1.1067792866193488e-12,0.9712672984634215,1.0047262528965135,0.9758577533460732,2.543129886547895e-09,1.1653902019976297,2.963738652190264e-09,0.001667807321366391,0.47038728307338684,0.0007845153545874395,0.4000304572751643,0.5742154859263279,0.2297036834095896,0.9238604285202847,0.6192513224934254,0.572101792160529,0.10829678272401397,0.4562936617843613,0.049415135548605695,0.00031633235053523566,1.0,0.00031633235053523566,0.0019710830481938697,0.5690769770901051,0.001121697982659717,6.196085242135453e-14,1.0,6.196085242135453e-14,1.0,1.0,1.0,0.20761495894114027,1.1298075775986702,-18.355893582410786,-0.9948675903632188,11.95593897727873,-9.357424386307246,-4.186476371258124,-120.01743901168064,71.12055014086856,10.7789024118876,-2.455452301880366,273.15,12.0,0.4
411,0.18343333883702406,0.09599879442348358,0.01760937938542868,2.5052787741698714e-12,0.6382635620816234,1.5990281544091445e-12,0.9716436164641891,1.0044070960177613,0.9759257431769917,3.632256900091519e-09,1.1609734164638097,4.216953702773498e-09,0.0018428786660504603,0.4813735054562192,0.0008871129636071917,0.400031892496966,0.5856560799653671,0.23428111002090024,0.9015242604465857,0.6208984746267303,0.5597550381502763,0.1306125681438694,0.4614577260908353,0.06027217869455424,0.00034041929366521965,1.0,0.00034041929366521965,0.0021702434681570406,0.5768353709355942,0.0012518731959749174,6.797214773137063e-14,1.0,6.797214773137063e-14,1.0,1.0,1.0,0.18527622113533143,1.0849575992861151,-18.124842402329367,-1.0003266759071854,11.796143889476474,-9.120918404588455,-4.034489269892835,-117.73882257764397,70.04636621721687,10.634505732057807,-2.4586148133851085,278.15,12.0,0.4
412,0.16131022656394778,0.09862541397493389,0.01590928787325973,3.5685485752924695e-12,0.641567683692136,2.2894654435932625e-12,0.97201381141388,1.0041345682243483,0.9760326688321795,5.170871189207544e-09,1.1566492263659744,5.980884160635008e-09,0.0020131537040735375,0.4910547611570046,0.0009885687113261698,0.40003326427185193,0.5949503069584177,0.23799991337211612,0.8795738808819921,0.6219538064345539,0.5470543232549678,0.15254640968978805,0.4654092836065998,0.07099651525048313,0.0003604978459409863,1.0,0.0003604978459409863,0.0023606000919515866,0.5830110116955001,0.001376255847817185,7.329443716104276e-14,1.0,7.329443716104276e-14,1.0,1.0,1.0,0.1633233854388925,1.0408841074495085,-17.902084441784464,-1.0057932445797566,11.640265907178877,-8.892295802960712,-3.8883353717714857,-115.5510964222292,69.00981778684083,10.496857580356558,-2.464325763385671,283.15,12.0,0.4
413,0.13953763242209127,0.10233400979944537,0.014279445443673695,5.001850985214526e-12,0.6449103868432358,3.225745653806919e-12,0.9723785894934746,1.0038669805397162,0.9761387585762826,7.32742839049516e-09,1.152408469753643,8.444190538719923e-09,0.0021766986063795025,0.5025153950411149,0.0010938245600702395,0.4000345712945909,0.6058921798460979,0.24237781841547892,0.8579671739935922,0.621938390937095,0.5336027236704214,0.17413866728649985,0.47108557258870126,0.08203421378849413,0.0003783205467590286,1.0,0.0003783205467590286,0.002541971966941393,0.5912757848335736,0.0015030064697782142,7.829960859502223e-14,1.0,7.829960859502223e-14,1.0,1.0,1.0,0.14171433835589917,0.9975048064206855,-17.690510651876004,-1.0114572701753939,11.49136987919842,-8.67158535059609,-3.747726234792362,-113.44969745219511,68.00975120063394,10.365771704440677,-2.470020279426972,288.15,12.0,0.4
414,0.11922450553489104,0.10606356861688497,0.012645376523614098,6.932781608473571e-12,0.6481399936157456,4.4934130274554175e-12,0.9727191114113288,1.0036324671906522,0.9762524816692509,1.0331749259511199e-08,1.148466482496947,1.1865667730111257e-08,0.0023317344266474607,0.5137313214561545,0.0011978850082864083,0.4000357945566577,0.6161557692180989,0.2464843627098308,0.8378112761539895,0.6212235229424953,0.5204680725333292,0.19428301451318666,0.4765379961861346,0.09258323842911569,0.0003930283835713806,1.0,0.0003930283835713806,0.00271172159464822,0.5993110194788105,0.0016251646334313312,8.276671672331876e-14,1.0,8.276671672331876e-14,1.0,1.0,1.0,0.12155625029328776,0.9570357816958133,-17.487824161298615,-1.0172184377180309,11.34742365990674,-8.458378410381142,-3.6123727483373966,-111.42992745375436,67.0446023246394,10.240865450964082,-2.4764861649721537,293.15,12.0,0.4
415,0.10151508926505008,0.10821094154522315,0.010985043390418444,9.54386615827746e-12,0.6509672409010323,6.212744220582618e-12,0.9730159323381412,1.0034523548845315,0.9763751286448759,1.4487705012608981e-08,1.1450423721989285,1.6589036115356096e-08,0.0024750075377371183,0.5231597902544004,0.0012948244243206112,0.400036906172084,0.6240337112383005,0.24963651519085336,0.8202471274734229,0.6202193753327199,0.5087331610200242,0.21183905557561158,0.4803171029881361,0.10174992147382053,0.00040400506704510355,1.0,0.00040400506704510355,0.002865979667434191,0.6054313772349053,0.0017351540171819178,8.653120230771466e-14,1.0,8.653120230771466e-14,1.0,1.0,1.0,0.10399011129049221,0.9217622167480168,-17.29208687485816,-1.0229885422223413,11.206716525974231,-8.252379824867191,-3.482008150640887,-109.48749216695148,66.11293274470844,10.121817665177685,-2.4838983700952006,298.15,12.0,0.4
416,0.08595170545264458,0.11006013277533924,0.009459856114384912,1.3016959087295262e-11,0.6522314850568166,8.490070556430413e-12,0.9732765971242572,1.003306521208661,0.9764947568345419,2.0201504429657957e-08,1.1420436730025831,2.3071000319024516e-08,0.0026113481149270426,0.5318891451869715,0.0013889477166341537,0.40003794846590046,0.6308564277271695,0.2523665111245035,0.8048219561554653,0.6178377394139964,0.4972493780218432,0.22725862883502754,0.4834434266234476,0.10986669025375195,0.0004122932727229196,1.0,0.0004122932727229196,0.003010619847337826,0.61088837667151,0.0018391526713152342,8.977436722729976e-14,1.0,8.977436722729976e-14,1.0,1.0,1.0,0.08856307376907605,0.8907736616211268,-17.104914352371992,-1.0288854450221054,11.071088700552151,-8.053270968417966,-3.3563892011674237,-107.61834737113603,65.21330542863616,10.00830076396684,-2.4921694757719592,303.15,12.0,0.4
417,0.07207112112018776,0.11256061193350211,0.008112369496021883,1.7536468093305593e-11,0.652950734513705,1.1450449722300033e-11,0.9735089211341695,1.00317819786975,0.9766029251135008,2.8001169179597314e-08,1.1393774443915885,3.190390057982605e-08,0.0027411534240794353,0.5406197375209417,0.0014819216446304555,0.40003893315558847,0.6374622020556245,0.25500969923734423,0.7910729479963972,0.6150042874143202,0.48651325467526985,0.24100335054888697,0.4865547900894704,0.11726133463717275,0.00041912118954170606,1.0,0.00041912118954170606,0.003147268645003194,0.6164517196749733,0.0019401391684913411,9.276144563409495e-14,1.0,9.276144563409495e-14,1.0,1.0,1.0,0.07481230254543637,0.8631440691341214,-16.926767767757326,-1.0349628354212805,10.941177455850053,-7.860878266139771,-3.2352873415741277,-105.8188486834766,64.34447704730998,9.900073639132513,-2.5002290803872556,308.15,12.0,0.4
418,0.060525994086620225,0.11384251877577839,0.0068904316182287146,2.3423976804014828e-11,0.6530043812545846,1.5295959479427455e-11,0.9737017996427253,1.0030835184746838,0.9767042271307566,3.8574371939774804e-08,1.1371671280013225,4.3865507753208486e-08,0.0028622414295445685,0.5480464578443531,0.0015686412769572592,0.4000398411704661,0.6423880483006565,0.2569808128120003,0.7796505453215589,0.6121321121476476,0.47724913504475114,0.25242319417712933,0.48844055964904665,0.12329372623227705,0.0004240238110335522,1.0,0.0004240238110335522,0.003273280394602372,0.6206839975505453,0.0020316727604256265,9.536833907771617e-14,1.0,9.536833907771617e-14,1.0,1.0,1.0,0.06338827409053674,0.840176539431603,-16.755895606596397,-1.041138745994398,10.815423275557276,-7.674908791433312,-3.118483183215918,-104.08546833970308,63.50514586370292,9.796853808432681,-2.508347126580611,313.15,12.0,0.4
419,0.050763500420514404,0.11478516462038103,0.005826896752475528,3.096376157264526e-11,0.6524429575455979,2.0202088177193427e-11,0.973864525957298,1.003009588029585,0.9767954569770566,5.2816004650439905e-08,1.1353039083156131,5.996221650126001e-08,0.002977246885613789,0.5548165822146965,0.0016518259414855922,0.40004069721730445,0.6463944855173663,0.25858410066378806,0.7700046040856197,0.6091405834916831,0.4690410538239968,0.2620675747331346,0.4896981006727481,0.12833399359472947,0.00042779393701251694,1.0,0.00042779393701251694,0.003392084439501848,0.6242886618713632,0.0021176398556912823,9.77543541953668e-14,1.0,9.77543541953668e-14,1.0,1.0,1.0,0.053740800122132844,0.8207681045370978,-16.592898999762873,-1.0474727758164732,10.694603737634516,-7.495097358928039,-3.005774609592529,-102.41492417659921,62.69408120273096,9.698381240822304,-2.5162870097099344,318.15,12.0,0.4
420,0.0425508199843643,0.11548693140422295,0.00491406362872772,4.0500917932537846e-11,0.6513109223517007,2.6378690214731786e-11,0.9740009970045665,1.0029529657925738,0.9768771886306536,7.187759341657968e-08,1.1337414793331941,8.149060909102291e-08,0.003087502415479468,0.5609945772090463,0.0017320721122038138,0.40004151322678827,0.6495680362147808,0.2598541801511141,0.7619036592874129,0.6060736998962925,0.46176976974884654,0.27016766621773386,0.4903871612456604,0.13248675489687958,0.00043075336076030317,1.0,0.00043075336076030317,0.0035053374991835906,0.6273239547489852,0.0021989821827177675,9.997782540924015e-14,1.0,9.997782540924015e-14,1.0,1.0,1.0,0.04563839427743718,0.8044544793122781,-16.437639940617377,-1.0539795160979757,10.578746772346756,-7.321179248871795,-2.8969705650802724,-100.8041353204772,61.910105722253064,9.604409128218817,-2.5240358913648344,323.15,12.0,0.4
421,0.0358386447331484,0.11534578653419295,0.004133836665064513,5.2529491305990253e-11,0.648733901068323,3.4077661816069607e-11,0.9741118786494851,1.0029220754477801,0.9769583070534777,9.725650316514434e-08,1.1324700216841006,1.1014007424835064e-07,0.0031976677373815516,0.5657974361296337,0.0018092322074049283,0.4000423201145695,0.6510264311890754,0.26043812398878585,0.7553031194512964,0.6022084531020422,0.4548499231879121,0.27676851108739653,0.4898253736752443,0.13556823936492501,0.0004325308943561399,1.0,0.0004325308943561399,0.003617331098181349,0.6289180902916496,0.0022750049662208106,1.0190979924802428e-13,1.0,1.0190979924802428e-13,1.0,1.0,1.0,0.039036409727033115,0.7911417642369741,-16.28961400947788,-1.0606491524982657,10.467530211300142,-7.1527820811633935,-2.791888073030472,-99.25009824172898,61.15198962612901,9.514650970715117,-2.5326878730549165,328.15,12.0,0.4
422,0.030237802689068855,0.11497397505388364,0.0034765603720572583,6.74098114551575e-11,0.6457378983393177,4.3529069976503046e-11,0.9742038614113513,1.0029031199700218,0.9770320920962869,1.3081697600767999e-07,1.1314133211552395,1.4800806928833449e-07,0.003305760923225268,0.5701011953984852,0.0018846182540323251,0.4000431095614948,0.651786646961934,0.2607427570213123,0.7498118176403632,0.5983517512656688,0.4486512142048056,0.28226042915600297,0.48880027844193863,0.13796897636459537,0.000433952189196031,1.0,0.000433952189196031,0.003726912688912217,0.6300295059932147,0.0023480649602752074,1.0375931434657606e-13,1.0,1.0375931434657606e-13,1.0,1.0,1.0,0.03354369442927013,0.7800496203968417,-16.148975094705673,-1.0675133857808567,10.361220611693682,-6.989793808267859,-2.69036198432385,-97.75024016787548,60.41879520196233,9.42895304034568,-2.5411824419497067,333.15,12.0,0.4
423,0.025565363866584943,0.11444057806229606,0.002925715019264917,8.559525988957167e-11,0.6423846106174226,5.498507769485969e-11,0.974280026281008,1.0028940379055844,0.9770996296077189,1.7493177098771504e-07,1.1305358107485686,1.9776663153927937e-07,0.003412753193838985,0.5739791692427675,0.001958849243030302,0.400043889695844,0.6519408742774829,0.26080496319767343,0.7452478120161615,0.5945122099256378,0.4430589236639744,0.28682522890959855,0.48738243696588135,0.1397935790492569,0.0004351715766747374,1.0,0.0004351715766747374,0.0038352125693054324,0.6307282358258499,0.00241897685785514,1.0555625697436216e-13,1.0,1.0555625697436216e-13,1.0,1.0,1.0,0.028978291992194916,0.7708131759683418,-16.01552886621744,-1.0745811632690248,10.25975515694375,-6.831991169022582,-2.592233762367645,-96.30203415883199,59.70952365837456,9.347118130665367,-2.549539813651033,338.15,12.0,0.4
424,0.02186771658477189,0.11256838624857927,0.002461613566889065,1.0764995015843845e-10,0.6386795333264162,6.875381992980335e-11,0.9743395871968301,1.0028968728014234,0.9771621250463307,2.325691071841841e-07,1.129845906910529,2.6276725382588667e-07,0.0035182414111623334,0.5772327867350908,0.002030844294172033,0.4000446572604298,0.6512815642655878,0.26054171015666366,0.7416570848960052,0.5907841242559387,0.4381592313984988,0.2904169714403115,0.4853990594479815,0.1409681247848585,0.00043613724059067516,1.0,0.00043613724059067516,0.00394178172220769,0.6308003350194764,0.0024864772309422596,1.072839592699675e-13,1.0,1.072839592699675e-13,1.0,1.0,1.0,0.025386190565041405,0.7635248015884271,-15.888724751046576,-1.0818364051254141,10.162703167630818,-6.679171110725482,-2.497354163371302,-94.90311828315755,59.0232371946846,9.268967006647891,-2.557790517336382,343.15,12.0,0.4
425,0.018595363495419494,0.11178560629498384,0.002078693982611078,1.3387640888608668e-10,0.63478091839147,8.498218978366193e-11,0.9743918176133421,1.0029025218170016,0.9772200111222727,3.074670952990839e-07,1.1292384013709842,3.472036511697175e-07,0.003625440463237168,0.5804604766835432,0.002104424899478452,0.40004543857143454,0.6504778371845096,0.2602206916574753,0.7384934046763644,0.5869872778665647,0.43348623333339054,0.2935815231197039,0.4833903736507389,0.14191448215778674,0.0004372823346445392,1.0,0.0004372823346445392,0.004050275665026215,0.6308687980291326,0.0025551925404817336,1.0904194776811483e-13,1.0,1.0904194776811483e-13,1.0,1.0,1.0,0.02222111142575196,0.7570887683056604,-15.769054745255254,-1.0893328677059155,10.070672082393266,-6.531125454148706,-2.4055829586564847,-93.5512590881475,58.359030365713714,9.194324552104252,-2.565933507152178,348.15,12.0,0.4
426,0.01580632687565348,0.11136770362008447,0.0017603143268099522,1.6502615981904422e-10,0.6298363620783146,1.0393947614818139e-10,0.974435561066039,1.0029216355094304,0.9772825066029013,4.0434183293527113e-07,1.1287252572785924,4.563908394083617e-07,0.003739305623609501,0.5827679527454099,0.002179147482960308,0.4000462651087094,0.6485453241422487,0.25944813467682387,0.7358198099879691,0.5824034708254238,0.428544011239097,0.29625651823688004,0.4806084790768286,0.14238339464642366,0.0004380151881000918,1.0,0.0004380151881000918,0.004165067432489554,0.6299673506533172,0.002623856495737859,1.1065172372114252e-13,1.0,1.1065172372114252e-13,1.0,1.0,1.0,0.019546036841095914,0.7516261370286488,-15.65594675114405,-1.0970516960824592,9.983219476338707,-6.387559959872665,-2.3167840693314505,-92.24426043668954,57.71595520328944,9.122982822692771,-2.5751239845557827,353.15,12.0,0.4
427,0.01372884819964332,0.10863781737609268,0.0014914721034969504,2.0166538764837352e-10,0.6246697746976747,1.2597427226662863e-10,0.9744671348591484,1.0029506425551908,0.9773424390558988,5.287980119410749e-07,1.1283488420222687,5.9666862443739e-07,0.003853213503469957,0.5844875582579668,0.0022521553520897814,0.40004709127782007,0.6458830868251754,0.25838365018995113,0.7338578428850698,0.5779836477015382,0.42415783292509496,0.2982200062132733,0.47732200174949935,0.14234697032746774,0.0004386266466153705,1.0,0.0004386266466153705,0.004279835692885026,0.6284760332149631,0.0026897741590761943,1.1221421316924621e-13,1.0,1.1221421316924621e-13,1.0,1.0,1.0,0.017582590501125216,0.7475866912863784,-15.548708496585162,-1.1049632248468966,9.899718141815221,-6.24843420853939,-2.230836189464527,-90.98029403946381,57.093336375304425,9.054859129760901,-2.5842659324680417,358.15,12.0,0.4
428,0.011846326047259667,0.10712347522127427,0.001269019614786757,2.43903005652269e-10,0.6194382795924533,1.5108285820867e-10,0.9744952527231738,1.0029807951582443,0.9774000234542232,6.878737827950713e-07,1.1280105954506405,7.759289153255527e-07,0.003970475582346717,0.5862218841937069,0.002327579677028399,0.40004794375660785,0.643159001895968,0.25729443621703424,0.7320942682312855,0.57352925110925,0.4198774774000636,0.29998490759225616,0.47406722551228775,0.1422130128378209,0.00043950015836921445,1.0,0.00043950015836921445,0.004398289449458463,0.6270189989017142,0.0027578110474794173,1.1382271211702243e-13,1.0,1.1382271211702243e-13,1.0,1.0,1.0,0.01581748950338918,0.7439405945224482,-15.447864386405232,-1.1131227111308384,9.820784807717216,-6.113574870382149,-2.14762169892643,-89.75750417797163,56.49040336146518,8.989812634441135,-2.593364380174937,363.15,12.0,0.4
429,0.010368526517893864,0.10437231281504485,0.0010821870931567062,2.923691113366658e-10,0.6140924810435127,1.7954167296122018e-10,0.9745163813514998,1.0030162105943212,0.9774557279852717,8.900563974622495e-07,1.1277504019108788,1.0037614599614018e-06,0.004089558098361498,0.587659558160915,0.00240326790515651,0.40004881014610216,0.6400435267291754,0.2560486513097216,0.7307373046513059,0.5691622798277554,0.41590811027052627,0.30134316702380703,0.4705726315373306,0.14180384710218621,0.00044044044710787937,1.0,0.00044044044710787937,0.004518716639616495,0.6252720476235225,0.002825427205883489,1.154295486162717e-13,1.0,1.154295486162717e-13,1.0,1.0,1.0,0.014458974672652825,0.7411058314615688,-15.352749332933062,-1.121500602076103,9.745834732397302,-5.982840741394635,-2.067029357205422,-88.57416492130167,55.906447037748855,8.927723141302895,-2.6024284751869495,368.15,12.0,0.4
430,0.008932800779238638,0.103809187641333,0.0009273067922546294,3.469764523618664e-10,0.6087469523567051,2.1122085791482753e-10,0.9745366311674236,1.0030509220009578,0.9775098664161916,1.145743873659535e-06,1.1274991922290152,1.2918252920524675e-06,0.004213011484602948,0.5892211765122676,0.0024823955836174453,0.4000497107187988,0.6370007639706992,0.25483197135413205,0.729426900441374,0.5647365695153711,0.41193404546749174,0.30265463624126504,0.4672074429431402,0.1414024986931677,0.00044169980630368163,1.0,0.00044169980630368163,0.004643940785206532,0.6236669171079453,0.0028962722327416086,1.1709895345051393e-13,1.0,1.1709895345051393e-13,1.0,1.0,1.0,0.013146958007715245,0.7383597015675891,-15.263679798524764,-1.1301373803700099,9.675263197738415,-5.856082869936379,-1.9889540458882948,-87.42863309185127,55.340777449879624,8.8684704773903,-2.611471916140412,373.15,12.0,0.4
431,0.007920551417334963,0.10048155599363398,0.0007958693307414001,4.0918146908962783e-10,0.6024246047117544,2.4650098477169383e-10,0.9745493635625053,1.0031014672309078,0.9775718964784964,1.4676574470662982e-06,1.1273307674000428,1.654535396081636e-06,0.004344518961526628,0.5895835654479729,0.0025614569794931946,0.4000506656855508,0.6326153901226905,0.25307820794150676,0.7285481903162973,0.5596417637903832,0.4077259942349044,0.3035351240662661,0.462890761312112,0.14050360466400025,0.00044238686346968244,1.0,0.00044238686346968244,0.004776779177465235,0.6208226662745394,0.0029655327851586693,1.1856714409899233e-13,1.0,1.1856714409899233e-13,1.0,1.0,1.0,0.012266538036308658,0.7364687421428135,-15.179673097464898,-1.1389773055042995,9.608181341376373,-5.7330716066647875,-1.9132922338836702,-86.31926875019516,54.79265724931568,8.811901690740566,-2.621712066866142,378.15,12.0,0.4
432,0.0069720853043124436,0.09837661361996886,0.0006858901421078079,4.781904063111854e-10,0.5961264765946762,2.8506196205566313e-10,0.9745608418467177,1.0031523584649387,0.9776330069661109,1.8706119191583944e-06,1.1271754722998995,2.108507873467183e-06,0.0044804912599272825,0.5899769573088827,0.00264338660078094,0.4000516551082719,0.6282308347992669,0.2513247852514981,0.7277378709951091,0.5545451152020161,0.4035634815078527,0.3043470745846335,0.45863874407136007,0.13958536004928884,0.00044330935380059556,1.0,0.00044330935380059556,0.004914479911841947,0.6180308230018865,0.0030373000645419175,1.2007607180629855e-13,1.0,1.2007607180629855e-13,1.0,1.0,1.0,0.011454447176158886,0.734709956777612,-15.101159344819596,-1.1480681456667816,9.545060729977283,-5.6137917265243615,-1.8399537841484486,-85.24472429075271,54.261570689942076,8.757966016029238,-2.631948960666653,383.15,12.0,0.4
433,0.00622862810175042,0.09517006712025856,0.0005927789545107164,5.543566037511333e-10,0.5898139495430557,3.2696725791373113e-10,0.9745686927249467,1.0032061547162903,0.9776933107354757,2.3723761729631894e-06,1.1270601293214384,2.67381059629899e-06,0.004619722872300433,0.5902064828748961,0.002726590388317151,0.40005266944595075,0.6236448572076806,0.2494907899121714,0.7271359633178028,0.5495254349468291,0.3995797065076972,0.30495057855679947,0.45428449505293134,0.13853431959577492,0.00044433105164107673,1.0,0.00044433105164107673,0.005055736793607954,0.6150915464391753,0.0031097409627697543,1.2159166695657675e-13,1.0,1.2159166695657675e-13,1.0,1.0,1.0,0.010850723350223815,0.7333645919739098,-15.027672389976436,-1.15739034798758,9.485495734860631,-5.498133732451642,-1.7688495285400654,-84.20363020607104,53.7469374279684,8.70657222801418,-2.642181305352879,388.15,12.0,0.4
434,0.005531565317787396,0.09297494978668644,0.0005142970076630596,6.372822766890577e-10,0.5835390457422355,3.718790916075719e-10,0.9745755849705439,1.0032602649664357,0.9777529596073669,2.9941419811398515e-06,1.1269545793511382,3.374262016873047e-06,0.004763435325648844,0.5904563557475326,0.002812600663221678,0.4000537183252677,0.6190613928237276,0.24765781207075144,0.7265851127476457,0.544516913893613,0.3956378832743909,0.30550292223238457,0.44998658443062717,0.13747221650892624,0.0004455450904440165,1.0,0.0004455450904440165,0.005201906866052033,0.6121919239057901,0.003184565372307134,1.2313962858274597e-13,1.0,1.2313962858274597e-13,1.0,1.0,1.0,0.010297994785417378,0.7321166787027155,-14.959265711831986,-1.166963045687422,9.429598238566863,-5.385987539537319,-1.699894898409112,-83.19468367140871,53.24819673423782,8.6576311874569,-2.652417867347704,393.15,12.0,0.4
435,0.0049211562262742115,0.09097869140758841,0.00044772035367873406,7.26860107110888e-10,0.5772893525164328,4.1960860060406997e-10,0.9745808428676798,1.0033155960485043,0.9778121592592398,3.760778399842487e-06,1.1268664614901696,4.237895047879162e-06,0.004911241095386425,0.5906612175374197,0.002900879645020756,0.4000547986983975,0.6144163213509439,0.2458001977550618,0.7261252104458961,0.5395443368832649,0.39177674516425215,0.3059642668613108,0.4456896438200119,0.13636510511906869,0.0004468911926300148,1.0,0.0004468911926300148,0.005352592065113036,0.6092646908076907,0.003261145349570792,1.2470532537883442e-13,1.0,1.2470532537883442e-13,1.0,1.0,1.0,0.009836158100060478,0.7310463673990304,-14.895673293318204,-1.1767803435578323,9.377155618770642,-5.2772550205822935,-1.633009624739459,-82.2166563878178,52.764818557855115,8.61106179955396,-2.662664328979406,398.15,12.0,0.4
436,0.004421553426057624,0.08841850571043988,0.0003909471468508911,8.242760916078297e-10,0.5701548676900766,4.699650259507559e-10,0.9745837816899134,1.0033832585685194,0.9778810506200558,4.702572591815957e-06,1.126801979929675,5.298868107221248e-06,0.005071273797765375,0.5898698769336489,0.0029913916509847,0.4000559644232674,0.608732234824831,0.2435269612783786,0.725788669346215,0.533783269309956,0.3874138487517453,0.3063030287949499,0.440678642187325,0.13498120282722365,0.0004476790797953859,1.0,0.0004476790797953859,0.0055152963023930215,0.6053344751512041,0.0033385989925124554,1.2606448249233754e-13,1.0,1.2606448249233754e-13,1.0,1.0,1.0,0.009497529796414814,0.7302102235965486,-14.836586701118398,-1.186831897692476,9.327934460365887,-5.171735618420062,-1.568113078225078,-81.26827585020833,52.29619649132973,8.566737910960292,-2.674273165830822,403.15,12.0,0.4
437,0.0039028646022894265,0.08780977900473995,0.0003427096782124569,9.275157721003149e-10,0.5631067731561473,5.22290413478841e-10,0.9745868481331721,1.0034504587881352,0.9779496198881142,5.852925048830125e-06,1.1267349250330125,6.594695066117451e-06,0.005236658804427377,0.5891459161805219,0.0030851561490591642,0.4000571713105187,0.6031309874568521,0.2412868767717082,0.7254386767858413,0.5280395581911764,0.3830603183847873,0.3066551973757483,0.4357772246730767,0.13363335084397818,0.00044861802007894363,1.0,0.00044861802007894363,0.005683921018083866,0.6014986781466106,0.0034188709790671833,1.2744674380958496e-13,1.0,1.2744674380958496e-13,1.0,1.0,1.0,0.009145376331765633,0.7293415423156466,-14.782137687376087,-1.197141788917748,9.282087945465799,-5.069454753945758,-1.50513738196736,-80.34854973384577,51.8419480864345,8.524638871334268,-2.685901418254042,408.15,12.0,0.4
438,0.0034887963572651027,0.08635278243526785,0.00030126727279986855,1.0364650646262075e-09,0.556104566953829,5.763829559267305e-10,0.9745879696700422,1.0035193819712835,0.9780179169999288,7.251132574603015e-06,1.1266887517764783,8.169769509445238e-06,0.005406122593579009,0.5883281401467099,0.003180574050885447,0.4000584095858073,0.5974464107997363,0.23901346091729136,0.7251976876413395,0.5223763917318498,0.378826151362364,0.3068984146170336,0.43085029379211437,0.13222727210208304,0.00044958589613036003,1.0,0.00044958589613036003,0.005857149166854465,0.5975945899081962,0.0035002006543975272,1.2881985848835078e-13,1.0,1.2881985848835078e-13,1.0,1.0,1.0,0.008902170083418714,0.7286864850350698,-14.731955424230145,-1.2076934205016092,9.239288870079443,-4.970334645374177,-1.444013756503631,-79.45643298227347,51.4016112024606,8.48469810188895,-2.697548080346963,413.15,12.0,0.4
439,0.0031652102848312123,0.08390517619240316,0.00026557752663476956,1.1504146764763497e-09,0.5491532655424644,6.317539763149642e-10,0.9745873882650791,1.0035897632878283,0.9780859262922535,8.94254456312262e-06,1.1266607465470793,1.007521393351826e-05,0.00557960412754549,0.5874312667166364,0.003277633920421421,0.40005967901944633,0.5916985637227995,0.23671473747921057,0.7250515474070264,0.5167912616468738,0.3747003039434953,0.30704685061531384,0.42591069589105285,0.1307745378167245,0.000450566524306293,1.0,0.000450566524306293,0.0060349942254728835,0.5936372310432224,0.0035825972613715592,1.3018030051832438e-13,1.0,1.3018030051832438e-13,1.0,1.0,1.0,0.008753756956939824,0.7282167588422722,-14.68591295070124,-1.2184889577228226,9.199452015911865,-4.874300346533985,-1.3846768025824334,-78.59093037448079,50.97473976923599,8.446851364086168,-2.7092150780710895,418.15,12.0,0.4
440,0.002819605621309535,0.08332845529777483,0.00023495338097264618,1.2679492707062346e-09,0.5422902885399057,6.875965758652463e-10,0.9745869900392738,1.003659774576091,0.9781537587276085,1.0979256086866339e-05,1.1266295681620542,1.2369554543886818e-05,0.005758119688574144,0.5865877626695447,0.003377642545304163,0.4000609877151352,0.5860302316745919,0.23444783331466676,0.7248888382060331,0.5112328916744608,0.3705870168986107,0.30721188802442195,0.4210680185813012,0.12935710097506392,0.0004516160431873993,1.0,0.0004516160431873993,0.006218632803232129,0.5897586959479244,0.0036674927726131666,1.3154504420227687e-13,1.0,1.3154504420227687e-13,1.0,1.0,1.0,0.008588704565970546,0.727708445095292,-14.64405936336241,-1.2295448441728025,9.162666294705362,-4.781280465650089,-1.327064214685107,-77.75109400492026,50.560903425355136,8.411036960975382,-2.7209130715697976,423.15,12.0,0.4
441,0.0025620257693985925,0.0813402389391043,0.00020839578825102405,1.3914544482425542e-09,0.5345004138947573,7.437329785013462e-10,0.9745845567496165,1.0037436833869866,0.9782330927639338,1.3423434715006778e-05,1.126618245925636,1.5123086472918223e-05,0.005951690326267294,0.5846090350913953,0.0034794119388019138,0.40006240204611015,0.5792583025582345,0.23173946792659972,0.7248298054980061,0.5048378897451212,0.3659215494319801,0.30727432559249157,0.4154598810966424,0.12766015477470752,0.00045186155347662354,1.0,0.00045186155347662354,0.006417337385794354,0.5847705129091167,0.0037526696746018147,1.3262619365907287e-13,1.0,1.3262619365907287e-13,1.0,1.0,1.0,0.008527139530380893,0.7273918326588591,-14.605983969477531,-1.2408386572785686,9.128582960661754,-4.6911014474874175,-1.2711115146833165,-76.93591453312604,50.15959072003636,8.37714771802528,-2.734203179814811,428.15,12.0,0.4
442,0.0025918932495405792,0.07138022827680252,0.00018500993182131008,1.5190924094500564e-09,0.526721633257109,8.00138834974011e-10,0.9745771248127598,1.0038323432729315,0.978312038900989,1.6338804766358142e-05,1.126662402760741,1.8408317036303728e-05,0.00614698303270017,0.582307599904078,0.0035794349364227265,0.40006383056470335,0.5721970714162815,0.2289153522287027,0.7250604387848042,0.4986470853897949,0.36154927453148844,0.30704735829508556,0.4096562544243384,0.12578387073005257,0.00045188255247975435,1.0,0.00045188255247975435,0.006618481912326396,0.5794986687583421,0.003835401457394314,1.3362709498605158e-13,1.0,1.3362709498605158e-13,1.0,1.0,1.0,0.008755215087007107,0.7276523335534373,-14.571311263315861,-1.2523493688531444,9.09683465046833,-4.603823178993763,-1.2167674771890984,-76.14465393829205,49.77051227895247,8.34518294668209,-2.747513074240231,433.15,12.0,0.4
443,0.002369748733241648,0.06966655055944714,0.00016509221993756513,1.6461137019383902e-09,0.5191315162671234,8.545495020353649e-10,0.9745737047998336,1.003916936676243,0.978391048287866,1.9801996152771947e-05,1.126659905235753,2.2310115108960807e-05,0.0063500453045862585,0.580333681025185,0.003685145166287236,0.4000653200962725,0.5655258093392892,0.2262472639360263,0.7250474867043003,0.4923974165058252,0.3570115092972391,0.3070639847242322,0.40418606149361536,0.12411098261222306,0.0004520526659499668,1.0,0.0004520526659499668,0.006828640758839963,0.5745871951230629,0.003923649540124877,1.346565718558522e-13,1.0,1.346565718558522e-13,1.0,1.0,1.0,0.008739596033980678,0.7274172370836556,-14.540846862849492,-1.2641571454806584,9.068262774560433,-4.519381939525377,-1.1639780236915085,-75.37648577601593,49.393274382800946,8.315085618605153,-2.76088348109702,438.15,12.0,0.4
444,0.002151440898212864,0.06868175223587418,0.00014776473072118253,1.772893230370684e-09,0.5116454428145536,9.070927419159343e-10,0.974570027270624,1.0040016386872537,0.9784699043951881,2.3895888234278617e-05,1.1266591625026448,2.6922521425289167e-05,0.006557737280453564,0.5783749689316234,0.0037928310958440796,0.40006684702713663,0.5589204167769727,0.22360552887905655,0.7250436986723333,0.4862160762235754,0.3525279022590902,0.3070716143017308,0.3987931747649013,0.1224580639475705,0.0004521521096380961,1.0,0.0004521521096380961,0.007044620039479793,0.5697255023424279,0.004013499690804161,1.3565261843549585e-13,1.0,1.3565261843549585e-13,1.0,1.0,1.0,0.008733074066900708,0.7271951413434392,-14.514040366427738,-1.2762261153654288,9.04234830804104,-4.437730883857313,-1.1126918470554543,-74.63063310200664,49.02750660356879,8.286806577244723,-2.7743029897214035,443.15,12.0,0.4
445,0.002001920966171732,0.06622585614224973,0.00013257892991384268,1.898717618799183e-09,0.5042396777833243,9.5740876030482e-10,0.9745650155401379,1.004087579965185,0.9785486279724299,2.8712551981287245e-05,1.126672419711508,3.2349640416849344e-05,0.006768961450097309,0.5763503084990191,0.0039012930199815513,0.40006840354441736,0.5522988785482007,0.22095733062015072,0.7251130064826047,0.480134615333921,0.3481518544411484,0.3070063737875326,0.39341209149246914,0.12078001961327195,0.0004521021649516522,1.0,0.0004521021649516522,0.007265427666931573,0.5648334398830058,0.004103756501334121,1.3659296413905452e-13,1.0,1.3659296413905452e-13,1.0,1.0,1.0,0.008799594968250328,0.727114929347494,-14.49067208363716,-1.2885476301714684,9.018902603034729,-4.358823561385398,-1.0628598683281947,-73.90634954272568,48.672844775258596,8.260296430105548,-2.787776266002487,448.15,12.0,0.4
446,0.0018619549455422242,0.0640654714166857,0.0001192870213427919,2.026659340747638e-09,0.4958380526267554,1.0048948208541318e-09,0.9745591242238845,1.0041887963535236,0.9786413539297267,3.4362965172008194e-05,1.126691535785758,3.871646200380246e-05,0.007000139669380561,0.5730820710539681,0.004011654539395651,0.4000701022103323,0.5445481402573881,0.21785743013121958,0.7252129105172795,0.47308712523291757,0.3430888910184169,0.30691196639711077,0.38725271418883556,0.11885249200431384,0.00045098975590950627,1.0,0.00045098975590950627,0.007506794376030698,0.5587633451622273,0.004194521536995909,1.3716265079760876e-13,1.0,1.3716265079760876e-13,1.0,1.0,1.0,0.008896457580094793,0.7270748674894811,-14.470638459901533,-1.3011226120520456,8.997879392087373,-4.2824960400701695,-1.0144289463042588,-73.20279905748197,48.328824000474555,8.235452478326213,-2.8032018726179393,453.15,12.0,0.4
447,0.001719293335629383,0.06260725525327036,0.00010764023671899542,2.151054187116141e-09,0.48757331955928,1.0487966305641056e-09,0.974553068574955,1.0042900470271399,0.978733947069585,4.095125604598546e-05,1.126711238835389,4.614024043143754e-05,0.007236069337707677,0.569842846693794,0.004123422350273021,0.40007184075774865,0.5369004432996727,0.2147987486545513,0.7253158796963229,0.46613516992841164,0.33809524083402087,0.3068147519396912,0.3811950700156346,0.11695627084748016,0.00044972220314699326,1.0,0.00044972220314699326,0.007754633140970959,0.5527677616552854,0.004286511203792413,1.3767387889626146e-13,1.0,1.3767387889626146e-13,1.0,1.0,1.0,0.008996313929383045,0.7270351751830064,-14.453967900798126,-1.3139635682831345,8.979308716559931,-4.208832838312357,-0.9673605639379145,-72.51941956987615,47.99520541703619,8.21228255282029,-2.818700476680559,458.15,12.0,0.4
448,0.0018054104598650735,0.05385363952998052,9.722792410923003e-05,2.2730859921109142e-09,0.47936399155105947,1.0896355743170886e-09,0.9745430136504574,1.004395304549158,0.9788264269917054,4.8594990485436246e-05,1.1267751731044044,5.4755628816234366e-05,0.00747305565230417,0.5663539861640849,0.004232394857508511,0.4000735919514497,0.5290726822882351,0.2116680084064424,0.7256497623422363,0.45938795744104266,0.333354762139978,0.3064870138738021,0.3750201417431429,0.11493880338538588,0.0004480974318849159,1.0,0.0004480974318849159,0.008005282218036043,0.5465750506223661,0.004375487533569375,1.3806574667982938e-13,1.0,1.3806574667982938e-13,1.0,1.0,1.0,0.009327061102654681,0.7274551750751874,-14.440159599073194,-1.3270344848000997,8.962718726395492,-4.137798206623946,-0.9216118829436949,-71.85555198309328,47.6716434469643,8.1907391268849,-2.834273469416341,463.15,12.0,0.4
449,0.0016764682109466297,0.05262588136537413,8.822561718209836e-05,2.3868388674239066e-09,0.4713589171739801,1.1250577840177009e-09,0.974536335884224,1.00449695254055,0.9789187795357368,5.7425625888925255e-05,1.1267994991133636,6.470716648791237e-05,0.007717026562254602,0.5631503088867985,0.004345845892221309,0.4000754016447473,0.5216096819659908,0.20868320301433266,0.7257768618535152,0.4526325369449005,0.3285102222366652,0.306366263687205,0.3691453182843469,0.11309367192039944,0.00044641890268276585,1.0,0.00044641890268276585,0.008265235924254051,0.5407052565959318,0.0044690565112497005,1.384307432659071e-13,1.0,1.384307432659071e-13,1.0,1.0,1.0,0.009450920399090158,0.7274533324513007,-14.42989907401023,-1.3404075591628848,8.948825171209897,-4.069353827545637,-0.8771419325057149,-71.21055561704505,47.35778901978209,8.170771462000875,-2.8499488821893135,468.15,12.0,0.4
450,0.0015767792196287064,0.05090367670007778,8.02638596233806e-05,2.4936651208610023e-09,0.46347344450791794,1.1557475630147023e-09,0.9745289860849651,1.0045992194902882,0.9790110587916178,6.757629743654874e-05,1.1268302889668942,7.614701876773895e-05,0.007964112499145855,0.5599340200569604,0.004459377527832624,0.4000772413771806,0.5142081239726514,0.20572296773271365,0.7259377034698717,0.4459854073607373,0.3237576224005289,0.30621211558437883,0.3633361942778314,0.11125794471819164,0.0004444737152609655,1.0,0.0004444737152609655,0.008530678063574139,0.5348676740448873,0.0045627839338896435,1.3870426766950426e-13,1.0,1.3870426766950426e-13,1.0,1.0,1.0,0.00960846801621111,0.7275144851831656,-14.422666207341189,-1.3540445203825833,8.937137013633235,-4.003469449686631,-0.8339114616125152,-70.58381654841835,47.053298172082094,8.15233050116379,-2.8657318737332744,473.15,12.0,0.4
