,mCO3-2,gCO3-2,aCO3-2,mH+,gH+,aH+,mH2O,gH2O,aH2O,mCO2(aq),gCO2(aq),aCO2(aq),mHCO3-,gHCO3-,aHCO3-,mCl-,gCl-,aCl-,mNa+,gNa+,aNa+,mNaCO3-,gNaCO3-,aNaCO3-,mNaHCO3,gNaHCO3,aNaHCO3,mOH-,gOH-,aOH-,mNaOH,gNaOH,aNaOH,mNaCl,gNaCl,aNaCl,mDIC,I,pE,Eh,pH,logSI_CO2g,logSI_H2Og,logSI_O2g,logSI_CH4g,logSI_H2g,logSI_NaCl,T,pH_bo,salt_lvl
0,0.00026817618823936454,0.13698471760528247,3.6736039414430435e-05,1.3837857152307768e-07,0.7226552413007393,9.99999999948613e-08,0.9745013815372299,1.0022349308084184,0.9766793246976738,0.054224132189018066,1.11762651620624,0.06060232795271891,0.2773729619487525,0.5631290556535342,0.15619677412602467,0.39962549221859855,0.6737889094857831,0.26926322460468877,0.6776677036880566,0.6209145946253727,0.42077376752617685,0.00013301828895975157,0.5463568209349031,7.267544948225016e-05,0.043132519250890795,1.0,0.043132519250890795,1.7233837791686704e-08,0.6529828950428188,1.1253401293913923e-08,9.990637305464948e-17,1.0,9.990637305464948e-17,1.0,1.0,1.0,0.33186527032600993,0.6779360182548673,-11.601040912632923,-0.6287626133066969,7.000000000022316,-0.10939464644725058,-2.2200532822027053,-110.88893806016566,66.04442415580938,9.181075025185518,-2.493803483131854,273.15,7.0,0.4
1,0.0002833431452828128,0.13490148334587765,3.822341059453797e-05,1.5985065326263776e-07,0.7180771511717547,1.1478510170777889e-07,0.9744867829014464,1.0021712570412842,0.9766026441904596,0.0542940493077988,1.117788842046698,0.060689282505790726,0.2781425843774577,0.5654160782989746,0.15726628926664377,0.3996249884187927,0.6762802245977363,0.27025847692272886,0.6785219742464266,0.6232224369511407,0.4228701183147571,0.00018785071072025973,0.5433970892258411,0.00010207752941439465,0.04222250740474838,1.0,0.04222250740474838,2.429954358744207e-08,0.6526025315408719,1.585794366045247e-08,9.990624710469846e-17,1.0,9.990624710469846e-17,1.0,1.0,1.0,0.33271997683053933,0.6788054772423627,-11.506877777810057,-0.6350751384225924,6.9401144766242755,-0.02486610658293682,-2.0675220660305893,-108.75714732376349,65.11300241518592,9.110635308979816,-2.494752545320325,278.15,7.0,0.4
2,0.00029684638359642825,0.1343853385477479,3.989180175628067e-05,1.8084509734357177e-07,0.713538121797873,1.2903987109488567e-07,0.9744732116915081,1.0021116552051583,0.9765309631212639,0.05438281502153406,1.117939833390863,0.060796715164499894,0.2788353680889607,0.5677344170771786,0.15830443516248663,0.39962434880839903,0.678342450374155,0.2710821599998654,0.6793164734447095,0.6253156415101372,0.42478721638048256,0.0002632104947512265,0.5404641340844893,0.00014225583212767155,0.041351494551114545,1.0,0.041351494551114545,3.413050301427007e-08,0.6522320870109792,2.2261009211731882e-08,9.990608720209957e-17,1.0,9.990608720209957e-17,1.0,1.0,1.0,0.33351502949409123,0.6796135006734033,-11.42595771974963,-0.6419448598150267,6.889276079459824,0.05335225574042644,-1.9208724471871226,-106.71562299700217,64.21944484425664,9.046583792327409,-2.4960097885176147,283.15,7.0,0.4
3,0.00031146335932517443,0.13393031442536685,4.171438564640165e-05,2.0083134632652942e-07,0.7090380827503675,1.4239707275553745e-07,0.9744607005282209,1.002055800220785,0.9764639970515132,0.05449983541706329,1.1180791478820793,0.060935129542823686,0.2794374072189755,0.5700804415296165,0.15930180048728476,0.399623505610555,0.6800038553806145,0.271745524515894,0.6800494203131836,0.6272140759798843,0.42653656878238944,0.0003657338759375487,0.5375552013264357,0.00019660214731150665,0.04051450315386333,1.0,0.04051450315386333,4.772041159584022e-08,0.6518673777789855,3.1107379573514276e-08,9.990587640263842e-17,1.0,9.990587640263842e-17,1.0,1.0,1.0,0.33424870599536394,0.6803610845038551,-11.356919120851162,-0.6493333424697212,6.846498938361971,0.12586729281148978,-1.7797950856855616,-104.75895279469545,63.3615768272558,8.988330524797648,-2.497549076654076,288.15,7.0,0.4
4,0.000327247313783942,0.133431262039476,4.3665022077219796e-05,2.1936245736717816e-07,0.7045777309908889,1.5455790247635205e-07,0.9744493211694099,1.0020033597426374,0.976401493710681,0.054653499160484224,1.1182060056216192,0.06111387098948958,0.27993622891968517,0.5724537198673028,0.16025053557069857,0.3996223983826087,0.681294501187578,0.2722605425694629,0.6807167316094358,0.6289347981098676,0.42812644016478946,0.0005037626639994247,0.5346707415862694,0.000269347157144047,0.03970716560580468,1.0,0.03970716560580468,6.637803196133944e-08,0.6515077862901674,4.3245804661430267e-08,9.990559959565226e-17,1.0,9.990559959565226e-17,1.0,1.0,1.0,0.3349169753939533,0.6810441982856771,-11.298551081153379,-0.6572055147193768,6.810908784750574,0.19322379245896443,-1.6440020477894484,-102.88215323460304,62.53739749027276,8.935349041936371,-2.4993469410584344,293.15,7.0,0.4
5,0.00034778322165815326,0.1314259111982171,4.5707726805874296e-05,2.3612711866139087e-07,0.7001576605346775,1.6532621099075353e-07,0.9744391594565087,1.0019540803404132,0.9763432918609315,0.05485757142737164,1.1183194848588138,0.06134829101926383,0.28030973695494693,0.5748499582996756,0.16113604059954428,0.3996209279393975,0.68223738543452,0.2726363370422913,0.68131357542105,0.6304955872660747,0.4295652028474439,0.0006874884143855767,0.5318077856309733,0.0003656116913013425,0.03892394333167525,1.0,0.03892394333167525,9.17961224115243e-08,0.651148134152284,5.977287383067866e-08,9.990523198484931e-17,1.0,9.990523198484931e-17,1.0,1.0,1.0,0.3355150916039767,0.6816615947698268,-11.249691935486576,-0.6655244122250131,6.781658287467617,0.2559607250518791,-1.5132249682230081,-101.08057899650807,61.74501331857641,8.887144262373853,-2.5013847124912987,298.15,7.0,0.4
6,0.0003627956751945425,0.13155510723050212,4.772762395298048e-05,2.514280103526826e-07,0.6948688365945559,1.7470948904105254e-07,0.9744289415640454,1.0019162688755447,0.9762962094161945,0.05511262712037192,1.1184337404984608,0.061639821698934456,0.28064210416380164,0.5765281691796169,0.16179807850827188,0.39961909015409125,0.6819966817810282,0.27253889346144383,0.6819144205109472,0.6310778510467611,0.4303410870938459,0.0009277600551843765,0.5282852216298758,0.0004901219263724242,0.03807951119557267,1.0,0.03807951119557267,1.2621549123925248e-07,0.649963949577675,8.203551918375097e-08,9.990477253852302e-17,1.0,9.990477253852302e-17,1.0,1.0,1.0,0.3361175269593681,0.6822774676141521,-11.209019008349797,-0.6742387756573555,6.757683506429477,0.31447447902506154,-1.3872103547482848,-99.35002907300358,60.98277197265259,8.843320461319761,-2.504715027018046,303.15,7.0,0.4
7,0.00038588577452884165,0.12891818931315294,4.974769533396188e-05,2.647379166045211e-07,0.6896354464959116,1.8257265132195625e-07,0.9744202625455495,1.0018811247176247,0.9762532685867782,0.05544697835426608,1.1185311184892925,0.062019170715448844,0.2807987387359455,0.5782207912077089,0.16236366888202516,0.39961668101777986,0.6814541732672085,0.27232045498675694,0.6824264117515147,0.6315282721827594,0.43097157270531444,0.0012393128426303871,0.5247912766997234,0.0006503805689143644,0.03725162103228171,1.0,0.03725162103228171,1.7234401776710004e-07,0.648776217410826,1.1181269994032325e-07,9.990417025444473e-17,1.0,9.990417025444473e-17,1.0,1.0,1.0,0.3366316028647405,0.6828125622639604,-11.175825050146448,-0.6833297260747041,6.7385642775657395,0.369327765829952,-1.2657273578048476,-97.68641055797711,60.24892679581928,8.803414560152046,-2.508257735700949,308.15,7.0,0.4
8,0.00040483818774106215,0.12780185607375788,5.1739071802844195e-05,2.759760812527116e-07,0.684461726546288,1.888950650597095e-07,0.9744133682288523,1.0018482557022357,0.9762143332930159,0.05586485478355213,1.1186088914797214,0.06249092328210488,0.2807733319810909,0.5799418351004523,0.16283220139638233,0.3996136700749392,0.6806510046607696,0.27199744601268466,0.6828352284213827,0.6318524413698305,0.43145110613137655,0.0016385923070910313,0.5213405384212949,0.00085426459563183,0.0364380930903644,1.0,0.0364380930903644,2.3365886065557402e-07,0.6476003647147316,1.5131756337937852e-07,9.990341751873492e-17,1.0,9.990341751873492e-17,1.0,1.0,1.0,0.3370430249523841,0.6832403425852049,-11.149373306639944,-0.692773744575534,6.723779388003695,0.4208610108970429,-1.1485572610330275,-96.08610284927265,59.542036529538166,8.767096985400345,-2.511998177926102,313.15,7.0,0.4
9,0.00042319653319848605,0.12675378356803418,5.3641761775783265e-05,2.852549869797117e-07,0.6793499635148633,1.937879649971001e-07,0.9744084612273831,1.0018175262398488,0.9761794741739945,0.05638737860206307,1.118664858873057,0.06307857892609851,0.28052979079368057,0.5816872485918302,0.16318060215481778,0.3996099051408339,0.6796039393960581,0.27157646575539585,0.6831293115392694,0.6320631852860417,0.4317808886137713,0.0021431934367176016,0.517931300885011,0.0011100269647273645,0.035632616818317045,1.0,0.035632616818317045,3.143566273801813e-07,0.646431300683268,2.032099635157761e-07,9.990247628520875e-17,1.0,9.990247628520875e-17,1.0,1.0,1.0,0.3373403659289421,0.6835527933274549,-11.128781292240635,-0.7025351888060264,6.712673197861343,0.4695113993405583,-1.0354952288457149,-94.54561674580329,58.860633860901345,8.734006906171155,-2.5159304487108867,318.15,7.0,0.4
10,0.000445828557098464,0.12423768324591826,5.538870705878375e-05,2.927670778621554e-07,0.6743025712173214,1.9741359337023297e-07,0.9744057547686631,1.0017888541554754,0.9761488245522002,0.05703767055801642,1.118696708278003,0.06380785430109814,0.280028119189723,0.5834512534021125,0.16338275712908004,0.3996052196341666,0.6783262416968597,0.2710627067968924,0.6832965094700945,0.6321724191100335,0.43196120736115157,0.0027713868575220623,0.5145607725752329,0.001426046962511399,0.03482877270885745,1.0,0.03482877270885745,4.1944156375350167e-07,0.6452621917217559,2.706497827267852e-07,9.99013049085418e-17,1.0,9.99013049085418e-17,1.0,1.0,1.0,0.33751161830483783,0.6837426307942708,-11.113216139268493,-0.712578095825993,6.704622946284276,0.5156948647975902,-0.9263492793171126,-93.06169284718023,58.20333746085482,8.70380917733349,-2.5200517366249677,323.15,7.0,0.4
11,0.0004592066315436664,0.12376920463218762,5.683563954798563e-05,2.992831323056493e-07,0.6684425646868767,2.000535845259101e-07,0.9744041728536187,1.001770627021142,0.9761294792115867,0.05781568631255057,1.1187163992670288,0.06467935641272861,0.2793447849615298,0.5844850632051393,0.16327285429426577,0.39959961391977006,0.6759834674706183,0.27012273261740655,0.683399718355106,0.6313509724573748,0.43146507676059226,0.0035366502928324355,0.5105720357785226,0.0018057147398481649,0.033950187555575814,1.0,0.033950187555575814,5.552010186486347e-07,0.643277787788253,3.5714848305407844e-07,9.989990347994249e-17,1.0,9.989990347994249e-17,1.0,1.0,1.0,0.337619677905624,0.683859224269782,-11.101755877549476,-0.7228573958790144,6.6988536626010236,0.5596218073018876,-0.8209362240036322,-91.63146820680586,57.56903714280175,8.676287802280402,-2.5254336602555036,328.15,7.0,0.4
12,0.00048055015221032773,0.12070029249021007,5.800254392800153e-05,3.044816355184775e-07,0.662666706537059,2.0176984261004676e-07,0.9744052658411729,1.001754283114598,0.9761146485458134,0.058758102601049626,1.1187067924755474,0.06573308849276935,0.27833598743736426,0.5855293562420024,0.16297389154318198,0.3995928237383826,0.6734467256019744,0.2691044787206607,0.6833488049857935,0.6304454794447253,0.4308141649872487,0.004458469696491343,0.5066323044595774,0.002258804776696603,0.03306703188357724,1.0,0.03306703188357724,7.282907702784712e-07,0.6412916658674149,4.670468013077438e-07,9.989820593459588e-17,1.0,9.989820593459588e-17,1.0,1.0,1.0,0.3375746401906242,0.6838296596196395,-11.093979479303998,-0.7333574747797954,6.695143744772931,0.6017362628573046,-0.7190900414812766,-90.25202128707454,56.956431397170775,8.651115542787789,-2.5310024433707703,333.15,7.0,0.4
13,0.0004941610341004503,0.1191305224162987,5.886966215016505e-05,3.0845340730121207e-07,0.6569804094139426,2.0264784581387579e-07,0.9744093155836906,1.0017395321544769,0.9761043319197703,0.0598658220680563,1.118664756113182,0.06696978524327735,0.2770000551988699,0.5866017749296237,0.1624887240352608,0.39958484264380173,0.670755908109918,0.26802389399450194,0.6831272969253416,0.6294518971592087,0.4299957730508983,0.005553438623307827,0.5027599506403075,0.0027920465281382205,0.03217917294577625,1.0,0.03217917294577625,9.468445688300165e-07,0.6393238053708112,6.05340272839091e-07,9.989621066095071e-17,1.0,9.989621066095071e-17,1.0,1.0,1.0,0.3373600383010266,0.6836217664128494,-11.089536306783446,-0.7440657704282176,6.693258008532795,0.6421848338096869,-0.6206518591496621,-88.92088870838927,56.36457256675736,8.62812730866199,-2.5367517470875773,338.15,7.0,0.4
14,0.0005110337008493173,0.11619910088328372,5.9381656559747683e-05,3.114544017995536e-07,0.6513844244850165,2.0287654626952725e-07,0.9744164272405454,1.001726510375303,0.9760987673120419,0.06116019414945972,1.1185891822959482,0.06841313156270559,0.27529892313802323,0.5876880983898054,0.16178990062774606,0.3995755168465442,0.6679115954086808,0.2668811209432236,0.6827293398487121,0.6283789731376742,0.42901276150509593,0.00683192429946422,0.49894544533081625,0.003408757512062601,0.03128182040139407,1.0,0.03128182040139407,1.2196173836831897e-06,0.6373595131820275,7.773347419326554e-07,9.989387921163608e-17,1.0,9.989387921163608e-17,1.0,1.0,1.0,0.3369701509883323,0.6832406850039634,-11.08785948118733,-0.7549536057557623,6.6927681570793816,0.6812358392868356,-0.5254721190851491,-87.63563315883104,55.79243798461621,8.60710648877079,-2.542684919294948,343.15,7.0,0.4
15,0.0005192061640588075,0.11466887051228841,5.953678439564137e-05,3.1355177622865536e-07,0.6458825252142598,2.025176130159803e-07,0.9744267806636369,1.0017150381122977,0.9760979597301185,0.06263901081178831,1.1184780720996434,0.07006036005099772,0.2732361998080754,0.5888010012526491,0.1608817480254637,0.3995648623322509,0.664946355594105,0.2656891990312905,0.6821443861199212,0.627221500176052,0.4278556251988091,0.008303668371439548,0.4952024882737564,0.004111997239336956,0.030375809078385527,1.0,0.030375809078385527,1.556831813859505e-06,0.6354138948234118,9.892325664294656e-07,9.989121558306264e-17,1.0,9.989121558306264e-17,1.0,1.0,1.0,0.3363944167839225,0.6826639058357562,-11.088729509750936,-0.7660140516480064,6.693537200088758,0.7189590339813832,-0.4334101044268629,-86.39415196407512,55.23924631415829,8.587943844297678,-2.5487967980500246,348.15,7.0,0.4
16,0.0005208933752840835,0.11368925736232227,5.921998100100088e-05,3.1554505714350777e-07,0.6395964207900653,2.0182148914698432e-07,0.9744390121893985,1.0017141200088557,0.976109317597602,0.06429169565591912,1.1183465627637081,0.0719003968510476,0.27089974979844483,0.5891368922661067,0.15959703671192166,0.39955295540667823,0.6609843878113164,0.2640982656276854,0.6814520049094304,0.6251295251517883,0.42599576824276636,0.009955857800426174,0.49085584652541414,0.004886891008514837,0.029394520502371582,1.0,0.029394520502371582,1.970698370150018e-06,0.6326328913418472,1.246728607870672e-06,9.988823885166924e-17,1.0,9.988823885166924e-17,1.0,1.0,1.0,0.33571233882964807,0.6819732138297716,-11.091555668300904,-0.7772132948276252,6.695032593693317,0.7553567481621453,-0.3443299167700812,-85.19453533129935,54.70433000566658,8.570574422559037,-2.556207255799654,353.15,7.0,0.4
17,0.0005305167908424376,0.11032759957677439,5.8530644068819826e-05,3.1689551651767067e-07,0.633418834176941,2.0072758862852236e-07,0.974454431797716,1.0017150017108667,0.9761256228154107,0.06613954490879013,1.1181801624919587,0.07395592707325517,0.26817770551099646,0.58947448598002,0.1580839151073958,0.3995396426820148,0.656916694980363,0.2624642615843043,0.6805759135733939,0.6229675376071514,0.4239767010335546,0.011795376192923486,0.48657577180393635,0.005739344274789522,0.028407076995689062,1.0,0.028407076995689062,2.4725012909121667e-06,0.6298553076630637,1.5573180612848058e-06,9.988491067050387e-17,1.0,9.988491067050387e-17,1.0,1.0,1.0,0.33484776721062903,0.6811067472597528,-11.096372857853089,-0.788559637593677,6.697392932616155,0.7906212465034652,-0.2581097056651645,-84.0347993523335,54.18685542368542,8.554838269995118,-2.5637948063687146,358.15,7.0,0.4
18,0.0005307971804293657,0.10836531183370572,5.752000197768001e-05,3.175270362692576e-07,0.627352172032343,1.9920127588251135e-07,0.9744730798885558,1.001717445204249,0.9761466840062802,0.0681635575812847,1.1179783866692983,0.07620538413436449,0.26510360482791523,0.5898324500670932,0.15636670875726771,0.39952506119002273,0.6527816921025118,0.26080264548098264,0.6795134883503867,0.6207256051585004,0.4217914212696574,0.013820468960492632,0.48237966824407497,0.00666671323213997,0.027418104116536623,1.0,0.027418104116536623,3.0765381335703414e-06,0.6271034923894422,1.929307808031258e-06,9.988126529750541e-17,1.0,9.988126529750541e-17,1.0,1.0,1.0,0.3337979595896293,0.6800446030578523,-11.103243415819785,-0.8000634977246193,6.700707884250875,0.8246643582648376,-0.17463150974499111,-82.91334761039457,53.68630983332092,8.540724539834041,-2.571548217168553,363.15,7.0,0.4
19,0.0005343461461909676,0.10518363354538127,5.6204469227337445e-05,3.1751579270898324e-07,0.6213926258452863,1.9730197217878262e-07,0.974494744544949,1.0017216751879778,0.9761725079674468,0.07036349547142884,1.1177436088305537,0.07864834735816718,0.2616774632677945,0.5901929837918125,0.1544402028370921,0.39950921275219115,0.6485743735115693,0.2591114373728526,0.678277119735338,0.6184092252591459,0.41945282812653534,0.016018271571947365,0.47825362996705395,0.007660796525081894,0.02642807918717748,1.0,0.02642807918717748,3.7973668157818913e-06,0.6243609939363268,2.370927719442408e-06,9.98773031880476e-17,1.0,9.98773031880476e-17,1.0,1.0,1.0,0.3325753048854143,0.6788117833973217,-11.112005077056356,-0.8117191334231595,6.70486857363234,0.8575192335398777,-0.09378381334778683,-81.82856144474815,53.2020911472916,8.52816694688377,-2.579464488356622,368.15,7.0,0.4
20,0.0005237416382428934,0.1043423688662013,5.4648443208128526e-05,3.167532496845952e-07,0.6155414624626184,1.949747585506427e-07,0.9745193864608742,1.0017274441001336,0.9762028142254818,0.07271496360475642,1.1174762206036384,0.08125724271037431,0.2579429079545583,0.5905751478807857,0.15233467101006318,0.39949227329548875,0.6443316069290254,0.25740549840821164,0.676868770060287,0.616008180244656,0.41695669930927587,0.01838176967295579,0.4742142280743891,0.008716896716101945,0.02544237160605389,1.0,0.02544237160605389,4.652614048003914e-06,0.6216504588823378,2.8922996579440442e-06,1.2059666688547263e-16,1.0,1.2059666688547263e-16,1.0,1.0,1.0,0.3311816131975576,0.6773928284517795,-11.122793006080895,-0.823542180929729,6.710021608800177,0.8890661929261973,-0.015461319880523045,-80.77906682559096,52.733779432237085,8.517180070267907,-2.5875299422629716,373.15,7.0,0.4
21,0.0005238757800331628,0.10075157038023175,5.278130752251003e-05,3.1599991156261217e-07,0.6088953691971482,1.9241088281718275e-07,0.9745451152733883,1.0017445847002782,0.9762452917712251,0.07518961814389305,1.1171971519615582,0.0840016272474344,0.25401330553245277,0.590092293029439,0.14989129392163256,0.3994744472327066,0.6391123755876729,0.2553090629574675,0.6753985311372634,0.6126467811009279,0.41378073606153926,0.020857678917831586,0.4695443180325004,0.009793604623214096,0.024404542672025614,1.0,0.024404542672025614,5.663894117643211e-06,0.6180515659699461,3.5005786288973513e-06,1.448475720214726e-16,1.0,1.448475720214726e-16,1.0,1.0,1.0,0.329726799456379,0.6759227229172081,-11.135204729735158,-0.8355084722760322,6.715770367777489,0.9191839972982532,0.06043912859092924,-79.76357644129746,52.28099096043254,8.507786898766323,-2.5969378550195423,378.15,7.0,0.4
22,0.0005219393011812743,0.09725546164819306,5.0761447688720125e-05,3.1447283456541164e-07,0.6023677967264128,1.8942830848747662e-07,0.9745732958368227,1.0017634035026894,0.9762918618003289,0.07778745321477401,1.1168912647628053,0.08688012700372648,0.2498216969397073,0.5896131115728124,0.14729814807102096,0.39945573474070745,0.6338767362192165,0.25320569740148874,0.6737866289130938,0.6092169760824593,0.4104822525912291,0.023458783227725745,0.4649574823877949,0.010907336789444388,0.023381582836179964,1.0,0.023381582836179964,6.84987542530797e-06,0.6144789616974904,4.209104339100399e-06,1.7277673017470288e-16,1.0,1.7277673017470288e-16,1.0,1.0,1.0,0.3281310894556626,0.6743088826871098,-11.149633930022931,-0.8476527701362241,6.722555118779304,0.9479127014404602,0.13400836621885379,-78.78072077161318,51.843192380362424,8.499926406826772,-2.606475946388348,383.15,7.0,0.4
23,0.0005069246570764284,0.09595705926382389,4.864299936137644e-05,3.1209739034941216e-07,0.5959573375971825,1.8599672982366417e-07,0.9746037774208,1.0017837145167665,0.9763421923266808,0.08048502061358982,1.116560189102597,0.08986636983623628,0.24541087304912507,0.589149441880545,0.1445836788883093,0.39943630496986016,0.6286498826393547,0.2511055862412001,0.6720415448807244,0.6057135328639993,0.4070646583810835,0.026172595048255656,0.460462485944426,0.012051498179536577,0.022377803310965505,1.0,0.022377803310965505,8.234596721048563e-06,0.6109470497234553,5.030902572387055e-06,2.0479084856580405e-16,1.0,2.0479084856580405e-16,1.0,1.0,1.0,0.3264028183197913,0.6725487816351913,-11.166188493660103,-0.859989388309552,6.730494691438118,0.9751678677461377,0.20533571074230356,-77.82932831376809,51.420005722125055,8.49360652114508,-2.616129853751142,388.15,7.0,0.4
24,0.0005013104409758921,0.09264300297748647,4.644290467597465e-05,3.0895617873406177e-07,0.5896548292212802,1.8217750280829257e-07,0.9746361075670757,1.0018058684785378,0.9763961721917758,0.08327805789948754,1.116208953094993,0.09295571382377123,0.2407889723969081,0.5886707612644472,0.14174542768497186,0.3994161888050119,0.6234084275621485,0.24899941820579868,0.6701896604539218,0.6021487867407714,0.40355389092853855,0.028972345956538227,0.4560330597438862,0.013212347574518538,0.02139364682244748,1.0,0.02139364682244748,9.841369690577397e-06,0.6074262525261495,5.9779063108718605e-06,2.4124146475766147e-16,1.0,2.4124146475766147e-16,1.0,1.0,1.0,0.32456834073737156,0.6706912798510765,-11.184747590267493,-0.8725152266571494,6.739505255296435,1.0009796020113237,0.2745059344603871,-76.90818145048608,51.01096109968018,8.488780909865076,-2.6258943751185106,393.15,7.0,0.4
25,0.0004883646541552736,0.09053237912123606,4.421281401939656e-05,3.0496812463698607e-07,0.5834597134103643,1.7793661459999218e-07,0.9746701736450586,1.001829569227643,0.9764534002018612,0.08613957592838183,1.1158387489617274,0.09611787664001929,0.23600574348875983,0.5881963907738695,0.13881772652199217,0.39939558095239586,0.6181836949077723,0.24689983596298834,0.6682371714780478,0.5985155239874553,0.39995032083507887,0.03184772313048319,0.4516835120829479,0.01438509143542198,0.020433581601712963,1.0,0.020433581601712963,1.1699566222926343e-05,0.6039383001391335,7.065816137039362e-06,2.8259845016678416e-16,1.0,2.8259845016678416e-16,1.0,1.0,1.0,0.3226336840712969,0.6687258411003277,-11.205453616540645,-0.8852475008638312,6.749734676522214,1.0252607905264137,0.34159933205527976,-76.01624353588646,50.615726578690605,8.485464330383023,-2.6357531193056354,398.15,7.0,0.4
26,0.00048250838024715406,0.08685388208311963,4.190772596210337e-05,3.0084085925574993e-07,0.5764170906858747,1.7340981285163802e-07,0.9747039483937385,1.001865300266441,0.9765220639283786,0.08901418647458131,1.1154719007316567,0.09929282377888334,0.2312194565567036,0.5867613221624094,0.13567063403888519,0.3993748808784012,0.6119817818809381,0.24441015123845133,0.6663017267078256,0.5938679901012948,0.39569526724099857,0.03472882022261815,0.4466628859969868,0.015512075067905135,0.019450585887726066,1.0,0.019450585887726066,1.385313046769132e-05,0.5995033007700059,8.304997441378485e-06,3.2862593963170744e-16,1.0,3.2862593963170744e-16,1.0,1.0,1.0,0.32071615141153204,0.666784535928932,-11.228077516564143,-0.8981742778760246,6.760926330465708,1.047808107350047,0.4066959423056057,-75.15265359085598,50.23411373945652,8.483735801814804,-2.647028892862786,403.15,7.0,0.4
27,0.0004708265089452368,0.08418712143307619,3.9637528482483985e-05,2.9585649377705356e-07,0.5694954497937798,1.6848892699797365e-07,0.9747389598171383,1.0019024073693639,0.9765933103975004,0.0919210967839634,1.1150915293901422,0.10250043639604903,0.226334908144508,0.5853311436955697,0.13248087064245656,0.39935395035256327,0.6058268113858586,0.24193933035643989,0.6642942952095277,0.5891744970635083,0.3913852572822312,0.037647751868014216,0.44173045355292434,0.01663015850790588,0.018501326608323574,1.0,0.018501326608323574,1.632768304538747e-05,0.5951132018428189,9.71681973581524e-06,3.8030338107675034e-16,1.0,3.8030338107675034e-16,1.0,1.0,1.0,0.31872683143741665,0.6647654175749668,-11.252901619465682,-0.9113241305245755,6.773428635455522,1.0687852289343474,0.4698644019489465,-74.31623913531045,49.865570440076546,8.483485355982907,-2.6583724478451733,408.15,7.0,0.4
28,0.0004576798279635891,0.08175621681848949,3.741817124844017e-05,2.900608348124793e-07,0.5626888412929053,1.6321399504508664e-07,0.9747749297622239,1.0019409171973086,0.9766668871869046,0.09484798286187923,1.1147006903185612,0.10572711197145987,0.22137603965604566,0.5838988405252931,0.12926121287524636,0.399332878451885,0.5997173510224245,0.2394868560413243,0.6622309322598696,0.5844401158561491,0.3870343227734838,0.040587784509024026,0.436878132420423,0.017731915495384994,0.017586642741323044,1.0,0.017586642741323044,1.9160047822602814e-05,0.590761718535332,1.1319022778899988e-05,4.3808672870050527e-16,1.0,4.3808672870050527e-16,1.0,1.0,1.0,0.3166817023458885,0.662688902148668,-11.279903114330883,-0.9247017373313092,6.7872426047104355,1.0882012580959006,0.5311735844738117,-73.50603412365095,49.50972407064051,8.484686013555134,-2.6697739780652507,413.15,7.0,0.4
29,0.00044429929133000894,0.07937034918470215,3.5264189895378515e-05,2.834984233432772e-07,0.5559924784399172,1.5762299102843757e-07,0.974811622252986,1.001980786665116,0.9767425161153448,0.0977819197039682,1.1143019651653865,0.10895858528377578,0.216368039626903,0.5824619120877543,0.12602614207576496,0.39931175860876844,0.5936559912953395,0.23705381789277377,0.6601252131926817,0.5796689486297688,0.3826540882954038,0.04353470945439981,0.43210143331637846,0.018811410354258252,0.01670733619826589,1.0,0.01670733619826589,2.2390418373635832e-05,0.5864469763852377,1.3130793155219195e-05,5.02457245885919e-16,1.0,5.02457245885919e-16,1.0,1.0,1.0,0.3145942586222012,0.660569795982435,-11.309072243839719,-0.938312769350194,6.802380435650099,1.1060640086301665,0.5906889804552596,-72.72112230370008,49.16621954891411,8.487313111733506,-2.6812228338555224,418.15,7.0,0.4
30,0.0004213662885300868,0.07877300565567229,3.3192289029490164e-05,2.7619218284712407e-07,0.5494043685345642,1.5174119181130707e-07,0.9748489274473533,1.002021798885743,0.976819875922634,0.10070654693863787,1.113896525876868,0.11217667276800448,0.21134263538756817,0.5810315864457284,0.12279674672285987,0.3992907090502606,0.58765916121257,0.23464684316044848,0.6579832886601301,0.574859853101782,0.37824817666258986,0.04648142357412538,0.42740673003351093,0.019866473257119474,0.01586457274121377,1.0,0.01586457274121377,2.6064263298594793e-05,0.5821806371562758,1.517410941418486e-05,5.739604578067638e-16,1.0,5.739604578067638e-16,1.0,1.0,1.0,0.3124705486147361,0.658404931140843,-11.340446327328978,-0.9521668115652984,6.818896509206698,1.1223673311353235,0.6484728916003025,-71.96064679304284,48.834731010956475,8.49135046132207,-2.6927066375736968,423.15,7.0,0.4
31,0.00040546035596585603,0.07683785748287295,3.115470504665939e-05,2.6888476188079025e-07,0.5418893186946261,1.457057804229483e-07,0.974884665272636,1.0020757578886264,0.9769082898070764,0.10355494439040103,1.1135082849088094,0.11530928852198259,0.20647606305001534,0.5785144051267797,0.11944937678829907,0.3992702126473137,0.5806340617802781,0.23182988531728513,0.6559314719711868,0.5689769929149792,0.3732099164804618,0.049344277190284225,0.4219754926654419,0.020822075677590316,0.01501655984900674,1.0,0.01501655984900674,3.0267256403566927e-05,0.5768754984796042,1.7460438625417656e-05,6.51643963922508e-16,1.0,6.51643963922508e-16,1.0,1.0,1.0,0.3104364677963822,0.6563372012119144,-11.373794261171879,-0.9662507934205298,6.836523218607548,1.1369045371655055,0.7045889249564762,-71.22399379271364,48.51515610314405,8.496887787458867,-2.7057504123540017,428.15,7.0,0.4
32,0.00038591923486051247,0.07570907909770457,2.9217589877380176e-05,2.609315865093154e-07,0.5345004032519882,1.3946803821041e-07,0.9749206239526216,1.0021307064765326,0.9769978936401827,0.10637314501408976,1.1131175791565018,0.1184058176653471,0.20162940358994963,0.5760048025616075,0.1161395048054436,0.39924993784209484,0.573695344151255,0.22904783049268773,0.6538659278952303,0.5630909282795222,0.36818597230887634,0.052179985374861605,0.4166339747441467,0.021739954708820033,0.01420981954260439,1.0,0.01420981954260439,3.5023550189954434e-05,0.5716292981293254,2.002048741308086e-05,7.371299870845363e-16,1.0,7.371299870845363e-16,1.0,1.0,1.0,0.30838846783889995,0.6542521080616774,-11.4092970853006,-0.9805861494295428,6.855525307940627,1.1499373954809737,0.7590893490289312,-70.51012094382338,48.20692051692592,8.503773275665784,-2.7188087929375966,433.15,7.0,0.4
33,0.00037519167107256593,0.07296916559968278,2.7377423178115775e-05,2.5243821748593364e-07,0.5272294971847424,1.3309287447532138e-07,0.9749565091198811,1.002186789162043,0.9770885334474877,0.10915808410904192,1.1127276452035368,0.12146321788558383,0.19681035061384303,0.573486385380149,0.11286805657893262,0.3992299070962195,0.5668274496788079,0.22629447007485753,0.6518037535203307,0.5572115183359526,0.3631925591561365,0.054972979564041756,0.41136644713436055,0.02261403929164966,0.013442863819005679,1.0,0.013442863819005679,4.038534229878254e-05,0.5664254412293606,2.2875285330786654e-05,8.308178380890906e-16,1.0,8.308178380890906e-16,1.0,1.0,1.0,0.3063436263939575,0.6521791976296207,-11.446870087998006,-0.9951719285417024,6.875845195155571,1.1615142707513182,0.8120281043169033,-69.81823673815617,47.90968477337496,8.511967227683686,-2.731876491179428,438.15,7.0,0.4
34,0.0003601766285384335,0.0711888833423991,2.564057199168116e-05,2.4344588796647945e-07,0.5200760596388945,1.266103781488985e-07,0.9749923254946352,1.0022437294292783,0.977179944468668,0.1118976274881075,1.1123383850594113,0.12446802625210107,0.19204355404146886,0.570975471959961,0.10965215890569598,0.39921020830187653,0.5600488775325618,0.22357722905900615,0.6497444395975869,0.5513360337213993,0.3582275222602668,0.057724152590331645,0.4061829785551706,0.02344656823371408,0.012715467654059561,1.0,0.012715467654059561,4.641485272091633e-05,0.5612796289677205,2.6051711313787326e-05,9.33249412273453e-16,1.0,9.33249412273453e-16,1.0,1.0,1.0,0.3043013581581148,0.6501048596720133,-11.486545022570294,-1.0100170843560246,6.897530694096947,1.1716430653906615,0.8634565878336569,-69.14762530526563,47.623161829112995,8.521451113763336,-2.744943462342114,443.15,7.0,0.4
35,0.0003844884059901772,0.06239407814958587,2.3989799650960825e-05,2.3413484046652746e-07,0.5130236376831367,1.2011670756449874e-07,0.9750274473915943,1.002302185158296,0.9772721411099105,0.11460190834439694,1.1119567224650417,0.12743236239087474,0.18731195557916344,0.5684158761645082,0.10647108934661764,0.3991907687681787,0.5533016335151979,0.22087290444362093,0.6477246124245712,0.5454900183653488,0.35332731072716783,0.060399987115841346,0.4010372660322818,0.02422264570132206,0.012024390952112957,1.0,0.012024390952112957,5.3158284247738846e-05,0.55613613214322,2.9563242592907342e-05,1.0445565982332371e-15,1.0,1.0445565982332371e-15,1.0,1.0,1.0,0.3022983523295506,0.6481093349654018,-11.52809985436789,-1.0251081290080033,6.920396580453799,1.1804184875824595,0.9134239674657519,-68.4975170378356,47.346989486034204,8.53216401345446,-2.7580118044948705,448.15,7.0,0.4
36,0.0003715280994334163,0.060336358691764326,2.241665267148408e-05,2.2501575184324206e-07,0.5049442176913391,1.1362040278271437e-07,0.9750605906053468,1.0023744270756143,0.9773758008720445,0.11715597980359281,1.1115964656802764,0.13023017308298362,0.18287954377356472,0.5646561564703093,0.10326406028422472,0.39917241827904937,0.5454809698385086,0.21774095785563863,0.6458174327951248,0.5384573666034898,0.3477451541694891,0.06296182538119188,0.39510777113621537,0.024876706493030323,0.01133662762728421,1.0,0.01133662762728421,6.0814178203955706e-05,0.5498750811749259,3.3440201176486526e-05,1.1628745563474916e-15,1.0,1.1628745563474916e-15,1.0,1.0,1.0,0.30040705167659093,0.6461891859103102,-11.571719008998517,-1.0404672402424815,6.9445436754882595,1.1874663200619564,0.9619819276331433,-67.86764236700677,47.081294727531066,8.54428500702601,-2.7728919396535647,453.15,7.0,0.4
37,0.00035535117478676525,0.058943944128976286,2.094579979279718e-05,2.1558209826026375e-07,0.49700608206821695,1.0714561402037897e-07,0.9750933841068171,1.0024472367736716,0.9774796684941672,0.11964961403411342,1.1112398719884944,0.13295942178274095,0.1785292021543846,0.560918949152586,0.100140412465487,0.39915450975693106,0.5377814873495093,0.21465790593934658,0.64392905194657,0.5314723394320203,0.34223047966628656,0.06546549063257708,0.38927912197721626,0.02548434871325728,0.010689035853808568,1.0,0.010689035853808568,6.936263520202832e-05,0.5436949722325588,3.7712116020143865e-05,1.290632813355199e-15,1.0,1.290632813355199e-15,1.0,1.0,1.0,0.29853416736328475,0.6442846187034551,-11.61734496556842,-1.0560953331085987,6.970025601997168,1.1931748245458915,1.0091703073164477,-67.25699854034104,46.82543276333298,8.557602909307104,-2.787750809951733,458.15,7.0,0.4
38,0.000347486930239524,0.05631652835123517,1.9569257558517823e-05,2.0593554675903776e-07,0.48920152717226856,1.0074398397357742e-07,0.9751256114116035,1.0025207699025303,0.9775836787040363,0.12208418418439966,1.1108893143013352,0.13562201565564566,0.17426061912285223,0.5571889287237862,0.09709608768780577,0.39913703380270343,0.5301863852452187,0.211617021169354,0.6420720525935539,0.5245432084495262,0.33679453452319574,0.06790075921340671,0.383536776898359,0.026042438337661566,0.010079239617407589,1.0,0.010079239617407589,7.887252965941413e-05,0.5375797481120519,4.240027462726818e-05,1.4280290888478099e-15,1.0,1.4280290888478099e-15,1.0,1.0,1.0,0.2966922902374914,0.6424197454593402,-11.664893187322836,-1.0719906116605995,6.996780878736108,1.1975925861405678,1.0550319349812445,-66.66495008681493,46.579118083022,8.572081996670669,-2.802586752649557,463.15,7.0,0.4
39,0.0003357300414747934,0.054466417651822724,1.8286012657229862e-05,1.9612741086122035e-07,0.48153030261117497,9.444129150234965e-08,0.9751573511448642,1.002594770317018,0.9776876604940368,0.12445381355242183,1.1105438876806408,0.13821142193918817,0.17008707866162842,0.5534819265563183,0.09414012397997416,0.39912003335330365,0.5227107199619019,0.20862431998532366,0.6402416738464207,0.5176664887899048,0.33143165927704804,0.0702738725490656,0.37789023163282454,0.026555809975301985,0.009505835841538265,1.0,0.009505835841538265,8.94253268842854e-05,0.5315436252975688,4.753346244549325e-05,1.5754225075581789e-15,1.0,1.5754225075581789e-15,1.0,1.0,1.0,0.294876622255525,0.6405776000153064,-11.714377468980619,-1.0881600785822565,7.02483808249432,1.2007375016727964,1.0996077157991062,-66.0909182546569,46.34210492083384,8.587702429111618,-2.8173934216026097,468.15,7.0,0.4
40,0.00032113746936870773,0.05321897412698925,1.7090606673540042e-05,1.862336973596803e-07,0.4739885632696272,8.827264264390548e-08,0.9751885368110275,1.0026692111968887,0.977791520972561,0.1267578201409365,1.1102043022445511,0.14072707726360872,0.1660119889146824,0.549796492005776,0.09127280913619415,0.39910351387969434,0.5153514611840192,0.20567857904157694,0.6384417035468849,0.510845123387951,0.32614483082442197,0.07258301383673908,0.37233581950012073,0.027025255938690845,0.008966863357038413,1.0,0.008966863357038413,0.0001010982107289569,0.5255839442950815,5.313559635610046e-05,1.7330055003310168e-15,1.0,1.7330055003310168e-15,1.0,1.0,1.0,0.2930909465249876,0.638763027249951,-11.765756137770603,-1.1046055838411426,7.054173871617189,1.2026440406811565,1.1429368139118694,-65.53433228398514,46.11413968463223,8.604436644471573,-2.8321678477146413,473.15,7.0,0.4
41,0.0008380728451875916,0.13702556766978058,0.00011483740736045788,4.3746246150718434e-08,0.7228683460510082,3.162277660091008e-08,0.975214734924776,1.0023222398764573,0.977479417470327,0.01694102125116583,1.117339467928987,0.018928871670951284,0.2741895615686716,0.5631345713495595,0.1544056212224975,0.39989416949829865,0.6736988449072395,0.2694082400761436,0.6761725060090734,0.6175042646049292,0.417539406069205,0.00041261843142162045,0.5463600825139103,0.00022543824023827676,0.042310161597471335,1.0,0.042310161597471335,5.456655246643706e-08,0.6526989548943207,3.5615531767029606e-08,9.997354237457432e-17,1.0,9.997354237457432e-17,1.0,1.0,1.0,0.291968655665025,0.6770106226005072,-12.227559871260377,-0.6627191953651066,7.500000000010625,-0.6147592268193799,-2.219697655110502,-111.39430264053779,66.5504999903659,9.434112942463786,-2.4969208382056767,273.15,7.5,0.4
42,0.0008747603178688323,0.1349490617968616,0.00011804808419352336,5.1105772125624464e-08,0.7183033423054753,3.670944692893803e-08,0.9752016573270856,1.002258611692744,0.9774042591931081,0.017140682991955553,1.117484976171552,0.01915445572482958,0.27472050377038304,0.5654137835626407,0.15533075945904695,0.3998927308109514,0.6761595091940205,0.2703912725953895,0.6769384151855002,0.6198238775462752,0.41958259336030707,0.0005756349956541303,0.5434041300357221,0.0003128024340315494,0.04137864950865035,1.0,0.04137864950865035,7.607854606393095e-08,0.652301954008104,4.962618425559764e-08,9.997318270273778e-17,1.0,9.997318270273778e-17,1.0,1.0,1.0,0.2927359470802074,0.6778132266091411,-12.127374172036777,-0.6693209035261521,7.435222158604694,-0.5257082937048332,-2.06716573464692,-109.25798951088538,65.61455726507515,9.361412733924436,-2.497928734767483,278.15,7.5,0.4
43,0.0009030391272529584,0.13443825378011148,0.00012140300336300367,5.861282853370614e-08,0.7137841390038835,4.1836907349513746e-08,0.9751901031977414,1.002198852606194,0.9773344024976924,0.01738794672636786,1.11761373425773,0.019433008071930456,0.27512430157188333,0.567734859144089,0.15619765660002907,0.39989094914092815,0.6781994667882875,0.2712058284808397,0.6776160437666974,0.6219315438673498,0.4214307922491078,0.0007946680052165078,0.5404866324125313,0.00042950743402545396,0.04047878498501842,1.0,0.04047878498501842,1.0540699201129973e-07,0.6519239627805469,6.87173439367839e-08,9.997273728523178e-17,1.0,9.997273728523178e-17,1.0,1.0,1.0,0.29341528742550416,0.6785191415067788,-12.039135672074167,-0.676395051588996,7.378440426690548,-0.4419878282497225,-1.9205152789671078,-107.21096308099233,64.71549926468681,9.294611002542498,-2.499256881231978,283.15,7.5,0.4
44,0.0009301880076504589,0.13399135701505793,0.00012463715342421808,6.621161266299559e-08,0.7093117695510086,4.696467614281531e-08,0.9751801877109382,1.0021427112840573,0.9772697173031356,0.01770422692491753,1.1177245129398028,0.019788448416629193,0.27536596216148085,0.570088615473494,0.15698300011716515,0.3998886701837461,0.6798388810015905,0.271859866062932,0.6781989438956315,0.6238503072709574,0.4230946195401285,0.0010838568691542445,0.5375999553313101,0.0005826814044428552,0.039602599079262314,1.0,0.039602599079262314,1.448775620695625e-07,0.6515537296134436,9.439551590372666e-08,9.997216754593642e-17,1.0,9.997216754593642e-17,1.0,1.0,1.0,0.2940003770940488,0.6791291981148945,-11.960941952474307,-0.6838684272063719,7.328228668108052,-0.36258870278506894,-1.779436879368597,-105.247408790292,63.8507492354863,9.232916728912892,-2.5008851468271533,288.15,7.5,0.4
45,0.0009553656969185192,0.1335041396617134,0.00012754527542942014,7.38574328287881e-08,0.704888801774169,5.206127732880056e-08,0.9751720918237372,1.0020898584202458,0.9772100634310237,0.01810456671493397,1.1178153370719919,0.020237562344996282,0.2754210156509739,0.5724752445925176,0.1576717133007109,0.399885785553006,0.6811076164316496,0.27236525424290575,0.6786767434155567,0.6255969904284922,0.42457812815458223,0.0014590873549506836,0.5347457764691241,0.0007802408005593836,0.03874438333291454,1.0,0.03874438333291454,1.9732022181164606e-07,0.6511908323575888,1.284931194825098e-07,9.997144638825127e-17,1.0,9.997144638825127e-17,1.0,1.0,1.0,0.2944809480628264,0.6796321829699081,-11.891302622246462,-0.6916842349434762,7.283485180636227,-0.28675780093081527,-1.643642552180871,-103.36213482799282,63.018098074879696,9.175699334239837,-2.5027943748063635,293.15,7.5,0.4
46,0.0009873021521757989,0.1315181664400896,0.00012984816877651545,8.158105174679845e-08,0.7005166583233113,5.7148885752168464e-08,0.9751659586506047,1.0020401489576054,0.9771554424646379,0.018613269843915696,1.1178846756975682,0.020807489123137027,0.27524855593949626,0.5748835740755049,0.1582358735976192,0.3998821201290728,0.6820195326584191,0.27272741668888806,0.6790414016816139,0.6271918363881915,0.42588922370430304,0.00193593697834783,0.5319154722553557,0.001029754832094492,0.03789628606009847,1.0,0.03789628606009847,2.6591139701464696e-07,0.6508220207597684,1.730609927481257e-07,9.997053003226817e-17,1.0,9.997053003226817e-17,1.0,1.0,1.0,0.29484912793558776,0.6800287854148415,-11.828602133230449,-0.6997723606394238,7.2429922327473015,-0.21362206774554268,-1.5128638596747526,-101.55016178930548,62.21531832847036,9.122296767320819,-2.504972094549622,298.15,7.5,0.4
47,0.0009976859856443427,0.1316647820740532,0.00013136010787819936,8.945682153673e-08,0.6952902067701954,6.219845194327747e-08,0.9751606981498231,1.0020016050242042,0.9771125847026463,0.019217546513752716,1.1179445824453615,0.02148415201294159,0.27495304570660467,0.5765959521933616,0.1585368131976646,0.39987776611165426,0.6817677447724712,0.2726237627865962,0.6793563687696154,0.6278099223542922,0.4265066691281461,0.002529919441489031,0.5284502837370543,0.0013369366466867685,0.036979509231550245,1.0,0.036979509231550245,3.549954001929727e-07,0.6496495272682448,2.3062259391776617e-07,9.996944152791379e-17,1.0,9.996944152791379e-17,1.0,1.0,1.0,0.2951682782060018,0.6803541442120813,-11.772173217354954,-0.7081133193710452,7.206220424326203,-0.14326867816900574,-1.3868473510556854,-99.80777223019766,61.441241137231856,9.072555043609395,-2.508466793780723,303.15,7.5,0.4
48,0.0010220091500667008,0.12905533041718642,0.0001318957285512459,9.751099132847521e-08,0.6901307798341888,6.729533648792542e-08,0.9751577661423747,1.00196586269346,0.9770747924150718,0.019965640545708215,1.1179790288849965,0.02232116742835778,0.2743667362020902,0.5783149389258373,0.15867038228999308,0.3998723758625584,0.6811977371403598,0.2723921575825142,0.6795372977051605,0.6283031404604607,0.42695541820816735,0.0032537966599148916,0.5250115022535917,0.0017082806724496363,0.03606501295213832,1.0,0.03606501295213832,4.6819145482418793e-07,0.6484607780360431,3.036037950651199e-07,9.996809396563987e-17,1.0,9.996809396563987e-17,1.0,1.0,1.0,0.2953543858978651,0.6805594043662185,-11.7204107199878,-0.7166276324867255,7.1720150309875494,-0.07448128390508109,-1.2653620496996296,-98.13021960771215,60.69346646176474,9.02568439312478,-2.512209495384525,308.15,7.5,0.4
49,0.001028528736809411,0.12796759720499248,0.00013161835110578647,1.0561600544026384e-07,0.6850458290602317,7.235180400885555e-08,0.9751575122129558,1.0019322767556085,0.9770417864068619,0.02084340528334701,1.1179840961056333,0.02330259561546609,0.2735148177980181,0.5800774707273326,0.1586597837147216,0.39986605136670644,0.6803799023671521,0.27206082498881834,0.6795635872786684,0.6286641224938291,0.42721724627530266,0.004125155420365627,0.5216354435376619,0.0021518272773642143,0.035155994984408294,1.0,0.035155994984408294,6.108359646982631e-07,0.6472975245548013,3.9539260785822964e-07,9.996651284167628e-17,1.0,9.996651284167628e-17,1.0,1.0,1.0,0.29538675181817453,0.6805922216314831,-11.673431694384874,-0.7253364619291683,7.140550635777511,-0.0075516317185860965,-1.1481893027921708,-96.51451549188828,59.9711850886355,8.981671264949016,-2.5161798037959473,313.15,7.5,0.4
50,0.001027346122353365,0.12695180316293844,0.0001304234427052125,1.1382831867004465e-07,0.680035800897425,7.740733185159118e-08,0.9751600075440388,1.0019008743256916,0.9770136641658205,0.021869973910184477,1.1179590426625639,0.02444973509568508,0.2723642811138413,0.5818704530092883,0.15848072763526,0.39985865477932203,0.6793217992599053,0.2716327008143344,0.679431330233314,0.6289060666994327,0.4272984854893969,0.0051530279164039095,0.5183123998556555,0.0026708782658744976,0.03424708258615906,1.0,0.03424708258615906,7.880073586650385e-07,0.6461456016781364,5.091674888914204e-07,9.996466369483032e-17,1.0,9.996466369483032e-17,1.0,1.0,1.0,0.29526160114637917,0.680458790183986,-11.630413412676605,-0.7342021078681672,7.111217901954264,0.05790365668929107,-1.0351242628360304,-94.95722448845454,59.27298353557197,8.940181743506471,-2.52037259137795,318.15,7.5,0.4
51,0.001030533368753551,0.12447210092153341,0.00012827265347849988,1.2219423149943162e-07,0.6751001240242482,8.249334084031395e-08,0.9751652591106924,1.0018717458108388,0.9769905205993085,0.02306173133354702,1.1179038351751838,0.02578079790355192,0.2708865893409243,0.5836781088070278,0.15811057216769667,0.39985006806272994,0.6780272269462145,0.2711092328428279,0.6791403333235154,0.6290411719760488,0.42720723121002857,0.006341726325541693,0.5150305985426764,0.0032661831052375853,0.03333394462749778,1.0,0.03333394462749778,1.0050510439126415e-06,0.6449886014559845,6.482464672050918e-07,9.996251701568265e-17,1.0,9.996251701568265e-17,1.0,1.0,1.0,0.2949788540432248,0.6801709888865004,-11.590755904536925,-0.7431978887240882,7.083581107850443,0.12211707860430031,-0.9259749650397052,-93.4552706333735,58.59766387560292,8.900972384707542,-2.5247833504953228,323.15,7.5,0.4
52,0.0010095760910840234,0.12403933959294981,0.00012522715160689403,1.3078527410696928e-07,0.6693624160427962,8.754274705906031e-08,0.9751721467492129,1.0018530060148887,0.9769791466026913,0.02439142411380953,1.117830831831518,0.02726548590669506,0.26920234236185453,0.584772222332246,0.15742205199998785,0.39984048767640745,0.675689771114723,0.270168127600471,0.6787556173584672,0.6282343958609564,0.42641762520842713,0.007692495590116785,0.5111509075311271,0.003932026102067389,0.032350668534814574,1.0,0.032350668534814574,1.2703331946596708e-06,0.6430358638135494,8.168698031590075e-07,9.996012191910193e-17,1.0,9.996012191910193e-17,1.0,1.0,1.0,0.2946033425667481,0.6797653242348255,-11.554659089111425,-0.7523468243717599,7.057779829508686,0.18446935925063823,-0.8205583588118941,-92.00662065485712,57.94494532123648,8.864241891497766,-2.5304711838661977,328.15,7.5,0.4
53,0.0009921992981879184,0.12240675773782192,0.00012145189912092544,1.3944913900102165e-07,0.6637143262054427,9.255439133199225e-08,0.975181892001402,1.0018363740216296,0.976972690694237,0.025888428488740057,1.1177265637937546,0.028936184216739772,0.2671837283299921,0.585876491971611,0.15653666546587172,0.3998297019648139,0.6731626626847682,0.2691504267950914,0.6782062683871548,0.6273297930822098,0.42545899801437154,0.009206989349350915,0.5073247663064674,0.004670933720045586,0.031366134123806004,1.0,0.031366134123806004,1.5895957611364724e-06,0.6410833918748376,1.0190634422592347e-06,9.995742549120312e-17,1.0,9.995742549120312e-17,1.0,1.0,1.0,0.2940643561169201,0.6791986071344818,-11.521715196817986,-0.761632557337354,7.033602970903417,0.24539348523132404,-0.7187084476971294,-90.60836406470052,57.313537362365054,8.829668525384925,-2.5363605576771016,333.15,7.5,0.4
54,0.0009803803837024928,0.11942736212573753,0.00011708424310540707,1.481092472879475e-07,0.6581554819273466,9.747891302669556e-08,0.9751944534710673,1.001821832849129,0.9769710947606893,0.027552094830253608,1.117591497579654,0.03079198692279977,0.26483182463118243,0.5869872275420853,0.15545289850516952,0.3998177156663135,0.6704627213132054,0.268062873674866,0.6774946961134247,0.6263308563897173,0.42433583321621254,0.01088257242535648,0.5035510618120622,0.005479930900034924,0.03038057538673643,1.0,0.03038057538673643,1.9707324144900413e-06,0.639129254421873,1.2595527387380377e-06,9.995442891657849e-17,1.0,9.995442891657849e-17,1.0,1.0,1.0,0.29336429984513857,0.6784752246063744,-11.491920656100211,-0.77106423209514,7.011089322215462,0.30474364119786634,-0.6202663846938368,-89.25832990100109,56.70278470828084,8.797233379423727,-2.542443069569723,338.15,7.5,0.4
55,0.0009527472194184405,0.1179259817591637,0.00011235365121823296,1.5656947180843124e-07,0.6526894167617923,1.0219123723734678e-07,0.9752099595528899,1.0018090267127615,0.9769741404202723,0.029365041106571177,1.1174241761507187,0.032813206866142294,0.26217754344325594,0.5881290274913485,0.15419422365535293,0.3998046541169287,0.6676389676608636,0.266925166540635,0.6766131789734345,0.6252278352706875,0.4230373932051787,0.012723219511506803,0.4998532465239865,0.006359742579064006,0.029397964512377417,1.0,0.029397964512377417,2.424032377974662e-06,0.6372020323170295,1.5445983576477355e-06,9.995116352923241e-17,1.0,9.995116352923241e-17,1.0,1.0,1.0,0.2924953317692456,0.6775660827623249,-11.465645017940199,-0.7806763842287281,6.990586342778852,0.3621450453605759,-0.5250828148922924,-87.9547239527573,56.11230738692818,8.767041189926777,-2.548704703678072,343.15,7.5,0.4
56,0.0009323691905301793,0.1150763653883741,0.00010729365764631354,1.6482100495740473e-07,0.6473107869766209,1.066904144292552e-07,0.9752281415691841,1.001798296976712,0.9769818913877726,0.03133657115190045,1.11722761782457,0.03501008273882789,0.25920438752238795,0.5892718671393357,0.15274185340602545,0.39979045033429567,0.6646750408255165,0.2657307338975996,0.6755775285885302,0.624033667095652,0.4215831225725182,0.014715158685914666,0.4962065738575437,0.007301758475307788,0.02841614138614784,1.0,0.02841614138614784,2.9584858765285487e-06,0.6352715590345982,1.8794419351641323e-06,9.994761258357375e-17,1.0,9.994761258357375e-17,1.0,1.0,1.0,0.2914733278648186,0.6765100626000653,-11.442583269725674,-0.7904584167243458,6.971874597890288,0.41767980621582046,-0.43301699539213523,-86.69543119184068,55.541311759993306,8.738976567215188,-2.5551429406036745,348.15,7.5,0.4
57,0.0008935028342069795,0.11412703495467079,0.00010197282919163733,1.729396833005982e-07,0.6411449336503338,1.1087940177527177e-07,0.975247743532789,1.0017980635543078,0.9770013009568561,0.03342400523357557,1.1170156467468244,0.03733513682285166,0.25605322148734416,0.5896499357896032,0.15098176560873355,0.3997754120069823,0.6607413855703855,0.26414815964646526,0.6744604819980249,0.6218911449009713,0.4194410013402126,0.016841424843934003,0.49196661132977365,0.008285418710435272,0.027379887209379276,1.0,0.027379887209379276,3.5909310338636966e-06,0.6325255565190443,2.2713556506161405e-06,9.994385300174543e-17,1.0,9.994385300174543e-17,1.0,1.0,1.0,0.2903707295551267,0.6753541577719151,-11.423023928156208,-0.8004401122441568,6.955149125863574,0.4707432079387409,-0.34393323316790714,-85.47914887152274,54.98973691309433,8.713277876272912,-2.562859619112861,353.15,7.5,0.4
58,0.0008713788071655367,0.11078668445172306,9.653716894736711e-05,1.8066947002176538e-07,0.6350776206242371,1.1473913714086466e-07,0.9752697281377447,1.0017999779551547,0.9770251921487225,0.03565549672732533,1.1167776786468346,0.03981926286614219,0.2526050481700501,0.5900127885481218,0.14904020887214384,0.3997593363128595,0.6566947515453775,0.2625198580379183,0.673206231202126,0.6196701480121966,0.41716580493175437,0.019094939753378195,0.48777770971456114,0.009314085980040342,0.02635172359790158,1.0,0.02635172359790158,4.330020977338626e-06,0.6297712882242926,2.7269228889367576e-06,1.1375814586627425e-16,1.0,1.1375814586627425e-16,1.0,1.0,1.0,0.28913192370454094,0.6740777906787615,-11.40668831253293,-0.8106120907346034,6.940288420414621,0.5217414770857515,-0.2577096566549419,-84.30367912175122,54.45653529112358,8.689678203714198,-2.570736110922604,358.15,7.5,0.4
59,0.0008374519942967389,0.10884494398853437,9.115241541231495e-05,1.8777990319838237e-07,0.6291129936213833,1.181347770430679e-07,0.9752942164247841,1.0018035720657161,0.9770532298293824,0.03800489912318108,1.116512321948882,0.042432938165455944,0.24890696998398834,0.5903943274932671,0.14695326315208362,0.39974241179846365,0.6525904676244098,0.2608680874448688,0.6718073681379293,0.6173567765238902,0.4147448312386305,0.021478077138785325,0.4836697265063253,0.010388295695598055,0.025337023842799733,1.0,0.025337023842799733,5.193008001606938e-06,0.6270468945439731,3.2562595407496354e-06,1.3505198537065577e-16,1.0,1.3505198537065577e-16,1.0,1.0,1.0,0.28774932110146617,0.6726450079121292,-11.393929974341939,-0.8210094228064208,6.927622234015879,0.5703818061310797,-0.17422836834195518,-83.16763016252833,53.941398668260746,8.668268957303956,-2.5787560155303932,363.15,7.5,0.4
60,0.0008122119121225287,0.10567570734830109,8.583106833026439e-05,1.9424460519491319e-07,0.6232442930358884,1.21061841640739e-07,0.9753208532797546,1.0018091537672578,0.9770853586757509,0.04047229776270032,1.1162235298707512,0.045176131070661464,0.24495914248948844,0.5907669990729646,0.14471377750400183,0.3997246379572528,0.6484120419608761,0.2591862687199342,0.670284622737176,0.6149624609647769,0.4121998811453008,0.02397041776771491,0.47961938327458553,0.01149667698658559,0.024335476334155465,1.0,0.024335476334155465,6.1949430800203705e-06,0.6243255049594093,3.867660966628518e-06,1.594253122323726e-16,1.0,1.594253122323726e-16,1.0,1.0,1.0,0.2862436521643113,0.6710970288939038,-11.384527335375099,-0.8316265695543543,6.916992723713347,0.6167386670976434,-0.09337788020290982,-82.0693420111904,53.44368358002359,8.648963163249764,-2.5869143469983253,368.15,7.5,0.4
61,0.0007694645962438297,0.1048509982525439,8.067913103615619e-05,1.9987266248326435e-07,0.6174749670343133,1.2341636567791416e-07,0.9753497245785197,1.0018162864052718,0.9771212390236571,0.04303249596007736,1.115910304558598,0.048020405672726564,0.2408074363529632,0.5911621827016054,0.14235624968519564,0.39970619652119216,0.6442090038313405,0.2574943306861312,0.6686326496175719,0.6124746001525031,0.40952051472343104,0.02657293014856823,0.47565336944664965,0.012639503761236938,0.023351784647932358,1.0,0.023351784647932358,7.357275023171993e-06,0.6216419747693056,4.573590974325524e-06,1.8729839112014575e-16,1.0,1.8729839112014575e-16,1.0,1.0,1.0,0.2846093969092844,0.6694023140864782,-11.378711907223435,-0.8424906599558911,6.908627246685744,0.6606299361573891,-0.015052921846802538,-81.00750308235976,52.963032485073334,8.631806596686031,-2.5951953840282367,373.15,7.5,0.4
62,0.0007465322842926508,0.1012254016496452,7.556803032195069e-05,2.0507496634627253e-07,0.6108988636861065,1.2528006391140444e-07,0.9753788384987067,1.0018348213607873,0.977168484426444,0.04565973711097007,1.1155946391186833,0.05093775794456661,0.23655597695864908,0.5906806913375386,0.1397290480099617,0.399687273296715,0.6390263016169246,0.25541068005815276,0.6669673183127419,0.609034706590492,0.40620624501404806,0.029222501633903292,0.47104181430682385,0.01376502018821793,0.022333525924745346,1.0,0.022333525924745346,8.706929855736374e-06,0.6180633002798334,5.381433801941438e-06,2.1859776289384302e-16,1.0,2.1859776289384302e-16,1.0,1.0,1.0,0.2829622463539118,0.667714055672001,-11.376069613885484,-0.8535813013138301,6.902118033731508,0.7019361234888107,0.060849627903088635,-79.9808243151069,52.49905983286631,8.616821334983204,-2.604788705106041,378.15,7.5,0.4
63,0.000714676776695042,0.09891005780364195,7.068872129382711e-05,2.093356590938474e-07,0.6044330145372699,1.2652938347624043e-07,0.9754097437324204,1.0018549165034305,0.9772190473636765,0.048355006488211574,1.1152594040757886,0.053928375720123746,0.2321421648694386,0.5902090885749116,0.1370124155473982,0.39966786132868565,0.6338415486163901,0.25332609615677476,0.6651982697765954,0.6055199948710872,0.4027908529033801,0.03194883531348793,0.46651437725164085,0.014904591010187054,0.02134134361757387,1.0,0.02134134361757387,1.0264047252289531e-05,0.6145210897189424,6.307473502403681e-06,2.540599501750728e-16,1.0,2.540599501750728e-16,1.0,1.0,1.0,0.28121184813434524,0.6659131558889496,-11.376869323348012,-0.86492837863009,6.897808608087017,0.7408095942117991,0.13442062048598896,-78.98782387884184,52.05111999612536,8.603890214708237,-2.6144842748402,383.15,7.5,0.4
64,0.0006913905647488887,0.09550223068911079,6.602934121092299e-05,2.1266266826046032e-07,0.5980698070752034,1.2718712097863156e-07,0.9754420581628886,1.001876814666463,0.9772727821239335,0.05111358856782722,1.1149088291708076,0.056986991184874616,0.2275754154511517,0.5897234171683006,0.13420655166334883,0.3996479947729014,0.6286386892496261,0.25123419159527816,0.6633477291579295,0.6019416902826963,0.3992966533345123,0.0347296977160979,0.46204994878971,0.01604685505120515,0.020375307451194535,1.0,0.020375307451194535,1.2052750949069556e-05,0.6109921639558272,7.3641363839926615e-06,2.940483420351509e-16,1.0,2.940483420351509e-16,1.0,1.0,1.0,0.27938039458372776,0.6640393323853466,-11.380912906181752,-0.8765268770224164,6.895556863303111,0.7773463966609926,0.20574945659265328,-78.02714978485324,51.6186546849109,8.592931002538002,-2.6242752120285475,388.15,7.5,0.4
65,0.0006539204271484006,0.09424675873176391,6.162988072722729e-05,2.149503971269163e-07,0.5918113166364842,1.2721007753521553e-07,0.9754758238963197,1.0019001067424018,0.977329332086355,0.05391258150581799,1.1145424011554856,0.060087858043985226,0.2228984491814412,0.5892515547044374,0.13134325772137226,0.3996278389025985,0.6234582110964006,0.24915125754653467,0.6614129206576385,0.5982904102407065,0.3957170076387624,0.03756490124259447,0.4576704457059606,0.017192345094598604,0.01943867793783721,1.0,0.01943867793783721,1.4105427104615509e-05,0.6075065376546993,8.569139182465719e-06,3.390964369291761e-16,1.0,3.390964369291761e-16,1.0,1.0,1.0,0.2774649511144076,0.662067056035184,-11.388300592124109,-0.8883942701597681,6.895478482676805,0.8114902347309817,0.2749207995198635,-77.09767081776643,51.20128019707947,8.583940458564724,-2.6341464465828346,393.15,7.5,0.4
66,0.0006310960945037176,0.09104379648895641,5.745738439297167e-05,2.1627282694308743e-07,0.5856464175448829,1.2665940631152362e-07,0.9755105274365198,1.001925223870119,0.9773886035894931,0.05675191699814469,1.1141658068464368,0.06323104539231988,0.21811244530539506,0.5887545805815622,0.12841470125539678,0.3996073944070671,0.6182657291971674,0.2470635570956654,0.659423785609626,0.5945835174060689,0.39208251390899684,0.04042552055958166,0.45334217493310275,0.018326593413283607,0.018530440316140734,1.0,0.018530440316140734,1.6449421401702962e-05,0.6040255787891151,9.935871282909682e-06,3.895693891860673e-16,1.0,3.895693891860673e-16,1.0,1.0,1.0,0.27549545839804346,0.6600550979769567,-11.39875781808648,-0.9005188202749732,6.897362551965052,0.8433869843964318,0.34201508082200033,-76.19811734201643,50.79843188235402,8.576816982214734,-2.6440938062558716,398.15,7.5,0.4
67,0.0006120094924285211,0.08735473549794148,5.346192733332291e-05,2.1700109409429178e-07,0.5786283142424201,1.2556297726454074e-07,0.9755445522753878,1.0019620607927473,0.9774586299929857,0.059569229186489076,1.113796737767459,0.06634801313923362,0.2133836530379634,0.5873042708419113,0.12532113075704449,0.399587111168468,0.6121073378381373,0.2445902028517628,0.6574737315266416,0.589873866447817,0.3878265721034941,0.04326001831915195,0.4483430265938874,0.0193953275437156,0.017609533180653163,1.0,0.017609533180653163,1.91470172953618e-05,0.599607095354315,1.1480687425170728e-05,4.452530839683011e-16,1.0,4.452530839683011e-16,1.0,1.0,1.0,0.273564891716881,0.6580859580201642,-11.412270228925934,-0.9129085149857628,6.9011383951523735,0.8727181676124625,0.40711226730432276,-75.32774353059355,50.410036329191534,8.571697096682314,-2.655432369635945,403.15,7.5,0.4
68,0.0005804698512472464,0.08567419574196539,4.973128765806612e-05,2.1669521647139965e-07,0.5717261014256048,1.2389031131077077e-07,0.9755794542961596,1.0020000654880663,0.9775306770935638,0.0623886940458549,1.1134180670079024,0.06946469912768319,0.20861379990912837,0.5858672954352089,0.12222000274322287,0.39956681513552816,0.6060065549354372,0.2421401091068061,0.6554723039218294,0.5851183220792275,0.38352885464014624,0.046108743999335046,0.44343484110772674,0.020446223569021982,0.016725748645817037,1.0,0.016725748645817037,2.2221870559972132e-05,0.5952428718633831,1.3227410050294183e-05,5.073111854167213e-16,1.0,5.073111854167213e-16,1.0,1.0,1.0,0.27158296380623054,0.6560529904682931,-11.42888435412815,-0.9255762157268654,6.906962655761108,0.8998236735228112,0.47028105229196493,-74.48520069072198,50.03536529617412,8.568382784031694,-2.666818607465028,408.15,7.5,0.4
69,0.0005623796387210146,0.08221028784759905,4.623339197888337e-05,2.1545365236137507e-07,0.5649286808706556,1.2171594761727653e-07,0.9756147571963233,1.0020396124001518,0.977604633152872,0.0652099872121475,1.1130350543528655,0.07258100166102227,0.20380505111635616,0.5844085619867883,0.11910541684855358,0.3995465089143104,0.5999307962331178,0.23970025522512475,0.6534472486001333,0.5803337673834515,0.3792175035664662,0.04894543349681004,0.43858680859868276,0.021466821472844986,0.015877609694964705,1.0,0.015877609694964705,2.571124886704538e-05,0.5908979190410045,1.519272345148251e-05,5.761368970929594e-16,1.0,5.761368970929594e-16,1.0,1.0,1.0,0.2695774179672247,0.6540098436925067,-11.448362272116661,-0.9385116499072399,6.914652515373616,0.9248378462888797,0.5315903719319152,-73.66939753545796,49.673921057363735,8.566784506916747,-2.678248269977626,413.15,7.5,0.4
70,0.0005382311666618004,0.07984609962469164,4.297565935439212e-05,2.132641840246142e-07,0.5582373011096189,1.1905202251324568e-07,0.975650511303779,1.002080319094625,0.977680175692125,0.06801588633848953,1.1126470960745742,0.07567767842145867,0.19899080847448777,0.582952909386092,0.11600227074129325,0.3995263169780197,0.5939115830963689,0.2372833074050774,0.6513953569306805,0.5755138554524798,0.3748870532910201,0.0517723170119861,0.4338169088429397,0.022459706529776552,0.015066318525764014,1.0,0.015066318525764014,2.9665397047317382e-05,0.5865976230366305,1.740165139439424e-05,6.52368077653813e-16,1.0,6.52368077653813e-16,1.0,1.0,1.0,0.2675449259796391,0.6519338013615263,-11.470736803079701,-0.9517260641824802,6.924263222192061,0.9477703535598679,0.591105697282228,-72.87941595877038,49.325346637638354,8.566876656095623,-2.68970851631546,418.15,7.5,0.4
71,0.0005040930581656292,0.07924814132715836,3.994843791554924e-05,2.1017153406163836e-07,0.551649425013366,1.159410059192798e-07,0.9756866051936685,1.0021220539369138,0.9777570647954137,0.07079642068105149,1.1122553914749493,0.07874370059962814,0.19419122384256368,0.5815049703369551,0.11292316186026702,0.39950631154769795,0.5879575443845676,0.23489274990372053,0.6493229480391424,0.5706605313898717,0.370542978571655,0.054583301340843285,0.4291264839125974,0.023423140184737838,0.014291779049330358,1.0,0.014291779049330358,3.4135363240291e-05,0.5823466555945784,1.987861462048957e-05,7.365913592791042e-16,1.0,7.365913592791042e-16,1.0,1.0,1.0,0.2654917375817808,0.6498272512688419,-11.4959426757583,-0.9652225994964305,6.935762935953367,0.9686805975438104,0.6488893663664396,-72.11433352663434,48.989250694080255,8.568610302883961,-2.70118999607414,423.15,7.5,0.4
72,0.00048544754199444955,0.07637756185305414,3.707729966509416e-05,2.067333268624482e-07,0.5441291563234015,1.1248963072959383e-07,0.9757209067860749,1.0021765976623744,0.9778446586309153,0.07349281673917744,1.111883269735716,0.08171543337804438,0.18956260728775026,0.5789637528822194,0.10974987852145424,0.3994869169553544,0.5809673870030458,0.232088870285455,0.6473534484036338,0.5647547831215567,0.365595956356186,0.0572940055018772,0.4236892984014159,0.02427485699369721,0.013515708596582535,1.0,0.013515708596582535,3.923030799000381e-05,0.5770504676870981,2.26378675731406e-05,8.276351923842283e-16,1.0,8.276351923842283e-16,1.0,1.0,1.0,0.2635408715689222,0.6478391026789551,-11.523756639904692,-0.9789907168011098,6.9488875088812385,0.9873443330206516,0.7050049978363242,-71.3735539968585,48.6655484530486,8.572083962411142,-2.7142173093284354,428.15,7.5,0.4
73,0.00046193732213685527,0.07450935877886956,3.441865366844518e-05,2.0251268532100426e-07,0.5367312343873439,1.0869488357143841e-07,0.9757552425927778,1.002232022216582,0.9779331499721912,0.0761486416384198,1.111510694512208,0.08464002955368125,0.18497609990762082,0.5764322201971384,0.10662618395315755,0.3994678193646056,0.5740643600492734,0.22932023808382104,0.6453809074286264,0.5588497597765665,0.3606709650808704,0.05996834834378241,0.4183405636275169,0.0250871926459492,0.012779574726341706,1.0,0.012779574726341706,4.4967681029318786e-05,0.5718146610423472,2.571317928564033e-05,9.27404402166953e-16,1.0,9.27404402166953e-16,1.0,1.0,1.0,0.26158667886817744,0.6458430472634485,-11.554219755115732,-0.9930417075324304,6.963790898314697,1.0041401605939075,0.7595048897166411,-70.65591817871044,48.35354883318841,8.577087433797027,-2.727248647666177,433.15,7.5,0.4
74,0.00043526468153048064,0.07342144563943628,3.195776215375673e-05,1.9758594162281245e-07,0.529451375422613,1.0461214855637016e-07,0.9757894719533599,1.0022882919648368,0.978022363161403,0.07875894146421128,1.1111391905465366,0.08751214646684577,0.18044298983685939,0.573907814381926,0.10355764191781204,0.3994490549277421,0.5672471721259712,0.22658634681615344,0.6434133963509873,0.5529502529398947,0.3557756002571951,0.06259960954926547,0.4130755814080713,0.025858370110481088,0.012082091510507955,1.0,0.012082091510507955,5.141026000098261e-05,0.5666361415146973,2.913091136122414e-05,1.036412352618359e-15,1.0,1.036412352618359e-15,1.0,1.0,1.0,0.25963719598260115,0.6438488586184593,-11.587244317103831,-1.0073758315495012,6.980417878139583,1.0191378243825326,0.8124429729807061,-69.96061318452497,48.052890957071355,8.58357031953188,-2.7402774773498075,438.15,7.5,0.4
75,0.00041429935070537747,0.07163272691545815,2.9677392250329925e-05,1.9204733851054753e-07,0.5222829102455097,1.003030428621933e-07,0.9758233772237552,1.0023455031928772,0.9781121740707178,0.08132175220874815,1.1107711351703857,0.090329855014956,0.1759689531637624,0.5713785912752939,0.10054489256689875,0.3994306382524874,0.5605042551575632,0.22388257238082054,0.6414635110163113,0.5470641633094528,0.3509216989476823,0.06517689186023182,0.4078823737462539,0.026584505365354248,0.011421586622087237,1.0,0.011421586622087237,5.862108575752191e-05,0.5615025284888181,3.291588787560843e-05,1.1550966255005898e-15,1.0,1.1550966255005898e-15,1.0,1.0,1.0,0.2577050047232159,0.6418780024143553,-11.62271390252599,-1.021990475383756,6.998685891723205,1.0324165757621002,0.8638707072369676,-69.28685179489419,47.763216557548176,8.591478477980926,-2.7532994693674553,443.15,7.5,0.4
76,0.00039922690994963385,0.0690477660163467,2.756572626563143e-05,1.859742798016206e-07,0.5152221974125352,9.581807710160464e-08,0.9758568580755638,1.0024035987143376,0.9782024263650116,0.08383299241087853,1.1104076045099445,0.09308879228186401,0.1715635772645171,0.5688443539082702,0.0975929722632258,0.39941259924761086,0.5538360257168427,0.22120908658853078,0.6395369716551856,0.5411951322032214,0.346114295923776,0.06769585829370477,0.4027584147136744,0.02726507656905408,0.01079673058087843,1.0,0.01079673058087843,6.666900373331105e-05,0.5564130249599124,3.709550203831528e-05,1.2839363404327638e-15,1.0,1.2839363404327638e-15,1.0,1.0,1.0,0.2557957965853453,0.6399363845394149,-11.660558016264751,-1.0368866476042389,7.018552548908282,1.0440361491581547,0.9138371845845893,-68.6338993762599,47.48419825869619,8.60076839978545,-2.7663089542283217,448.15,7.5,0.4
77,0.00042615446449033876,0.05998687731301948,2.556367557777747e-05,1.7995604948800217e-07,0.5071106038061418,9.125762091442868e-08,0.9758874785219086,1.0024765450505864,0.9783043078267714,0.08622337360799512,1.1100751693003392,0.09571442605554156,0.16740041650260762,0.5650124419295687,0.09458331810816518,0.39939543869190136,0.5459899596443097,0.2180658994535126,0.6377746324038567,0.5341972208245624,0.34069743614254716,0.07005089184517481,0.39677063370035104,0.027794136748684764,0.01017318651210752,1.0,0.01017318651210752,7.575639124168183e-05,0.5501095315328312,4.1674312896579436e-05,1.4198426306933647e-15,1.0,1.4198426306933647e-15,1.0,1.0,1.0,0.2540499445750931,0.6382009668243964,-11.700545938231711,-1.0520506704505552,7.039730857470037,1.0537321017734436,0.9623943115146902,-68.00137658529529,47.215853713582675,8.611564500051813,-2.781136533055279,453.15,7.5,0.4
78,0.00040910411707833436,0.05801396332780866,2.3733751245438028e-05,1.7343479138000333e-07,0.4991504122813289,8.657004762125492e-08,0.9759181920834501,1.00254932764465,0.9784061273094453,0.08854047197333242,1.109741441822957,0.09825703102737103,0.16334665594282574,0.5612570646228898,0.09167946463043548,0.3993788137903728,0.5383188152714865,0.2149931298841651,0.6360049472580811,0.5272295273553835,0.3353205877385637,0.07237555143592803,0.3909242569735543,0.02829335866814143,0.009588325251438748,1.0,0.009588325251438748,8.589128958925134e-05,0.5439386902554392,4.671959556352799e-05,1.5666154558591828e-15,1.0,1.5666154558591828e-15,1.0,1.0,1.0,0.25229623203323653,0.6364142248099509,-11.742996293488115,-1.0675178897605864,7.062632343581907,1.0618193439586978,1.009581738272326,-67.38835402092823,46.957611105831916,8.623692080556578,-2.7959315833473517,458.15,7.5,0.4
79,0.0003889764461860093,0.05667971967420447,2.2047075929691287e-05,1.6656342595290461e-07,0.4913255892226628,8.183687339925624e-08,0.9759484279590761,1.0026225803377669,0.9785079311169159,0.09079524564562577,1.109412713146036,0.10072939981247447,0.15938385791266765,0.5575244899599497,0.08886040409060915,0.39936264604012717,0.5307655843510231,0.21196794819345888,0.6342612618398186,0.5203155008867679,0.33001596614725864,0.07463983321775412,0.3851745154977215,0.028749361596479187,0.009038663899375778,1.0,0.009038663899375778,9.713834032339153e-05,0.5378466794903827,5.224553379414287e-05,1.7241993225493003e-15,1.0,1.7241993225493003e-15,1.0,1.0,1.0,0.25056808000447944,0.6346504048494306,-11.787661971633415,-1.0832729253579898,7.087050971321661,1.0684186376869245,1.0554423429096405,-66.79412403526857,46.70911284733244,8.637079378825884,-2.8106972371040095,463.15,7.5,0.4
80,0.0003737703451718663,0.05481991923057745,2.049006013310676e-05,1.5942952061732457e-07,0.4836298255449042,7.710487124286435e-08,0.9759780320653212,1.0026964098397924,0.9786096688344033,0.09298898954950899,1.1090906588532305,0.1031332196855611,0.15551164664023362,0.5538038338710535,0.0861229461209619,0.3993469266882229,0.5233178532837324,0.2089853763899369,0.6325524857856516,0.5134612089959044,0.3247911641048653,0.07683695333497263,0.3795105416982737,0.02916043378260045,0.008522060939731999,1.0,0.008522060939731999,0.00010957786139931734,0.5318217579657253,5.8275890883509555e-05,1.8927651461777984e-15,1.0,1.8927651461777984e-15,1.0,1.0,1.0,0.24887440653491447,0.632926415560344,-11.834448595498138,-1.099313603967002,7.112918183725079,1.0735921426653832,1.1000170842096593,-66.21806361366431,46.47006901666235,8.651684477025878,-2.8254322432618664,468.15,7.5,0.4
81,0.00035572608572772435,0.05356620713395504,1.9054897191042333e-05,1.5209281249386266e-07,0.4760623159130192,7.240565654955287e-08,0.976007061949462,1.0027706384335071,0.9787112246266735,0.09511914850731984,1.1087746158242,0.10546569734372856,0.1517368323370248,0.5501053890411763,0.08347124918463479,0.3993316748056949,0.5159847227913767,0.20604904352643272,0.6308751327238721,0.5066650258376637,0.3196423654218802,0.07897202442488058,0.3739379201502755,0.029530634563496607,0.008036924391182506,1.0,0.008036924391182506,0.0001233010776288082,0.5258726958092018,6.484067008884096e-05,2.0726010384085473e-15,1.0,2.0726010384085473e-15,1.0,1.0,1.0,0.24721170693007238,0.6312310109024123,-11.883330531674217,-1.1156438316598059,7.140227504075006,1.0773776012821794,1.143345116177005,-65.65959872338411,46.24022272856148,8.667478166436196,-2.8401324718542,473.15,7.5,0.4
82,0.002622740694263104,0.13663488338617175,0.0003583578689128065,1.3849772332770363e-08,0.7220335295451917,1.0000000000827517e-08,0.9754072731381308,1.0023662509167912,0.9777153314924387,0.00528405579863339,1.117599230698059,0.005905456695518292,0.2710306301072638,0.56218376347628,0.15236901965104913,0.39997817510658795,0.6726202202024878,0.2690334082163824,0.6775448374098324,0.6165437505750502,0.4177360352394207,0.0012903917991467146,0.5454362889019769,0.0007038265141561294,0.04177175496193155,1.0,0.04177175496193155,1.7285808223224132e-07,0.6517102426180094,1.1265338271005781e-07,9.999454377664741e-17,1.0,9.999454377664741e-17,1.0,1.0,1.0,0.2789374266001603,0.680167591953869,-12.854080082668213,-0.6966758453227224,7.999999999964061,-1.1206304645490404,-2.219592851066242,-111.90017387826744,67.0565808361841,9.687153365372875,-2.4973210281942935,273.15,8.0,0.4
83,0.0025832321840806244,0.13460901842017073,0.00034772634865048665,1.7122153663254037e-08,0.7175413741442851,1.2285853667840892e-08,0.975397802317009,1.002301277649017,0.9776424634783815,0.005652888071876363,1.1177051476021014,0.006318262096754731,0.27126125329843825,0.5645154801498238,0.1531311766518108,0.39997551754895905,0.6751094501972873,0.2700272517448532,0.678102135914146,0.6188916632908301,0.4196717587769704,0.0016986901136987129,0.5425339293854865,0.0009215970221932411,0.040801370245354907,1.0,0.040801370245354907,2.2770704260597903e-07,0.6513475040585247,1.483164138579526e-07,9.999387938723952e-17,1.0,9.999387938723952e-17,1.0,1.0,1.0,0.27949737355439525,0.6806853852203804,-12.723217634345568,-0.7022060507060128,7.9105946617030645,-1.0073804721661663,-2.0670599051483483,-109.7396616893467,66.09644110253362,9.602354652653672,-2.4984215262050924,278.15,8.0,0.4
84,0.0025078607482365077,0.13413555625754123,0.0003363932964811575,2.085184865524985e-08,0.7131075731558387,1.4869611190358044e-08,0.9753905287022284,1.0022398125992196,0.9775752206975752,0.006083759103782523,1.1177868715260821,0.006800346055735389,0.27133875281088005,0.5669185020315128,0.15382695928664308,0.3999724130196676,0.6772082416370381,0.2708646145243722,0.678532041132884,0.6210182311394767,0.42138076795580226,0.002204877607727838,0.5397001588702387,0.0011899727951801455,0.039859684363687295,1.0,0.039859684363687295,2.970499840302459e-07,0.6510341802822117,1.9338969285597506e-07,9.99931032549167e-17,1.0,9.99931032549167e-17,1.0,1.0,1.0,0.27993037266289905,0.6810399227329692,-12.602451386132573,-0.7080438320205719,7.827700387233905,-0.8979968456854222,-1.9204082806541014,-107.66697209842803,65.17172227874853,9.522722509573354,-2.4998551812785035,283.15,8.0,0.4
85,0.002417527723380139,0.13372948674199606,0.0003232947416321721,2.5130373481552756e-08,0.7087313430013433,1.7810683347706202e-08,0.975385385192537,1.0021819229474633,0.977513600947109,0.006602240309510602,1.1178452049865586,0.0073802826721554,0.2712210796440406,0.5693634101161231,0.15442335880150757,0.39996867725321583,0.6789133295062177,0.2715440663721786,0.6788387931833011,0.6229516861392707,0.42288377083028506,0.002813623369451577,0.5369079454204566,0.001510656742479228,0.038937456135828934,1.0,0.038937456135828934,3.82600206299853e-07,0.650736671129401,2.489719846209885e-07,9.999216931330377e-17,1.0,9.999216931330377e-17,1.0,1.0,1.0,0.28024084767693136,0.6812563460370548,-12.489171572396122,-0.7140700251085357,7.749319417513469,-0.7909274498781307,-1.7793285120417786,-105.67574753738506,64.279304717233,9.447194469786242,-2.5016064122471477,288.15,8.0,0.4
86,0.0023158429365885695,0.1332864241765562,0.0003086704239724255,3.0003923036040154e-08,0.7044126462034959,2.1135142822303035e-08,0.9753824209291835,1.0021273675007196,0.9774574177922415,0.007218793501408803,1.1178796249347585,0.008069742171836345,0.2708914997987433,0.5718464346443969,0.15490833833538473,0.399964234874668,0.6802512963677321,0.27207618927422095,0.679019654589028,0.6247076598935598,0.42418877944004496,0.003531777320069308,0.5341553013763983,0.0018865175787959505,0.038030437320277735,1.0,0.038030437320277735,4.867262933562239e-07,0.6504510424673036,3.1659162490980213e-07,9.999105871866733e-17,1.0,9.999105871866733e-17,1.0,1.0,1.0,0.2804261362367407,0.6813355275295396,-12.382691848372925,-0.720266989224482,7.674994813047712,-0.6860563413664695,-1.6435326361611313,-103.76143336842847,63.417616447354824,9.375458520477403,-2.503653983814766,293.15,8.0,0.4
87,0.0022259813417693326,0.13135650606100968,0.00029239713161181765,3.556414049074331e-08,0.7001480013113561,2.490016188295016e-08,0.9753814961710702,1.0020762734851616,0.9774066549094873,0.007954893703169093,1.1178917326686284,0.00889270990503046,0.27031394607977527,0.5743388292859134,0.15525179533111363,0.3999589311383933,0.6812171010812947,0.27245886362166943,0.679083053917149,0.6263099934012484,0.42531650301774915,0.00435763848893685,0.5314170720135948,0.002315723486684566,0.03713162152842682,1.0,0.03713162152842682,6.110906453212167e-07,0.6501458403880276,3.972980411556245e-07,9.998973278459816e-17,1.0,9.998973278459816e-17,1.0,1.0,1.0,0.2804948211247137,0.6813090708230587,-12.281759935927214,-0.7265808796650517,7.603797829424607,-0.5828076188891085,-1.5127522232326762,-101.91934734044904,62.584727152498075,9.307001179334678,-2.5059843692539614,298.15,8.0,0.4
88,0.0020983226868901985,0.13153916632173646,0.0002760116169075228,4.173301746321333e-08,0.695032199837623,2.9005790933319142e-08,0.9753816876664764,1.0020361690402477,0.9773677296613275,0.00877969118179776,1.1178916844544755,0.009814743764210002,0.269622126346252,0.5761606527535685,0.15534566031246172,0.3999529884061963,0.681050115701749,0.27238802902930026,0.6790824506415022,0.6269197002558503,0.4257301664051788,0.005309970131745639,0.5280696557145135,0.00280403409932527,0.036169186641277565,1.0,0.036169186641277565,7.621165453065275e-07,0.6490657825031537,4.946637718379817e-07,9.998824710154928e-17,1.0,9.998824710154928e-17,1.0,1.0,1.0,0.28050014021493996,0.6811808150614098,-12.188584587808352,-0.7331610681860982,7.537515287641901,-0.48350792891347694,-1.3867339622970922,-100.14801148094213,61.78170716549351,9.242788057740222,-2.5096338862177587,303.15,8.0,0.4
89,0.002005391416922292,0.12898040790839288,0.00025865620297062713,4.8666627476674235e-08,0.6899782399547908,3.357891397089115e-08,0.9753838548779284,1.0019994382215682,0.9773340746380719,0.009746885356071345,1.117870087782553,0.010895751588597949,0.2686407554278617,0.5779600384787782,0.15526362134405497,0.39994601969498156,0.6805337541634089,0.2721767662457385,0.6789683977986574,0.627404687929238,0.42598795573468135,0.006369949204719188,0.5247231386269241,0.003342459739594332,0.035210705471193385,1.0,0.035210705471193385,9.393038777282915e-07,0.647939767680012,6.086123363162035e-07,9.998650492374556e-17,1.0,9.998650492374556e-17,1.0,1.0,1.0,0.2803930322008553,0.6809738378822071,-12.100251587237382,-0.7398524552273278,7.4739333541799935,-0.38594099573995255,-1.2652468180904584,-98.44167931954702,61.00515663681796,9.181529480651387,-2.5135382543062272,308.15,8.0,0.4
90,0.0018911855263974962,0.12793189981463537,0.00024194295729397294,5.6153616621260575e-08,0.6849962893774514,3.8465019020687427e-08,0.9753885766023984,1.0019649232201324,0.9773051402652163,0.010827916899179,1.117820452603871,0.012103666968997376,0.2674200422816957,0.5798104389668779,0.155052932103891,0.39993823086815733,0.679782207250215,0.27187089334330206,0.6787067481713206,0.6277443239098114,0.42605430876383227,0.0075650100490866415,0.5214475404540508,0.003944755883606409,0.03426326178099948,1.0,0.03426326178099948,1.1500732025568225e-06,0.6468499067311136,7.439247438078332e-07,9.998455771703918e-17,1.0,9.998455771703918e-17,1.0,1.0,1.0,0.2801391447072722,0.6805979898513348,-12.018995463638948,-0.7468082971464185,7.414934048470545,-0.29203896475392693,-1.1480722579352907,-96.79900282492362,60.255906511384595,9.124031976323566,-2.517666914793696,313.15,8.0,0.4
91,0.0017777240791223632,0.12695188106337899,0.00022568541585624716,6.420242875529154e-08,0.6800828608424352,4.366297142093123e-08,0.9753956885235239,1.0019328502874605,0.9772809823604743,0.01203990220064505,1.1177446480995263,0.01345753624841271,0.26593078438682016,0.5816836604857303,0.15468759209796706,0.39992949860546784,0.6787864843630438,0.27146673835148033,0.6783073117942642,0.6279568249111824,0.42594770582836555,0.00889024663422731,0.5182186626002842,0.004607091720975956,0.03332172939082802,1.0,0.03332172939082802,1.3982119329703136e-06,0.6457661612034638,9.029179525031141e-07,9.998237465136693e-17,1.0,9.998237465136693e-17,1.0,1.0,1.0,0.27974841066658757,0.6800851000758154,-11.943968780092776,-0.7539961601964713,7.359886712332737,-0.20140494308838552,-1.0350054528932404,-95.21653308823224,59.532529755235224,9.0699548533381,-2.5220130882721703,318.15,8.0,0.4
92,0.0016855635687105157,0.12450816453146217,0.00020986642614124744,7.27988045169941e-08,0.6752341747222745,4.915624068880071e-08,0.9754050158212435,1.0019034334222516,0.9772616343285895,0.01339678349273219,1.1176446534212223,0.01497284344369382,0.2641489658040029,0.5835534674475382,0.15414504491760705,0.39991972246436464,0.6775391340201963,0.27096126243610286,0.67778047135581,0.628058399644302,0.4256857181498907,0.010339040761126825,0.5150147330465308,0.005324758317548931,0.032382162852493235,1.0,0.032382162852493235,1.6879876991884393e-06,0.6446613158330208,1.0881803712687717e-06,9.997993061609112e-17,1.0,9.997993061609112e-17,1.0,1.0,1.0,0.2792313128654456,0.679466107723325,-11.874654401657557,-0.7614014265614615,7.308421337960885,-0.11387499221172027,-0.9258544655462762,-93.69126270418953,58.8338969454058,9.01908891960898,-2.526569967022836,323.15,8.0,0.4
93,0.001570405380900293,0.12410000556475348,0.00019488731650864517,8.181862595729395e-08,0.6695769438845013,5.478386552131396e-08,0.9754156650700297,1.001884426682978,0.9772537643762824,0.01486558342237032,1.1175302925252348,0.01661273979055978,0.2622033160493706,0.5847159830448019,0.1533144697014146,0.39990914017900797,0.6752620057444781,0.27004344811282655,0.6771779173241752,0.6272086311151303,0.42473183454629077,0.011922700795658785,0.5112184112934965,0.006095104159084394,0.031381991637514324,1.0,0.031381991637514324,2.031356963101077e-06,0.6427708158616404,1.3056969724787022e-06,9.997728504475194e-17,1.0,9.997728504475194e-17,1.0,1.0,1.0,0.2786393048526412,0.6787484045237014,-11.812080609998018,-0.7691080513599696,7.261347327406113,-0.030702619876034263,-0.8204363007052909,-92.22179263398378,58.16036141657636,8.971949939167706,-2.5323919857177684,328.15,8.0,0.4
94,0.0014746705803386922,0.12249122533929221,0.00018063420635749155,9.118705913821918e-08,0.6639990085049827,6.054811685626286e-08,0.9754286015931207,1.0018678433295523,0.9772505494000608,0.01647841819949529,1.1173909542728373,0.01841283543684093,0.25996363100301584,0.5858720521782561,0.15230542598744778,0.39989752032923415,0.6727819848124067,0.2690438474486619,0.6764437522269707,0.6262584606199791,0.4236286229656653,0.013630919535824175,0.5074600036806459,0.006917146477819924,0.030387003490065047,1.0,0.030387003490065047,2.4313852783538534e-06,0.6408661387304114,1.5581924951045998e-06,9.997438008230864e-17,1.0,9.997438008230864e-17,1.0,1.0,1.0,0.2779167197828498,0.6779185139943685,-11.75515348074279,-0.7770637838630013,7.217899359567197,0.049072896321676655,-0.7185849484970117,-90.80468465361018,57.51010494967493,8.927952319039866,-2.538404982458747,333.15,8.0,0.4
95,0.0013986995149416327,0.11953320059897252,0.00016719102969720373,1.0077587871627361e-07,0.6585004035020391,6.636095679793871e-08,0.9754438032634134,1.0018536073429576,0.977251893059785,0.0182343368393481,1.1172268911737009,0.020371891459638962,0.257431795108481,0.5870203013330229,0.15111768993728153,0.39988486982896726,0.6701183608195845,0.26797019348634044,0.6755792567611255,0.6252120443154937,0.4223802882167651,0.015462397067362705,0.5037403199057326,0.007789032845222754,0.029397230083711236,1.0,0.029397230083711236,2.896502310017389e-06,0.6389477119749479,1.8507135237157606e-06,9.997121745724213e-17,1.0,9.997121745724213e-17,1.0,1.0,1.0,0.2770648314627708,0.6769780570519459,-11.703832685255138,-0.7852827244535371,7.17808736090763,0.12533728116620732,-0.620141578923538,-89.43773626103274,56.8824406798531,8.887061365209854,-2.5445993140121907,338.15,8.0,0.4
96,0.0013110002682019106,0.11804783711861681,0.0001547607461231621,1.1034407245691614e-07,0.6530876045823925,7.206434596075327e-08,0.9754615682972638,1.0018411705616563,0.9772575594208399,0.020116074019827405,1.1170347664815778,0.022470354045264044,0.2546388200418345,0.5881984939016475,0.14977817043749972,0.39987131318896635,0.6673344631931548,0.2668479081333008,0.674566809448148,0.6240561927865158,0.4209675948843583,0.017431346836147575,0.5000945552519042,0.00871732164346491,0.028416303771617343,1.0,0.028416303771617343,3.439188868080073e-06,0.6370576278806277,2.1909615021325536e-06,9.996782829724176e-17,1.0,9.996782829724176e-17,1.0,1.0,1.0,0.27606589432986384,0.6758779200604224,-11.658510901052267,-0.7938082961301886,7.142279550569537,0.19770628414718916,-0.5249568448664396,-88.1191627139707,56.27699808819327,8.849386540559323,-2.550960514578232,343.15,8.0,0.4
97,0.0012423334313605735,0.1152114924769835,0.00014313108878110382,1.1984859390516554e-07,0.6477533892634285,7.76323329005273e-08,0.9754815184915007,1.0018309925317568,0.9772676178667254,0.02213491281848569,1.116818813636882,0.024720687073896998,0.2515649598605097,0.5893659846141462,0.1482638302626075,0.39985676915905694,0.6644016260203277,0.26566548760451225,0.6734286270425426,0.6228088915261119,0.41941733673031734,0.019518283210798737,0.4964882037652074,0.009690597371910071,0.027441347049064087,1.0,0.027441347049064087,4.0677980498808535e-06,0.6351543670601761,2.58367969570069e-06,1.083642309917301e-16,1.0,1.083642309917301e-16,1.0,1.0,1.0,0.27494220611035597,0.674671080322497,-11.618512681886747,-0.8026116937697503,7.109957362817614,0.2665472062267222,-0.4328900009285932,-86.8465637918298,55.692698348909495,8.814669861673277,-2.5574864264157005,348.15,8.0,0.4
98,0.0011576531211183142,0.11427193819613954,0.00013228726590900004,1.2922691701909465e-07,0.641626502519464,8.291541479833462e-08,0.9755026051145614,1.0018312739783921,0.9772890176511616,0.024249249474061742,1.116590551194624,0.02707648283629855,0.24834719168426792,0.5897707395353493,0.14646790690115782,0.39984153770925923,0.6605053445067306,0.2640974726127552,0.6722253359615039,0.6206122727956831,0.41719129358191054,0.02171662548170093,0.49228890286375054,0.010690853732289519,0.026418854639188145,1.0,0.026418854639188145,4.804070956232652e-06,0.6324398124248358,3.038285734435381e-06,1.2675490427137587e-16,1.0,1.2675490427137587e-16,1.0,1.0,1.0,0.27375409427944797,0.6733831183095392,-11.58418483709052,-0.8117330638170571,7.081364722290195,0.3312177106726529,-0.34380535680030616,-85.61867436878885,55.12951816309562,8.783168501273558,-2.5652786082960537,353.15,8.0,0.4
99,0.0011011998526619024,0.1109386983933645,0.00012216567832527622,1.3831295414822655e-07,0.6355900736877332,8.791034071903932e-08,0.9755256293721449,1.0018338620027856,0.977314608756594,0.026489822934072225,1.116341196652528,0.02957168063333577,0.24486442629059124,0.5901477978717646,0.14450620195252545,0.3998253973636965,0.6564854582264635,0.26247955919888416,0.6709106057283603,0.6183394956834967,0.4148505255947835,0.02401286694661222,0.48812811562577124,0.011721355493422193,0.025408264706473064,1.0,0.025408264706473064,5.653735090589717e-06,0.6297057322614611,3.560189395232114e-06,1.476949657698502e-16,1.0,1.476949657698502e-16,1.0,1.0,1.0,0.27245544907732533,0.6720119438939762,-11.554728545368842,-0.8211325151876943,7.055960036722832,0.3925242682560768,-0.25758102801356586,-84.4328963305809,54.586009757236006,8.754415436770412,-2.573219841070361,358.15,8.0,0.4
100,0.0010353775827746828,0.1090022669079055,0.00011285850362806804,1.4685574881451693e-07,0.6296514334818688,9.246793275611383e-08,0.9755508856778502,1.001838125976499,0.9773440711022113,0.02883210021485861,1.1160674428099444,0.0321785683576373,0.24116112126050035,0.5905428681123112,0.14241598022635674,0.399808525061843,0.6524097674300942,0.260838986852166,0.6694669412303424,0.6159733264468005,0.4123737787358187,0.026420049689450227,0.4840462275718385,0.012788525384438905,0.024414349056715842,1.0,0.024414349056715842,6.636908748273245e-06,0.6270021674008689,4.16135617000911e-06,1.7160380317688811e-16,1.0,1.7160380317688811e-16,1.0,1.0,1.0,0.27102859905813365,0.670502465668866,-11.530415317390576,-0.8308441113616635,7.034008851494694,0.45024541984996336,-0.1740991103238731,-83.28776654880943,54.061793570578025,8.728466408462596,-2.5812944050025206,363.15,8.0,0.4
101,0.0009848578171408212,0.10583569038323994,0.00010423310700642949,1.5480928679762525e-07,0.6238028759551583,9.657047832892555e-08,0.9755779690681858,1.001844437740866,0.9773773618934924,0.03127796477691255,1.1157737933466534,0.03489913340729873,0.23723438289252544,0.5909224907145669,0.14018713242198436,0.399790907339887,0.6482548433435026,0.2591663920077752,0.6679179903144865,0.6135281748611772,0.4097865055545923,0.028915370517737935,0.48001468547170156,0.013879802484369687,0.0234362387787421,1.0,0.0234362387787421,7.768739341295239e-06,0.6242959407937155,4.8499924358550585e-06,1.987466104944316e-16,1.0,1.987466104944316e-16,1.0,1.0,1.0,0.2694972054865788,0.668903002940914,-11.510778712076645,-0.8408490867669552,7.015155617459811,0.5046442753108147,-0.0932481101277154,-82.18143640297721,53.5560375119608,8.705140129218373,-2.5894978632660854,368.15,8.0,0.4
102,0.0009172237730556454,0.10501391122826118,9.632125588011628e-05,1.619687887300877e-07,0.6180502202899969,1.0010484555473476e-07,0.9756070938095743,1.001852251722854,0.9774141637299116,0.03380400134624708,1.115457833557685,0.037706938107265844,0.23312706793255972,0.5913261815289492,0.1378541388916005,0.3997727131123327,0.6440786159406681,0.257485055752237,0.6662509460056119,0.6109891089283431,0.4070720718226345,0.03150780591783699,0.4760673880973195,0.014999838867981924,0.02247806868040377,1.0,0.02247806868040377,9.073465559851747e-06,0.6216299853110827,5.640338262691253e-06,2.2960297992814096e-16,1.0,2.2960297992814096e-16,1.0,1.0,1.0,0.2678482930518624,0.6671683317474564,-11.495945787090612,-0.851170768005361,6.999544900075618,0.5556253796304367,-0.014922747090885174,-81.1125076388867,53.06829739111212,8.684439049705427,-2.5978153824174166,373.15,8.0,0.4
103,0.000876603211163576,0.10138766864147128,8.887675590350232e-05,1.6863621587147243e-07,0.6114858161021819,1.0311865408655108e-07,0.9756362128360724,1.0018714865000253,0.9774621028373309,0.03638645519743533,1.1151421503659007,0.04057606989306054,0.22893768917368124,0.590846635591719,0.13526706340841224,0.39975411378321507,0.6389170632566522,0.25540972440313736,0.6645848649486303,0.6075048927105954,0.4037385570777032,0.034129442869912055,0.47146708305910723,0.01609090887630988,0.021489003940834975,1.0,0.021489003940834975,1.0581335710861465e-05,0.6180629580402285,6.5399316494717395e-06,2.640429346052909e-16,1.0,2.640429346052909e-16,1.0,1.0,1.0,0.26620074758228013,0.6654616367960098,-11.485372043872156,-0.8617825969802093,6.986662764066199,0.603166278114939,0.06098010458489595,-80.07959416048078,52.598090631603796,8.666336734351946,-2.607436699482836,378.15,8.0,0.4
104,0.0008281065862718765,0.09907180864305233,8.204201725117866e-05,1.7438757104868496e-07,0.6050286020369802,1.0550946832421042e-07,0.9756669591816545,1.0018922427005053,0.9775131578632901,0.039027667181896576,1.114808698780538,0.04350838286749003,0.22460359729274823,0.5903770450643283,0.13260080808051106,0.39973509262755397,0.6337543239464473,0.25333384338584597,0.6628245324589652,0.6039471066855973,0.4003109586188258,0.036817491403355454,0.4669495424126627,0.01719191076357897,0.020527019083232654,1.0,0.020527019083232654,1.2312350334950201e-05,0.6145328692256444,7.5663439782482755e-06,3.028898599947998e-16,1.0,3.028898599947998e-16,1.0,1.0,1.0,0.26445937106091666,0.6636528134328081,-11.479145724549957,-0.8727039590072131,6.9767085654236665,0.6475651959380407,0.13455130904544851,-79.0810682771156,52.14462577151804,8.650643102404576,-2.617153113708686,383.15,8.0,0.4
105,0.0007916872434501408,0.09566122577765407,7.57337721409725e-05,1.7921864145057548e-07,0.5986704051737187,1.0729289669189934e-07,0.9756989248636176,1.0019148026444802,0.977567195745163,0.04172419254989288,1.1144619915983682,0.04650002672698743,0.22013199531691294,0.5898899605802296,0.12985365403994106,0.39971567464889135,0.6285702678313162,0.25124938867042884,0.6609936850769527,0.6003286680103962,0.39681345852553035,0.03954852845318422,0.46249064029665093,0.018290824247103488,0.019591845679018997,1.0,0.019591845679018997,1.4291389705241726e-05,0.6110128518330299,8.732222780456958e-06,3.465073416222069e-16,1.0,3.465073416222069e-16,1.0,1.0,1.0,0.26264787511025595,0.6617855515390442,-11.47693111190415,-0.8839219373917331,6.969429029475126,0.6890238715945985,0.2058802726323415,-78.11547230991962,51.70723884205667,8.63722308111089,-2.6269582192205223,388.15,8.0,0.4
106,0.0007409554667227981,0.09440484966588017,6.994978944507784e-05,1.8301664333880154e-07,0.5924148223850926,1.0842177225707203e-07,0.9757322333484146,1.0019386966822525,0.9776238821919742,0.04445457781700134,1.1141006191481926,0.04952687266989271,0.21556307266090902,0.5894181237977333,0.12705678184786745,0.39969601470492794,0.6234103130897106,0.24917461766790872,0.6590848233439157,0.5966386353098695,0.39323546955336025,0.04232745417912436,0.45811659179078607,0.01939090904772111,0.01868636202121848,1.0,0.01868636202121848,1.6553882152133228e-05,0.6075376852630384,1.0057107244824141e-05,3.9548232414104934e-16,1.0,3.9548232414104934e-16,1.0,1.0,1.0,0.2607586059446332,0.6598259618272818,-11.478757496328875,-0.8954507571871199,6.964883498040701,0.7275444174784708,0.27505166862255886,-77.18161663501893,51.28548775253737,8.626044236293675,-2.636837761930164,393.15,8.0,0.4
107,0.0007086604588281364,0.09116310724556306,6.460368940883935e-05,1.8584529044069756e-07,0.5862495751281278,1.0895172256042239e-07,0.9757663177879268,1.001964422175748,0.9776831347809373,0.04721978783889934,1.1137308528766028,0.05259013458246959,0.21089616964580202,0.5889171124995897,0.12420036326502933,0.3996761060418339,0.6182339542952282,0.24709333947556192,0.657130994908652,0.5928966625465761,0.38961077373725084,0.04512245666418874,0.4537889947464234,0.020476074250131256,0.017809320210214856,1.0,0.017809320210214856,1.912748446157148e-05,0.604063088749663,1.1554207343868063e-05,4.501658104091372e-16,1.0,4.501658104091372e-16,1.0,1.0,1.0,0.25882461794352946,0.6578398412127706,-11.484233111781432,-0.907271495598832,6.962765899033399,0.7633609045882949,0.3421459335878107,-76.27814342182458,50.87871966769378,8.616960874884612,-2.6467879735441926,398.15,8.0,0.4
108,0.0006812933619382636,0.08750389061340122,5.9615819818682176e-05,1.8798908710305503e-07,0.5792294995220412,1.0888882483830803e-07,0.9757996674195747,1.0020017904894312,0.9777530139134052,0.04995952029131334,1.1133692052184572,0.05562339139983492,0.2062918870047636,0.5874633413594142,0.12118892123515716,0.39965638373982587,0.6120921908318299,0.2446265515032365,0.6552194229113861,0.5881581924110777,0.38537267141219034,0.0478866694176609,0.4487895611600371,0.02149103735336781,0.016921147443875302,1.0,0.016921147443875302,2.2084014346382308e-05,0.5996515278429931,1.3242712943714723e-05,5.10339707239821e-16,1.0,5.10339707239821e-16,1.0,1.0,1.0,0.25693270065801527,0.6559009042624117,-11.493356526482643,-0.9193948993775873,6.963016689207439,0.7961477102158014,0.4072430452828235,-75.40431398799022,50.48686834254519,8.610113103359144,-2.6581244818344283,403.15,8.0,0.4
109,0.000641411161555298,0.08582082351939241,5.5046434099205713e-05,1.8909265475532773e-07,0.5723238764658487,1.0822224118078755e-07,0.9758338290617641,1.0020402744564332,0.9778247978969222,0.05269831259819521,1.1129986644678758,0.05865315154150191,0.20165342883924434,0.5860239209382911,0.11817373303902463,0.3996366711240016,0.6060086158536505,0.24218326591221676,0.6532602297936024,0.5833758206397708,0.3810962226471681,0.050662052092639825,0.4438808563900719,0.022487915069359397,0.016069443327328334,1.0,0.016069443327328334,2.5444507260855027e-05,0.5952950125939459,1.514698827029745e-05,5.772480982604438e-16,1.0,5.772480982604438e-16,1.0,1.0,1.0,0.25499315259899485,0.6539018300478124,-11.506038702206421,-0.93182461472264,6.96568347648022,0.8263508670462588,0.4704117037714609,-74.55867349719854,50.10909940560966,8.605249838749465,-2.6695046090812777,408.15,8.0,0.4
110,0.0006172803909472234,0.08235143385887547,5.083392528747106e-05,1.8924542395587573e-07,0.565520851698774,1.070222333356224e-07,0.9758682931371041,1.0020802914686855,0.9778983836218779,0.05543635443363526,1.112624852607094,0.06167986568079808,0.19698201562002607,0.5845603446369967,0.1151478749381327,0.3996169671034365,0.5999469156273542,0.23974896684606464,0.6512830911462554,0.5785677322066556,0.3768113810690295,0.0534204896318043,0.4390291997499683,0.023453154813302523,0.015252645361513599,1.0,0.015252645361513599,2.924725451784099e-05,0.5909550935658211,1.7283814030134095e-05,6.51276305620201e-16,1.0,6.51276305620201e-16,1.0,1.0,1.0,0.2530356504446085,0.6519005607826265,-11.521970870262702,-0.9445459214695275,6.970525990427576,0.8541583081488212,0.5317208490599095,-73.74007707359802,49.74486154975979,8.60225475311477,-2.68092438540037,413.15,8.0,0.4
111,0.0005872341438401868,0.07998303790409544,4.69687707853487e-05,1.8843148752453145e-07,0.5588226501519005,1.0529978323052345e-07,0.9759031601937241,1.0021214252020163,0.9779734657524863,0.05815733411440268,1.1122466138780616,0.06468529794091947,0.19230938500050804,0.5831004236996593,0.11213568387521713,0.3995973896154816,0.5939416399401612,0.2373375289040267,0.649281883566407,0.573726455046933,0.37251019338475017,0.05616728288093745,0.4342551994735065,0.024390934631346357,0.014471788581375782,1.0,0.014471788581375782,3.3546213287209075e-05,0.5866600616300139,1.9680223554527674e-05,7.331114183393889e-16,1.0,7.331114183393889e-16,1.0,1.0,1.0,0.2510539532587509,0.6498693061417348,-11.541151789437832,-0.9575683896561232,6.977572522849503,0.8796081357490321,0.5912359598737917,-72.94757817658123,49.39376938063231,8.601088027592606,-2.6923715682598974,418.15,8.0,0.4
112,0.0005470204223301038,0.07938330279789305,4.3424287822461966e-05,1.8669100093545957e-07,0.552227035280697,1.0309581796017471e-07,0.9759383345661659,1.0021635407403446,0.9780498169130639,0.06085196835665153,1.1118649737291266,0.067659172198234,0.1876544099886241,0.5816492101984092,0.10914903936013168,0.39957800594873066,0.5880017640543805,0.2349525723751854,0.6472620118382314,0.5688537664753713,0.3681974333306043,0.058897346309298014,0.429560621337586,0.025299980675757026,0.01372667496167406,1.0,0.01372667496167406,3.8395437919286074e-05,0.5824149544636978,2.236207722737475e-05,8.233695796901261e-16,1.0,8.233695796901261e-16,1.0,1.0,1.0,0.2490533987676057,0.6478092189515625,-11.563475982937414,-0.970892832564439,6.986758951337785,0.9027914566675701,0.6490193798472185,-72.18022266751059,49.05539986191805,8.601684886802861,-2.7038372355343627,423.15,8.0,0.4
113,0.0005242549742176504,0.07650789291074538,4.0109643425369576e-05,1.8450876501439908e-07,0.5446980568710154,1.0050156577901393e-07,0.9759717092241197,1.0022184183503258,0.9781368227732613,0.06346365694530985,1.1115029704527213,0.07054004321050437,0.18316759842658065,0.5791038254163733,0.10607305694116291,0.39955922486928425,0.5810240061725505,0.23215350153675052,0.6453454067018819,0.562936019955011,0.3632881747450053,0.061526340603620146,0.42411747821370377,0.02609439642052478,0.012980449514969322,1.0,0.012980449514969322,4.391736272663069e-05,0.577123377276436,2.5345736697867384e-05,9.207849855253343e-16,1.0,9.207849855253343e-16,1.0,1.0,1.0,0.24715551034610816,0.6458698461848645,-11.588728265069193,-0.984510324675444,6.997827172035646,0.9234759660558853,0.7051347386104377,-71.43742236382326,48.7296763015616,8.604147886667638,-2.7168465075134267,428.15,8.0,0.4
114,0.0004966922199948676,0.07463620152627595,3.707122062807033e-05,1.8152086326700758e-07,0.5372906483603456,9.752946231566018e-08,0.9760050961910267,1.0022741442731204,0.9782246725910659,0.06603493491775145,1.1111407412569867,0.0733741065333672,0.17872389710529085,0.5765685853894965,0.10304658452929548,0.39954073993806233,0.5741329061553648,0.2293894861481046,0.643426999017255,0.5570209628920675,0.35840232654334475,0.0641190352146433,0.41876244807450325,0.026850644154659306,0.012272859845150025,1.0,0.012272859845150025,5.012384013194152e-05,0.5718921790939343,2.8665432157612028e-05,1.0273809444764367e-15,1.0,1.0273809444764367e-15,1.0,1.0,1.0,0.24525552424303718,0.6439238727581131,-11.61686599368025,-0.9984259159890031,7.010864170062745,0.9421071802029043,0.7596343339406239,-70.71795115910145,48.41584070202738,8.608233368216512,-2.7298578848561763,433.15,8.0,0.4
115,0.00046616007104096415,0.07354587591928086,3.428415074330188e-05,1.777996633898004e-07,0.5300006081703817,9.423392972908345e-08,0.9760383591743068,1.0023306872430988,0.9783131993268096,0.06856123736945127,1.1107797618288733,0.07615643491593195,0.17433382494214397,0.5740407326090408,0.10007471658832459,0.3995225845275802,0.5673269398896272,0.22665992529682705,0.6415146039667378,0.5511133900307021,0.3535472881463122,0.06666897123384206,0.41349073157762206,0.02756700168900879,0.011602609802803457,1.0,0.011602609802803457,5.708092075294973e-05,0.5667180547331027,3.234878837148605e-05,1.1436888251493348e-15,1.0,1.1436888251493348e-15,1.0,1.0,1.0,0.24336122238263622,0.641980941837442,-11.647774132957096,-1.0126381934976922,7.025792697621402,0.9587760935690371,0.8125721006673111,-70.02097491533847,48.113510943258056,8.613880312625234,-2.742865123210221,438.15,8.0,0.4
116,0.00044210248729263863,0.07175352153102925,3.172241034087394e-05,1.7343540746069461e-07,0.5228211197283246,9.067569392913853e-08,0.9760712755191697,1.002388156219089,0.978402286206075,0.07104087159160632,1.1104224627007644,0.07888537958516026,0.17000250036722686,0.571507490202927,0.09715770231309599,0.3995047713108348,0.5605936694583611,0.22395984571526423,0.6396211038611165,0.5452214085239775,0.3487351191688192,0.06916494617279402,0.40828971869548036,0.028239336416478116,0.010968042397436855,1.0,0.010968042397436855,6.485447108300506e-05,0.5615878033992716,3.642147995612637e-05,1.2701522777711223e-15,1.0,1.2701522777711223e-15,1.0,1.0,1.0,0.24148547444612584,0.6400633797838166,-11.681310218411975,-1.0271428758670063,7.0425091121363605,0.9735817822358931,0.8639995016854628,-69.3456865884204,47.82230893997138,8.621024669192524,-2.755864136302279,443.15,8.0,0.4
117,0.00042460901566233195,0.06916356401950825,2.9367472838022065e-05,1.6850259421282888e-07,0.515748677945443,8.690499019564392e-08,0.9761037517158193,1.002446494523316,0.9784917841985803,0.0734700452569094,1.110069844236143,0.08155688169435979,0.1657389194783301,0.5689687868945765,0.09430027195680339,0.39948732813804283,0.5539336487771553,0.22128947331574284,0.6377518197725583,0.5393485222142133,0.34397050153375464,0.0716030058132216,0.40315705664038326,0.028867257070262674,0.010367840950550303,1.0,0.010367840950550303,7.351681423335799e-05,0.5565007548809768,4.091216261730827e-05,1.4072664593219318e-15,1.0,1.4072664593219318e-15,1.0,1.0,1.0,0.23963357375090183,0.6381765972908149,-11.717384172131966,-1.041939774750573,7.0609552850909365,0.9865993655701604,0.9139656323621244,-68.6913361598479,47.54189193783925,8.629615239356982,-2.768849499721562,448.15,8.0,0.4
118,0.00045189670795110445,0.060087992987098986,2.7153566218259083e-05,1.6352907538098493e-07,0.507624552735189,8.301137374947139e-08,0.9761333792012015,1.0025196707694293,0.978592913943839,0.07578187838439544,1.1097481591745968,0.084098800035876,0.16171047240706382,0.5651301020964042,0.09138745578146173,0.3994707385967445,0.5460924490599681,0.2181479539680905,0.636045960833748,0.5323546204139404,0.33860200604546986,0.07387782668688303,0.3971580083192588,0.029341170505917846,0.009768991036634934,1.0,0.009768991036634934,8.329325622962671e-05,0.5501970393977907,4.582770297934219e-05,1.5517455777867776e-15,1.0,1.5517455777867776e-15,1.0,1.0,1.0,0.23794424749941034,0.6364980210707744,-11.755788429489602,-1.0570177805556762,7.0808623989706305,0.9975445014114841,0.962522412309765,-68.05756418565724,47.27229751553478,8.639786401027868,-2.7836524847348794,453.15,8.0,0.4
119,0.00043264717412088447,0.05811142416732665,2.5141743450133946e-05,1.5802494390504572e-07,0.4996525967049101,7.895757356630382e-08,0.976163151769829,1.0025926223647463,0.9786939741887488,0.07802241229457768,1.1094245995747922,0.0865599835177712,0.15778893904793362,0.5613718791256812,0.08857827321858606,0.399454670898176,0.5384292477117719,0.21507807794665834,0.6343296992179743,0.5253908834895914,0.3332710410958183,0.07612676867854194,0.39130326571403473,0.029788653192170358,0.009207362841771769,1.0,0.009207362841771769,9.418427002492174e-05,0.5440293268734645,5.1239005023726825e-05,1.707659896990483e-15,1.0,1.707659896990483e-15,1.0,1.0,1.0,0.2362439985166322,0.6347625044170391,-11.79679564954192,-1.072408615569372,7.102606206373838,1.0067728718392255,1.0097094888274678,-67.44340049304772,47.012913079061676,8.651343067171457,-2.79842265938321,458.15,8.0,0.4
120,0.00041034246010314705,0.05677447168572804,2.3296976382578113e-05,1.5213814620089169e-07,0.4918157873496373,7.482394215970573e-08,0.9761924526705109,1.0026660284569646,0.9787950095288047,0.08020242279184286,1.1091059557486533,0.08895298478390447,0.1539561387553587,0.5576367556376651,0.08585160172604044,0.3994390478598149,0.53088332695099,0.21205553064195426,0.632639035211965,0.5184820677263695,0.32801199510111506,0.07831706042924991,0.38554507743081295,0.03019475712734882,0.00867958838493311,1.0,0.00867958838493311,0.00010625538548124491,0.5379402727741242,5.715905104950063e-05,1.8748998897505785e-15,1.0,1.8748998897505785e-15,1.0,1.0,1.0,0.23456890400730473,0.6330495298102143,-11.840133043050255,-1.0880949580195278,7.125959414380187,1.014422916687152,1.0555697392042682,-66.84811975626835,46.76336336092147,8.664204635620397,-2.8131630549965054,463.15,8.0,0.4
121,0.0003933994832898364,0.05491107890326349,2.1601990067431294e-05,1.4595382374400106e-07,0.48410769010179416,7.06573684742327e-08,0.9762211223772095,1.0027400053856896,0.9788959735101471,0.08232324825043266,1.1087939613958988,0.09127952054257521,0.15021154450057572,0.5539132292953644,0.08320416169175822,0.39942386044003947,0.5234416781129725,0.209075095787096,0.6309831880679546,0.5116343567496313,0.3228326775469796,0.08044153980330729,0.37987211607849525,0.03055749794569484,0.008183594260055401,1.0,0.008183594260055401,0.00011959031127619866,0.5319175534549562,6.361218579095223e-05,2.0536262625536454e-15,1.0,2.0536262625536454e-15,1.0,1.0,1.0,0.23292819223429823,0.6313767335050682,-11.885692779327838,-1.1040737267520724,7.150842541234621,1.020566916821258,1.10014412398826,-66.27108883950844,46.52334832206368,8.67832412972654,-2.827872554227875,468.15,8.0,0.4
122,0.0003736178774740569,0.053654694628842266,2.0046353123746726e-05,1.395305177181589e-07,0.476527754945336,6.649016435459473e-08,0.9762492290649492,1.0028143689343834,0.9789967545674452,0.0843824636343772,1.1084878369961904,0.09353693459448047,0.14656165751950603,0.5502122075337988,0.08064001312362,0.39940912680684887,0.5161140665898356,0.20614066866937808,0.6293580517254238,0.5048458075667034,0.31772877387192866,0.08250588607091273,0.37429051668364277,0.030881170726923687,0.00771783998921339,1.0,0.00771783998921339,0.00013428510372587334,0.5259705497781076,7.063000983370779e-05,2.244138696868335e-15,1.0,2.244138696868335e-15,1.0,1.0,1.0,0.2313177390313573,0.6297318091334155,-11.93344098644468,-1.1203483561714587,7.177242593530706,1.0252495057539681,1.1434717990938585,-65.71172681891233,46.2926041899234,8.693668897117156,-2.842547183359042,473.15,8.0,0.4
123,0.008185945483755093,0.13377763302942455,0.0010950964109246641,4.398236249491035e-09,0.7189876764519716,3.1622776615083927e-09,0.9753675122887848,1.002434306388955,0.9777418556555285,0.0016129709439422944,1.118795147522759,0.0018045840651778433,0.26345718635813714,0.5588844604444718,0.14724212744798612,0.4000046331251605,0.6689907553327087,0.26759940165098417,0.6838375967737134,0.6165326910501046,0.4216082337801338,0.004003341437345713,0.5422325007943696,0.0021707418391056915,0.0407403987643229,1.0,0.0407403987643229,5.492837991263425e-07,0.6485735430385784,3.562509397330626e-07,1.0000115828129042e-16,1.0,1.0000115828129042e-16,1.0,1.0,1.0,0.27325610278583456,0.6920235466557063,-13.482805066127147,-0.7307519913020343,8.499999999815968,-1.6355068355967441,-2.219581069373711,-112.41505024931516,67.57148077061684,9.944603332589258,-2.4956349603277217,273.15,8.5,0.4
124,0.007478746127658798,0.13343608044559968,0.000997934569922497,5.796718386678306e-09,0.7148221729163676,4.143622832949648e-09,0.9753678635934816,1.0023633322278716,0.9776729818995423,0.001843524980567353,1.118791809682975,0.0020625206492047203,0.2639178888670514,0.561609100852851,0.1482186882656074,0.40000297258830103,0.6719199396792448,0.26876997321304985,0.6838199495186358,0.6187670959774192,0.4231252843350716,0.00494092358114609,0.5397052287758376,0.0026666422917263812,0.039817439320219083,1.0,0.039817439320219083,6.780235381080866e-07,0.6486092280262419,4.397723236359073e-07,1.0000074314707542e-16,1.0,1.0000074314707542e-16,1.0,1.0,1.0,0.27324015997527756,0.6912987014430131,-13.316799367170338,-0.7349663709612398,8.382619782467309,-1.4935798045236184,-2.067046348275017,-110.22586102170416,66.58266754863774,9.84546787570573,-2.4968891415909673,278.15,8.5,0.4
125,0.006751158749764355,0.13316005526513172,0.0008989846722222991,7.58952063999373e-09,0.7107134149323147,5.3939741317492295e-09,0.9753701096170224,1.0022965792331897,0.9776101243554429,0.0021374652896564315,1.1187676038114351,0.0023913269203390416,0.2642263142461398,0.5643786647298871,0.14912369442073592,0.40000085537369173,0.674426413453045,0.26977114226782906,0.6836925546312472,0.6207757061686934,0.42441972840349046,0.00596225320101835,0.5372203087233011,0.0032030435053375683,0.038919648224776275,1.0,0.038919648224776275,8.219003892032202e-07,0.6486648984665274,5.33137932512106e-07,1.0000021384342282e-16,1.0,1.0000021384342282e-16,1.0,1.0,1.0,0.27311493828556055,0.6904437209705322,-13.156322909817474,-0.7391620092752336,8.268091140653892,-1.3518889077504723,-1.9203927747420388,-108.12086416049306,65.6256453526377,9.74968404651794,-2.4984911105744123,283.15,8.5,0.4
126,0.006034889888318225,0.13284228649044474,0.0008016885714822578,9.868912702041569e-09,0.706647842383099,6.973845867564837e-09,0.9753738570538358,1.002233997733478,0.9775528400397879,0.002507968320671472,1.1187269294943194,0.002805731698653821,0.26436079768135184,0.5671719632347025,0.14993803262322436,0.3999981865215006,0.6765198516864922,0.2706067138203914,0.6834785328144587,0.6225813433582167,0.4255209831161287,0.007048798492598337,0.534758519148814,0.0037694050436802803,0.03804226361654638,1.0,0.03804226361654638,9.802112841576688e-07,0.6487187556534733,6.358814445362558e-07,9.999954663037506e-17,1.0,9.999954663037506e-17,1.0,1.0,1.0,0.27290365589034155,0.6895134325716898,-13.00139524122786,-0.7433564806547374,8.156527655412264,-1.2109543072051518,-1.7793110790573328,-106.09577439471208,64.6993664405289,9.6572253314342,-2.5004081998550256,288.15,8.5,0.4
127,0.0053933643692752106,0.13105263444450294,0.0007068146091126313,1.2772806307569598e-08,0.7026084990569238,8.974282268506282e-09,0.9753782923441351,1.0021762906100398,0.9775009989630004,0.0029780667879834443,1.1186788753169628,0.0033315004050001205,0.2642828235531521,0.5699160579775672,0.15061902499059338,0.39999480002342064,0.6781474959915985,0.2712554720455429,0.6832256555911879,0.6242234173958872,0.42648545358567674,0.008160166610944276,0.532252089925491,0.004343265732815302,0.03717760444467066,1.0,0.03717760444467066,1.1494379265770523e-06,0.648692272408174,7.456315005834079e-07,9.999870000585518e-17,1.0,9.999870000585518e-17,1.0,1.0,1.0,0.27265425471041077,0.6886190327332694,-12.850761939645597,-0.7474933338283247,8.047000274704125,-1.070276130405614,-1.643513273026022,-104.14565315746762,63.801874962664186,9.567587778132086,-2.5026209654933056,293.15,8.5,0.4
128,0.0047635372096932775,0.13073639125731956,0.0006227676644152609,1.6298433577405566e-08,0.698597756746069,1.1386049135650339e-08,0.9753844127294486,1.0021214433540793,0.977453635509506,0.003540204512386673,1.1186123566624282,0.003960116512667819,0.2640046458078214,0.5727286276134125,0.15120301847707857,0.3999907504031085,0.679476388493605,0.2717842705147511,0.6828756317109299,0.6256786081217204,0.42726067476913515,0.00935183797318552,0.5298139159904827,0.004954733898281917,0.036328580853669974,1.0,0.036328580853669974,1.3394058614841397e-06,0.64871541830111,8.68893233707642e-07,9.999768760077685e-17,1.0,9.999768760077685e-17,1.0,1.0,1.0,0.2723083875299014,0.6876391852190568,-12.709431030483739,-0.7518816217175982,7.94362694635481,-0.9341337803167299,-1.5127313486817453,-102.27067350187667,62.93609506302756,9.48268513459942,-2.5050803041866,298.15,8.5,0.4
129,0.004180073766718627,0.13099531522660576,0.0005475700807417719,2.055674590085356e-08,0.6936960698988168,1.4260133841330703e-08,0.9753904343247028,1.002078483606068,0.9774177673519624,0.004207194059729612,1.1185472004957764,0.00470594513745302,0.26358312791617194,0.5748211727244512,0.151513162699153,0.3999859453490375,0.679615840940331,0.2718367846126994,0.6825327078150785,0.6261512212016118,0.4273686885084542,0.010601954551235606,0.526717778024572,0.005584237943944314,0.03541263609104671,1.0,0.03541263609104671,1.5530219421131348e-06,0.647911751922308,1.0062211672883057e-06,9.999648633725938e-17,1.0,9.999648633725938e-17,1.0,1.0,1.0,0.2719703957426202,0.686712802138543,-12.576764841859376,-0.7565106743408169,7.845876398307533,-0.8027400349733983,-1.386711728560483,-100.46724358700205,62.10098373902665,9.402426344506793,-2.5088454032929275,303.15,8.5,0.4
130,0.003727075827858858,0.12853418324853247,0.00047905664743918636,2.5704534946486816e-08,0.6888146882955082,1.7705661226945323e-08,0.9753967653829823,1.0020401915225923,0.9773867615948805,0.005016039407140575,1.1184789726715791,0.005610334602978746,0.2628741032334977,0.5768081454642545,0.15162792397669278,0.3999801181515025,0.6793137784500501,0.2717120053663946,0.6821735492615613,0.6265183275238454,0.4273942311643589,0.011863417778784226,0.5235421701453841,0.006210999489246022,0.034499717571526485,1.0,0.034499717571526485,1.784146594159147e-06,0.6469759291794911,1.1542999005485396e-06,9.999502953787578e-17,1.0,9.999502953787578e-17,1.0,1.0,1.0,0.2716172184684971,0.6859006507939551,-12.45028489599422,-0.7612547377359196,7.751887849654168,-0.6742094254334069,-1.2652234064050754,-98.72994774924048,61.29347188988218,9.3256871071835,-2.5128491406711193,308.15,8.5,0.4
131,0.003298446028742726,0.12759899972713748,0.00042087841392152083,3.1609051867114313e-08,0.6839768305338869,2.1619859112250086e-08,0.9754049770400057,1.0020042594612084,0.977359941693748,0.005947257554964251,1.118390193274736,0.006651354526351103,0.26191107549393094,0.5788375474438526,0.1516039645872887,0.39997340932783537,0.6787672637810299,0.2714888566346247,0.6817062236533535,0.6267414096269873,0.42725351956399316,0.013222829639342378,0.5204273172481383,0.0068815217556321235,0.03359541165142189,1.0,0.03359541165142189,2.0487438111723832e-06,0.646068837012062,1.3236295314198014e-06,9.999335233195855e-17,1.0,9.999335233195855e-17,1.0,1.0,1.0,0.2711567790776379,0.6850047012911481,-12.33422244887267,-0.766395136060635,7.665147140492408,-0.5520458334439294,-1.148047905980331,-97.0590096936136,60.51596208398451,9.254059762623527,-2.5170569333338673,313.15,8.5,0.4
132,0.0029277753473208315,0.12662201207479376,0.0003707208053807418,3.830723863089641e-08,0.6791790516444114,2.6017474004448378e-08,0.9754147091926392,1.0019712310543507,0.9773374769582702,0.007018351867253686,1.1182849062903106,0.007848516960184217,0.26066431867637757,0.5808569620550996,0.15140868426252305,0.39996569275710053,0.6779394922534998,0.2711525386665681,0.6811519698555588,0.6268477030241479,0.42697854771433075,0.014664097096965997,0.5173265504044314,0.007586126765969053,0.03269434278083489,1.0,0.03269434278083489,2.3489377116097364e-06,0.6451341787361043,1.515380001481612e-06,9.999142318927485e-17,1.0,9.999142318927485e-17,1.0,1.0,1.0,0.27061044589095207,0.6840797835101182,-12.227373980400433,-0.7718868995935668,7.584734870694567,-0.43558290028917007,-1.0349803479506656,-95.45071104543301,59.76675792232116,9.187068936881067,-2.5214662660921516,318.15,8.5,0.4
133,0.002634190199582835,0.1242301287717848,0.0003272457877035491,4.5795255073402505e-08,0.6744197276392131,3.088522345377246e-08,0.9754257985816124,1.00194136397275,0.9773194550850696,0.008242291676426542,1.1181649600423178,0.009216241743028616,0.2591115264287033,0.5828355309927542,0.15101940409241632,0.3999568750071546,0.6768176873354163,0.27069788717624255,0.6805204813617882,0.6268559776147048,0.42658833163087323,0.016181056423328514,0.5142141448517431,0.008320528091519674,0.031792811014161836,1.0,0.031792811014161836,2.6888986912235653e-06,0.6441396863324449,1.7320263595444697e-06,9.998921875178838e-17,1.0,9.998921875178838e-17,1.0,1.0,1.0,0.26998800830471265,0.6831547173566261,-12.129182770137712,-0.7777217552469093,7.510249252205863,-0.3246254180035252,-0.9258287707970319,-93.90201312998133,59.04469876069609,9.124489827254127,-2.5260724156371976,323.15,8.5,0.4
134,0.0023441058938419032,0.12384850993033736,0.00029031402207124133,5.391646908722869e-08,0.6688350074712949,3.606122200478247e-08,0.9754379291622132,1.0019219198798548,0.9773126427098344,0.009590033823967748,1.118033787177948,0.010721981835375281,0.2573731594583951,0.5841065745635092,0.150333354555831,0.39994716551554244,0.6746642378269236,0.2698300495935819,0.6798298060047873,0.6259159636316936,0.4255163281310337,0.017818234977002353,0.510507707188337,0.0090963462842525,0.03082862263638266,1.0,0.03082862263638266,3.0881826327117406e-06,0.6423590094518734,1.9837219369551916e-06,9.998679137888525e-17,1.0,9.998679137888525e-17,1.0,1.0,1.0,0.2693072991762048,0.6821739658150983,-12.041247475177366,-0.7840295615438043,7.442959560449398,-0.22086881534653288,-0.82041013578679,-92.41195882945428,58.350579941883865,9.067059201821454,-2.5319339010607123,328.15,8.5,0.4
135,0.002135107393423275,0.12087632272463923,0.0002580839303391951,6.268637524771948e-08,0.663306366078952,4.1580271768226434e-08,0.9754514930214916,1.001905622061815,0.9773103349068238,0.01109763600865127,1.117887137947743,0.012405904555696984,0.25531344350043833,0.58531458106369,0.14943868122238715,0.39993630440685696,0.6722426396056823,0.2688542369486072,0.6790575454346478,0.6248979412295511,0.42434166211850377,0.01953410269020872,0.5067862836635342,0.009899615307072724,0.029865232719737983,1.0,0.029865232719737983,3.54273667257261e-06,0.6405044068556542,2.2691384511118946e-06,9.998407610171396e-17,1.0,9.998407610171396e-17,1.0,1.0,1.0,0.26854618690251286,0.6811927155144463,-11.96125314220671,-0.7906878154889939,7.381112676451028,-0.12241933958066567,-0.7185583803651104,-90.97617688951252,57.681650321841076,9.013725005122941,-2.5379807852742546,333.15,8.5,0.4
136,0.0019320182652410264,0.11933729938061587,0.00023056184212788647,7.182492599046735e-08,0.6578534952371349,4.725027860797752e-08,0.9754674610272305,1.001891163469007,0.9773122294547304,0.012741826878733384,1.1177141958147796,0.014241720782974627,0.25297370642657674,0.5865514550986239,0.14838209560620072,0.3999244595094271,0.6696788462945542,0.2678209506492463,0.6781467520043036,0.6237713718541149,0.42300852981613674,0.021380551364705697,0.503135057335294,0.010757304936741397,0.02890800279746628,1.0,0.02890800279746628,4.069998038149411e-06,0.6386752396720428,2.59940697247982e-06,1.0995735777535398e-16,1.0,1.0995735777535398e-16,1.0,1.0,1.0,0.26764755157055115,0.6800788420944707,-11.890221580912945,-0.7977887114858404,7.3255956263599975,-0.030131605134382407,-0.6201147660263907,-89.59320514733334,57.037963191947966,8.964822621257298,-2.544195773922028,338.15,8.5,0.4
137,0.0017539445223126678,0.11786946286612471,0.00020673649874197595,8.122932296335402e-08,0.6524729910337521,5.299993931354632e-08,0.9754855673742986,1.0018788712171132,0.9773183791295476,0.014527623447531456,1.1175179324458662,0.01623487971843744,0.25034543804981874,0.5877871726777593,0.14714983722407804,0.399911594727748,0.6669576535221057,0.2667240988359021,0.6771130015031618,0.6225499627744262,0.4215366738798733,0.023343482742526,0.4995287152129769,0.011660739942970311,0.02795538959261111,1.0,0.02795538959261111,4.678167766748208e-06,0.636841063489064,2.9792493357561867e-06,1.255865436005862e-16,1.0,1.255865436005862e-16,1.0,1.0,1.0,0.2666270060196628,0.6788670272547974,-11.827259700993222,-0.805298116613442,7.2757246276785885,0.056545444958097234,-0.5249298173528284,-88.26032355315978,56.418212982409585,8.91999398766748,-2.550575362456577,343.15,8.5,0.4
138,0.001615812455182919,0.11505163680555172,0.00018590186773959202,9.078246618827729e-08,0.6471617268037151,5.875093758190533e-08,0.975505582739076,1.0018689908302527,0.9773287937280757,0.01645725181604445,1.1173009073603757,0.018387702386724658,0.24742491204595582,0.588997888029951,0.14573275064106433,0.39989769408945935,0.6640702624332442,0.26556016666043647,0.6759697036038581,0.6212447433667998,0.4199426250391105,0.025410186406939175,0.49594790286773716,0.012602128659999766,0.02700666475669466,1.0,0.02700666475669466,5.3769336041862275e-06,0.6349784936393281,3.414237200384856e-06,1.4337867138696607e-16,1.0,1.4337867138696607e-16,1.0,1.0,1.0,0.2654979763171832,0.6775856068415073,-11.771687374883403,-0.813193065340689,7.23098519827497,0.13801413487578532,-0.43286281542997956,-86.97509686318072,55.821285791257644,8.878963582847362,-2.5571150526286,348.15,8.5,0.4
139,0.0014693519705987503,0.11412053520415584,0.00016768323328801045,1.0034121562050315e-07,0.6410528065494299,6.43240178861051e-08,0.9755267097519722,1.001869554614036,0.9773505102133043,0.018489756211152696,1.1170718582025172,0.020654386328503877,0.2443470161906478,0.589447215575202,0.14402966832768616,0.39988305293996246,0.6602191227032042,0.26401043839590094,0.6747628233705587,0.6189934642900582,0.41767377761228275,0.02758795635289126,0.491774980924453,0.013567066709187742,0.026009107182242554,1.0,0.026009107182242554,6.194287075320415e-06,0.632305158364574,3.916679670116106e-06,1.6358978613386336e-16,1.0,1.6358978613386336e-16,1.0,1.0,1.0,0.26430612437239925,0.6762322756823732,-11.723855602058995,-0.8215201467726506,7.191626835975,0.2136377566637637,-0.3437780311680911,-85.73625432279772,55.24715276836894,8.841985803910218,-2.564919781352356,353.15,8.5,0.4
140,0.001367782565470368,0.11080014602835322,0.0001515505079891523,1.0977613383928069e-07,0.6350273202728862,6.971084410187618e-08,0.9755495460973261,1.0018725747260953,0.9773763355214016,0.020653453744739928,1.116824246974819,0.023066277925898434,0.24099593651696585,0.5898550890642013,0.1421526795983255,0.3998674672235299,0.6562279588578033,0.26240421182973656,0.6734578739937912,0.6166733307058171,0.4153035102458097,0.029851883462010887,0.4876275598143693,0.014556601088443291,0.02502174112341689,1.0,0.02502174112341689,7.131436477530633e-06,0.6295977028515457,4.489936024285004e-06,1.8646902519662452e-16,1.0,1.8646902519662452e-16,1.0,1.0,1.0,0.2630171728271762,0.6748257663353954,-11.682456503317738,-0.8302094553302994,7.156699658526331,0.28462578147717893,-0.2575535990295327,-84.5407948173598,54.69396310198297,8.808392109143893,-2.5728705702892447,358.15,8.5,0.4
141,0.001261869827347406,0.10887154186539781,0.00013738171373673544,1.188199768192849e-07,0.629096685037395,7.47492535332322e-08,0.9755745858928717,1.001877241655685,0.9774059751437374,0.022923773459128112,1.1165525518174615,0.025595597753074892,0.2374161509184238,0.5902810173692153,0.14014224710401035,0.39985111417651753,0.6521797606408235,0.26077480393560776,0.6720257099197531,0.6142621053001128,0.4127999273911105,0.03222661226700046,0.4835585066633844,0.01558345250265065,0.02404939042533086,1.0,0.02404939042533086,8.211723093184113e-06,0.6269203793789047,5.148096556933499e-06,2.125138669478163e-16,1.0,2.125138669478163e-16,1.0,1.0,1.0,0.2616017942048993,0.6732876985670773,-11.647663719736713,-0.839292648727783,7.126393139966969,0.35084397799727,-0.17407160339662942,-83.38716799066215,54.16125002628521,8.778194636316186,-2.5809527122525937,363.15,8.5,0.4
142,0.0011803500279870503,0.1057140851845238,0.0001247796234061781,1.2740172321000675e-07,0.623252143518895,7.940339707863769e-08,0.9756013416281937,1.0018840133254137,0.9774393875561126,0.025301615816199594,1.1162621888088777,0.02824323705139228,0.2336064771748931,0.5906850233234763,0.13798784741856684,0.3998339874161126,0.6480440893330974,0.2591100522594958,0.6704947791103694,0.6117764930917421,0.410192944600464,0.03468429197080602,0.47953352288087764,0.01663228071738955,0.023091446297252804,1.0,0.023091446297252804,9.44989430673696e-06,0.6242333531470264,5.898939209979404e-06,2.4197089093529085e-16,1.0,2.4197089093529085e-16,1.0,1.0,1.0,0.26008844301907974,0.6716752565400796,-11.618772834504146,-0.8487379326470426,7.100160916956439,0.41274410344594264,-0.09322055009884761,-82.27333657484209,53.64799280388341,8.751117775179678,-2.5891617507313462,368.15,8.5,0.4
143,0.001083243904754369,0.10489592577276599,0.0001136278722269155,1.352998087289133e-07,0.6175021979601064,8.35479292736859e-08,0.9756301558131967,1.0018922318699666,0.9774762742873268,0.027763429886774695,1.1159493215503253,0.03098258074605624,0.22960998185666603,0.5911155358666861,0.13572602746554321,0.3998162568546045,0.6438886415088457,0.257437146479263,0.6688447923492017,0.6091981496064038,0.4074590098730131,0.03724132813639592,0.47559446166086466,0.01771176940656483,0.022152101876375438,1.0,0.022152101876375438,1.0872991835190811e-05,0.6215886767905767,6.758528607591001e-06,2.753830111517389e-16,1.0,2.753830111517389e-16,1.0,1.0,1.0,0.25845665564819514,0.6699281715537648,-11.59580491439248,-0.8585644328374727,7.078064309578563,0.4703217017018076,-0.014895150380770482,-81.19781131681536,53.15365626246098,8.727118485379854,-2.5974835795215574,373.15,8.5,0.4
144,0.0010219772769118956,0.10127635017063581,0.00010350212856296194,1.4273027992644728e-07,0.6109366410696749,8.719915779719817e-08,0.9756588651346089,1.0019119918133108,0.9775243168973303,0.03028518997515699,1.1156378305425765,0.03378730364145393,0.22552491162119126,0.5906547244923208,0.13320735453976973,0.39979809587205883,0.6387378960728431,0.2553661946112477,0.6672015743818195,0.6056809731671585,0.4041112988702407,0.03982224056628011,0.470995478244844,0.01875609524029633,0.021181328414661617,1.0,0.021181328414661617,1.2514498745301852e-05,0.6180339565931098,7.734385174338416e-06,3.125560462463837e-16,1.0,3.125560462463837e-16,1.0,1.0,1.0,0.25683207887326015,0.6682236943890112,-11.57808992137981,-0.8687395029437102,7.059487709629311,0.5236498328889112,0.06100774592571699,-80.1591106057068,52.677662359511466,8.70612259830578,-2.6071099562955165,378.15,8.5,0.4
145,0.000954478500077819,0.09896428230163935,9.445927973254659e-05,1.4932155927217565e-07,0.6044772090423202,9.026147939869206e-08,0.975689203259033,1.001933246175673,0.9775754506798789,0.03286855116186635,1.1153085482226246,0.036658576078522215,0.2212906076951188,0.5902044795553097,0.13060670794517582,0.399779492679509,0.6335857181582547,0.2532945769742895,0.6654640377703219,0.6020918796493128,0.4006704933401544,0.04247073612392783,0.4664794759651554,0.019811726730944248,0.02023648501373874,1.0,0.02023648501373874,1.4393593169947977e-05,0.6145164595779602,8.845099915401937e-06,3.543980127755752e-16,1.0,3.543980127755752e-16,1.0,1.0,1.0,0.25511363735706294,0.666418665591959,-11.565547886605838,-0.8792726977184647,7.044497552608215,0.5731678460363309,0.13457898393076811,-79.15546562701732,52.21907847119038,8.68786945224075,-2.616830552420439,383.15,8.5,0.4
146,0.0009032751699013597,0.09555874388435352,8.631584061769995e-05,1.5505180582785505e-07,0.5981149619529574,9.273880494346492e-08,0.9757207119820623,1.0019563268369662,0.9776295405962967,0.035509588206209926,1.1149665427822413,0.03959200279789892,0.21691509566991096,0.5897335546666241,0.12792211043026744,0.39976047574546314,0.6284079487541172,0.25121266055617647,0.663658839682396,0.5984451788638574,0.3971634330183116,0.045160337496636956,0.4620190431135797,0.02086493591688252,0.01931744367208077,1.0,0.01931744367208077,1.6535482388066212e-05,0.6110054860754418,1.0103270454012311e-05,4.012661036850563e-16,1.0,4.012661036850563e-16,1.0,1.0,1.0,0.25332795904602223,0.664562269904103,-11.55771586812953,-0.8901437590214186,7.032738504836621,0.6191781405429071,0.20590796910331943,-78.18531804097132,51.77713996605031,8.672173643107712,-2.6266388473255544,388.15,8.5,0.4
147,0.0008378154769637066,0.09430377803566782,7.900916477443252e-05,1.597964713994931e-07,0.5918549959287609,9.457633992957742e-08,0.9757535861542422,1.0019807020060854,0.9776862632397829,0.03818681814480502,1.1146096142461537,0.04256339464166913,0.2124385877999391,0.5892797366288106,0.12518575506854457,0.39974120016016684,0.6232554847630113,0.24914089548557272,0.6617743167907296,0.5947279027270207,0.3935756515035576,0.04790007928819595,0.4576448062372394,0.02192122250459484,0.018427115599585795,1.0,0.018427115599585795,1.8978384971642943e-05,0.6075409266630345,1.1530145592239756e-05,4.537998286206344e-16,1.0,4.537998286206344e-16,1.0,1.0,1.0,0.25146322142170785,0.6626122920641646,-11.554556512809178,-0.9013637914787698,7.024217497036018,0.6617397695430781,0.2750793795664318,-77.24742128295432,51.351347822360516,8.658974271205244,-2.6365210023310284,393.15,8.5,0.4
148,0.0007945637420930533,0.09110072370846485,7.238533193718318e-05,1.6360310167002647e-07,0.5856837496818691,9.581967804568512e-08,0.9757871881360648,1.00200693727886,0.9777455318201691,0.040900668574535184,1.1142448171212382,0.04557335797596932,0.20786136140482428,0.5887934309489824,0.12238740414327288,0.3997216630412065,0.6180823361389812,0.24706089929786756,0.6598476353740251,0.590961589577724,0.38994460747973636,0.05065389712880485,0.453313908340148,0.022962116080118333,0.017564393637229794,1.0,0.017564393637229794,2.1749918105139885e-05,0.6040733001635726,1.3138544808059293e-05,5.123321139239381e-16,1.0,5.123321139239381e-16,1.0,1.0,1.0,0.24955659372145253,0.6606423627192198,-11.5555746764558,-0.9129075853098702,7.018545292705772,0.701167652178302,0.3421736499553731,-76.34033667423456,50.9409683528389,8.648085217457172,-2.6464730334096696,398.15,8.5,0.4
149,0.0007587636818801583,0.08741018006929731,6.632367006318763e-05,1.666929243304001e-07,0.5786565405797683,9.645795093215444e-08,0.9758200526196085,1.00204487718193,0.97781548477888,0.04359177953170911,1.1138881697901915,0.048556367520473,0.2033416694338052,0.5873517756365509,0.11943309060284606,0.39970229274385194,0.6119403032288576,0.2445939422229424,0.6579633718161951,0.5862029479063104,0.38570006817302943,0.05337711789849943,0.4483096537025416,0.023929477240716018,0.016690154741165985,1.0,0.016690154741165985,2.493106920254377e-05,0.5996655319138642,1.4950302874524757e-05,5.766352510655762e-16,1.0,5.766352510655762e-16,1.0,1.0,1.0,0.24769221264739447,0.6587223021909996,-11.560768497473292,-0.9247874252374599,7.015661968086024,0.7371364355077061,0.4072707924593413,-75.46332526269832,50.545935111606326,8.63964648788971,-2.657813576063539,403.15,8.5,0.4
150,0.0007098351774339794,0.08572759748382394,6.0852464370918935e-05,1.6876100859881933e-07,0.5717438579062768,9.648807012044328e-08,0.9758537548761372,1.0020838989342074,0.9778873354758658,0.0462836731073932,1.1135223370644143,0.051537903846469856,0.19878519966499522,0.5859262903503932,0.11647347461627289,0.3996829198877806,0.6058578360332925,0.24215102894267854,0.656029982008477,0.5814011943090514,0.381416615042274,0.05611382108476324,0.44339755378992785,0.024880731002789692,0.015851555017891525,1.0,0.015851555017891525,2.8539777078618896e-05,0.5953144040658683,1.6990140383730748e-05,6.480345373985127e-16,1.0,6.480345373985127e-16,1.0,1.0,1.0,0.2457787079498224,0.6567399859469195,-11.569936643459808,-0.9369994343135554,7.015526379932321,0.7701862654222976,0.4704394785395286,-74.61483809882252,50.16531955676977,8.633359914329516,-2.6691974583382843,408.15,8.5,0.4
151,0.0006792370130839407,0.08226104256770826,5.5874744846861056e-05,1.6988666383660162e-07,0.5649327823211884,9.597454568047586e-08,0.9758877287337824,1.0021244757396341,0.9779609785380841,0.048976365817682666,1.1131535672608375,0.0545182163214252,0.194193447138661,0.5844741640098273,0.1135010526725555,0.3996635446332275,0.5997940798197734,0.23971582799079566,0.6540804364560344,0.576576150673084,0.377127180282391,0.05883252575167884,0.4385402963585812,0.025800433278665096,0.015047105190018163,1.0,0.015047105190018163,3.2614792962849446e-05,0.5909771666230487,1.9274597935182126e-05,7.269002920451942e-16,1.0,7.269002920451942e-16,1.0,1.0,1.0,0.2438490499694276,0.6547598433557821,-11.582703159159319,-0.9495246214180634,7.017843935047279,0.8005565273744685,0.5317486472004505,-73.79367885437237,49.79851892681522,8.629083441642488,-2.680620596709261,413.15,8.5,0.4
152,0.000642864476701689,0.07989393426026771,5.1360972239866146e-05,1.70047846934951e-07,0.5582264444075967,9.492520497366489e-08,0.9759221176528041,1.0021661537963764,0.9780361150529254,0.051653592961146674,1.1127802302475411,0.05747909706841756,0.18959803444801446,0.5830262562250157,0.11054063221184743,0.3996442846025241,0.593786858045095,0.2373035240898125,0.6521061090710023,0.571719079242351,0.37282150424638555,0.061541017772995206,0.43376110104854354,0.026694099628862385,0.01427785971276827,1.0,0.01427785971276827,3.721334191211588e-05,0.5866851666136627,2.18325156999609e-05,8.139664987974712e-16,1.0,8.139664987974712e-16,1.0,1.0,1.0,0.24189449188586282,0.6527491435955508,-11.599035544495278,-0.9623709999266453,7.022618456407438,0.8283124901188954,0.5912637800294315,-72.99887382221137,49.44512066657373,8.626763670563314,-2.6920710036753177,418.15,8.5,0.4
153,0.0005960797194128727,0.0792931182437336,4.7265019674096454e-05,1.6927817607835716e-07,0.5516228009250005,9.337770162381879e-08,0.9759568323239938,1.0022087938151698,0.9781125197391036,0.05430602037111038,1.1124032814885843,0.060410195265409104,0.1850178958561682,0.5815880173943421,0.10760419123346171,0.3996252074690418,0.5878455925319299,0.2349179168753343,0.6501120315637249,0.5668315490241455,0.3685040098905003,0.06423454608853113,0.42906207586266776,0.027560607686841376,0.013543661198440107,1.0,0.013543661198440107,4.239198933430033e-05,0.5824438394201255,2.4690953028526907e-05,9.098755376771582e-16,1.0,9.098755376771582e-16,1.0,1.0,1.0,0.23991999594669144,0.6507082805613139,-11.618791882493484,-0.9755372673766953,7.02975681989308,0.8535750162207915,0.6490472215972095,-72.22943910795738,49.10467198586481,8.626320948776241,-2.7035398374268307,423.15,8.5,0.4
154,0.0005621596139319659,0.07734771087829367,4.3481759285862915e-05,1.6799492465184882e-07,0.544087032514373,9.140386003130013e-08,0.9759898291761523,1.0022641732374111,0.9781996392273584,0.05687575462715979,1.112045065352448,0.06324840227132972,0.1806054189436361,0.5790610149457335,0.10458155719820132,0.3996067314290309,0.580871980591543,0.232120353542894,0.648216404221148,0.5608997901120555,0.36358444507483323,0.06683181407146134,0.42361989876380707,0.028311286311154024,0.012808367703048856,1.0,0.012808367703048856,4.8288544080361726e-05,0.5771610151954296,2.7870265123730833e-05,1.0133242725215149e-15,1.0,1.0133242725215149e-15,1.0,1.0,1.0,0.23804333318472787,0.6487787318300047,-11.641797041977314,-0.9890187364346036,7.039035463402977,0.8760898038768061,0.7051626283317884,-71.48480852600235,48.77711824318338,8.627868857478528,-2.7165544892404005,428.15,8.5,0.4
155,0.0005370243763645757,0.07454679640127455,4.003344684737145e-05,1.6592096580821496e-07,0.5366688918233005,8.904462085054641e-08,0.9760226753051326,1.002320611317271,0.9782876445713589,0.05941028099049599,1.1116884231242334,0.06604572159169209,0.1762268323169921,0.5765268360822141,0.10159949806850632,0.3995885142685174,0.5739663930333886,0.22935037823227164,0.6463285098644083,0.5549787902765647,0.358698614525804,0.06938437968738348,0.4182519569330765,0.02902015258483574,0.01211051512029213,1.0,0.01211051512029213,5.490075975197993e-05,0.5719212537773802,3.139891135068311e-05,1.1262802909531143e-15,1.0,1.1262802909531143e-15,1.0,1.0,1.0,0.23617413768385268,0.6468657001617386,-11.667832646848845,-1.0028063080329874,7.050392310961951,0.8964090437336087,0.759662290200674,-70.76364929557074,48.46159475101677,8.631110392711209,-2.729573053689154,433.15,8.5,0.4
156,0.0005023159932487798,0.07345522991855763,3.689773677585778e-05,1.630872750105198e-07,0.5293702312204024,8.633354848142425e-08,0.9760554937871999,1.0023777507615121,0.9783763104808306,0.06189929469635825,1.1113319575463272,0.06879066434564078,0.17190333821790252,0.5740089750370789,0.09867405897591054,0.3995706307994893,0.567155134782846,0.22661853496635115,0.6444409647471051,0.5490628633092819,0.3538386013378415,0.07190022163275372,0.4129745988032855,0.029692965182653776,0.011449644765082478,1.0,0.011449644765082478,6.230519773699493e-05,0.5667473083936373,3.5311303116375195e-05,1.249456972155272e-15,1.0,1.249456972155272e-15,1.0,1.0,1.0,0.23430494890750955,0.6449434438276289,-11.69686012685418,-1.0169056485168737,7.063820408350623,0.9145989918463885,0.8126001161759658,-70.0651520170611,48.15774407599802,8.635996878995213,-2.742586737593804,438.15,8.5,0.4
157,0.00047492829678344965,0.07166263970692996,3.4034615419018256e-05,1.5959188821105902e-07,0.5221819663489674,8.333600599939544e-08,0.9760879623567942,1.002435823152243,0.9784655400141286,0.06434292133228481,1.1109792022983147,0.07148364741528498,0.16763662812312302,0.5714849330265065,0.09580180719573235,0.399553080589249,0.5604155188569971,0.22391574696933558,0.6425724793215919,0.5431639128665939,0.34902218216870434,0.07436250620553544,0.40776738539236174,0.030322604726654462,0.01082387909897329,1.0,0.01082387909897329,7.056740200574532e-05,0.5616163488416052,3.963180666170443e-05,1.3832459872463969e-15,1.0,1.3832459872463969e-15,1.0,1.0,1.0,0.23245447775219127,0.6430475672102637,-11.728679915815231,-1.0313081147237777,7.079167317581507,0.930791966634357,0.8640275779606597,-69.38847640402194,47.8651549081233,8.642447653268489,-2.755592314798262,443.15,8.5,0.4
158,0.0004998778017260533,0.06281132506729271,3.139798709813883e-05,1.555745758476907e-07,0.5150865597209852,8.013437305343843e-08,0.9761193946862313,1.0024955194168483,0.978555319588833,0.0667488039780453,1.1106377119992195,0.07413373892886065,0.1634141259377026,0.5688957793970315,0.09296560653981398,0.3995358089226539,0.5536869317401303,0.22121775616269518,0.6407630809255329,0.5373083427055493,0.3442873490789998,0.0767338081603648,0.4025815498367009,0.030891615414071753,0.010230516369739267,1.0,0.010230516369739267,7.973787593547883e-05,0.5564701129525521,4.4371744828412515e-05,1.5276725436302122e-15,1.0,1.5276725436302122e-15,1.0,1.0,1.0,0.23066280771747397,0.6412631143018349,-11.76298531974281,-1.0459947454481298,7.09618115650824,0.9451546575363786,0.9139938310389456,-68.73278086788169,47.58339304322668,8.650365792050694,-2.7685904068396625,448.15,8.5,0.4
159,0.0004828668269069707,0.060007605313603385,2.8975681968065542e-05,1.5131192600932718e-07,0.5069667252448617,7.67101116194414e-08,0.9761491408749309,1.0025686876631004,0.9786565631304424,0.06901642116655422,1.1103143052176285,0.07662991971614988,0.15946612662516962,0.5651190472051645,0.09011734553991396,0.3995195425126327,0.5458944137524798,0.21809548644259258,0.6390489913027617,0.5302909685849578,0.3388819085711818,0.07900760195739559,0.3966196280288019,0.03133596569978988,0.00964118403175463,1.0,0.00964118403175463,9.013786567580282e-05,0.5502170598281346,4.959539143132352e-05,1.6807093132414549e-15,1.0,1.6807093132414549e-15,1.0,1.0,1.0,0.2289654146186308,0.6395320094415945,-11.800185396128207,-1.0610097189459606,7.115147385319805,0.9571530728453904,0.9625506585715249,-68.09795561422334,47.3127454366244,8.660010361572676,-2.7833980933689024,453.15,8.5,0.4
160,0.00046124988940048826,0.05803071915427675,2.676666279174095e-05,1.4656819303612154e-07,0.4989863859249928,7.313553293465092e-08,0.9761785034465834,1.0026423266101736,0.9787578858825197,0.07122557305458721,1.10999486245954,0.07906002016632845,0.15560129097582134,0.561367792279804,0.08734955319098425,0.39950370569668975,0.5382226700442151,0.21502195117263068,0.6373554350333501,0.5233259885557205,0.33354466310018926,0.0812263997402854,0.3907589416432569,0.03173994199600604,0.009087096831057313,1.0,0.009087096831057313,0.00010168540994586115,0.5440461814126885,5.5321558986429526e-05,1.845234311485868e-15,1.0,1.845234311485868e-15,1.0,1.0,1.0,0.22728811391980905,0.6378168314909437,-11.839915253107135,-1.076328479550831,7.1358715695801145,0.9674126275476337,1.0097378486523088,-67.48276073733929,47.052330043002954,8.671051549142092,-2.7981795897387087,458.15,8.5,0.4
161,0.00043656078719160737,0.056692639487459444,2.47497833226153e-05,1.4141845482468772e-07,0.49114149296610543,6.945647103555689e-08,0.9762074048499939,1.0027164174178957,0.9788591916480073,0.07337537074781367,1.1096802121458438,0.0814231969777138,0.15182337652123604,0.5576397574982712,0.0846627508658708,0.39948830553396,0.5306683178747384,0.21199578710833614,0.6356868217983231,0.516416719074969,0.3282793028722845,0.08338768840810931,0.3849951236458367,0.03210385340922055,0.008566371045284227,1.0,0.008566371045284227,0.00011447117908935552,0.5379540754075716,6.158023730782879e-05,2.021567327874759e-15,1.0,2.021567327874759e-15,1.0,1.0,1.0,0.22563530805624132,0.6361235240039695,-11.882078246507872,-1.0919496752114202,7.158287286224197,0.9760105418218277,1.055598216082565,-66.88653213113368,46.80183268954338,8.683439299931356,-2.812931651596983,463.15,8.5,0.4
162,0.0004177328111394239,0.05482906673044608,2.2903900177460303e-05,1.359456133133849e-07,0.48342541801433425,6.571956494323808e-08,0.9762356761198988,1.0027910863083964,0.9789604341492852,0.07546708982889076,1.1093721919999366,0.08372109086733265,0.1481319483977113,0.5539227704096911,0.08205365924264564,0.39947333345533803,0.5232176847573919,0.2090115126528196,0.6340529168118055,0.5095695505506134,0.3230940598450972,0.08548372362289074,0.3793163206045651,0.032425371516212456,0.008076970190241409,1.0,0.008076970190241409,0.0001285816591999579,0.5319277764462897,6.839615607000822e-05,2.2098575138654307e-15,1.0,2.2098575138654307e-15,1.0,1.0,1.0,0.22401677103774148,0.6344707855685583,-11.926554474489288,-1.107869409923084,7.18230532021227,0.9830284450495689,1.10017272148885,-66.30862731128012,46.56094398883655,8.697121963112975,-2.827653164964709,468.15,8.5,0.4
163,0.00039602740710066673,0.053571686507631416,2.121585610162704e-05,1.3020695460843617e-07,0.4758378324880815,6.195739505575232e-08,0.9762633948682664,1.002866140027661,0.9790615024618387,0.07749829805314928,1.109069917832958,0.08595103105400037,0.14453349915576363,0.5502284047188998,0.07952643666891628,0.39945880771029957,0.5158812379673035,0.20607330423853235,0.6324490605575276,0.5027822391956708,0.31798415484431203,0.08752071208020708,0.37372920565172413,0.03270904620380905,0.007617380326805624,1.0,0.007617380326805624,0.00014411700401033764,0.5259773194946554,7.58022754629579e-05,2.410413807934596e-15,1.0,2.410413807934596e-15,1.0,1.0,1.0,0.2224278246160136,0.6328452181715827,-11.973302614544403,-1.1240906891302904,7.207906850058968,0.9885174614671606,1.1435005210720315,-65.74845886319912,46.329393678166554,8.712063641238732,-2.8423401962390553,473.15,8.5,0.4
164,0.024320100878487353,0.1286629504338499,0.0031290959338750477,1.4078869297936354e-09,0.7102843134812434,1.0000000013876872e-09,0.9750650175836467,1.0026135304517498,0.9776133796995375,0.00045946709454224385,1.1223964846740264,0.0005157042517376032,0.24211791221046905,0.5495050481465829,0.13304501500636393,0.4000129544650888,0.658722434397372,0.2634975071557284,0.7027426316077944,0.6172400645513576,0.43376090729658595,0.011969803905502846,0.5331249266586514,0.0063814008292396454,0.03787329785740953,1.0,0.03787329785740953,1.7606776451347645e-06,0.6397629678540491,1.126416355685695e-06,1.0000323861627232e-16,1.0,1.0000323861627232e-16,1.0,1.0,1.0,0.2668974801834987,0.7270627338941683,-14.1187706320699,-0.7652205682363504,8.999999999397334,-2.179483241766737,-2.2196381397185934,-112.95902665548515,68.11534303609709,10.216534465329373,-2.4900022626383382,273.15,9.0,0.4
165,0.021854834308546622,0.1287132361598726,0.0028130064495908475,1.884290742554182e-09,0.7069774339401381,1.3321510339681147e-09,0.9750940146202108,1.0025259104837285,0.977557014814361,0.0005356037708794897,1.1220736334827375,0.0006009868692978049,0.24281533492106622,0.5531829246807963,0.13432129712898253,0.4000124084887093,0.6626814321234884,0.26508079572446375,0.7010503295411588,0.61927434789148,0.43414248566570823,0.014510784752765496,0.5315031419119473,0.007712527687702842,0.03702359187496391,1.0,0.03702359187496391,2.1346458152456698e-06,0.6407333084666623,1.3677386756068735e-06,1.0000310212217733e-16,1.0,1.0000310212217733e-16,1.0,1.0,1.0,0.2652057730004923,0.7229051657339961,-13.943483687413949,-0.7695536533771067,8.875446533799018,-2.029113124568939,-2.0670978653500622,-110.76139434174948,67.11809783453297,10.113183018653345,-2.491728313434553,278.15,9.0,0.4
166,0.019335970271613264,0.1287816067809817,0.0024901173202476513,2.515693953117445e-09,0.703744549834076,1.7704059085569436e-09,0.9751248676514533,1.0024434210438067,0.9775075082734122,0.0006361969755090977,1.1217302909259161,0.0007136414184240079,0.24343413736011926,0.5569249683929384,0.13557454925504664,0.40001168642905427,0.6662383201388313,0.266503114002394,0.6992500744078882,0.6210307100883536,0.4342557702388649,0.017129781739937802,0.5299422767818626,0.009077795536039017,0.036203491535570564,1.0,0.036203491535570564,2.5308512444520483e-06,0.6417463155348607,1.6241644612939185e-06,1.0000292160726375e-16,1.0,1.0000292160726375e-16,1.0,1.0,1.0,0.2634063046072416,0.7185860471951956,-13.771425848727317,-0.7737203526172342,8.75192714966293,-1.877047811599876,-1.920438363403795,-108.64602306434247,66.1507130791636,10.012217909780889,-2.49383427862963,283.15,9.0,0.4
167,0.016786225997200425,0.1300227028459526,0.0021825904747389954,3.336657034094324e-09,0.700545577354714,2.3374803283842757e-09,0.975157289802923,1.0023641874605451,0.9774627444395342,0.0007653413261168693,1.1213696822079768,0.0008582305596483051,0.24396435753796056,0.5608253189087008,0.13682138861858303,0.4000107587880363,0.6695417050821092,0.26782388549013014,0.6973586839250587,0.6225015142745437,0.434106836735852,0.01980816834785075,0.5285312840839355,0.010469236652240322,0.03541475014352038,1.0,0.03541475014352038,2.9505934671330764e-06,0.6429113979981531,1.8969701708787454e-06,1.0000268969700887e-16,1.0,1.0000268969700887e-16,1.0,1.0,1.0,0.26151592486127784,0.7141449132589162,-13.604710147220134,-0.7778510896504566,8.631252035347469,-1.725396472044131,-1.779351107405314,-106.61021655955105,65.21372854867194,9.914406385505705,-2.496221815986187,288.15,9.0,0.4
168,0.014455358892373258,0.13007926236048648,0.0018803424218760115,4.431160276463772e-09,0.6973171144564441,3.089923897677733e-09,0.9751870828734557,1.002293452972382,0.9774236285873001,0.0009373056480970396,1.1210385684244726,0.0010507557819188775,0.24438735927524952,0.5645216178419091,0.13796194743817575,0.4000095225185317,0.6722108114762274,0.26889072573040046,0.6956214358679516,0.6237931034123995,0.43392385428025887,0.022310477412690218,0.5269243479204143,0.011755933762474923,0.03464736321413626,1.0,0.03464736321413626,3.3633078938696244e-06,0.6438358967397695,2.165418353861495e-06,1.0000238062963308e-16,1.0,1.0000238062963308e-16,1.0,1.0,1.0,0.2597800238157198,0.7100767991914851,-13.43908121423023,-0.781714241349615,8.510052216764688,-1.5714142121962662,-1.64354764931529,-104.64679123925825,64.3029442918763,9.818122442738142,-2.498914347733038,293.15,9.0,0.4
169,0.012328177481181432,0.13009786569948686,0.001603869578266181,5.856723259923126e-09,0.6940327014771455,4.064757465888488e-09,0.9752146696443945,1.0022286690011248,0.9773881003480732,0.0011598488109658136,1.1207322352608942,0.0012998799504784066,0.24468602572950127,0.5681406617150355,0.13901608057038106,0.40000792175189764,0.6744258674291808,0.26977568960606746,0.694013719914427,0.6248973197188129,0.4336873134226083,0.024659648105804136,0.5252429731661139,0.012952306888322695,0.03390289678675576,1.0,0.03390289678675576,3.77522158429303e-06,0.6446637722909079,2.433748587764401e-06,1.0554890801411185e-16,1.0,1.0554890801411185e-16,1.0,1.0,1.0,0.2581740520216485,0.7063419032523316,-13.27770606684855,-0.7855004009453052,8.39096536258373,-1.4179384988231805,-1.5127604677234234,-102.75447822038312,63.419841543450644,9.724558374810966,-2.5018180152360294,298.15,9.0,0.4
170,0.010559655036243992,0.1279706310194096,0.0013513257183354302,7.72923051922276e-09,0.6897268427382064,5.331057762819299e-09,0.9752363256455765,1.0021807306404489,0.9773630533825906,0.0014486460159518141,1.1204921048746235,0.001623196423632085,0.24490739313658624,0.5707666472079355,0.13978497165700507,0.40000584345706436,0.6751535411499572,0.27006536169071244,0.6927530976180819,0.6250597928951963,0.433012107724664,0.026716381963032044,0.5226415626170331,0.013963091616632587,0.033102875114903244,1.0,0.033102875114903244,4.1767181418417625e-06,0.6443831595882186,2.69140683294943e-06,1.1654149677908708e-16,1.0,1.1654149677908708e-16,1.0,1.0,1.0,0.2569156941887821,0.7033127603835565,-13.119631845078347,-0.7891649131571201,8.273186611802972,-1.2650158177357391,-1.3867360402119324,-100.92951936976438,62.5632108984861,9.633539924236514,-2.5059874022342834,303.15,9.0,0.4
171,0.008942804093705717,0.12726126663732715,0.0011380725762544645,1.0073988581805644e-08,0.6853734814115467,6.904444626012301e-09,0.975257004955032,1.0021359429235308,0.9773400982533895,0.0018092799412540615,1.1202630710929653,0.002026869503456175,0.24496378272456568,0.5734254945596363,0.14046847825803335,0.4000032476005868,0.6756133592286716,0.27024753781381056,0.6915504418017772,0.6250462031092022,0.43225097790669215,0.02869321815014651,0.5200829900125827,0.014922854688611504,0.03232381089088556,1.0,0.03232381089088556,4.595213055213312e-06,0.6441331791664783,2.9599291942018544e-06,1.279435560475824e-16,1.0,1.279435560475824e-16,1.0,1.0,1.0,0.25571586675952546,0.7004932559694714,-12.969798671558618,-0.7930196592835957,8.160871249099621,-1.1163724008876514,-1.2652441414060986,-99.17211072469473,61.73559339533437,9.546747859909598,-2.5102888940176853,308.15,9.0,0.4
172,0.007562942108323897,0.1264700935196703,0.0009564859957235758,1.2994373784217055e-08,0.6809615865464131,8.848669388277558e-09,0.9752754558321346,1.0020959789269952,0.9773196126355743,0.002260785030433363,1.120059084781938,0.002532212812075898,0.24482428761293887,0.5759743365710077,0.14101250663433204,0.39999999696020594,0.6756661349411984,0.27026645192259346,0.6904790479690313,0.6249188248229246,0.43149335522165877,0.030523868744841243,0.5174344467066918,0.01579410113533461,0.03155843836306547,1.0,0.03155843836306547,5.0234287712913805e-06,0.6437587848375772,3.233876401524661e-06,1.395399519327927e-16,1.0,1.395399519327927e-16,1.0,1.0,1.0,0.25464801475169613,0.698042003071729,-12.827040852523817,-0.7970167361724383,8.053122031084701,-0.9714557288474146,-1.1480658267565411,-97.4784195890171,60.93533613783559,9.46374678954906,-2.514728338396629,313.15,9.0,0.4
173,0.006458133717792592,0.12424907140513121,0.0008024171174458972,1.659153924736786e-08,0.6764879013374244,1.1223975565409377e-08,0.9752912730357125,1.002061434371884,0.977301771988547,0.0028232319262876623,1.119884682644022,0.0031616941898011293,0.24445482311405278,0.5783449989756738,0.14137922442349538,0.3999959468975682,0.6752564752712118,0.2700998532248227,0.6895628091179746,0.6247179257900288,0.43078224781412666,0.03219032707369443,0.5146354207803868,0.016566282518629013,0.03080059908364401,1.0,0.03080059908364401,5.4611886132991276e-06,0.6431865066690258,3.5125628264485273e-06,1.5131531423524017e-16,1.0,1.5131531423524017e-16,1.0,1.0,1.0,0.25373618875813303,0.6960209594273065,-12.691201398433877,-0.8011672919514197,7.949853287437592,-0.8304506406480635,-1.0349962142762181,-95.84557878579191,60.16159393002895,9.384486940734963,-2.5193038504263154,318.15,9.0,0.4
174,0.005432960090643236,0.12461111388465052,0.0006770072085859051,2.0833564183641385e-08,0.6720093370509499,1.4000349655457267e-08,0.9753078430547075,1.002028538714066,0.9772862927724761,0.003499141884073783,1.1197022302329551,0.003917996971498958,0.24385066865347843,0.5807860367894566,0.1416250634157127,0.3999910795071558,0.6746851141389878,0.26986802713186236,0.6886040875885154,0.6243778502228827,0.42994913986320693,0.03389049500118765,0.5119179059519845,0.017349151232684178,0.03004999516072929,1.0,0.03004999516072929,5.9450789713203226e-06,0.6426788325699107,3.820776412824071e-06,1.6427431059513337e-16,1.0,1.6427431059513337e-16,1.0,1.0,1.0,0.25278277062819543,0.6940370685127228,-12.565659706576051,-0.8057086044489322,7.853861117783233,-0.6961151804111491,-0.9258435074869074,-94.27350289238898,59.41615904972396,9.310219971768063,-2.5239977352184884,323.15,9.0,0.4
175,0.0046440669236997596,0.12310060845498287,0.0005716874640131009,2.586172228731999e-08,0.6666074513751564,1.723961678212249e-08,0.9753216167472771,1.0020090699260638,0.9772811060757239,0.004310325948957463,1.1195512041779851,0.004825630606554943,0.24304093081591918,0.5823093363494873,0.14152500312917957,0.3999852375844989,0.6728449604963088,0.26912805138164886,0.6878102754208791,0.6231615593166968,0.42861692374532173,0.03548952745322172,0.508405815932321,0.01804308216190769,0.029233783863170604,1.0,0.029233783863170604,6.4715815622651576e-06,0.6411640808477035,4.149345644000683e-06,1.778483516632559e-16,1.0,1.778483516632559e-16,1.0,1.0,1.0,0.2519953236885764,0.6924543682063012,-12.44843354807844,-0.8105422562510168,7.7634723922966495,-0.5675898081717702,-0.8204241501426456,-92.75867982227952,58.69727290599738,9.240405683878219,-2.5299121620895852,328.15,9.0,0.4
176,0.004029827107295993,0.1202210883113011,0.0004844702005455064,3.165731997236756e-08,0.6612090407145392,2.0932106170522396e-08,0.9753350384457712,1.00199324985033,0.9772791248651747,0.005272451321673344,1.119404484737761,0.005902005655042678,0.24192924295202886,0.5837224151447369,0.14121952199009608,0.3999783082776395,0.6706844877669437,0.26825924680507734,0.6870389230958237,0.6218903311615995,0.4272628634049705,0.037064701374827376,0.5048279503705434,0.018711297226150368,0.02841692544512185,1.0,0.02841692544512185,7.047934055847278e-06,0.6395281835668989,4.507352464635293e-06,1.9258283062720556e-16,1.0,1.9258283062720556e-16,1.0,1.0,1.0,0.2512315213809982,0.6910687818604395,-12.339977805880828,-0.8157230666814996,7.679187071125422,-0.4450481541609762,-0.7185722496191365,-91.29880570409283,58.004251397913336,9.17502554315907,-2.5359634958894897,333.15,9.0,0.4
177,0.0034800406971394558,0.11878209437922833,0.00041336652253117444,3.81139543433972e-08,0.6558500954315878,2.4997040593392265e-08,0.9753499880678279,1.001979254254701,0.9772804536815338,0.0063851222146654955,1.1192411919414726,0.007146491798234184,0.24051646947850402,0.5851521029720439,0.140738717914758,0.39997029464172085,0.6683642952074459,0.2673258640821282,0.6861803026270122,0.6205260035207528,0.4257927208838006,0.03872579292900124,0.5013028078509676,0.019413348731563466,0.027599377477879473,1.0,0.027599377477879473,7.70229746171912e-06,0.6379044765819158,4.913330030796152e-06,2.092064456578304e-16,1.0,2.092064456578304e-16,1.0,1.0,1.0,0.250381632390309,0.6896603814381062,-12.241597690927787,-0.8213647140143083,7.602111404529451,-0.32960117283103435,-0.6201288866593789,-89.89267471502998,57.33740451837865,9.114543284472635,-2.542150234061917,338.15,9.0,0.4
178,0.003056271408571556,0.11597790992244343,0.00035445997012185145,4.52233883847039e-08,0.650520554088205,2.941874366976371e-08,0.9753656187138058,1.0019682778417365,0.9772854092487118,0.007663968520766491,1.1190707746472113,0.008576523189405997,0.23877516249064235,0.5865019042398385,0.1400420874859386,0.39996108405367614,0.6657933550293957,0.26629143203329114,0.6852840370063472,0.6191079686423268,0.4242648080940127,0.040426856504490856,0.49774605028534846,0.020122308150562866,0.02677725069137322,1.0,0.02677725069137322,8.436363783298925e-06,0.6361919235657587,5.367146503197444e-06,2.277096063585054e-16,1.0,2.277096063585054e-16,1.0,1.0,1.0,0.2494954024199804,0.6883403536383073,-12.152188078695858,-0.8274219404926302,7.531375877799488,-0.22059236491179887,-0.5249444685444433,-88.53746136302966,56.69532148989626,9.058548241410813,-2.5484787807683618,343.15,9.0,0.4
179,0.002647581389929868,0.11567628580404297,0.00030626238155099275,5.277955132607602e-08,0.6452556239640802,3.405630232345138e-08,0.975383677283965,1.0019585282923917,0.9772939938118627,0.009097814974545532,1.118873815360874,0.01017930695201705,0.23672525030979982,0.5879023130799582,0.13917132222156342,0.3999507572770855,0.6631348567974229,0.2652212881529609,0.6842480294362783,0.6175915772627572,0.42258581973848464,0.04226762977954641,0.49427754198877794,0.020891940153125864,0.025953056153777396,1.0,0.025953056153777396,9.282069538327836e-06,0.634527894556139,5.889732041278831e-06,2.4889224214969697e-16,1.0,2.4889224214969697e-16,1.0,1.0,1.0,0.24847064667427524,0.6868956636057595,-12.072699268248828,-0.833987092269412,7.467802507509569,-0.11879512110362646,-0.4328782797043958,-87.23190611916012,56.07806411868823,9.00735274656265,-2.5549446439609147,348.15,9.0,0.4
180,0.0023652680512534097,0.11232312831845886,0.0002656743068284879,6.083269044126201e-08,0.6391470704449318,3.888103588281601e-08,0.9754012585898656,1.001960965048601,0.9773139863663218,0.010688355764009045,1.1186825666867735,0.011956877259743011,0.2344232759349347,0.5884042636248378,0.1379356550530174,0.39993930220666063,0.6593501857699698,0.2637000532066738,0.6832418013241582,0.6151950538748555,0.42032697677516884,0.04413849410693144,0.4900929100065171,0.02163196302017154,0.025066868330045042,1.0,0.025066868330045042,1.0253805815229175e-05,0.6319054063650706,6.4794353304609174e-06,2.723487240322777e-16,1.0,2.723487240322777e-16,1.0,1.0,1.0,0.24747689975019715,0.6856071302081022,-12.00183145486564,-0.8409986162410789,7.410262172958778,-0.02375676871617074,-0.34379426117097023,-85.97364884817766,55.48451483374312,8.960666836597307,-2.5626806083322964,353.15,9.0,0.4
181,0.002101820039839841,0.1103698158128359,0.00023197749066885057,6.908435123648834e-08,0.6331238768406843,4.3738952283868974e-08,0.9754211794420813,1.0019649004766318,0.9773377849824838,0.012427863638100025,1.1184657546668968,0.01390013988288483,0.23181995877246103,0.5889259774852452,0.13652479582066085,0.3999267746665422,0.655486857309348,0.2621467446800355,0.6821008942973744,0.612719617673652,0.4179365991687434,0.04613921907434814,0.48598514453614783,0.022422975050632073,0.02418348103281467,1.0,0.02418348103281467,1.1370788694800744e-05,0.6293096606121075,7.155747174417041e-06,2.9906551529634434e-16,1.0,2.9906551529634434e-16,1.0,1.0,1.0,0.2463496424504009,0.6842027834215656,-11.939869491123845,-0.8485024142076351,7.359131624196963,0.0646674313643753,-0.2575707291931231,-84.76075316747261,54.91388719176859,8.918354154036706,-2.5705521002632774,358.15,9.0,0.4
182,0.001899594087559109,0.10717163983013381,0.00020358261337533647,7.74321175587026e-08,0.627175284232752,4.856351033862324e-08,0.9754427323135726,1.0019711121807309,0.9773654393648412,0.014317587460543284,1.1182312449703973,0.016010373650975865,0.2289130009412573,0.5894046877321208,0.13492239583760446,0.3999131657354439,0.6514905135899399,0.2605396337363631,0.6808666063499668,0.6101895496438412,0.41545768789621673,0.04822868501549125,0.4819003084947767,0.023241418187262646,0.02330269914981351,1.0,0.02330269914981351,1.2643914773666664e-05,0.6266772086920482,7.923653217301578e-06,3.291950058635437e-16,1.0,3.291950058635437e-16,1.0,1.0,1.0,0.2451301824893597,0.6827662778696434,-11.885892454422365,-0.8564586341604316,7.313689928489768,0.14708016899001647,-0.17408961518559382,-83.5909317996694,54.36497781171453,8.88005852903085,-2.57855735390465,363.15,9.0,0.4
183,0.0016902639070240915,0.10633636687468143,0.00017973652293234622,8.562400748557952e-08,0.6213203560530157,5.3199938817626346e-08,0.975466780886753,1.0019785359779976,0.9773967770080789,0.016335793981553118,1.1179694139263685,0.01826291802357884,0.22574160554701272,0.5899211211770002,0.1331697410405899,0.39989863227521705,0.6474656635511017,0.2589206332992514,0.6794882519636095,0.6075736680550832,0.41283916964586675,0.05045346499728957,0.47791007255323936,0.024112219117416973,0.022428930252859035,1.0,0.022428930252859035,1.4106954049391606e-05,0.6240935380204358,8.804058863376513e-06,3.634668860945776e-16,1.0,3.634668860945776e-16,1.0,1.0,1.0,0.24376766343558992,0.681178601494641,-11.840027393460382,-0.8649003225682551,7.27408886716327,0.22339980185203134,-0.09323948316978481,-82.462680876436,53.837299239335444,8.845770992905695,-2.5866866423177255,368.15,9.0,0.4
184,0.0015429429443446965,0.10326058264688351,0.00015932518742393123,9.360292266395811e-08,0.615538155403447,5.7616170356944276e-08,0.9754921824537546,1.0019883862639745,0.9774318377099601,0.018485524590104257,1.1176929560686057,0.020661140623592533,0.22230035011548305,0.5903794785294135,0.13124156477808493,0.3998831524353045,0.64331998349627,0.2572528230251165,0.6780325396912654,0.6049079878757527,0.4101472992989298,0.052747475663649145,0.4739317056561792,0.024998701110331038,0.02156150803536958,1.0,0.02156150803536958,1.5769191062040152e-05,0.6214616011237848,9.799946725842356e-06,4.019431516983853e-16,1.0,4.019431516983853e-16,1.0,1.0,1.0,0.242328817649932,0.6795755762385329,-11.801177168936032,-0.8737703900387609,7.239455611868174,0.29435840496822324,-0.01491489408149144,-81.37377461354893,53.329580071793124,8.815080390045926,-2.5949387124624077,373.15,9.0,0.4
185,0.0014053722209256584,0.10089449245815688,0.00014179431694508703,1.0126422757636799e-07,0.608947222222957,6.166457009318255e-08,0.9755182041407789,1.0020092446253803,0.9774782588494094,0.02071657115617755,1.1174098649061501,0.02314890097694301,0.2187333512031417,0.5899920477720213,0.12905093779237828,0.3998670885197998,0.6382224919974524,0.2552041697028725,0.6765415137392154,0.6012966308068809,0.4068021328123773,0.05511273301901091,0.46933425480779695,0.025866293481898547,0.020657053926777923,1.0,0.020657053926777923,1.7697819639366876e-05,0.6179625411914338,1.0936589597890814e-05,4.449039396182401e-16,1.0,4.449039396182401e-16,1.0,1.0,1.0,0.2408552945802449,0.6779469872243687,-11.769612061469973,-0.8831099949604809,7.209964291923789,0.3594266752110588,0.06098728277511843,-80.32333376338465,52.841844590888115,8.788213713994109,-2.6045033673827636,378.15,9.0,0.4
186,0.0013001613345503692,0.09741583422243257,0.00012665630102897546,1.0842274282372376e-07,0.6024530934842572,6.531961681820036e-08,0.9755456519680848,1.0020320207964029,0.9775279810207245,0.023044367116585824,1.117111258093243,0.025743121941571738,0.21495588228231108,0.5895755985048134,0.12673274294872378,0.39985032929329273,0.6330741707615551,0.25313491564608603,0.6749683694147677,0.597637502389788,0.4033864104891495,0.057542052958153456,0.4647860128238689,0.02674474136412006,0.01976934744631796,1.0,0.01976934744631796,1.9890634652567906e-05,0.6144574757079004,1.2221949158844956e-05,4.930181529639834e-16,1.0,4.930181529639834e-16,1.0,1.0,1.0,0.2393004107334473,0.6762686391720608,-11.744374755446549,-0.8928680401036029,7.184956371611873,0.4196534681171747,0.13455789470275287,-79.30898000493647,52.3725506706535,8.764605551972313,-2.614170488683568,383.15,9.0,0.4
187,0.001181728105226039,0.09612662020005891,0.0001135955287507987,1.1489686696459448e-07,0.5960660290667191,6.84861192437929e-08,0.9755749590126299,1.0020559765295687,0.9775807182311947,0.02544541934189024,1.1167922877564649,0.028417248079752194,0.2110112435189502,0.589185180094619,0.12432469751470217,0.39983304436226497,0.6279464168568236,0.2510737275482397,0.6732875163738714,0.5939097207262626,0.39987200081808494,0.06005749713714127,0.46033320066380334,0.027646459880997454,0.0189022363801876,1.0,0.0189022363801876,2.2390041929925468e-05,0.6110043754693347,1.3680413586126326e-05,5.470429974749812e-16,1.0,5.470429974749812e-16,1.0,1.0,1.0,0.23763839096606648,0.6744693593759644,-11.725370324322034,-0.9030560480545319,7.1643974423279415,0.4751526876436786,0.20588628009706922,-78.32934349387055,51.92112204093705,8.744164680551075,-2.6239273603359834,388.15,9.0,0.4
188,0.001100694515682912,0.09281982023389249,0.00010216626707811925,1.2067504077595762e-07,0.5897680446549989,7.117028283709884e-08,0.9756052148634963,1.0020819490554564,0.9776363752190796,0.027917498405483757,1.1164630422498545,0.031168855201791856,0.20690408662404866,0.588751583412715,0.1218151086144702,0.3998152499574353,0.6227734243936673,0.248994312340802,0.6715520165682669,0.5901412540378398,0.3963105492092372,0.06260619275107475,0.4559161124841293,0.02854317201650207,0.018055562118075685,1.0,0.018055562118075685,2.5218879383199483e-05,0.607534096412372,1.5321329098604706e-05,6.07202271189222e-16,1.0,6.07202271189222e-16,1.0,1.0,1.0,0.23592227954521533,0.6726528317589905,-11.711858095045601,-0.9136347904057343,7.147701308244351,0.5264243631029588,0.27505721842362846,-77.38273668939445,51.48661890651503,8.7266098132825,-2.633769186858011,393.15,9.0,0.4
189,0.00101615817881943,0.09071190386283277,9.217764302649942e-05,1.2562392159694186e-07,0.5835677567534786,7.331007012090226e-08,0.9756367777620849,1.00210925430653,0.9776946438371886,0.03043797956630673,1.1161195022816952,0.03397242260400668,0.2026765390454432,0.5883248602315229,0.11923964650611915,0.3997971094699582,0.6176187741310586,0.24692220065197626,0.6697406483449704,0.5863139120504239,0.3926782595903269,0.06520638362782412,0.4515759047966213,0.029445631685250277,0.017232609889769875,1.0,0.017232609889769875,2.8425468027456017e-05,0.6040989916072136,1.7171796571349286e-05,6.743012831087149e-16,1.0,6.743012831087149e-16,1.0,1.0,1.0,0.23413067679056934,0.6707569321477115,-11.703750574831341,-0.9246137016541094,7.134836365092108,0.5735831402252036,0.34215104597036394,-76.46792118618767,51.06850765682198,8.711854869448713,-2.6436829738527923,398.15,9.0,0.4
190,0.0009475513923741072,0.08792539024557212,8.33138259522286e-05,1.2990848006322574e-07,0.5765104882925818,7.489360127459735e-08,0.97566775515156,1.002148493399591,0.9777639708836968,0.03295728506124645,1.1157824729269212,0.03677316102659503,0.19846799178893546,0.5869341868639613,0.11648764937916219,0.3997789808655434,0.6114822207887478,0.2444577390443248,0.6679630472758245,0.5815045940382602,0.3884235806386875,0.06778899639473497,0.44655854821976027,0.030271755815307406,0.016393490973985455,1.0,0.016393490973985455,3.2105350342538846e-05,0.5997123809633176,1.925397609558545e-05,7.478723851736321e-16,1.0,7.478723851736321e-16,1.0,1.0,1.0,0.232372828242556,0.6689107285766787,-11.700829181573443,-0.9359913827818295,7.125555285769728,0.6164212090654864,0.4072479120794544,-75.58404048914055,50.66660457728878,8.699981220730933,-2.65499961035178,403.15,9.0,0.4
191,0.0008946579347884872,0.08436090751580366,7.547415529497149e-05,1.3333357054169567e-07,0.5695609953366649,7.594160114951954e-08,0.9756993908130445,1.0021892379142694,0.977835428912342,0.035500675501537016,1.1154382591350338,0.03959881167955219,0.1941813973766106,0.5855252514690464,0.11369811152955075,0.3997606820988365,0.6053653194494193,0.2420012530220799,0.6661470119200518,0.5766697545233839,0.38414683384042186,0.07037949239326204,0.44160577744541835,0.031079990454540393,0.015584602969296155,1.0,0.015584602969296155,3.625751533619508e-05,0.5953464185523307,2.158578190100993e-05,8.292139894685271e-16,1.0,8.292139894685271e-16,1.0,1.0,1.0,0.23057673081293611,0.6670418031884109,-11.702530136820215,-0.9477376113754487,7.119520250453129,0.6557416678657071,0.4704164254416898,-74.7292826963791,50.279718048130675,8.690559160009972,-2.6663685120031193,408.15,9.0,0.4
192,0.0008365713249440785,0.08192407546183116,6.853533235392279e-05,1.3585441015691817e-07,0.562721676698563,7.644822147039529e-08,0.9757317820493574,1.002231100129325,0.977908737354474,0.0380520613799593,1.115085741874349,0.04243131109372017,0.18984769327962991,0.5841237387662788,0.11089454439465117,0.3997423295322513,0.5993015222921909,0.23956618661330484,0.6642866105463543,0.5718021012960777,0.3798404797732546,0.07298264138973809,0.43673681656874747,0.031874206465332726,0.014807326765308982,1.0,0.014807326765308982,4.0939549257102096e-05,0.5910275826969805,2.419640283412903e-05,9.190808854166448e-16,1.0,9.190808854166448e-16,1.0,1.0,1.0,0.2287363259845333,0.6651233177257085,-11.708694034711675,-0.9598530772860167,7.11663261377786,0.6917013401504771,0.5317254472320746,-73.90253404159635,49.90732771410246,8.683487835286108,-2.6777783756131894,413.15,9.0,0.4
193,0.0007672494797468911,0.08129805257683607,6.237588854401285e-05,1.3746779069574286e-07,0.5559908187076301,7.643082949485517e-08,0.9757648327689818,1.0022739289870164,0.9779836527067264,0.040599687385890926,1.1147259515210894,0.045257525152696036,0.18548998448668874,0.5827362268693177,0.10809173368182128,0.39972400829731897,0.5933025645622394,0.2371572792398972,0.66238724350712,0.5669022452845321,0.3755088155920185,0.07559267976696729,0.4319547234889777,0.0326526150865312,0.014062185793583757,1.0,0.014062185793583757,4.620946444174738e-05,0.5867627295568749,2.711399148720103e-05,1.0181584912510687e-15,1.0,1.0181584912510687e-15,1.0,1.0,1.0,0.22685692135232655,0.6631546304546574,-11.719091650878307,-0.9723320449380098,7.11673142704222,0.7244933543240768,0.5912404836314664,-73.10269295800617,49.54889320957261,8.678649942062759,-2.6892195494177282,418.15,9.0,0.4
194,0.000720432872062074,0.07892622322575847,5.686104567954555e-05,1.382449491890576e-07,0.5493542487443311,7.594545020445292e-08,0.975797913060399,1.0023182409070472,0.978060047699467,0.043141764986168264,1.1143658396995366,0.04807570916493148,0.1811129632204596,0.5813172781482197,0.1052840948166762,0.3997057316203165,0.5873240527168145,0.23475679018938367,0.6604855693757775,0.5619909942567438,0.3711869418257248,0.0781740329565694,0.4272201638831949,0.03339752317111585,0.013348120933034516,1.0,0.013348120933034516,5.2114079256948426e-05,0.5825066724121122,3.0356798893786088e-05,1.1268097102289021e-15,1.0,1.1268097102289021e-15,1.0,1.0,1.0,0.22497516107868995,0.6612061404927887,-11.733317787285019,-0.9851530939905205,7.119498239053163,0.7543904759332297,0.6490239227148353,-72.32862364824493,49.20380992838763,8.67588992003765,-2.7006873441819375,423.15,9.0,0.4
195,0.0006739579289321516,0.07698097759012545,5.18819402238133e-05,1.3842541785904853e-07,0.5417905375010564,7.499758154566221e-08,0.9758296017733303,1.002375291956755,0.978147481977586,0.045609354885878264,1.1140208851746713,0.05080977390221183,0.17688894974869335,0.5788235926921577,0.10238749740108122,0.399687997669493,0.5803274858779988,0.2319499308231483,0.658663348345168,0.5560345899078887,0.3662396047844623,0.08067978080880546,0.4217586568081755,0.03402739598549981,0.012631229395997498,1.0,0.012631229395997498,5.884268572987472e-05,0.5772218121662065,3.3965281689724895e-05,1.2439490078264523e-15,1.0,1.2439490078264523e-15,1.0,1.0,1.0,0.22317226256350375,0.659337444699518,-11.751478315388434,-0.9983366135671858,7.124952741119078,0.7809875070191425,0.7051394712902529,-71.57991082286001,48.87217422595797,8.675396848865825,-2.713713453496061,428.15,9.0,0.4
196,0.0006252488135196518,0.07584218462057364,4.742023594875205e-05,1.3781369082032098e-07,0.5343496591896434,7.364069872150536e-08,0.975861396834472,1.0024332060742098,0.9782358687128366,0.04804746588955812,1.1136746585206494,0.05350924516733618,0.17268914111615466,0.5763382863458223,0.09952736366141646,0.3996704819302822,0.5734145322201178,0.22917686243824184,0.656833856843957,0.5500855017362613,0.36131478169937176,0.0831575013353424,0.4163849431724756,0.03462553146788161,0.011950046199331883,1.0,0.011950046199331883,6.637264882934491e-05,0.5719950145015427,3.796482422964698e-05,1.3717321492003052e-15,1.0,1.3717321492003052e-15,1.0,1.0,1.0,0.22136185581923246,0.6574592434711676,-11.773164908743377,-1.0118592195602834,7.132882099452996,0.804993178846464,0.7596393045636459,-70.8550651604579,48.55296464462987,8.676795339517755,-2.7267457149031533,433.15,9.0,0.4
197,0.0005937943906780756,0.07309034959853707,4.340063960431087e-05,1.364860004517882e-07,0.5270212026291282,7.193101610014116e-08,0.9758929034222923,1.002492258303491,0.9783250806141646,0.05045420376800827,1.1133314992633403,0.05617225432517473,0.16851884969889386,0.5738356325619952,0.09670212071558457,0.3996531985251712,0.5665598526546928,0.22642745726939767,0.6550200172713943,0.5441568041659047,0.35643359926309764,0.08558574729802945,0.41107583717420315,0.03518223272071725,0.011303122752033962,1.0,0.011303122752033962,7.476945394384984e-05,0.5668004563704896,4.2379360617946395e-05,1.5105509784517783e-15,1.0,1.5105509784517783e-15,1.0,1.0,1.0,0.2195668478575802,0.6556139481480727,-11.798114065257625,-1.0257084982372573,7.143083804796286,0.8265913416606894,0.8125773749968496,-70.15315966724681,48.24570624382548,8.679977962908946,-2.739779649201205,438.15,9.0,0.4
198,0.0005579904542814409,0.07129857423875183,3.9783923829100176e-05,1.3446958689186724e-07,0.5198084032406521,6.989842124669168e-08,0.9759243056677264,1.0025520461056059,0.9784149094913718,0.052819503137243456,1.1129893311012204,0.058787543465819415,0.1643987106731269,0.5713427830125716,0.09392801687966289,0.3996362206302156,0.5597932544827635,0.2237136605557801,0.6532108749445742,0.5382410303150873,0.35158489434318724,0.08797597517021633,0.4058507570631334,0.03570511612619972,0.010690094937338869,1.0,0.010690094937338869,8.412203203924123e-05,0.5616644782413882,4.7248357233925735e-05,1.6611905035046958e-15,1.0,1.6611905035046958e-15,1.0,1.0,1.0,0.2177762042646518,0.6537689998684424,-11.826264342787004,-1.0398887573987436,7.155532633289985,0.8458705754426389,0.8640051048896459,-69.47339779521367,47.95003135317299,8.684885875793334,-2.752807269231415,443.15,9.0,0.4
199,0.0005839674830960711,0.06248695477194054,3.649034970450814e-05,1.3190926957745515e-07,0.5126865674504009,6.762811063455503e-08,0.9759545875908585,1.0026136074705476,0.9785053497919013,0.055152968671687515,1.11265936832915,0.06136646728371723,0.1603123518818084,0.568774282599103,0.09118154293335053,0.39961947933880976,0.5530264998972702,0.22100016194951144,0.6514657177805485,0.5323750525546981,0.34682409574100365,0.09027161030788762,0.40063957492756924,0.03616637958177927,0.010108119841088354,1.0,0.010108119841088354,9.447319512006129e-05,0.5565027495995428,5.2574592847768214e-05,1.8234249056988604e-15,1.0,1.8234249056988604e-15,1.0,1.0,1.0,0.21604928803659199,0.6520498171729141,-11.85718701527547,-1.0543714011916414,7.16987274554004,0.8630698760029274,0.9139716532828714,-68.81486564941514,47.66543346924798,8.691386005061347,-2.765829599925435,448.15,9.0,0.4
200,0.0005546034101840998,0.060416608636962826,3.350725718181772e-05,1.2900087301512943e-07,0.5045461584976113,6.508689492262175e-08,0.9759835018659916,1.002688707445476,0.9786076359741203,0.057354574092439846,1.1123439941148199,0.0637980160267389,0.15648883557628687,0.5650295786899403,0.08842082083534872,0.3996036983704026,0.5452091673462814,0.21786759965702182,0.6497972482333214,0.5253463668191067,0.3413686235284286,0.09248941248147262,0.3946676156054279,0.036502575892809704,0.009529096847082433,1.0,0.009529096847082433,0.00010622398566407287,0.5502449662224136,5.844921340373788e-05,1.995286075960078e-15,1.0,1.995286075960078e-15,1.0,1.0,1.0,0.21439801307891082,0.6503519806443784,-11.89143140043116,-1.0692140728718051,7.186506446696515,0.8775618756460453,0.9625289458216382,-68.17754681142269,47.39229320832396,8.69978424742246,-2.780676905943295,453.15,9.0,0.4
201,0.0005221034807038494,0.05901207989226185,3.081041231532357e-05,1.2559031446828966e-07,0.49654651232412406,6.236143263091915e-08,0.976012077653513,1.0027643026516815,0.9787100704278437,0.05950307517054479,1.1120320801410541,0.06616932845669042,0.15273898651559,0.5613086295266727,0.08573371119635878,0.39958830923167515,0.5375111417787362,0.21478316833655242,0.6481466326605418,0.5183726364944135,0.3359814788072211,0.09465601265086328,0.3887966788570441,0.03680194335250599,0.008984159072515548,1.0,0.008984159072515548,0.00011924289132001143,0.5440678229554854,6.48762202833961e-05,2.1797364785182968e-15,1.0,2.1797364785182968e-15,1.0,1.0,1.0,0.21276416516683866,0.6486688617315601,-11.928442039670104,-1.084376163976261,7.20508391630943,0.8901124338298618,1.0097166314588897,-67.56006093105707,47.12958780233388,8.709680428807559,-2.7955008024884718,458.15,9.0,0.4
202,0.0004970828114068357,0.057061629601408426,2.836435526572362e-05,1.2175529583232356e-07,0.4886801487959093,5.949939608402988e-08,0.9760401021580984,1.002840545691909,0.9788125886654139,0.061598805051797406,1.1117259496422938,0.06848099004304,0.14906416606234504,0.5575970658323088,0.08311774161710363,0.3995733101764342,0.5299167544155519,0.21174059167977463,0.6465261787847706,0.5114612260185778,0.33067307205436497,0.09676103793201232,0.3830129765401021,0.03706073315144976,0.008471368393580446,1.0,0.008471368393580446,0.00013362074646123873,0.5379562328280906,7.188211339396537e-05,2.376966257517632e-15,1.0,2.376966257517632e-15,1.0,1.0,1.0,0.2111600539255493,0.6470233833514731,-11.968062594088243,-1.0998515403957574,7.2254874423169015,0.9008324218168193,1.0555775390534665,-66.96171025113868,46.8769694554902,8.72100768290476,-2.8102994321260515,463.15,9.0,0.4
203,0.0004690509712153774,0.05574272898375665,2.6146181168026626e-05,1.1754929747970932e-07,0.4809471051115796,5.6534994330766076e-08,0.976067667815618,1.002917211743684,0.9789150638788001,0.06363839106119254,1.1114245501033544,0.07072927015448727,0.14547266593114383,0.5539085294615546,0.08057855046277186,0.3995587262867437,0.5224389143253031,0.20874502717044735,0.6449303425433718,0.504609154822107,0.32543775506994277,0.09881150053008601,0.377324714488442,0.03728402122568924,0.007989303857227438,1.0,0.007989303857227438,0.00014946540226500515,0.5319223249247432,7.950398426861357e-05,2.587381288659087e-15,1.0,2.587381288659087e-15,1.0,1.0,1.0,0.20958010796355175,0.6453995110638846,-12.01023066276988,-1.1156421735937083,7.247682647045029,0.9097927432627706,1.1001525934897645,-66.3818630130669,46.63413943462518,8.733719686007289,-2.8250682730821906,468.15,9.0,0.4
204,0.00045307913956841596,0.05325120883591218,2.412701188035312e-05,1.130520220547205e-07,0.4733386894393519,5.3511895957850135e-08,0.9760945175784096,1.002994532469877,0.9790174643049671,0.06562401985914881,1.1111306943585368,0.07291686275269443,0.14196215523526504,0.5502234579999875,0.07811090795867856,0.39954454243722043,0.5150563377362113,0.20578794879020498,0.6433740344092029,0.4978253932136033,0.32028793166318376,0.10079442687243895,0.37171443771463825,0.037466743709657864,0.0075360001062968985,1.0,0.0075360001062968985,0.00016686463716357282,0.5259460680573756,8.776179981400176e-05,2.8109296620256912e-15,1.0,2.8109296620256912e-15,1.0,1.0,1.0,0.20803925423398226,0.6438272266007933,-12.054791436965916,-1.1317411118666991,7.2715496614450075,0.9170943475666198,1.14348098607998,-65.81988197709967,46.40077772208299,8.747755663196951,-2.839806897385637,473.15,9.0,0.4
205,0.06307664874889737,0.11890445416748448,0.007500094490201785,4.5775377415870594e-10,0.6908250354487616,3.1622776725999265e-10,0.9742850484002245,1.0030470705905201,0.9772537637179882,0.00010931233759564037,1.1311994215688177,0.0001236540530585238,0.19069796338603562,0.5288109138866812,0.10084316429449837,0.40001550648109185,0.6362102377518036,0.2544939604827436,0.7486979993051087,0.6184402595843642,0.4630249850405456,0.03182549459419857,0.5130299710351721,0.016327432569841722,0.030643262322990198,1.0,0.030643262322990198,5.737803740639119e-06,0.6205738517609484,3.5607309679767987e-06,1.6487168152395672e-16,1.0,1.6487168152395672e-16,1.0,1.0,1.0,0.2538839244725286,0.8117746485117593,-14.773738827391918,-0.800719065071664,9.4999999982927,-2.7996755977527568,-2.2197979247338346,-113.57921901147114,68.73521582205261,10.52647085830714,-2.4767472754446236,273.15,9.5,0.4
206,0.05652861286824047,0.11978404710121389,0.006771226026375601,6.113300879723669e-10,0.689288834643338,4.2138300392088276e-10,0.974384902777775,1.0029180380242138,0.9772281949743005,0.00012812879128435318,1.130077005468897,0.00014479540076897112,0.19138775604611963,0.5343808114107418,0.10227394437000653,0.4000153795055854,0.6421432448121566,0.25686717377048285,0.7428584154711438,0.6202189998079304,0.46073490344241685,0.03839112036173704,0.5131937460023319,0.019702082871666225,0.02991696290362436,1.0,0.02991696290362436,6.934432550990962e-06,0.6233364798643269,4.322484776191312e-06,1.9915293626166889e-16,1.0,1.9915293626166889e-16,1.0,1.0,1.0,0.24804449770564446,0.7993870289507145,-14.597814642693933,-0.8056667789375408,9.375322985225857,-2.647223342898134,-2.0672439731093304,-111.37950456007867,67.73591583734364,10.422092020058674,-2.4795791462305448,278.15,9.5,0.4
207,0.049870305663169946,0.12069465198070845,0.00601907918618785,8.145657304784436e-10,0.6878878231082268,5.603298471173789e-10,0.9744871717256957,1.0027964284627118,0.9772122553892568,0.00015310759331686294,1.1289288490956515,0.00017284757911101121,0.19204178686910578,0.5400868235479338,0.10371923865860463,0.40001520856234724,0.6477411441592185,0.2591063088752632,0.7368789064364886,0.6215998961697874,0.4580438517306278,0.04507310828973208,0.5134930771778531,0.023144729073665125,0.02921413736504264,1.0,0.02921413736504264,8.192203529467487e-06,0.6262203368980066,5.130124454160167e-06,2.349831976824105e-16,1.0,2.349831976824105e-16,1.0,1.0,1.0,0.24206520012559257,0.7867492129142242,-14.424943534219322,-0.810436952598579,9.251556243330866,-2.492864560386852,-1.9205695604190538,-109.26183981312947,66.76626743392005,10.319995087159116,-2.4828971189143205,283.15,9.5,0.4
208,0.043366044604879514,0.12158317417428413,0.00527258135444484,1.0832210267623203e-09,0.6865002217077538,7.436314750308334e-10,0.9745873992923765,1.002684002402629,0.9772031942136491,0.0001861040953483886,1.1278049880817789,0.00020988912703635967,0.1926544572378409,0.5458028071499583,0.10515134357036514,0.4000149800260941,0.6529117160051265,0.2611744670365935,0.7310200295525374,0.6226228132041162,0.45514974730855695,0.05160902841347255,0.5138046707439451,0.02651695985139917,0.028536630690691293,1.0,0.028536630690691293,9.475748591767037e-06,0.629103118678196,5.961222990891163e-06,2.7132593362073987e-16,1.0,2.7132593362073987e-16,1.0,1.0,1.0,0.2362066059380688,0.774386075240638,-14.254946189111475,-0.8150284207543117,9.128642236513214,-2.3370105053964503,-1.779466442951211,-107.22183059290337,65.82511191093245,10.22009806663597,-2.4865827248115697,288.15,9.5,0.4
209,0.03723789622442245,0.12240399855155346,0.004558067395517104,1.4370489668966538e-09,0.6850168250904325,9.84402720803032e-10,0.9746818526734686,1.0025819404236556,0.9771984231490897,0.00022949289674594871,1.1267471267239257,0.00025858046201204804,0.1932194408468026,0.5514133996988746,0.106543788765251,0.4000146765637848,0.6575706111156215,0.2630378953232657,0.725499878203437,0.6233372487538449,0.4522310980505799,0.05777921534281766,0.5140154667712769,0.029699410344116533,0.027885979737959445,1.0,0.027885979737959445,1.0754438235957635e-05,0.6318718174485025,6.795426433792224e-06,3.073113457184681e-16,1.0,3.073113457184681e-16,1.0,1.0,1.0,0.230686829967971,0.7627377758649083,-14.088032674365863,-0.8194619556647493,9.006827194615607,-2.180320293562345,-1.643647725418959,-105.25569732062434,64.91165022103505,10.122475407317514,-2.4905249519078043,293.15,9.5,0.4
210,0.03164317892202934,0.12312408028841673,0.0038960373021766762,1.9001488214989675e-09,0.6833538539268212,1.298474020205828e-09,0.9747679018628382,1.0024907420159255,0.9771957972317836,0.00028627588360555044,1.1257844599798044,0.00032228494103011586,0.19372995186497857,0.5568278559127712,0.10787423372306038,0.4000142763831354,0.6616556355127872,0.2646717002544712,0.7204719598877248,0.623796177455493,0.44942765454183004,0.06342936955522223,0.514036386425119,0.0326050039193899,0.027262932339627562,1.0,0.027262932339627562,1.2006140478789801e-05,0.6344365689633114,7.617134571854925e-06,3.4233612834638456e-16,1.0,3.4233612834638456e-16,1.0,1.0,1.0,0.22565940667061346,0.752115140709903,-13.924680519093675,-0.8237749861094378,8.886566735286987,-2.023601730772929,-1.512845924461946,-103.36014145233288,64.02533386192336,10.02730453404732,-2.4946302450359106,298.15,9.5,0.4
211,0.02676832357855709,0.1230472821499867,0.003293769464052856,2.506301295952487e-09,0.680497564143447,1.7055319269052294e-09,0.9748413977612509,1.0024206747371185,0.9772011717055087,0.00036002349556444945,1.1249630522304064,0.0004050131304448431,0.19423815911276235,0.5611843502585089,0.1090034151171044,0.4000137537370463,0.6642005265899669,0.26568934587537546,0.7161784128974553,0.6232300054895258,0.4463438762015609,0.06837662691208654,0.5130699886955817,0.035081995196826254,0.026608162131286896,1.0,0.026608162131286896,1.3228484747125413e-05,0.6358443927248776,8.411257850706266e-06,3.754323813080739e-16,1.0,3.754323813080739e-16,1.0,1.0,1.0,0.2213665061868839,0.7429467389823138,-13.765274903841242,-0.8280012810076598,8.768140146353925,-1.8679177916781307,-1.3868079788244758,-101.53242134370677,63.16596899520341,9.934918972595167,-2.4999126076797253,303.15,9.5,0.4
212,0.022375886565942752,0.12396666724652179,0.0027738640842661423,3.277070196422281e-09,0.6774426628913306,2.220027160346123e-09,0.9749075346611951,1.0023569454908994,0.9772053385790586,0.0004543671225145748,1.124224557173858,0.0005108106771033077,0.19467423626440644,0.5654772708005742,0.11008385581798272,0.40001308262505003,0.6663905820549739,0.26656495096011146,0.7123155665064632,0.6224525972781482,0.4433826744536035,0.07286203287022895,0.5120455295991762,0.037308678208708965,0.025984241657541055,1.0,0.025984241657541055,1.4444891962537812e-05,0.6372026912321372,9.20432403308656e-06,4.0810482405735567e-16,1.0,4.0810482405735567e-16,1.0,1.0,1.0,0.21750448995286376,0.7346914563494762,-13.612180647137603,-0.8322971799532632,8.653641712253734,-1.714938222576239,-1.2653040278450982,-99.77067654638331,62.33403944414497,9.845970884314891,-2.5052048596182104,308.15,9.5,0.4
213,0.018746772628770118,0.12367372543234237,0.002318483210833067,4.2634340301495505e-09,0.6741197964989749,2.8740652807912167e-09,0.9749614982044323,1.0023057918023002,0.9772095564345504,0.000576356694096939,1.1236225074207618,0.0006476073537899437,0.19503139882656853,0.569242212010107,0.11102010487946128,0.4000122118702441,0.6677243767317862,0.26709790485616197,0.7091645275904562,0.6216183420847923,0.4408296779061243,0.07661177219835916,0.5105302254009578,0.039112625328795135,0.025383775495490667,1.0,0.025383775495490667,1.5603701178323346e-05,0.6380110833209619,9.955334292598647e-06,4.3886173203542446e-16,1.0,4.3886173203542446e-16,1.0,1.0,1.0,0.2143545281494356,0.7279113044826604,-13.46344484574728,-0.8365601226321665,8.54150337163484,-1.5636441594383281,-1.1481147355184174,-98.070608019608,61.52742675090275,9.759792096082641,-2.5105532846620155,313.15,9.5,0.4
214,0.015677623629014436,0.12327327967690097,0.0019326320822886877,5.498175760462423e-09,0.670579035729953,3.6869613997246877e-09,0.9750068651070445,1.0022624481445785,0.9772127675799572,0.0007316902388764037,1.123116770001176,0.0008217735777282552,0.1952983068971926,0.5727406343120791,0.11185527617237319,0.4000111006946259,0.668520418853471,0.2674155885824093,0.70651624569605,0.6206903912685131,0.4385278449786422,0.07983485198503877,0.5087693224513525,0.04061752355243219,0.024806724318764288,1.0,0.024806724318764288,1.6744359339634096e-05,0.6385488580490954,1.0692091535087065e-05,4.68879049876351e-16,1.0,4.68879049876351e-16,1.0,1.0,1.0,0.21170762076508343,0.7221938748232402,-13.320951664882237,-0.8409220243629925,8.433331409172922,-1.4156183286993467,-1.0350357679584867,-96.43074647384319,60.74668251071569,9.677031231078335,-2.5159021017375434,318.15,9.5,0.4
215,0.013224535281862399,0.1214447634132451,0.0016060505585558922,7.033757153219896e-09,0.6668164874939602,4.69022523879561e-09,0.9750427541412624,1.0022281787733227,0.9772153237091221,0.0009291821814970838,1.1227170329787663,0.001043208661907143,0.1954615650366044,0.5758368847595772,0.11255397870090976,0.40000968550100735,0.6686457731308495,0.267464785421649,0.7044221568544908,0.6197397392048574,0.4365584037791253,0.08248398659410901,0.5066403519341515,0.04178971599697123,0.02424880876746113,1.0,0.02424880876746113,1.7856192802522597e-05,0.6386698333809891,1.1404211682005916e-05,4.978615272137993e-16,1.0,4.978615272137993e-16,1.0,1.0,1.0,0.2096152824999639,0.7176466991701104,-13.18426234911115,-0.8453733322438874,8.328806300650118,-1.2708080914445155,-0.9258750464453339,-94.84819580342231,59.99078888284047,9.59753488832632,-2.5212572903548343,323.15,9.5,0.4
216,0.011116709785004402,0.12026318157838503,0.0013369308874281935,8.895797944908068e-09,0.6620187422531093,5.8891849668258265e-09,0.975072941687774,1.002206631486551,0.9772245683425862,0.001173395245106419,1.1223810832943062,0.0013169966263349305,0.19556680588419575,0.5781172201973408,0.11306053818064421,0.4000079341359045,0.6676366185861615,0.2670599445541313,0.7026616188525595,0.6178593523221285,0.43414605272586076,0.08483442802911499,0.5037968184242059,0.0427393149339054,0.023655353849190416,1.0,0.023655353849190416,1.9040129133607305e-05,0.6379064759460517,1.214582167717718e-05,5.273071661001452e-16,1.0,5.273071661001452e-16,1.0,1.0,1.0,0.20785691091430658,0.713778337533362,-13.055885751096165,-0.8500946768264266,8.22994480519633,-1.1315592201539484,-0.8204492757033939,-93.32264923426169,59.26119206685806,9.52236526430856,-2.527695832705207,328.15,9.5,0.4
217,0.00936683737073146,0.11898983953844486,0.0011145584757260452,1.1124189748835013e-08,0.6571102157579344,7.309818725989179e-09,0.975098277427589,1.0021900134830357,0.9772337558024404,0.0014757459148396067,1.1220994250652843,0.0016559336425839648,0.19554053989704462,0.5802129197646786,0.11345514758602587,0.4000057640864131,0.6662411832661974,0.26650031357823123,0.7011851467973512,0.6159338129392735,0.4318836410432768,0.08688491649103361,0.5008029824940663,0.04351222531245752,0.02307693693305417,1.0,0.02307693693305417,2.026270558670463e-05,0.6369571920339563,1.290647605351814e-05,5.574107407136508e-16,1.0,5.574107407136508e-16,1.0,1.0,1.0,0.20638312318261567,0.7105519952922724,-12.934863219535341,-0.8550474286523203,8.136093392847714,-0.9970048458796352,-0.7185924117104618,-91.85076239581149,58.556167765449345,9.450983726927074,-2.534148865000306,333.15,9.5,0.4
218,0.007994027670738044,0.11637145296647895,0.0009302766150980237,1.3762342525550889e-08,0.6520973946026732,8.97438770454131e-09,0.9751185677476971,1.002178983838164,0.9772433353471129,0.0018478831524479792,1.121874193902081,0.0020730924220778136,0.1953635191531877,0.5820538372685616,0.11371208598540304,0.40000309141893464,0.6643969598204292,0.2657608378575134,0.7000041475355582,0.614002921973091,0.42980459198011545,0.08862796959163552,0.4975987466948731,0.04410116659090916,0.022509463356825566,1.0,0.022509463356825566,2.1525792666782216e-05,0.6357466135744861,1.3684949792413302e-05,5.881866340097666e-16,1.0,5.881866340097666e-16,1.0,1.0,1.0,0.2052054299763737,0.7079981889686388,-12.820841769498731,-0.8602297918376466,8.046995172344086,-0.8670754086841599,-0.6201453820204582,-90.43014895088311,57.87484576350962,9.383263907038119,-2.5406274106171516,338.15,9.5,0.4
219,0.006720240806552376,0.11617346577041548,0.0007807136653089622,1.6786832874611985e-08,0.6470700862226619,1.0862257395580582e-08,0.9751386482633475,1.0021688253156182,0.9772535536499387,0.0022960640190923306,1.1216515235129465,0.0025753837050981722,0.1950252691588279,0.5839669150736448,0.11388830479208797,0.39999987158477496,0.6624814192520967,0.2649924826281381,0.6988363086499065,0.6119672967233928,0.42766496665663783,0.09034779845220833,0.4944831212801148,0.044675461379434706,0.021950944078943335,1.0,0.021950944078943335,2.2904627823572813e-05,0.634614639346959,1.4535612125632989e-05,6.216384860457196e-16,1.0,6.216384860457196e-16,1.0,1.0,1.0,0.2040415739844726,0.7055565662432918,-12.715502363344296,-0.8657770577351086,7.964079910238304,-0.7430616877861991,-0.5249586250396879,-89.05993068590408,57.21776249978016,9.319768746352768,-2.5471357541209056,343.15,9.5,0.4
220,0.005780828844720557,0.11353369701645878,0.0006563188705605089,2.025968516883648e-08,0.6419696995155174,1.3006104000116923e-08,0.975154694491129,1.0021641151461866,0.9772650415353523,0.002837021001688002,1.1214740242501557,0.003181645359645252,0.1944973596694934,0.5856080087527179,0.11389921150371321,0.3999959836857457,0.6601262300313175,0.2640478407381397,0.6979051348998704,0.6099530135605216,0.42568934021153826,0.09182579891949026,0.49114886827742027,0.0451001372179776,0.0213962333312211,1.0,0.0213962333312211,2.4355195385168846e-05,0.6332006089057347,1.5421724547907057e-05,6.564877398467318e-16,1.0,6.564877398467318e-16,1.0,1.0,1.0,0.20311520951590198,0.7036859840042762,-12.617009715931342,-0.8715882846347751,7.885852777585054,-0.6238615614129502,-0.4328911458432043,-87.73697255946946,56.58310482671994,9.259873100578504,-2.553692548395921,348.15,9.5,0.4
221,0.004966495900553035,0.1116160651961577,0.0005543407302325773,2.414524612093815e-08,0.6359846739958045,1.5356006482773288e-08,0.9751694301341222,1.0021703597806066,0.9772858986445623,0.0034706609517344148,1.1213113390743124,0.003891691479262245,0.19383004068177975,0.5864394079906052,0.11366957430821785,0.3999914292912142,0.6567453398450783,0.26269250716497705,0.6970514891901426,0.6070462276260647,0.4231424769740067,0.09327104944031528,0.48716453095549644,0.04543834705231812,0.02079539294455555,1.0,0.02079539294455555,2.6002120973497366e-05,0.630921670781553,1.6405301608463024e-05,6.941794673957283e-16,1.0,6.941794673957283e-16,1.0,1.0,1.0,0.20226719753406722,0.7020180092359417,-12.527154596522708,-0.8778093344114213,7.813721713210527,-0.5112361358562549,-0.3438067428483332,-86.46112821531774,55.97196923752847,9.204394038489985,-2.561443780398669,353.15,9.5,0.4
222,0.004334435388280071,0.10843125895992921,0.00046998828603167763,2.8434207055989376e-08,0.6300060241182917,1.791372173630017e-08,0.9751829910368294,1.0021797337461604,0.9773086303110741,0.004213469344960544,1.1211620000497353,0.004723981717944213,0.1929421057118243,0.5871420114069397,0.11328441603273089,0.3999860892559426,0.6531204437903247,0.2612390921247976,0.6962676965456813,0.6041347040505721,0.4206394787925988,0.09464286160875467,0.48311017409952534,0.04572292934908275,0.02019654469264255,1.0,0.02019654469264255,2.77976268067785e-05,0.6285167625888902,1.747127440825058e-05,7.349123763284618e-16,1.0,7.349123763284618e-16,1.0,1.0,1.0,0.2014900104450649,0.7006021603681686,-12.444723306216087,-0.8843796640591643,7.746814176204393,-0.4040435308564927,-0.25758368469527076,-85.22946412969347,55.38257224298517,9.152696679644992,-2.569258777325245,358.15,9.5,0.4
223,0.003725599144267529,0.10759800430159597,0.0004008670327509196,3.303256909443916e-08,0.624087166440405,2.0615202446395414e-08,0.9751981294389966,1.0021896866786981,0.9773335077921206,0.005067882699424959,1.1209953801629808,0.005681073093263274,0.1918295033407169,0.5879032083446378,0.11277718046916588,0.39997994650015534,0.6494701895330277,0.2597750516628662,0.6953930727745368,0.6011533241714159,0.41803785730418813,0.0961026495310139,0.47915467845723303,0.04604803413492112,0.019598924026204282,1.0,0.019598924026204282,2.9808146684647965e-05,0.6261793829967999,1.866524689927098e-05,7.802797386210494e-16,1.0,7.802797386210494e-16,1.0,1.0,1.0,0.2006229851844094,0.6991187049513734,-12.370500600132553,-0.8913779161722372,7.685812395962272,-0.3028909213662428,-0.17410380428192893,-84.04090289002565,54.81492052387812,9.105029885112645,-2.577144899114579,363.15,9.5,0.4
224,0.0032839982620084048,0.10450372762804319,0.0003431900599038937,3.7937970099186e-08,0.61818862295569,2.3452821493349907e-08,0.9752125561908351,1.0022028584338136,0.9773608113950011,0.006046582646736853,1.1208369816005828,0.006777233442766996,0.19046944973085275,0.5885218040247214,0.11209542416719745,0.3999729095280364,0.6455854763629649,0.2582167013299384,0.6945614135850496,0.598177879985413,0.41547127389797667,0.09751907689441813,0.4751230170472982,0.046333558033743415,0.01899988601085615,1.0,0.01899988601085615,3.201884569570831e-05,0.623702263673734,1.997022654063325e-05,8.297074884259737e-16,1.0,8.297074884259737e-16,1.0,1.0,1.0,0.199800030639598,0.6978454497850282,-12.303364868869949,-0.8987465898632985,7.629804901977418,-0.20711792244077507,-0.09325546435066405,-82.8931986007288,54.267785001266496,9.061013873871218,-2.585108868392682,368.15,9.5,0.4
225,0.0028765073050517724,0.10270284315880905,0.0002954254785959007,4.302194964912858e-08,0.6123546890804639,2.6344692601027547e-08,0.9752285214265975,1.0022171196635066,0.9773907197578648,0.007147579813898209,1.120661762200324,0.008010019389710634,0.18886561565434531,0.5891566143918946,0.11127142669395489,0.3999649931659344,0.6416521735709045,0.25663840721719383,0.6936412932798888,0.5951507477170626,0.41282113434295603,0.09902321513428777,0.4711573789061693,0.046655518493532736,0.01839981497404688,1.0,0.01839981497404688,3.449773716736673e-05,0.6212495522094507,2.143170376746589e-05,8.847481903459211e-16,1.0,8.847481903459211e-16,1.0,1.0,1.0,0.1988897027732953,0.6965178436068903,-12.243899468225406,-0.9065499704646184,7.579306864559643,-0.11716232109753749,-0.014933164077031115,-81.78529533961469,53.741064257867805,9.020822483083267,-2.593155143855332,373.15,9.5,0.4
226,0.002575100809654129,0.09915488001710304,0.0002553338118132001,4.826460943797972e-08,0.6056720401897361,2.923252446726197e-08,0.975243861469793,1.0022433955745964,0.9774317192327666,0.008360887032457617,1.12049374150619,0.00936832159330902,0.1870819855266687,0.588856284392367,0.11016440287398067,0.3999562700632427,0.6366564159612426,0.2546347254396909,0.6927587735087051,0.591247513337219,0.4095919021795636,0.10053302567906304,0.46649081086809524,0.04689773266804916,0.01775483515890544,1.0,0.01775483515890544,3.733888503191974e-05,0.617830403526768,2.3069098406510556e-05,9.448940172733164e-16,1.0,9.448940172733164e-16,1.0,1.0,1.0,0.1980179733687804,0.6953339225829687,-12.191988254528356,-0.9148021727293911,7.53413367814717,-0.03344191204837408,0.06096660468873269,-80.7162023506441,53.23467182197478,8.98462732953744,-2.6025053630180257,378.15,9.5,0.4
227,0.002268528597052062,0.09782070495730745,0.00022190906657944436,5.348816921795136e-08,0.5990903703902789,3.204424710828037e-08,0.9752613657452023,1.0022702815864653,0.9774754836658446,0.009689705870673722,1.12030191945842,0.010855396085903295,0.18506388279200492,0.5886021666777718,0.1089290023851753,0.3999467171462776,0.6316793323755951,0.2526380752727716,0.6917511005633243,0.5872942988602338,0.4062614775911327,0.10216295489369731,0.4619315059995932,0.047192287611414106,0.01711320711895465,1.0,0.01711320711895465,4.054202540946214e-05,0.6144764772215349,2.4912120953032256e-05,1.0120862443086754e-15,1.0,1.0120862443086754e-15,1.0,1.0,1.0,0.1970221172597307,0.6940196826485455,-12.147410534060485,-0.9235089020682442,7.494249927873344,0.04463792809679258,0.13453457064020702,-79.68399554495684,52.7475195625488,8.952089997919959,-2.611939357127255,383.15,9.5,0.4
228,0.0020503425925017453,0.09443999309035603,0.00019363434026872748,5.86466188554537e-08,0.592580520407704,3.475284392151696e-08,0.9752794699268535,1.0022994303299302,0.9775220571201617,0.011136445029219897,1.1201036984433266,0.012473973264740012,0.18280669428610072,0.5882666823615731,0.10753908756117081,0.3999363171252437,0.6265925152221207,0.25059710287617815,0.6907096005181658,0.5833397780413478,0.4029183850572948,0.10382184593738325,0.4573703571342238,0.04748503475471535,0.01647472655967235,1.0,0.01647472655967235,4.411663105338511e-05,0.611058841826281,2.6957857476758848e-05,1.086184742657465e-15,1.0,1.086184742657465e-15,1.0,1.0,1.0,0.19599348190782237,0.6927600017572862,-12.109363803608497,-0.9326301787038505,7.45900965009877,0.11757547753668701,0.20586021886166853,-78.68692070397755,52.27864712857324,8.922927224369172,-2.621456495985799,388.15,9.5,0.4
229,0.0018609365671161582,0.09120993912818207,0.00016973591100807298,6.360634564041615e-08,0.586160689143957,3.728353939451507e-08,0.9752990403854103,1.0023299109650294,0.9775714003137869,0.012690469038750112,1.1198894178161058,0.014211921983619182,0.18032980948172267,0.587920072040638,0.10601951458156891,0.39992514711211896,0.6214821624294801,0.24854634523716762,0.6895835165342957,0.5793568958492773,0.39951496556813837,0.10555862269448686,0.45286853889662015,0.04780417922759187,0.015841382806247795,1.0,0.015841382806247795,4.8127718080525714e-05,0.6076505031690191,2.9244832108008145e-05,1.1683783449737944e-15,1.0,1.1683783449737944e-15,1.0,1.0,1.0,0.19488121508758896,0.6914445167077575,-12.07789222902624,-0.9421888863115081,7.428482865992327,0.18535632553192327,0.2750283537237305,-77.72380472696548,51.82762921468626,8.89711496736812,-2.6310538127014564,393.15,9.5,0.4
230,0.0016611930342797156,0.08999809903275088,0.00014950421521162178,6.824509375628289e-08,0.579842153742821,3.957138214602378e-08,0.9753205680524959,1.0023611201437008,0.9776234170922904,0.014339614918356083,1.1196535926712632,0.01605540136085983,0.17765554041589096,0.58760752312877,0.10439173207388477,0.39991329522384295,0.6164059428221759,0.24650893178957606,0.6883439891807397,0.5753279425288821,0.39602353104747806,0.10740019581712713,0.4484641953535215,0.048165142397938565,0.015215303324439178,1.0,0.015215303324439178,5.2639900413079446e-05,0.604298408768121,3.181020805733628e-05,1.2597631351078245e-15,1.0,1.2597631351078245e-15,1.0,1.0,1.0,0.19365634836852677,0.6900052504601132,-12.05289350774744,-0.9521965126125169,7.40261878046664,0.2480777888891204,0.3421194057140753,-76.79342653752376,51.39394972764549,8.874575904860466,-2.640726318727838,398.15,9.5,0.4
231,0.0015302282027912133,0.08632423767596244,0.00013209578307620955,7.260280589303797e-08,0.5726527785547301,4.157619852551795e-08,0.975341500628706,1.0024050904777673,0.9776872851844393,0.01605248350176994,1.119424471011753,0.017969542852393706,0.17488427003757215,0.5862745902067892,0.10253020374989108,0.39990098884940645,0.6102741776551183,0.24404924711354015,0.6871393997262741,0.5703669941411996,0.3919216339778632,0.10923594926822981,0.44334064563997194,0.04842873627567223,0.014559183990644473,1.0,0.014559183990644473,5.7807768289247364e-05,0.5999293349990218,3.4680575987545725e-05,1.3592114384847082e-15,1.0,1.3592114384847082e-15,1.0,1.0,1.0,0.1924669817421333,0.6886697005318712,-12.03416057039612,-0.9626557586741001,7.381155222432764,0.30542727416862453,0.4072138491735717,-75.8950344240374,50.977530386373864,8.85544412527348,-2.6518322792034974,403.15,9.5,0.4
232,0.0013984359270738389,0.08380320150277039,0.00011719340778528248,7.650199679356179e-08,0.5655801770211234,4.326801288897217e-08,0.9753639179867771,1.0024499670670606,0.9777535274642439,0.01783603472565126,1.1191789812939883,0.01996171517457858,0.17195746369081996,0.5849575402387727,0.10058781498628012,0.399888177633693,0.6041872397749096,0.24160733426311973,0.6858485050173989,0.5653860061970472,0.3877691471080026,0.1111424646374041,0.43831039337228056,0.04871489739558538,0.013917584256721436,1.0,0.013917584256721436,6.360370333103182e-05,0.5956097566920555,3.788298626570953e-05,1.468990663919294e-15,1.0,1.468990663919294e-15,1.0,1.0,1.0,0.19119193434354506,0.6872470174464697,-12.021195822063508,-0.9735449754094507,7.363833049593758,0.3582573689062134,0.4703800483217697,-75.02676699533859,50.577129592850326,8.8392649323698,-2.663000019637122,408.15,9.5,0.4
233,0.001255631841434953,0.08313254999276429,0.00010438387683059792,7.987476473696996e-08,0.5586249756222281,4.462003850402113e-08,0.975387798038332,1.002495580633887,0.9778219569376462,0.019677548828568803,1.1189173359575495,0.0220175505134368,0.1688989770220782,0.5836662964431153,0.09858064039150721,0.3998749537460445,0.5981620991848531,0.23919004174418,0.6844723705857335,0.560382261714966,0.3835661751102377,0.11311715813673659,0.4333799860226535,0.04902271241222119,0.013292209283483831,1.0,0.013292209283483831,7.009787276912631e-05,0.5913503680559267,4.1452402861960373e-05,1.5899801192166294e-15,1.0,1.5899801192166294e-15,1.0,1.0,1.0,0.18983215769208198,0.685728082301933,-12.013741571988957,-0.9848602058783329,7.350470059285782,0.40678389013422106,0.5316869058763555,-74.1874514916126,50.192168081407274,8.825908018938517,-2.6742217449060193,413.15,9.5,0.4
234,0.001155842165452341,0.08068186394244255,9.325550033196396e-05,8.27189996757821e-08,0.5517663591337452,4.564156128229178e-08,0.9754121236222332,1.0025428299407213,0.9778924307747223,0.021571399411031533,1.118650811591147,0.024130863458307224,0.16571959987226226,0.5823287567555288,0.09650328856363816,0.3998613580392313,0.5921276823403472,0.23676897919323378,0.6830702366266355,0.5553853402737856,0.3793671957997792,0.11510034426926741,0.4284880306267186,0.0493191198403957,0.012683587215345607,1.0,0.012683587215345607,7.733283396950649e-05,0.5870797483058969,4.5400540702599616e-05,1.7223547006180652e-15,1.0,1.7223547006180652e-15,1.0,1.0,1.0,0.18844684144874613,0.6842261615110875,-12.011258961035072,-0.9965731419967119,7.3406395078847035,0.4513754150536206,0.5911999726992457,-73.37581089727664,49.82193012697862,8.815168400765765,-2.6854915697500985,418.15,9.5,0.4
235,0.0010547020956912527,0.07925647434860679,8.359196959257556e-05,8.497190344336879e-08,0.5450152101140491,4.631097980897833e-08,0.9754374010304521,1.0025909784210492,0.9779647382876062,0.02350147905982418,1.1183737378404917,0.026283436980915613,0.16244982390468013,0.5809990836982787,0.09438319883556587,0.39984750726926915,0.5861468065756116,0.23436933950310074,0.6816122670124635,0.5503751832305236,0.37514247634915715,0.11712021373360604,0.423677763667275,0.04962123023488748,0.012093600243656423,1.0,0.012093600243656423,8.54028854290724e-05,0.5828528144433351,4.9777312133916574e-05,1.867366660043926e-15,1.0,1.867366660043926e-15,1.0,1.0,1.0,0.18700600506019555,0.6826670540800581,-12.013675303136782,-1.0086924780907418,7.3343160304694806,0.4921469322183855,0.6489815997831702,-72.59086719195977,49.46596882623914,8.806969368963404,-2.6968011595349277,423.15,9.5,0.4
236,0.0009623762204978111,0.07805201107897822,7.511539942444034e-05,8.674115623298167e-08,0.5373415930888812,4.6609631076601964e-08,0.9754619559014298,1.0026523184470746,0.9780491916414865,0.02541429674858745,1.1181044957558774,0.028415839451069604,0.15922918098766417,0.5785827018919942,0.09212724975589211,0.3998337891125367,0.5791289244808135,0.2315553122598318,0.6801951467242681,0.5443437678952333,0.37025998907193913,0.11911289780069714,0.41814236769961655,0.049806149109945956,0.011490218261421489,1.0,0.011490218261421489,9.46131235306383e-05,0.5775795272645886,5.46466031618522e-05,2.0233546228357258e-15,1.0,2.0233546228357258e-15,1.0,1.0,1.0,0.18560585395674942,0.6811576096859222,-12.021124780428755,-1.021244194345019,7.331524334570742,0.5286007349797347,0.7050958284897064,-71.83229759489942,49.12447371239628,8.801546592084982,-2.7097114746484943,428.15,9.5,0.4
237,0.0008892300183177906,0.07610686660491052,6.767651038519424e-05,8.793054927904262e-08,0.5297896393118843,4.6584693987039905e-08,0.9754868104233506,1.002714773804858,0.9781350364632725,0.027341482050910724,1.117831849823151,0.030563179457876018,0.15595685098166917,0.5761527455993926,0.08985496788812401,0.39981997479655035,0.572165352796265,0.22876313693446199,0.6787597676858976,0.5383385024137626,0.3654025168347395,0.1210997224173531,0.41267993364666655,0.04997542541182302,0.010910759484381062,1.0,0.010910759484381062,0.00010484738423868433,0.5723394469740787,6.000829391184728e-05,2.1927292425718717e-15,1.0,2.1927292425718717e-15,1.0,1.0,1.0,0.18418756305089767,0.6796490856347647,-12.032824751855081,-1.0341760059332519,7.331756753028467,0.5617628856979608,0.759594537091888,-71.09829545360638,48.79610540283485,8.798365718620248,-2.7226446359936447,433.15,9.5,0.4
238,0.0008336733837941188,0.07332056449368962,6.112540310314915e-05,8.854812257808053e-08,0.5223560132519167,4.6253644290828105e-08,0.9755118357525494,1.002778277288716,0.9782220781306944,0.029274059517102633,1.11755719066783,0.03271543571337608,0.15265062886632041,0.5737104598849087,0.08757726248861719,0.39980612965702594,0.5652601281193924,0.2259944640728489,0.6773134401413753,0.5323613207575975,0.3605754775605345,0.12307322683470995,0.40728926852610176,0.05012640453265601,0.010355506907641157,1.0,0.010355506907641157,0.00011619656385334948,0.5671339251278168,6.589901334451514e-05,2.3761696797545895e-15,1.0,2.3761696797545895e-15,1.0,1.0,1.0,0.18275836176721716,0.678147202073292,-12.048553727032642,-1.0474813076843823,7.334854043832067,0.5918221968768295,0.8125316481049254,-70.38792881203068,48.4803839348255,8.797316808408953,-2.7355933866339415,438.15,9.5,0.4
239,0.000860718196258981,0.06424141256681323,5.5293752749636516e-05,8.866309225976853e-08,0.5150155684661755,4.566287286213368e-08,0.9755359034328965,1.0028438654410288,0.9783101962751521,0.031212236787217396,1.1172930135665728,0.034873214100143574,0.1493110743331656,0.5711727098739872,0.08528241094107052,0.3997922525265231,0.5583287514226124,0.22321550918156743,0.6759219418575262,0.5264478803894624,0.3558376735996241,0.12496856096647203,0.4019017074066579,0.050225078024578124,0.009823530483292054,1.0,0.009823530483292054,0.0001287063019399279,0.5618812684839526,7.231766019588527e-05,2.573349722030377e-15,1.0,2.573349722030377e-15,1.0,1.0,1.0,0.181384029316642,0.6767827487168775,-12.067843571144303,-1.0611309279023176,7.3404367685154535,0.6190772386538967,0.863958622763058,-69.7001911320024,48.17673172570855,8.798236062061118,-2.7485536882353365,443.15,9.5,0.4
240,0.0008011358320270589,0.0626463937299471,5.0188270764335894e-05,8.817402750508692e-08,0.5078198661939702,4.4776522849416615e-08,0.9755614494454579,1.0029087463105757,0.9783991102122723,0.03312766180531064,1.1170122154430564,0.03700400290559836,0.14599283733082175,0.56875169691457,0.08303367396927765,0.3997785493188386,0.5515941860698547,0.22051552351971204,0.6744425968160761,0.5205146182323055,0.3510572308013246,0.12692642839427817,0.39668505931030507,0.05034981777562941,0.009317220207848805,1.0,0.009317220207848805,0.00014259828211089003,0.5567899124925336,7.939728501810807e-05,2.7873164409291345e-15,1.0,2.7873164409291345e-15,1.0,1.0,1.0,0.17992163496815944,0.6752438208221305,-12.091160931020683,-1.075176960306865,7.348949634873642,0.6433874596271291,0.9139244979268687,-69.03454806579093,47.885021574911775,8.801180057893243,-2.761514364087208,448.15,9.5,0.4
241,0.0007459569420217962,0.06116060622261965,4.562317879002459e-05,8.734125808278974e-08,0.4995941608099361,4.3635182535955464e-08,0.975585397518934,1.002988735450524,0.9785011641815125,0.034964888262380374,1.1167486395434174,0.039046991398800884,0.1428380608702242,0.5650677254208079,0.08071317815945649,0.3997654230459475,0.5437195179651483,0.21736026311767614,0.6730536308905493,0.5134666852555996,0.34559061685261616,0.12879997006118477,0.39065443070294203,0.050316278978808096,0.008806026507840023,1.0,0.008806026507840023,0.00015835037040726793,0.5505149153913105,8.71742407669398e-05,3.012680081074071e-15,1.0,3.012680081074071e-15,1.0,1.0,1.0,0.17854890607462634,0.6737996751738291,-12.118369429076127,-1.0896191297338569,7.360163202940242,0.6643422790423062,0.9624816923301112,-68.39076640802642,47.60541829794465,8.806346792232803,-2.7763510619936325,453.15,9.5,0.4
242,0.0007029787854297459,0.05911162141572944,4.1554215827612444e-05,8.605867194925221e-08,0.4915095740331438,4.229866119163507e-08,0.9756091211982857,1.0030694775992564,0.9786037315414341,0.03677805891505154,1.1164872533974717,0.04106223398335629,0.1397061309421022,0.5613894891583207,0.07842955348187221,0.39975248168807415,0.5359439240139333,0.21424491367021448,0.671675885164029,0.5064861252695985,0.3401945165137568,0.13063569453474483,0.3847144037423906,0.05025743333040743,0.00832180477992268,1.0,0.00832180477992268,0.00017570648692021078,0.5443021085617661,9.563741131865106e-05,3.25355562864207e-15,1.0,3.25355562864207e-15,1.0,1.0,1.0,0.1771871686425835,0.6723789500081306,-12.148811445400517,-1.104409235357164,7.373673378400057,0.6828982801328781,1.0096694418957468,-67.76727508475405,47.33670757690459,8.813240316092907,-2.7911785549566512,458.15,9.5,0.4
243,0.0006570599970568646,0.057718511538776496,3.792452502179509e-05,8.435775034523046e-08,0.48356741414323856,4.079265919738396e-08,0.9756327589318865,1.0031506732437734,0.978706658961202,0.03856122875146852,1.116226482669623,0.04304306473667047,0.13660979376264346,0.5577358902888284,0.07619218494638119,0.3997397690377627,0.5282865344641136,0.21117713727244483,0.6703010736464712,0.49956746560351994,0.33486060855288596,0.13244267669380266,0.3788772453183237,0.0501795165083333,0.007863854939493466,1.0,0.007863854939493466,0.00019479851589902236,0.5381690661151922,0.00010483453538200226,3.5105227050438043e-15,1.0,3.5105227050438043e-15,1.0,1.0,1.0,0.17582808251116885,0.6709582180012783,-12.182386344199449,-1.119547652849217,7.389417982912685,0.6991655776477518,1.0555305360049805,-67.16337709530775,47.07854229356229,8.821794101940812,-2.805991424151996,463.15,9.5,0.4
244,0.0006985953439424522,0.04958870382166685,3.4642437601957733e-05,8.234425618453948e-08,0.47573310036579314,3.917388829198615e-08,0.9756548644219833,1.0032338557330047,0.9788099914987283,0.040322486355499516,1.1159823431124292,0.04499918280312932,0.13353505636493587,0.553992214436451,0.07397738158050711,0.3997272269703823,0.5206295056818204,0.20810978858515497,0.6690136148224453,0.49275651777084245,0.3296608191811918,0.13413857379813887,0.37305136846038095,0.050040578518719486,0.007429983374851916,1.0,0.007429983374851916,0.00021564934535944468,0.5320038852786926,0.00011472628958903111,3.7821076486664455e-15,1.0,3.7821076486664455e-15,1.0,1.0,1.0,0.17455613806437784,0.6697122925106439,-12.218626663739249,-1.1350002836931594,7.407003319441544,0.7133981935092852,1.1001059757537492,-66.5782575628204,46.83044074890663,8.831870343148017,-2.8207925052790745,468.15,9.5,0.4
245,0.0006552895754672271,0.04842480876864539,3.1732272380087276e-05,7.994824165298836e-08,0.4680609342062339,3.74206486762435e-08,0.9756779737394639,1.0033160159417585,0.9789133374544065,0.04203740918466384,1.1157266526275342,0.04690225783473895,0.130529903764742,0.550377000098821,0.0718406568572265,0.39971503365688377,0.5131953014828623,0.20513187720477694,0.6676649963098047,0.4859698117208004,0.3244650325492447,0.1358709992642294,0.3674042202425163,0.04991957853824571,0.007021450353541422,1.0,0.007021450353541422,0.00023856042125682515,0.5260172200146114,0.00012548688959502976,4.071647169705086e-15,1.0,4.071647169705086e-15,1.0,1.0,1.0,0.17322260252487306,0.6683203658335137,-12.258015923509689,-1.1508204553428794,7.426888688400109,0.7254601224668796,1.1434347927041781,-66.0115162021994,46.59231956043113,8.84352658237102,-2.8355663563152467,473.15,9.5,0.4
246,0.12291386205293654,0.10620016884820452,0.013053472903806778,1.5051233073532414e-10,0.6643973950967644,1.0000000047049187e-10,0.9730571972183764,1.0037383186101578,0.9766947950474859,1.8804531739683485e-05,1.1451269854538682,2.1533576743935323e-05,0.11072356147223425,0.5012631231539071,0.055501638230295754,0.40001625352271725,0.6065929797549018,0.24264705117473728,0.8206805748148377,0.6188094220925121,0.5078448722237203,0.0640941422307772,0.48627902985868177,0.031167637303606704,0.018497838438454733,1.0,0.018497838438454733,1.8893633748335996e-05,0.5956281166484008,1.1253579486166027e-05,5.71510526289005e-16,1.0,5.71510526289005e-16,1.0,1.0,1.0,0.23365622805691047,0.9435944370182866,-15.46338763353563,-0.8380972097468172,9.999999997956678,-3.558767781208551,-2.2200464031440656,-114.33831119492696,69.49381104868795,10.905768471624809,-2.4573230926708693,273.15,10.0,0.4
247,0.10994840470457956,0.1081156671450437,0.011887145126168881,1.9976439194863218e-10,0.665030710726326,1.3284945555541131e-10,0.9732701947254586,1.0035402545737078,0.9767158189837889,2.2122116332294037e-05,1.1426984713129968,2.527890851512068e-05,0.11119751973036748,0.5090529101092817,0.056605421015677844,0.40001625793747386,0.6147547237978968,0.24591188416301996,0.8081923997878694,0.6204531183285603,0.501445494657826,0.0770589890761415,0.48850803246075225,0.037643935137000484,0.018021176588976635,1.0,0.018021176588976635,2.2823834491691353e-05,0.6003912183726328,1.3703229798401884e-05,6.871456514550292e-16,1.0,6.871456514550292e-16,1.0,1.0,1.0,0.22116804655127933,0.9181408046922134,-15.288517105793902,-0.8437872813737386,9.876640221078807,-3.4052197910833306,-2.0674717401987133,-112.13750100826388,68.49345675135005,10.80086247706189,-2.4617356164725908,278.15,10.0,0.4
248,0.096595909097553,0.11092027326957452,0.010714444633823558,2.634643425422989e-10,0.6658885943929349,1.7543790072815036e-10,0.9734902778571966,1.003344820797928,0.976746428385154,2.6466098597648977e-05,1.1401956681454968,3.0176530973750974e-05,0.11164767886207669,0.5177604759257295,0.05780675534363183,0.40001625685819453,0.6234669800559263,0.24939692763665425,0.7952944057109735,0.6213733262665349,0.4941747302377947,0.09041163400906693,0.491632819209664,0.0444493265172299,0.017566523295837678,1.0,0.017566523295837678,2.7018049993815692e-05,0.6061598428722725,1.6377256938966535e-05,8.093261012293285e-16,1.0,8.093261012293285e-16,1.0,1.0,1.0,0.20827005405822735,0.8918903150719908,-15.118658829807359,-0.8494119758833282,9.755876578022479,-3.2508585490930626,-1.9207766334783924,-110.01983380183566,67.52384727650758,10.698785008452882,-2.4665105316303078,283.15,10.0,0.4
249,0.08386912427004176,0.1129403144065237,0.009472205264058325,3.479520924076964e-10,0.6668277752762556,2.320241196829426e-10,0.973699827043885,1.003175736081431,0.9767920407171115,3.22758854479607e-05,1.1378187585887798,3.67241079127523e-05,0.11209322004584228,0.5258218881398804,0.05894106861218387,0.4000162454616397,0.6309682084493851,0.2523975337495803,0.7830189551296197,0.6218952029847216,0.4869557320412195,0.10313999504227546,0.49415092322223075,0.05096672377127673,0.017113587109540238,1.0,0.017113587109540238,3.124638773070902e-05,0.6111916549288455,1.909753142768042e-05,9.299687335665126e-16,1.0,9.299687335665126e-16,1.0,1.0,1.0,0.19599462020133201,0.8668880797476136,-14.949939108323491,-0.8547647321978069,9.634466866399055,-3.0940491911315045,-1.7796492086961884,-107.97886927863843,66.58178506517754,10.59843464375852,-2.472093158575081,288.15,10.0,0.4
250,0.07221176075953863,0.11400779933388373,0.0082327039302199,4.597672848384171e-10,0.6675861617903481,3.0693427700204913e-10,0.9738914288667084,1.0030330441038104,0.9768452845227842,3.9995844451039306e-05,1.1356506056353775,4.5421304973721154e-05,0.11252317992952258,0.5332372510032684,0.06000155113976477,0.40001621971908935,0.6373414098506198,0.2549469014388797,0.7717992336845754,0.6220596655877637,0.48010517320671925,0.11480091880887008,0.4960668204844695,0.05694892678221192,0.016672326659003776,1.0,0.016672326659003776,3.53941677833655e-05,0.6155388243351253,2.1786484425692954e-05,1.0459838938144564e-15,1.0,1.0459838938144564e-15,1.0,1.0,1.0,0.18477493653351224,0.8440109949038813,-14.782915626794352,-0.8598813780438059,9.512954608858506,-2.9356563932616226,-1.6438046985284331,-106.01103342032363,65.66667237451537,10.499986484057677,-2.4781175728568425,293.15,10.0,0.4
251,0.06138224630635481,0.11568771209575349,0.0071011716384802035,6.03793643683593e-10,0.6680598733566352,4.033703051328027e-10,0.9740694758349967,1.0029007414112434,0.9768949995009794,5.00203445096693e-05,1.1336402581487202,5.6705076262629384e-05,0.11292046370795684,0.5409070394624916,0.06107947371900265,0.4000161772264064,0.6436851069932729,0.2574844558370194,0.7613769651518195,0.6217369035231075,0.4733761567273132,0.12563631006086978,0.49822162604389747,0.06259472668868181,0.016259107987472873,1.0,0.016259107987472873,3.95221476705066e-05,0.6202213741389536,2.4512480737124247e-05,1.1603659035103098e-15,1.0,1.1603659035103098e-15,1.0,1.0,1.0,0.17435273035882132,0.8227592120619679,-14.62099752677129,-0.8649686445593286,9.394296076355396,-2.7782198052519234,-1.51297962837776,-104.11475952681187,64.77968452857071,10.404479867371004,-2.484040149133532,298.15,10.0,0.4
252,0.051971396559937696,0.11648613385397917,0.006053947056259136,7.914850641138454e-10,0.6671319221753114,5.280249521953201e-10,0.974223141523991,1.00279917753219,0.9769501650530845,6.30527346163569e-05,1.13190857179231,7.136993078720015e-05,0.11332594444011027,0.5473319109700904,0.06202690573289583,0.40001611239214485,0.6483011058238509,0.25933088801118537,0.7523845333833032,0.6202960393810119,0.4667011461491937,0.1350561264463087,0.49921163819631864,0.06742159013171091,0.015831576968976035,1.0,0.015831576968976035,4.3557776349152726e-05,0.6235755599781431,2.716156477832564e-05,1.2676368460800251e-15,1.0,1.2676368460800251e-15,1.0,1.0,1.0,0.16536039373466432,0.804355930734726,-14.462912984290057,-0.8699652249409663,9.277345554086093,-2.6218716192378295,-1.3869195472609799,-102.28637517126647,63.919699685890095,10.311784317938512,-2.4910632133054453,303.15,10.0,0.4
253,0.0434946171141937,0.11819892642637866,0.005141017048224091,1.0288542833824384e-09,0.6658322098511734,6.850443211193747e-10,0.9743613880082259,1.0027078117556691,0.9769997752289447,7.976672356676332e-05,1.1303533123165157,9.016458019632672e-05,0.11369813927974788,0.5537255006570359,0.0629575590964518,0.40001602083777965,0.6526268498400086,0.26106119556489543,0.7442965284100033,0.6185324526495485,0.4603715572159837,0.14354556791872336,0.5001654710140471,0.07179653659004714,0.01542993373189862,1.0,0.01542993373189862,4.7567174219232526e-05,0.6269498421504558,2.9822232368291065e-05,1.3729342653877473e-15,1.0,1.3729342653877473e-15,1.0,1.0,1.0,0.15727252311750833,0.7877911465530513,-14.311080581354203,-0.8750304098006292,9.164281329536925,-2.4681622239304692,-1.2653953949470824,-100.52390054773754,63.08708071129523,10.22249151789002,-2.4979358176502693,308.15,10.0,0.4
254,0.03673320502459404,0.11744028339035427,0.004313958007924309,1.3352848008435286e-09,0.6640075319879011,8.866391651090669e-10,0.9744707119630214,1.0026439484741292,0.9770471623149996,0.00010158144409635534,1.1291251660772736,0.00011469816493566657,0.1140431787438272,0.5587976333585162,0.06372705838273289,0.40001589053334125,0.6552260528100621,0.26210083301546305,0.7379017792830876,0.6168573088600865,0.4551801057716349,0.15032500116326072,0.49988505885558676,0.07514522205396275,0.015044955375174812,1.0,0.015044955375174812,5.130012875528223e-05,0.628948279849132,3.2265127736673754e-05,1.4686479407752993e-15,1.0,1.4686479407752993e-15,1.0,1.0,1.0,0.15087796521251762,0.7746349856429664,-14.162097300173691,-0.8799713587347038,9.052253088720109,-2.3153994608609922,-1.1481869132108355,-98.82236332103068,62.279037696940584,10.135597569101554,-2.5048429171708686,313.15,10.0,0.4
255,0.03076384518913783,0.1176164730646711,0.0036183349690539412,1.7151796343011749e-09,0.6618182848837708,1.1351372438407786e-09,0.974567015639482,1.002587002373742,0.977088222822312,0.00012930056374157997,1.1280445581938763,0.0001458567973000898,0.11435277275509902,0.5638312462255738,0.06447566637185731,0.40001571768702376,0.6575733207206826,0.26303966381992333,0.7322694789263637,0.6149644759377962,0.45031971635319434,0.15631826568563195,0.499559340746764,0.0780902497525918,0.014683600907049683,1.0,0.014683600907049683,5.503413551301002e-05,0.6309506389410371,3.472382296550131e-05,1.5636857569688264e-15,1.0,1.5636857569688264e-15,1.0,1.0,1.0,0.1452459185079784,0.7630333258306812,-14.020250581401907,-0.8850672082288605,8.944951626894335,-2.1664438283940335,-1.0350911218689984,-97.18157197353787,61.497397302589356,10.052388627015167,-2.5115437937800893,318.15,10.0,0.4
256,0.02574489930321469,0.11761856152194232,0.003028078022571367,2.184463170532059e-09,0.6592516579617095,1.4401109669295505e-09,0.9746475345434308,1.002541507201439,0.9771246082713377,0.00016453005948177654,1.1271419484988483,0.00018544873183092112,0.11462813537995849,0.5684335865333227,0.06515848211165703,0.40001549032985667,0.6592405997947157,0.263706451772232,0.7275607915141163,0.6130044974344416,0.44599803735511545,0.1613686550915362,0.49882554257127615,0.08049480693003266,0.014341385520530677,1.0,0.014341385520530677,5.871429079886824e-05,0.632526717022879,3.7138357601334757e-05,1.6563670615797974e-15,1.0,1.6563670615797974e-15,1.0,1.0,1.0,0.14053756474265494,0.7533056930017941,-13.884576760954952,-0.8902774089591635,8.841604042301684,-2.020955408156006,-0.9259153641131435,-95.5983431201338,60.740855564216346,9.972568229014257,-2.5181125510008493,323.15,10.0,0.4
257,0.021650365625379815,0.11682580130605072,0.0025293213127539726,2.760030223732253e-09,0.655423943428004,1.80898989321907e-09,0.9747121508020568,1.0025160915432398,0.9771646158017829,0.00020872218943010742,1.1264181191095437,0.00023510845603428747,0.1149001372931711,0.5718294200683531,0.06570327887412818,0.40001519899804283,0.6593571942414026,0.26375289926526585,0.7237820243496453,0.6102037059594884,0.44165447356501425,0.16550347996392886,0.49700670968204835,0.0822563400178011,0.01398466995926006,1.0,0.01398466995926006,6.247960377299701e-05,0.6328212315544078,3.953841980665939e-05,1.7462356851297401e-15,1.0,1.7462356851297401e-15,1.0,1.0,1.0,0.13675922510798103,0.7454323927350552,-13.75557058542845,-0.8956525473885305,8.74256385952573,-1.87987563387484,-0.820475920404322,-94.0709656479826,60.0094551911771,9.896496826468077,-2.5256605678971615,328.15,10.0,0.4
258,0.018089725718072915,0.11700685483559525,0.0021166219111102918,3.448589301777713e-09,0.6513790949255254,2.2463389781618164e-09,0.9747681193078213,1.0024957145488425,0.9772008622849256,0.00026380156576832914,1.1257915398899938,0.00029698557095171894,0.11513320073287177,0.5750859296340268,0.0662114837752046,0.4000148299479499,0.6591564480059341,0.2636723544581884,0.7205089856769092,0.6073231633123256,0.4375817963762556,0.16911515946449443,0.49506437686217003,0.08372289103823644,0.013645195783241143,1.0,0.013645195783241143,6.634754403684047e-05,0.6329938983701064,4.199759054716197e-05,1.8377419157003075e-15,1.0,1.8377419157003075e-15,1.0,1.0,1.0,0.13348672801671302,0.7385987148435716,-13.63386411918019,-0.9012542506127041,8.648524707007354,-1.7433124259621704,-0.7186070302328897,-92.59706997589402,59.30244610848702,9.824122898445912,-2.5330894993945763,333.15,10.0,0.4
259,0.01540401370060455,0.11475762472229331,0.0017677280234710414,4.276150113098704e-09,0.6470358464100763,2.766822407805367e-09,0.974809595869986,1.0024878732477673,0.9772347985852178,0.00033273603450540416,1.1253273560235704,0.0003744369619637341,0.11532474028445784,0.577648885868779,0.06661720773842339,0.4000143608179091,0.6580366949017348,0.2632241279058469,0.718083059230849,0.6045585719835165,0.43412326885415703,0.17186575207491114,0.492499836646506,0.08464385482202263,0.013319470281202478,1.0,0.013319470281202478,7.018292851189148e-05,0.6324576826610186,4.4387732328994837e-05,1.926978701702373e-15,1.0,1.926978701702373e-15,1.0,1.0,1.0,0.1310614900195678,0.7334870772076038,-13.517673404005281,-0.9069845480911349,8.558018715736303,-1.6103153597400577,-0.6201491758399134,-91.17338890193902,58.618078126926605,9.754880088746612,-2.540450686062583,338.15,10.0,0.4
260,0.013031991463051581,0.11368863556649253,0.0014815893281485129,5.240021171919482e-09,0.6425602262351336,3.3670291897054708e-09,0.9748462042968895,1.0024826154044861,0.9772663725006818,0.00041745061724667417,1.1249177821490957,0.0004695976225098999,0.11547153758072483,0.5801857142665943,0.06699493650873471,0.40001377934425786,0.6567515804367534,0.26270968178082005,0.7159416955590018,0.601713578107037,0.4307918393508259,0.17431819194291434,0.4899211470127961,0.08540216854186937,0.013007081065422008,1.0,0.013007081065422008,7.420900502277836e-05,0.6319105733032443,4.6893454908207213e-05,2.0201359236938917e-15,1.0,2.0201359236938917e-15,1.0,1.0,1.0,0.1289209796610231,0.7289736922620745,-13.408957433662644,-0.9129932410439533,8.472753118576845,-1.482177741701806,-0.5249529283403923,-89.79904673981967,57.95688994709436,9.689332470009868,-2.5477294372842394,343.15,10.0,0.4
261,0.01105397007084985,0.11260491231427086,0.001244731330552622,6.353835549959452e-09,0.6379466748685312,4.053408261758095e-09,0.9748765874958891,1.0024820798693879,0.9772963090488502,0.0005211410773681559,1.1245779123448985,0.0005860637448238518,0.11556938312529934,0.5825212568513952,0.0673216223116898,0.400013062330177,0.6551186240776675,0.2620560070068398,0.7141641579524458,0.5988610766092318,0.42768511650712715,0.17639537609130526,0.48717249215748504,0.08593497497545804,0.012705815441524007,1.0,0.012705815441524007,7.840261779990233e-05,0.6311653480034352,4.94850155480557e-05,2.1164048643612634e-15,1.0,2.1164048643612634e-15,1.0,1.0,1.0,0.12714449427351734,0.7252181343771311,-13.307020266035469,-0.9192545007418902,8.392179651649563,-1.3585684751318876,-0.4328772508497609,-88.4716794731884,57.31783953042576,9.627240452431415,-2.5549496874811397,348.15,10.0,0.4
262,0.00955467987781534,0.1095852057188984,0.001047051559988613,7.63580782413797e-09,0.6322983588394614,4.828108755615952e-09,0.9748987940743031,1.0024972179938683,0.9773333288850659,0.0006462678354622745,1.1243294282448897,0.0007266179459383613,0.11564487631033832,0.5837244350591144,0.0675047400917334,0.4000121932268264,0.652115908033264,0.26085431461048936,0.7128642122923023,0.5952433100098704,0.424327653312449,0.17801486285669457,0.4834730276319539,0.08606538470881317,0.01238431182301118,1.0,0.01238431182301118,8.292777862011326e-05,0.6292257783944577,5.2180296052764015e-05,2.2141589508827715e-15,1.0,2.2141589508827715e-15,1.0,1.0,1.0,0.12584582402361594,0.7224188998059256,-13.211874448504176,-0.9257893823061747,8.31622295575946,-1.2400684194906442,-0.3437856659127967,-87.18996049895213,56.70084367503393,9.568831257242715,-2.563278729850417,353.15,10.0,0.4
263,0.00813161704057939,0.1088584637623683,0.000885195338941368,9.065805975218007e-09,0.6266467105773719,5.6810574931030465e-09,0.9749202795382967,1.002512343192081,0.9773696138654165,0.0007960112411741889,1.1240890508991306,0.0008947875205965328,0.11566190717153348,0.5850261356060973,0.06766523858939337,0.400011149324799,0.6491284506265419,0.25965861759454906,0.711606391794457,0.5915468825122717,0.4209485426418172,0.17958229672879972,0.4798898789559025,0.08617972663980666,0.012072341224404228,1.0,0.012072341224404228,8.781355397199858e-05,0.6274032551629696,5.509450960946103e-05,2.319200405487679e-15,1.0,2.319200405487679e-15,1.0,1.0,1.0,0.12458953545328706,0.7197380179008424,-13.124140566797003,-0.9326622006719647,8.245570815579095,-1.1266318211039315,-0.25755658578911933,-85.95205241994091,56.10521473104491,9.514017923674862,-2.571575222858646,358.15,10.0,0.4
264,0.0070821854125700376,0.10585347884390307,0.0007496739637380815,1.0665300538114155e-08,0.6209097856870611,6.622189471408563e-09,0.9749360105692518,1.00253309208473,0.9774056132607429,0.0009753617921323789,1.1239129709353715,0.0010962217695323505,0.11561225908159271,0.5860078467997802,0.0677496910080625,0.40000989377494517,0.6457084414209944,0.25828976506239737,0.7106848201065017,0.5879265626216399,0.41783048339259404,0.18080537004085073,0.4760541599879097,0.08607314855610036,0.011768004456198534,1.0,0.011768004456198534,9.29370492736075e-05,0.625263245019215,5.811012101132652e-05,2.4280234632550153e-15,1.0,2.4280234632550153e-15,1.0,1.0,1.0,0.12366980628629513,0.7177670161843723,-13.042335609990182,-0.9397881552123639,8.178998397548003,-1.017422876335453,-0.17407176419349388,-84.75543484499487,55.52951655902421,9.462327902685685,-2.579850633435642,363.15,10.0,0.4
265,0.0061249938944339406,0.10411047696174962,0.0006376760357373218,1.2408835770616938e-08,0.6151790285680007,7.633655535027974e-09,0.9749508297954481,1.0025547922396387,0.9774416266094388,0.0011871026383537015,1.123747100138897,0.0013340031474172065,0.11549160191992189,0.5870030211147054,0.06779391924037105,0.40000840773452223,0.6422308084171517,0.2568977230729998,0.7098165315067575,0.5842693154657509,0.4147240189697268,0.18196807978113266,0.4722631096366158,0.0859368112120415,0.011470227703186092,1.0,0.011470227703186092,9.846669114866177e-05,0.623149276642386,6.135944736265779e-05,2.544729619341416e-15,1.0,2.544729619341416e-15,1.0,1.0,1.0,0.12280369845270953,0.7159415378100271,-12.9673192602443,-0.9472476911012454,8.117267441270833,-0.91301351358601,-0.09321955524699202,-83.59909419187404,54.97375241061907,9.413997578547507,-2.58811475523093,368.15,10.0,0.4
266,0.005376920486971569,0.10117798086311719,0.0005440259581333124,1.4297977386734337e-08,0.6094257129413843,8.713555062530373e-09,0.9749627980121653,1.0025796267559992,0.9774778381320214,0.00143599932663875,1.1236130817341667,0.0016135076287727547,0.1152916724176997,0.5878406799127309,0.06777313510229646,0.40000665663823237,0.6385187272801741,0.25541174130024175,0.709114855549387,0.5806446832284269,0.4117437706730455,0.18295832826334302,0.46836844313159226,0.08569190736666077,0.01117770104596605,1.0,0.01117770104596605,0.00010437155414601412,0.620884776014657,6.480270901824964e-05,2.6682177038214314e-15,1.0,2.6682177038214314e-15,1.0,1.0,1.0,0.12210459223131002,0.714491790334336,-12.898382213939096,-0.9550084958989458,8.05980462007404,-0.813024865443542,-0.014894455562292205,-82.4811578839607,54.43700421924329,9.368792463771008,-2.5963708226164126,373.15,10.0,0.4
267,0.004669207209552034,0.0998440911522478,0.00046619275023924577,1.6305405072533906e-08,0.602812542056672,9.829102681037925e-09,0.9749742814339034,1.0026146537440104,0.9775235015891683,0.0017211005255177378,1.1234844285445231,0.0019336296403789745,0.11504354541536475,0.5878733354378383,0.0676310327639249,0.40000465033653587,0.6338868663034357,0.25355769430862823,0.7084411722182904,0.5761331144572769,0.4081564189598877,0.18394351114147647,0.46387378411943686,0.08532657257741248,0.010861671089865632,1.0,0.010861671089865632,0.00011106721121431557,0.6177858900358221,6.86157559338326e-05,2.8006033121860337e-15,1.0,2.8006033121860337e-15,1.0,1.0,1.0,0.12143385315043453,0.7131103957332474,-12.836683218563792,-0.9631756079341258,8.00748612799304,-0.7187304071879891,0.061007383700472206,-81.4014908457837,53.92004187513787,9.327312356118988,-2.6058709296657643,378.15,10.0,0.4
268,0.004154405535006085,0.09642639599308893,0.00040059435323437723,1.84260615264233e-08,0.5962090642213568,1.0985784899953978e-08,0.9749832965026923,1.0026528948204971,0.9775698246400555,0.00205006483292882,1.1233833348599476,0.0023030086686946787,0.11470331794957064,0.5877306500852459,0.06741465562543579,0.4000023315084503,0.6290323572343622,0.2516144094880013,0.7079117045022779,0.5716808800983298,0.40469958626177105,0.18477900431718663,0.4592776371699822,0.08486486450141942,0.010550409508504962,1.0,0.010550409508504962,0.00011825808311971993,0.614526710900933,7.267275085701067e-05,2.941071171457084e-15,1.0,2.941071171457084e-15,1.0,1.0,1.0,0.12090778831750554,0.7120661284633456,-12.780687997656331,-0.9716539263489433,7.959168908653234,-0.6287121730161133,0.1345764845174712,-80.35734564606975,53.420953491416235,9.288806962353675,-2.6153755357387767,383.15,10.0,0.4
269,0.003709628001404332,0.0931469412752878,0.0003455405015999724,2.0619562587119463e-08,0.589656784862857,1.2158464980399338e-08,0.9749919735538297,1.0026923518013506,0.9776169949501297,0.0024253010380979926,1.1232860185252664,0.00272430674681029,0.11426699123862176,0.5875577128990593,0.06713845203202144,0.39999968371162714,0.6241205453575422,0.24964802074094516,0.7074019508177837,0.5672364297182932,0.4012641569576353,0.18558996915657586,0.4547075051809141,0.08438915186178941,0.010243219391050565,1.0,0.010243219391050565,0.0001260713277128006,0.6112555646268638,7.706180060434637e-05,3.0922226755299326e-15,1.0,3.0922226755299326e-15,1.0,1.0,1.0,0.12040192027812407,0.7111115994387507,-12.730683694774017,-0.980482542422354,7.9151212517592615,-0.5431733250149502,0.20590239588807088,-79.34766950652917,52.93948028517768,9.253343802671392,-2.6248911312137,388.15,10.0,0.4
270,0.003257446917119248,0.09190467630969487,0.00029937460451385806,2.284190135229035e-08,0.5831830608889242,1.3321009947151562e-08,0.9750016582026169,1.0027317909704456,0.9776651589286643,0.0028486824469965864,1.1231774577703237,0.0031995759088125704,0.11373147050057408,0.5874438948157573,0.06681085799398065,0.3999966942893015,0.6192547328317466,0.2476998460557032,0.7068332434233895,0.5627674889171378,0.3977827694845369,0.18645558371307128,0.45024055080216296,0.08394986471111203,0.009939561845384364,1.0,0.009939561845384364,0.00013462392810532206,0.6080629027477497,8.185981650302652e-05,3.2562522985067368e-15,1.0,3.2562522985067368e-15,1.0,1.0,1.0,0.11983759986468992,0.71009071318241,-12.686783135684106,-0.9896880885191959,7.875462847399389,-0.4622040701328118,0.27507000479547555,-78.37136512263022,52.47527291249449,9.220936816272232,-2.6344225426594603,393.15,10.0,0.4
271,0.0029318198249598973,0.08873012828619248,0.00026014074918069417,2.5083603649703365e-08,0.5767460278548374,1.4466868769251502e-08,0.9750101189051076,1.0027735711456909,0.9777143788376594,0.0033243800999321477,1.1230825496963168,0.0037335532787914918,0.11308905731711681,0.5872104700508712,0.06640707850479409,0.3999933329833321,0.6142499539067098,0.24569588634800296,0.7063359680800411,0.5583438760495354,0.3943783622110111,0.18724607507603497,0.4457251723441738,0.0834602890840358,0.009638755695602817,1.0,0.009638755695602817,0.00014388813724090901,0.6047677222017918,8.701890101104335e-05,3.431848179175307e-15,1.0,3.431848179175307e-15,1.0,1.0,1.0,0.11934525724200885,0.7092678129886045,-12.64829509207377,-0.9992341232771327,7.839625458058007,-0.38542102442333515,0.34215981221999064,-77.4269253508362,52.02752935396977,9.191365718022608,-2.6439690058857117,398.15,10.0,0.4
272,0.0026344965080226258,0.08612033353265645,0.0002268837179615273,2.7305862782161406e-08,0.5694358066505327,1.5548935999648814e-08,0.9750184130575785,1.0028270711568443,0.9777748594905257,0.003843692679394548,1.122989370856428,0.004316426023798741,0.11238417111277887,0.5860260858820949,0.0658600559123254,0.3999896666065232,0.6082556505433631,0.24329597487237364,0.7058476907257266,0.5530121649939435,0.39034235960420943,0.1880504533436537,0.44054428744491536,0.08284455297197324,0.00931437577483199,1.0,0.00931437577483199,0.0001544339525882755,0.6005186726841178,9.274047222567323e-05,3.620065826150356e-15,1.0,3.620065826150356e-15,1.0,1.0,1.0,0.11886236030019605,0.708482214539612,-12.616177303303227,-1.0092133690948883,7.808299324019207,-0.3139854521419619,0.4072527484568129,-76.51444715034799,51.59702091125094,9.165189387712015,-2.6549283814571845,403.15,10.0,0.4
273,0.00232636249756948,0.08540042706942014,0.00019867235081071657,2.9451532241896037e-08,0.5622325895201626,1.6558611237697752e-08,0.9750278210320321,1.0028806970046724,0.9778365807555515,0.00441341079016938,1.122883716223844,0.004955747109287807,0.11157479534263012,0.584885001684006,0.06525842436186684,0.3999856443970456,0.6023241966764468,0.2409210319435614,0.7052939964585165,0.5476829931428476,0.3862775270260813,0.18891485318903287,0.43546787981541185,0.08226635058386794,0.008994587687135834,1.0,0.008994587687135834,0.00016600798620126177,0.596341663988009,9.899747872655888e-05,3.824064023312805e-15,1.0,3.824064023312805e-15,1.0,1.0,1.0,0.11831456863036899,0.7076203884076182,-12.589629485618,-1.019579974356175,7.78097609008109,-0.2468313498935379,0.4704169370194448,-75.63185571413834,51.18229208904543,9.141846180467349,-2.6659092276290215,408.15,10.0,0.4
274,0.002105719108019822,0.08285684132184622,0.00017447323400157804,3.150709417377178e-08,0.5551033499974517,1.7489693524545906e-08,0.975036688761881,1.0029361409924167,0.9778995339528649,0.005035449331566069,1.1227840266045033,0.005653722076258705,0.11065732828443182,0.5836588880532223,0.06458613318143186,0.39998125262813794,0.5963245860389238,0.23851865489680457,0.7047714796258616,0.5424070277225547,0.3822730034874906,0.18974287166841788,0.4303884264782638,0.08166313597283752,0.008679169032560502,1.0,0.008679169032560502,0.000178620335928434,0.5921081007286039,0.00010576254785809031,4.043032344317833e-15,1.0,4.043032344317833e-15,1.0,1.0,1.0,0.11779849672401771,0.7068772302409756,-12.568115176238706,-1.0303065390413435,7.7572178006851145,-0.18365065589621152,0.5317213599331378,-74.77788603764304,50.78267153555128,9.121159746010516,-2.6769091610235787,413.15,10.0,0.4
275,0.0018899813713574513,0.08136101798922578,0.00015377080835431514,3.341889347501133e-08,0.548074868811837,1.8316055657153582e-08,0.975046384639756,1.0029920656548308,0.9779637874391036,0.0057072840050180745,1.122675011779932,0.0064074251375650865,0.10963674626150513,0.5824476258216335,0.06385766256282249,0.3999765107366373,0.5903681367769269,0.23613338739812503,0.7042000358080825,0.5371451610918214,0.3782576416749989,0.1906144056196917,0.42538970580826757,0.08108540592937843,0.008368371283022655,1.0,0.008368371283022655,0.0001924438664271118,0.587918569076822,0.00011314132257743864,4.2796746778250335e-15,1.0,4.2796746778250335e-15,1.0,1.0,1.0,0.11723401163788066,0.7060900505983334,-12.55177567318993,-1.0414197679733346,7.737168045448011,-0.12451390677357022,0.5912316619464534,-73.95170021910383,50.39788282730024,9.103144750926567,-2.687931038086164,418.15,10.0,0.4
276,0.0016851754315798907,0.08069441392504874,0.00013598424381223035,3.515618055680165e-08,0.5411449651556045,1.9024590102414567e-08,0.9750567778488957,1.0030485810659138,0.9780293174800367,0.006427341246788881,1.1225581083015084,0.007215064031403584,0.1085160931371225,0.581240563051412,0.06307395507516053,0.3999714308172852,0.5844479851475174,0.23376249685773198,0.7035871791977613,0.5319024969301718,0.3742397774233454,0.19152175618908066,0.4204623855962324,0.08052769450084082,0.008062406410724542,1.0,0.008062406410724542,0.00020758334729380188,0.583762602247702,0.00012117939499951823,4.535035009445761e-15,1.0,4.535035009445761e-15,1.0,1.0,1.0,0.11662860981549128,0.7052723897855216,-12.540418794153622,-1.0529189270220871,7.720684691623209,-0.06929503388574258,0.6490102771575679,-73.1523091580639,50.027468147092065,9.087719029389866,-2.6989734129787837,423.15,10.0,0.4
277,0.0015332351277655815,0.07864283252182143,0.0001205779533694421,3.673077529768643e-08,0.533278247881617,1.9587723494083633e-08,0.9750663773186764,1.0031190688146867,0.9781076764484207,0.007176672793369922,1.1224497368706308,0.008055454488524683,0.1073582260127066,0.5788952779549766,0.06214917008837898,0.3999661548332441,0.5774264150464306,0.2309510229252657,0.7030189608030066,0.5257061637649395,0.369581400937763,0.1924033563221042,0.4147749997073466,0.07980410206219327,0.007737111027583509,1.0,0.007737111027583509,0.00022479011019591201,0.5785003689505622,0.0001300411616847726,4.80610216656913e-15,1.0,4.80610216656913e-15,1.0,1.0,1.0,0.1160681339338421,0.7045522326615477,-12.534497075832869,-1.0648572909391572,7.708016035235873,-0.018869707195896354,0.7051217973977701,-72.37976803707505,49.67199609238804,9.075307782080861,-2.711643009973088,428.15,10.0,0.4
278,0.0015545224957533518,0.06888238306932093,0.0001070792140423592,3.813280527262739e-08,0.525480844458349,2.0038058716226035e-08,0.9750738822487627,1.0031927893167845,0.9781870877230822,0.00797137975362449,1.122364545364898,0.008946794013107705,0.1061036349733974,0.5763568360044142,0.061153555341834635,0.39996056229102045,0.5702591809508283,0.22808118266471003,0.7025721570293099,0.5196360268944606,0.3650818042853817,0.19315550798711117,0.40901127079091204,0.0790027797820725,0.007419134674650501,1.0,0.007419134674650501,0.00024344491907932992,0.573087948142837,0.00013951534916097208,5.093477285615005e-15,1.0,5.093477285615005e-15,1.0,1.0,1.0,0.11562953722277525,0.7041267176578685,-12.53260668172451,-1.0771303820443388,7.698144355143548,0.028231791911631693,0.7596176473707507,-71.6318265473927,49.329682717178905,9.065154375792273,-2.724322569135477,433.15,10.0,0.4
279,0.001440079272235145,0.06632433078657779,9.551229401061802e-05,3.9254995533029e-08,0.5178537222622306,2.032834555416631e-08,0.9750843544197132,1.003264757858908,0.9782677687289032,0.008798204421569202,1.1222460179110136,0.009873749876873112,0.10477819850068992,0.5740028611710979,0.06014298572774925,0.39995475228692373,0.5633452113802899,0.2253125944696285,0.701950575812831,0.513537630665166,0.3604780355469703,0.19407346451471466,0.4034786473784107,0.07830449895443907,0.007109639853501384,1.0,0.007109639853501384,0.0002640412210280246,0.5678993684482964,0.00014994884266613227,5.405355676888791e-15,1.0,5.405355676888791e-15,1.0,1.0,1.0,0.11501648219449427,0.7033906943400619,-12.535675437630639,-1.0898308624922612,7.691897965480703,0.0715516094545125,0.8125519325696903,-70.90819939945298,49.00069509117734,9.057472386584877,-2.7370230987243565,438.15,10.0,0.4
280,0.0013219508580934389,0.0646395477013811,8.545030555061253e-05,4.0122306932378205e-08,0.5103506677807526,2.0476446135843565e-08,0.97509553448521,1.0033371027236395,0.9783495284491495,0.009657300166591488,1.1221193295112977,0.010836643187824981,0.10338163745649039,0.5716694295203786,0.059100121707634456,0.3999487236854082,0.5565146869606713,0.22257733876210495,0.7012861351193322,0.507478481404372,0.35588762288029996,0.19502533757273766,0.39804126133903744,0.07762813136052406,0.006808594366387939,1.0,0.006808594366387939,0.0002865748108159572,0.5627719721410733,0.0001612762714488511,5.739656178630096e-15,1.0,5.739656178630096e-15,1.0,1.0,1.0,0.11436088848117532,0.7026081260997324,-12.543060249873783,-1.1029169447894303,7.688745416715839,0.1114800363040719,0.863976082872157,-70.20778833435223,48.68436384827659,9.05205212334513,-2.7497361511143357,443.15,10.0,0.4
281,0.0012046653583512549,0.06363981319997032,7.666467837394917e-05,4.072939060260294e-08,0.5029681755498161,2.0485587282647006e-08,0.9751072758071031,1.0034098899486539,0.978432284305737,0.010544735884785926,1.1219860787963174,0.011831046867313778,0.10192168029554173,0.5693493369697986,0.05802904109911447,0.39994250584102853,0.5497620701039455,0.21987321993372316,0.7005872034825184,0.5014622096810178,0.35131800713258854,0.19600253937343512,0.3926917512527633,0.07696858043654294,0.006516283752564692,1.0,0.006516283752564692,0.0003111879852010614,0.5576985335531881,0.0001735490830060031,6.097129728853685e-15,1.0,6.097129728853685e-15,1.0,1.0,1.0,0.11367108153867891,0.7017919095702602,-12.554576622695787,-1.1163850690712962,7.68855158113935,0.1481619279533051,0.9139392230848719,-69.52977359746477,48.380276556901606,9.048807548888158,-2.762458707478398,448.15,10.0,0.4
282,0.0011214375089425516,0.06146482671728359,6.89289621614161e-05,4.113161384872368e-08,0.49455582961631006,2.034187941041323e-08,0.9751180068518184,1.0034988217663483,0.9785297709589498,0.011427721325982174,1.1218634372963854,0.012820342727231569,0.10048758203855823,0.565721297581756,0.05684796530170633,0.3999363441706004,0.5418197283616231,0.2166934013604553,0.6999438205583485,0.49438617707111726,0.34604254961039393,0.19693791457150983,0.3865119632429637,0.07611885999800935,0.0062103778745380075,1.0,0.0062103778745380075,0.00033914589140856047,0.551391455045467,0.0001870021465364581,6.471113168256498e-15,1.0,6.471113168256498e-15,1.0,1.0,1.0,0.11303674087348296,0.7010652991989048,-12.570743484277248,-1.1302941914430458,7.691608924576259,0.1806543375867051,0.9624943888750273,-68.87445434948202,48.08913163249009,9.048203459505519,-2.777117965738296,453.15,10.0,0.4
283,0.0010360458066050093,0.059973418158243655,6.213520839061707e-05,4.1279529895755694e-08,0.48629572521316267,2.0074058927114946e-08,0.9751291847827614,1.003588099296985,0.97862804512515,0.012327675033449736,1.1217353863154993,0.013828389316018676,0.09901038825772994,0.5621215307591508,0.055655871008492994,0.3999300786400361,0.5339920843600674,0.21355949629127854,0.6992719941087977,0.4873846652586656,0.340814446773476,0.19788981702152417,0.3804435391811039,0.07528590235556971,0.0059161537444556165,1.0,0.0059161537444556165,0.0003696598558274477,0.5451647153670797,0.00020152551008480627,6.868329791092104e-15,1.0,6.868329791092104e-15,1.0,1.0,1.0,0.11237410909778468,0.7003080811949327,-12.590676011137813,-1.144577716806607,7.697364805319064,0.2102273046093369,1.0096802318853315,-68.2399460602776,47.8094001324073,9.049586593844264,-2.7917795006615247,458.15,10.0,0.4
284,0.0010888829342931327,0.051496928161108006,5.607412624314994e-05,4.122364144508061e-08,0.4781358711875466,1.971050171586668e-08,0.9751384406055713,1.0036801161952604,0.9787270633734649,0.013247040250709611,1.1216283175831583,0.014858255469359797,0.0974856913106198,0.5583770747304502,0.05443377514209953,0.39992369108242887,0.5261025251028438,0.2104008637269155,0.698710125757947,0.4805261486719238,0.33574848576854177,0.19872036653862243,0.37434881130922876,0.07439073299666754,0.0056330489005887744,1.0,0.0056330489005887744,0.0004026521813310395,0.5388497809306371,0.00021696903970147384,7.284758836844826e-15,1.0,7.284758836844826e-15,1.0,1.0,1.0,0.11182161449562253,0.6997990499158816,-12.613759050556627,-1.159190321145921,7.705302320943326,0.23723021250416765,1.0555395902309812,-67.62531246045134,47.54049576715788,9.052770838738603,-2.80644080357748,463.15,10.0,0.4
285,0.0010107029967604388,0.0502514129146566,5.078925362428964e-05,4.0893469731087585e-08,0.47016499175604887,1.9226677858993023e-08,0.9751501093844662,1.003770255684371,0.9788266746274881,0.014170294237366815,1.1214938149570677,0.015891897343328656,0.09594418503509779,0.5548189089937494,0.053231648065467374,0.39991729793528563,0.5184903150330182,0.20735324579361966,0.6980043115802096,0.47367920789540835,0.3306301294168935,0.19968270586855816,0.36848545503305763,0.07358017273420786,0.00536208744909747,1.0,0.00536208744909747,0.00043875764121692424,0.5327679462771954,0.00023375600742456718,7.72874204186808e-15,1.0,7.72874204186808e-15,1.0,1.0,1.0,0.11112518226922505,0.6990150554704397,-12.6407300145385,-1.1742098803270227,7.7160957501946195,0.26136931743166036,1.100113377935051,-67.03028643889802,47.28248442934686,9.05789218336813,-2.8210990817235073,468.15,10.0,0.4
286,0.0009497403508355442,0.048538724752364044,4.6099185475420145e-05,4.0349462682963196e-08,0.4623292424132776,1.865473651399721e-08,0.9751616959169812,1.0038610636379042,0.9789268572821632,0.015100471568518774,1.1213596789972409,0.01693305995078118,0.09438041646593551,0.5512622984348694,0.0520283653082518,0.3999108767345672,0.5109659577604023,0.20434084414948034,0.6973003345762784,0.46691702029236304,0.32558139446922374,0.2006317074475115,0.3627062994734241,0.07277038416532151,0.005102563227295322,1.0,0.005102563227295322,0.0004778935760557578,0.5267388511588336,0.0002517251132277964,8.195774605813371e-15,1.0,8.195774605813371e-15,1.0,1.0,1.0,0.11043062838528983,0.6982501152765765,-12.670955690754084,-1.1895885181301002,7.729210880706518,0.28300181855452183,1.1434407907285398,-66.45397450611176,47.03478986039221,9.06476173235156,-2.835752648534166,473.15,10.0,0.4
287,0.17087867583492697,0.09740483195293655,0.01664440870404138,4.895769424314577e-11,0.6459204657762028,3.1622776668861626e-11,0.9720595757642789,1.0043162541026882,0.9762552318962288,2.37508797037268e-06,1.156576245876533,2.746970328400147e-06,0.04642141126554568,0.48209181833123954,0.022379382566509207,0.40001667872473007,0.5862438031055587,0.23450729904124018,0.8792017378142072,0.6181686312359996,0.5434949348449206,0.09094482862533437,0.4676625582755661,0.04253149121685681,0.007982293814833357,1.0,0.007982293814833357,6.1467577700166e-05,0.5786941420393309,3.557092714043345e-05,1.9332729094712465e-15,1.0,1.9332729094712465e-15,1.0,1.0,1.0,0.217302462188443,1.0500804136980915,-16.186855436297247,-0.8773083037972051,10.499999999077406,-4.453029985314664,-2.2202419021088415,-115.23257339903307,70.3876822548645,11.352704074713088,-2.4426773164997124,273.15,10.5,0.4
288,0.15265579638703797,0.09992334848211518,0.015253878340196814,6.468525182728536e-11,0.6479050143715441,4.1909899014784284e-11,0.9723657612719534,1.0040580920169555,0.976311711005332,2.8009714303425353e-06,1.153043652280622,3.2296423279758322e-06,0.04664943813538428,0.4912144782844114,0.022914879415933714,0.400016767954093,0.595677815522995,0.23828111450746292,0.8612074587655861,0.6198459842909771,0.5338159849572859,0.10915538454467157,0.4711079241632955,0.051423966624086506,0.007766235129556636,1.0,0.007766235129556636,7.42754220466066e-05,0.5845763665680694,4.341965634531518e-05,2.3178220228671066e-15,1.0,2.3178220228671066e-15,1.0,1.0,1.0,0.1993080354938526,1.0138632552173095,-16.012871378400547,-0.8837650580413388,10.37768338563179,-4.298823678968458,-2.067651463080185,-113.031104896149,69.38670119347223,11.247484698122982,-2.4482576702767074,278.15,10.5,0.4
289,0.1340639116729985,0.10321598725022622,0.013837538997955668,8.495154551096307e-11,0.6501898306349774,5.5234630987952616e-11,0.9726785827676347,1.0038058182855345,0.9763804207038795,3.3620803015965344e-06,1.149447823630352,3.864535885540615e-06,0.04686751415651042,0.5015149700605954,0.023504759959016863,0.4000168618678873,0.6059509842192975,0.2423906111531611,0.8428343665787453,0.6206317257597295,0.5230897474593752,0.1277342987638459,0.47571026511767994,0.060764517129570074,0.007560642737129061,1.0,0.007560642737129061,8.786852945604279e-05,0.591775525454893,5.199844518979843e-05,2.719996943876901e-15,1.0,2.719996943876901e-15,1.0,1.0,1.0,0.18093478790981052,0.9768982783366955,-15.843632403024912,-0.8901431837386063,10.257788543084505,-4.143430518149544,-1.920939403365301,-110.91240577089214,68.41609370579025,11.144908223094216,-2.454190162870085,283.15,10.5,0.4
290,0.1166138659607645,0.10525960114323334,0.012274729018800546,1.1188537727172464e-10,0.6526146731164445,7.301803891469675e-11,0.9729720131863875,1.00359863170223,0.9764733811184227,4.11367757658412e-06,1.1460869925969706,4.714632362260888e-06,0.047092256516538984,0.5104184308713015,0.024036755677360654,0.4000169550528509,0.6141144644495692,0.2456561981230289,0.8256099690150348,0.6209980865519856,0.5127022109965808,0.14517147464731633,0.4790070985663814,0.06953816686541399,0.007348092275123434,1.0,0.007348092275123434,0.00010155098868516008,0.5973850405339632,6.066504149194839e-05,3.1103217758843096e-15,1.0,3.1103217758843096e-15,1.0,1.0,1.0,0.16371023615488006,0.9422238350876847,-15.67484708105052,-0.8962114407553751,10.136569835313471,-3.985552613052614,-1.7797909120253903,-108.87037270055954,67.47300508044026,11.044044651389873,-2.4614748313498955,288.15,10.5,0.4
291,0.0997589397938524,0.10857913682642555,0.010831739573535849,1.4619263052499674e-10,0.6548755930160656,9.573798560963585e-11,0.9732557670803458,1.0033956322568613,0.9765605857572202,5.0889851713689875e-06,1.1428481134051542,5.81593710224585e-06,0.04729880299139235,0.5206033215076593,0.02462391394065527,0.40001704862667115,0.6234028632480351,0.24937177346189526,0.808962719465224,0.6204971189932409,0.5019590368011089,0.16201347728752302,0.4835284195808582,0.07833812062363527,0.007153567993321916,1.0,0.007153567993321916,0.00011551111812535685,0.6045021941575891,6.982672435637469e-05,3.5050272786227756e-15,1.0,3.5050272786227756e-15,1.0,1.0,1.0,0.14706283177041612,0.908721659405269,-15.511973412935069,-0.9022886561239142,10.01891571460029,-3.828296299728698,-1.643931290862005,-106.90367332679071,66.5590590963153,10.946179844957644,-2.468388125323179,293.15,10.5,0.4
292,0.08477421437794111,0.11095836573212946,0.009406408283601536,1.9099356926938263e-10,0.656795658787363,1.254437471524339e-10,0.9735078426732414,1.0032302052984472,0.9766524728647243,6.3740667237771224e-06,1.1399798489294464,7.266307620837659e-06,0.04750030233947873,0.529709576904615,0.025161365055086572,0.4000171371550276,0.6311204873849539,0.252459010563615,0.7941809249649807,0.6196589096793578,0.4921212860519438,0.1769859760205572,0.48703310236741887,0.0861980289768176,0.006963080231855359,1.0,0.006963080231855359,0.00012908088502832464,0.6104813518234198,7.880147318665512e-05,3.877999973065395e-15,1.0,3.877999973065395e-15,1.0,1.0,1.0,0.13228089078414362,0.8789551395339154,-15.351275554871254,-0.9081714147506572,9.90155098157833,-3.670527964806164,-1.5130874609048628,-105.00706768636611,65.67177702307076,10.850526114621019,-2.4757345185281276,298.15,10.5,0.4
293,0.07180801128853266,0.11237221720356398,0.008069225441470967,2.4917364853887887e-10,0.6571927252376671,1.6375510914067824e-10,0.9737254988006944,1.0031040349250113,0.9767479767563458,8.044962760973847e-06,1.1375099037888243,9.15122481622004e-06,0.047705833595529434,0.5374552042165037,0.025639748537403816,0.4000172208993397,0.636998707195829,0.25481045256894774,0.7814220625976308,0.6176241896344603,0.4826251681743503,0.18994061316896232,0.48926650538394,0.09293158003566097,0.0067675102240830854,1.0,0.0067675102240830854,0.00014237260590755597,0.6150324744324487,8.756377610272003e-05,4.226059905312483e-15,1.0,4.226059905312483e-15,1.0,1.0,1.0,0.11952188984682308,0.8532300741353371,-15.194336638520433,-0.9139614202144115,9.785805141186627,-3.513907670522946,-1.387009437566973,-103.1784112225516,64.81155595656321,10.757712453275078,-2.484129122759196,303.15,10.5,0.4
294,0.06051878518831238,0.11353709239629967,0.0068711269056372344,3.2325627764616074e-10,0.6570622762689334,2.123995056084089e-10,0.9739148116355908,1.0029997796949672,0.976836341512163,1.0205190295537025e-05,1.1353665697315891,1.1586631899301968e-05,0.04789859454352132,0.5446767899036206,0.026089252716860273,0.40001729875258957,0.6420501541393007,0.2568311683224868,0.7703278864950892,0.6153263024696193,0.4740030100862598,0.2012190869637785,0.49100494110243625,0.09879956594333605,0.0065834029001466034,1.0,0.0065834029001466034,0.00015533618183140682,0.6190989061500306,9.616846025734614e-05,4.558425620486615e-15,1.0,4.558425620486615e-15,1.0,1.0,1.0,0.10842758492212923,0.8308466720066578,-15.042379111056254,-0.9197446051050365,9.6728464984747,-3.35924097927597,-1.2654680503360511,-101.41497930308306,63.978014155862795,10.667958240173805,-2.492357797361797,308.15,10.5,0.4
295,0.050837660141926276,0.11442567981625884,0.005817133822007841,4.1666775594609103e-10,0.6563829799335231,2.7349362329010887e-10,0.9740769208186997,1.0029154337091932,0.9769167775090017,1.2984143459167685e-05,1.1335347969817644,1.471797841996975e-05,0.048078718274,0.5513208641606238,0.02650680050655686,0.4000173698336412,0.6462398056220795,0.2585071473267478,0.7608297817486825,0.6128507932274424,0.466275135255742,0.21089039503820503,0.49219443503873933,0.10379907884092587,0.006410373380949407,1.0,0.006410373380949407,0.0001679787356512647,0.6226167869576,0.00010458638066839038,4.876614559409321e-15,1.0,4.876614559409321e-15,1.0,1.0,1.0,0.09892936255938545,0.8116674423072765,-14.895795103012654,-0.9255601609283556,9.56305279511557,-3.2071077693479015,-1.1482448727265664,-99.71407162951758,63.17063008639603,10.58139376382928,-2.5003797788995707,313.15,10.5,0.4
296,0.0423286685493711,0.11618093328907982,0.004917784216950054,5.320475464735946e-10,0.6552293666219982,3.4861317688868115e-10,0.9742192522067467,1.002842255082549,0.9769882318278484,1.6519748070465255e-05,1.131929152040851,1.8699184425330227e-05,0.04824584690547015,0.55781736140941,0.026912371019771713,0.4000174352150606,0.650069978572089,0.26003932553871645,0.7524915625774826,0.6101359366636143,0.4591221443646792,0.21939035686194686,0.49322746616396324,0.10820934981582572,0.006248790600373817,1.0,0.006248790600373817,0.00018058702831039893,0.6260386010886436,0.00011305445057819747,5.1905919395169144e-15,1.0,5.1905919395169144e-15,1.0,1.0,1.0,0.09059103520291172,0.7948202316589014,-14.755958935843905,-0.9315108388584294,9.45765620144321,-3.058547835857526,-1.035135567967379,-98.07367598100139,62.3894124178561,10.498396184648533,-2.5081187255933473,318.15,10.5,0.4
297,0.03571669552158447,0.11545034981571113,0.0041235049922281695,6.767387216337367e-10,0.6534602038058236,4.422218229620748e-10,0.9743293557238542,1.0027966504312937,0.9770542143367614,2.106202217071861e-05,1.1306885236347084,2.381458675297132e-05,0.04840242060532018,0.56292113721529,0.027246745651119623,0.4000174887827965,0.652158537311505,0.26087482038360993,0.7460407941610641,0.6075996207911392,0.45329410362698286,0.22599493174820512,0.4929646196210658,0.11140750556554266,0.006095115115443332,1.0,0.006095115115443332,0.00019256265831203172,0.6280223762890492,0.00012093365825765832,5.4818633505507e-15,1.0,5.4818633505507e-15,1.0,1.0,1.0,0.08414017814907537,0.7817574903593874,-14.62016210754433,-0.9374430538113354,9.354359829468404,-2.912336226897186,-0.9259466526492844,-96.48972393887499,61.63217380588524,10.418227349848705,-2.515754020910483,323.15,10.5,0.4
298,0.030075813729506053,0.1149940318384727,0.0034585390815787933,8.526392566932913e-10,0.6503618977702671,5.54524085096479e-10,0.9744228130990049,1.0027684722050096,0.9771204755729967,2.6742773974195446e-05,1.1296363035025099,3.0209608337613267e-05,0.04856086997584617,0.5671181410972405,0.027539750310766675,0.4000175377128605,0.6530490445369949,0.2612310708014249,0.7405641234548738,0.6041141171227724,0.4473852416137409,0.23162905594282743,0.49188552998639495,0.113934980942686,0.005937781271791718,1.0,0.005937781271791718,0.00020503321696689432,0.6290587280330175,0.00012897793466971232,5.77029461902482e-15,1.0,5.77029461902482e-15,1.0,1.0,1.0,0.07866342647932642,0.7706399380370191,-14.491857292286845,-0.9435936386366544,9.256079586039014,-2.7709987879232,-0.8204955386860959,-94.96208880203095,60.90053910866192,10.342038785210482,-2.524233959884032,328.15,10.5,0.4
299,0.025359212256001098,0.11437827624916178,0.0029005429848780228,1.064173809701032e-09,0.646908692150497,6.884232874545058e-10,0.9745006456784532,1.0027504679664159,0.9771809784876434,3.3864052526426364e-05,1.1287604776406637,3.8224404104577544e-05,0.04870783200596599,0.5708878478351813,0.027806709386603488,0.4000175771548881,0.6533153071465586,0.2613376062829679,0.7360016705539428,0.6006219141656455,0.44205873219722197,0.23634021025542673,0.49041454693309733,0.11590467713448806,0.0057891763045651,1.0,0.0057891763045651,0.0002176276898337472,0.6296817794669803,0.00013703619099580196,6.057817023235041e-15,1.0,6.057817023235041e-15,1.0,1.0,1.0,0.07410090831449352,0.7613608838741177,-14.370078097460416,-0.949921009462978,9.162144447115642,-2.633707051684688,-0.7186158672198703,-93.48746460161654,60.19282306023559,10.269311374320191,-2.5325314607741616,333.15,10.5,0.4
300,0.021417138431271274,0.11367054229472613,0.002434497739883826,1.3153039947338171e-09,0.6431552248076934,8.459446364234847e-10,0.9745653954842947,1.0027409491679373,0.9772366296941479,4.273381888549247e-05,1.1280320416371852,4.82051169643558e-05,0.04884363846760307,0.5742923121453507,0.02805052606915136,0.40001760571408457,0.6530382128644006,0.2612267823498222,0.7322043202135172,0.5971312704439671,0.4372220959536588,0.240278339996024,0.48861160389236113,0.11740278508605136,0.0056484667379172425,1.0,0.0056484667379172425,0.00023046048856706163,0.6299508082094294,0.00014517877103316045,6.347549685187837e-15,1.0,6.347549685187837e-15,1.0,1.0,1.0,0.07030351071775984,0.7536214599600926,-14.254884547134296,-0.9564486160201989,9.072658058807967,-2.5006009315087376,-0.6201483620746218,-92.06367447370768,59.50836532622587,10.200023688396243,-2.540669643162553,338.15,10.5,0.4
301,0.018136592855510208,0.11281501919337715,0.0020460800710968515,1.6098140933936204e-09,0.6391486325752865,1.0289104764929556e-09,0.9746189806247888,1.0027387931168144,0.9772882603804406,5.371345703925867e-05,1.1274291517426156,6.055811730693483e-05,0.048968446627974574,0.5773659205089977,0.02827271226325627,0.4000176214587371,0.6522673442555895,0.26091843160432815,0.7290595884886302,0.5936548684835304,0.43280977412087457,0.24355671135877002,0.48651157156147834,0.11849315840750056,0.0055148655992003515,1.0,0.0055148655992003515,0.0002436249419421289,0.6298969423510569,0.00015345860600980072,6.641852124999899e-15,1.0,6.641852124999899e-15,1.0,1.0,1.0,0.06715875294052404,0.7471961829539545,-14.146219969870875,-0.9631922006396642,8.987622410715193,-2.371731266641491,-0.5249432015358915,-90.68860026475936,58.84646292564304,10.13411895928421,-2.548671164207135,343.15,10.5,0.4
302,0.015550326319973534,0.11065804078932345,0.0017207686442029223,1.952758434520856e-09,0.6348946013940313,1.2397957879039533e-09,0.9746608330357652,1.002745403758028,0.9773366705495843,6.725517301060021e-05,1.1269579361096602,7.57937509687241e-05,0.04908209468109432,0.5799735071741441,0.028466314591647675,0.4000176207640363,0.6508658247054085,0.2603577986352798,0.7266005105726772,0.5902593492408703,0.42888274452871256,0.24614307418296755,0.48399807449722526,0.11913277395538398,0.005387578992258908,1.0,0.005387578992258908,0.0002570702573904843,0.6293757501810354,0.00016179378609436793,6.939070733622319e-15,1.0,6.939070733622319e-15,1.0,1.0,1.0,0.06469967617407846,0.7421508388454092,-14.04357728922537,-0.9701361665907458,8.906649843458858,-2.246879930679517,-0.4328593152298902,-89.35999092873601,58.20618685721312,10.0714141158251,-2.5565587795702465,348.15,10.5,0.4
303,0.013202697475923657,0.11008131081332138,0.001453370244421406,2.3426959642273636e-09,0.6296474733997582,1.475072594819572e-09,0.974698488867115,1.0027621718879125,0.9773907736322545,8.356363504929444e-05,1.1265336460150475,9.413724646635248e-05,0.049198358735248,0.581872994146459,0.02862719630437035,0.4000176103525892,0.6485674594590797,0.25943840528527085,0.7243854370172147,0.5859612405261853,0.42446178929371,0.2484921413508911,0.4809072419271301,0.11950167033762357,0.005253559921517137,1.0,0.005253559921517137,0.00027193396933496286,0.6281050024427679,0.00017080308647340846,7.249953739605183e-15,1.0,7.249953739605183e-15,1.0,1.0,1.0,0.062484619846220946,0.7375881368358344,-13.948737018387142,-0.9774232020245968,8.831186605615487,-2.1276130484185396,-0.3437601401245856,-88.07750512788003,57.588439355538256,10.012629097494875,-2.565505223236048,353.15,10.5,0.4
304,0.011457116266598445,0.10721476908931794,0.0012283720749528208,2.787218792251468e-09,0.6242208305449913,1.7398400294098197e-09,0.9747259838439281,1.0027875043084855,0.9774430367234858,0.00010339842830871311,1.1262231202508277,0.0001164497005588704,0.04930247992670559,0.5832675315440717,0.028756535765850716,0.4000175777771896,0.6456292505740777,0.25826304895674473,0.7227637578907702,0.5817960026753023,0.4205010652194301,0.25024222202127067,0.4773901235646312,0.11946316529182226,0.0051250787235568125,1.0,0.0051250787235568125,0.0002872484196261662,0.6263299294385166,0.000179912282395782,7.565347112917144e-15,1.0,7.565347112917144e-15,1.0,1.0,1.0,0.06086299462161275,0.7342208769445875,-13.859472130906523,-0.9849182666075126,8.759490681337176,-2.012213362962294,-0.2575239615454515,-86.83763396179928,56.990861521390606,9.956841318847712,-2.574377599628774,358.15,10.5,0.4
305,0.009874438480378214,0.10557506457831664,0.0010424944802405447,3.2807146810442854e-09,0.618751636689237,2.0299475784065614e-09,0.9747508163618219,1.0028139681430137,0.9774937341064407,0.00012720697125540338,1.1259422903462053,0.00014322770856331274,0.049394455778158874,0.5846738490263043,0.028879646580375715,0.4000175236083553,0.6426266505746218,0.25706192136759204,0.7212967748669065,0.5775936950031838,0.41661646938925617,0.2518323816054219,0.473907700329457,0.11934530483511571,0.005001769708541542,1.0,0.005001769708541542,0.00030354019492859755,0.6245849352268145,0.0001895866329882129,7.898509149847999e-15,1.0,7.898509149847999e-15,1.0,1.0,1.0,0.05939610122979249,0.7311712166279993,-13.776839811347026,-0.9927141317422224,8.69251517721128,-1.9012942544671259,-0.17403261087636204,-85.63930622312652,56.41346624379015,9.904302745068652,-2.583183768575281,363.15,10.5,0.4
306,0.00863293245451595,0.10272224181391423,0.0008867941751559755,3.826997077136583e-09,0.6131969769532977,2.346703038509263e-09,0.9747699443475033,1.0028450355600906,0.9775431995020795,0.00015572316977614984,1.1257251767503917,0.00017530149282038752,0.04947318328860124,0.5858267495924482,0.028982714157952682,0.40001744122040617,0.6392802155859015,0.25572323606150194,0.7201623762243815,0.5734590289411845,0.4129836169496098,0.25308526684829374,0.47022827639675285,0.1190078488114854,0.004883081651517169,1.0,0.004883081651517169,0.00032062378504554894,0.62259446366936,0.0001996185934900738,8.243940174056522e-15,1.0,8.243940174056522e-15,1.0,1.0,1.0,0.058261838912893334,0.7287953125058946,-13.699959057611938,-1.0007661818962583,8.629541864341133,-1.7943847532319268,-0.09317442697158439,-84.48046543151996,55.8552139068158,9.854728326645873,-2.59193118364439,368.15,10.5,0.4
307,0.007426622157315701,0.10204730903339712,0.0007578668063618698,4.417227448420891e-09,0.6076556364622437,2.6841531565686874e-09,0.9747885913955715,1.0028756707642923,0.9775917624492133,0.0001894815301744232,1.1255132619005586,0.000213263975096524,0.04953847077854742,0.5870838817184884,0.029083237719067533,0.40001732999246553,0.635986954225784,0.2544058033394385,0.7190549277309662,0.5692681374917674,0.4093350594636846,0.25430693952254085,0.4666666529613772,0.11867656829183554,0.004768585493878615,1.0,0.004768585493878615,0.0003389475400084597,0.6207251978025223,0.00021039327881642943,8.612155602732489e-15,1.0,8.612155602732489e-15,1.0,1.0,1.0,0.05715457446603755,0.7264815543055093,-13.629508988410041,-1.0091418181728333,8.571192707148741,-1.6918783888499114,-0.014843841811914655,-83.36001140736707,55.315958970150405,9.80826983922457,-2.6006327605465227,373.15,10.5,0.4
308,0.006577652491234862,0.0986349392601994,0.0006487863539476499,5.05970157254963e-09,0.6011384291399016,3.0415810552391735e-09,0.9748010165482482,1.0029215946338257,0.9776489899672434,0.00022894397570518308,1.1253705958216318,0.00025764681834911487,0.04960252715098276,0.5871700974528556,0.02912512070115046,0.4000171904692205,0.6313818593563681,0.2525635974929669,0.7183092460166405,0.5643475842015926,0.40537608769915856,0.2551751795068004,0.4621825664373129,0.117937519355555,0.004645686058888341,1.0,0.004645686058888341,0.00035904896686863674,0.6176470851701067,0.00022176554781975168,8.989868098987817e-15,1.0,8.989868098987817e-15,1.0,1.0,1.0,0.05640912361792281,0.724886903567577,-13.564962697720997,-1.0178206449845666,8.5169006055124,-1.5940789183256197,0.06106313214256866,-82.27683935692133,54.7955018831597,9.765042360129899,-2.6105454725479675,378.15,10.5,0.4
309,0.0057822300118795435,0.09644087195543778,0.0005576433041925645,5.740252749671881e-09,0.5946588280067625,3.413491972582477e-09,0.9748126588156393,1.0029679506181008,0.9777058546489037,0.0002750290799219099,1.1252364367363523,0.00030947274189020756,0.049650850558943534,0.5872825425135023,0.02915907775421431,0.4000170136094931,0.6267747635757466,0.25072056913136626,0.7176079394033512,0.5594219392941966,0.40144562511393506,0.25599502891620773,0.45776441389657535,0.11718541437226469,0.004526710801793273,1.0,0.004526710801793273,0.0003805920352003213,0.6146169566960004,0.00023391831841755857,9.390573945617008e-15,1.0,9.390573945617008e-15,1.0,1.0,1.0,0.05570810965074499,0.7233901751554834,-13.506268709648326,-1.0268163204093699,8.466801114129787,-1.500385343081029,0.13463691290916865,-81.22901881613467,54.29274751826454,9.724703975777832,-2.6204271104803287,383.15,10.5,0.4
310,0.005158725281633944,0.09317309291140417,0.00048065438997008916,6.457819463034721e-09,0.5881838329751016,3.79838500442898e-09,0.9748215059168509,1.0030168752335107,0.9777624207751451,0.00032867135626429156,1.1251332866724446,0.00036979908330873234,0.04968180869085534,0.5872568809594781,0.029175984012217198,0.40001679190644807,0.6219960608352272,0.2488088688337555,0.7170686682339433,0.5545580452258267,0.3976561989485025,0.25664915396280324,0.45327120248724556,0.11633167063405406,0.004411314811842727,1.0,0.004411314811842727,0.0004034695683882578,0.6114665904903059,0.0002467081613489632,9.810530985383392e-15,1.0,9.810530985383392e-15,1.0,1.0,1.0,0.05516920532875357,0.7222273999733968,-13.452818303551807,-1.0360993807761552,8.42040101726494,-1.4104635007442916,0.20596699474079497,-80.21495968225851,53.80689965861247,9.687053489388784,-2.6302760126979483,388.15,10.5,0.4
311,0.004574375326913475,0.09090967216742578,0.00041585496134046514,7.200328343016729e-09,0.5817577749740631,4.188846995916102e-09,0.9748298266308133,1.0030661977510975,0.9778188476529315,0.0003905705166973646,1.1250357326054714,0.0004394057873867173,0.049694641134150716,0.5872482963618292,0.029183093344342492,0.4000165224839892,0.6172191690225528,0.2468978656028591,0.7165586040752138,0.5497006808089159,0.39389275249963146,0.2572707148282272,0.44883694796947377,0.11547260244542636,0.004299159307910997,1.0,0.004299159307910997,0.0004279821753479254,0.6083534924128011,0.00026036445106333817,1.0255598042320878e-14,1.0,1.0255598042320878e-14,1.0,1.0,1.0,0.054659586977761555,0.7211329866024556,-13.404816584959125,-1.0457014328245031,8.377905502623479,-1.3244307156337687,0.2751382704164602,-79.23359176813116,53.337636089237414,9.652118404643696,-2.640098920920834,393.15,10.5,0.4
312,0.004062847048219646,0.08884932843682786,0.00036098123177586377,7.96113162406219e-09,0.575370093995101,4.58059705084403e-09,0.9748370531697519,1.003116672445263,0.9778753009519874,0.00046162460274373036,1.1249501088046632,0.0005193046470834691,0.04968792228024684,0.5872017222511876,0.0291768335380441,0.40001619919724474,0.6123910778637965,0.24496635138937986,0.7161108760928121,0.5448708966646651,0.39018797516800946,0.25782689327884956,0.4444149981389649,0.11458213829669503,0.004189918332414155,1.0,0.004189918332414155,0.000454175201163122,0.6052211610533283,0.0002748764425695738,1.0725382673583945e-14,1.0,1.0725382673583945e-14,1.0,1.0,1.0,0.05421239393121022,0.7201737311021632,-13.36195831824888,-1.0556145795308058,8.339077910863493,-1.2421211686840739,0.34223128691342647,-78.28362549509694,52.88437244761739,9.619787264846414,-2.649899655338589,398.15,10.5,0.4
313,0.003644949846472467,0.0862227199481353,0.00031427748983739424,8.735927687195709e-09,0.5680750893359471,4.962662901336083e-09,0.9748425615115656,1.0031797501738886,0.977942317316046,0.0005413531696070398,1.1248830969143553,0.0006089590299519692,0.049676255464306346,0.5861345051125247,0.029116967412414558,0.4000158360724589,0.6065002161779202,0.2426096910525378,0.7157604397869594,0.5391949369564099,0.38593440520682176,0.25829494273275855,0.43926420513916237,0.11345972271097066,0.004071417264298846,1.0,0.004071417264298846,0.0004835145604180895,0.601063033531426,0.00029062272844151076,1.1216169249514183e-14,1.0,1.1216169249514183e-14,1.0,1.0,1.0,0.053862558480385854,0.7194053983693595,-13.324834446595919,-1.0659014011288328,8.304285224109897,-1.1645216796059785,0.40732712118372244,-77.36498337781201,52.44770588416878,9.590531874170933,-2.661087347013611,403.15,10.5,0.4
314,0.003211777896237896,0.08551043902270478,0.00027464053795072166,9.506096003928243e-09,0.5608750041496233,5.331731635649977e-09,0.9748484865093936,1.0032425721516505,0.9780095030638275,0.0006313478794515618,1.1248110276201941,0.0007101470570717416,0.04964322032241348,0.5851244115811971,0.029047460080147913,0.40001541512970673,0.6006852891290176,0.2402833752932519,0.7153835308794617,0.5335345688454,0.3816818437068735,0.25878625221976526,0.4342204758431164,0.11237028958052321,0.0039559873870713795,1.0,0.0039559873870713795,0.0005150969211964292,0.5969907535185336,0.00030750809912013296,1.1737068457142973e-14,1.0,1.1737068457142973e-14,1.0,1.0,1.0,0.05348634609810294,0.7185953182817957,-13.292763723095185,-1.0765237937620522,8.273131718239698,-1.0905921938625596,0.4704937316149908,-76.47561655810736,52.02620652220555,9.563803397047405,-2.672258159398396,408.15,10.5,0.4
315,0.002865838225124832,0.0839743027637765,0.00024065676678863653,1.0267843312430785e-08,0.5537355801982057,5.685670173993119e-09,0.9748530892377574,1.0033069491938118,0.9780768788752973,0.0007325994718588647,1.124753339486103,0.0008239937024790136,0.049586988958857825,0.5840368826501622,0.02896063045153934,0.4000149286991602,0.5948081477004142,0.23793213879206077,0.7150818065506949,0.5279425544054267,0.377522115559221,0.2591993739949818,0.4291707744472007,0.11124079607365592,0.0038434005108263737,1.0,0.0038434005108263737,0.000548848715288835,0.5928687290099709,0.00032539524025204707,1.2284437521915066e-14,1.0,1.2284437521915066e-14,1.0,1.0,1.0,0.05318542665584152,0.717947655043663,-13.265257731023299,-1.0874567578901106,8.245218337359157,-1.0200612186126194,0.5318001133587046,-75.61429660035945,51.61923960511882,9.539443780794286,-2.683409634754435,413.15,10.5,0.4
316,0.0025399475027694,0.08328786930243201,0.00021154681564569629,1.1006558636922936e-08,0.5466800633799028,6.017066173227642e-09,0.9748575165433618,1.0033717405930904,0.9781444832043703,0.0008456798098457237,1.1246971681635678,0.00095113368730659,0.04950690539881844,0.5829518225167368,0.02886014072940488,0.40001437472462953,0.5889576221966354,0.2355915149822917,0.7147879959561565,0.5223902133848306,0.37339825373245206,0.2596017753563037,0.4241819685668985,0.11011839211409866,0.0037334551543337373,1.0,0.0037334551543337373,0.0005850564774246323,0.588777036070225,0.0003444678187117614,1.2862421360539049e-14,1.0,1.2862421360539049e-14,1.0,1.0,1.0,0.052892532711433564,0.7173279544654846,-13.242373452684877,-1.0987186074371975,8.220615212289367,-0.9529558832947348,0.5913118979693355,-74.78014219562499,51.22648527586717,9.517445975210034,-2.6945442183625077,418.15,10.5,0.4
317,0.00230672729258529,0.080811279589793,0.00018640958417851623,1.1717686117415057e-08,0.5396824830462235,6.3238299394028135e-09,0.974860539357879,1.0034381895911537,0.9782122947171258,0.0009715128287447952,1.124656246677624,0.0010926179715752828,0.04940126535616772,0.5817769513951165,0.028740517553972448,0.4000137463306362,0.5830404026652037,0.23322417573223075,0.7145739289317536,0.5169143361714134,0.36937350811915615,0.2599217843140399,0.41917756473060735,0.10895338056919343,0.0036259766593182826,1.0,0.0036259766593182826,0.0006236900634252385,0.5846235761145652,0.00036462391526678273,1.3468300944791522e-14,1.0,1.3468300944791522e-14,1.0,1.0,1.0,0.05267950547749781,0.7168806679420251,-13.22373750475951,-1.1102917480893304,8.199019817641158,-0.8890668836901487,0.64909152070552,-73.9720810078683,50.847402483992376,9.497686197840023,-2.7056588855500707,423.15,10.5,0.4
318,0.0020918734169155496,0.078751595336337,0.00016473836882377384,1.2391789921086005e-08,0.5317511023265832,6.5893479503369375e-09,0.9748630871282798,1.0035179580921043,0.9782926146143367,0.0011072509613392406,1.1246196923806768,0.0012452362355295456,0.04929024548055612,0.5795083315372561,0.028564107919498857,0.4000130824312153,0.5760672145169922,0.2304344221665062,0.714382694772507,0.5105090953978784,0.3646988632762112,0.2602283305854828,0.41344885781147556,0.10759110605075493,0.0035090411668512074,1.0,0.0035090411668512074,0.0006673018332118167,0.5794048851367756,0.0003866379420236524,1.410070839254004e-14,1.0,1.410070839254004e-14,1.0,1.0,1.0,0.05248936985881091,0.7164745805812127,-13.210389227200244,-1.1222771204638515,8.181157558938807,-0.8297080060414436,0.7052039049557762,-73.1906063359206,50.482998606349604,9.480809039061642,-2.718391243565396,428.15,10.5,0.4
319,0.002112483642996541,0.06898334924745636,0.00014572619692436938,1.303406260944041e-08,0.5238574760834355,6.827991141694935e-09,0.9748618092033643,1.0036017458537816,0.9783730136826725,0.0012568518130084382,1.1246253974819609,0.0014134874697805378,0.049151064409246825,0.5769770565670769,0.028359036469986044,0.40001233712603024,0.5688714922025656,0.22755561512032055,0.7144124915379646,0.5042783191052437,0.3602627303805539,0.2603106557436518,0.4075792166082971,0.10609721314278972,0.003395096807936108,1.0,0.003395096807936108,0.0007134800071050291,0.5739650101868942,0.00040951255954618337,1.4753285845364505e-14,1.0,1.4753285845364505e-14,1.0,1.0,1.0,0.05252039986525181,0.7165249882150236,-13.200554516080434,-1.1345379848102213,8.165707050989568,-0.7731436832993802,0.7597001867402059,-72.43320202260374,50.13122327112883,9.465924652767235,-2.7310953208917463,433.15,10.5,0.4
320,0.0019266926805394117,0.0672185684771666,0.0001295095238812942,1.3597203647649635e-08,0.5161489950376988,7.018182998057298e-09,0.9748641891469966,1.0036823137041606,0.978453944910388,0.0014187085653360476,1.1245895065044902,0.001595464765364959,0.048988551846749086,0.5747188852725486,0.02815464590848008,0.4000115325581259,0.5620151476406064,0.22481254052860036,0.7142247134635648,0.49800525456401235,0.35568766024433135,0.2606075668364984,0.40200561185307465,0.1047657043596476,0.0032839964438021656,1.0,0.0032839964438021656,0.0007636904583160462,0.5688342567178746,0.00043441329421874114,1.5451628449703374e-14,1.0,1.5451628449703374e-14,1.0,1.0,1.0,0.05233395309262454,0.7161514197413077,-13.195492831303234,-1.1471942939891375,8.153775311810222,-0.720043294615895,0.8126345761954659,-71.69979430352339,49.79245528249929,9.453352482245856,-2.743798042813978,438.15,10.5,0.4
321,0.001744384712125057,0.06616345882464952,0.00011541452607503431,1.409160750569678e-08,0.5085546778512424,7.166352915465788e-09,0.9748666645858839,1.0037630960662978,0.9785351814965519,0.0015939215614801132,1.1245518763552949,0.0017924474827256225,0.048800208289678515,0.5724758378415935,0.027936940127477976,0.4000106580842458,0.5552301620327077,0.22209798250292584,0.7140278279604878,0.49179480839902007,0.3511551788433966,0.2609106496411649,0.3965156859401814,0.10345516521156482,0.003175660861022311,1.0,0.003175660861022311,0.0008175566127561145,0.5637563339608196,0.00046090271881281245,1.618493154723638e-14,1.0,1.618493154723638e-14,1.0,1.0,1.0,0.05213851456328368,0.7157722267642205,-13.194419926838888,-1.160191294953268,8.144701808301452,-0.6699682976414473,0.8640584874143031,-70.98923666829774,49.46597699130639,9.442858694860034,-2.7564862895970528,443.15,10.5,0.4
322,0.0015990992070328124,0.06447201394564943,0.00010309714637629642,1.4514396777332076e-08,0.5010610398184552,7.272598741587652e-09,0.9748686622431091,1.003844698130645,0.9786167379664596,0.001782823281488901,1.1245188909627308,0.0020048184592824357,0.04858555801888723,0.5702046227881795,0.027703709783112814,0.4000097119809539,0.5484735061157854,0.21939472921055925,0.7138552284071797,0.4856632679825533,0.346693263094663,0.26118660271074373,0.3910739602000806,0.10214327907329566,0.0030699939138771016,1.0,0.0030699939138771016,0.0008751717969259808,0.5586884161385129,0.0004889483450736724,1.6951615186040336e-14,1.0,1.6951615186040336e-14,1.0,1.0,1.0,0.051967480507408945,0.7154543421286093,-13.197113378044856,-1.17352108102605,8.13831037353425,-0.6227861945405827,0.9140210883895661,-70.30072171995866,49.151388410004884,9.434363475439797,-2.7691598621465032,448.15,10.5,0.4
323,0.0014679824944870206,0.06288657154633251,9.23163861683217e-05,1.4868763503335323e-08,0.4925430914732705,7.323506742317726e-09,0.9748701201494447,1.0039421974631657,0.9787132506640138,0.0019787708819446457,1.124490463425018,0.002225108986049866,0.04837352349301151,0.5666465766739764,0.027410691488973144,0.40000877044498867,0.5405476010757903,0.2162237812733151,0.713706466829241,0.47850703350743584,0.3415135642375332,0.2614477561219409,0.3848246357939271,0.1006115375287654,0.0029552998178636386,1.0,0.0029552998178636386,0.0009404666490892766,0.5524037355941323,0.0005195172901586126,1.7742338623978936e-14,1.0,1.7742338623978936e-14,1.0,1.0,1.0,0.051820276869443176,0.7151744641924914,-13.204593273161276,-1.1872865829844925,8.135280914275244,-0.5798940102662844,0.9625758138414757,-69.63500269733503,48.849842830275975,9.428559058398463,-2.7837817399460048,453.15,10.5,0.4
324,0.0015323428551309688,0.05398842807488805,8.272878202030695e-05,1.5161368770547464e-08,0.4841043809776703,7.339685043440071e-09,0.9748683939454601,1.0040432295525472,0.9788100106457046,0.002188446523616171,1.1244968547754832,0.0024609012326507244,0.04813453619746433,0.5628793203449262,0.027093935019946967,0.4000077585534399,0.5324868020538001,0.2129988521488298,0.7137398411801159,0.4715371947712452,0.3365548825065459,0.2615231492684914,0.3784951281105549,0.09898523788625344,0.002844058022789579,1.0,0.002844058022789579,0.001009726611827019,0.5459649237967129,0.0005512753126816516,1.8553572902075816e-14,1.0,1.8553572902075816e-14,1.0,1.0,1.0,0.05185532557621147,0.7152721991966157,-13.215093507513252,-1.2013414959478759,8.134322575891936,-0.5394501096018214,1.0097609768381228,-68.98962347448877,48.55923903652404,9.424506045902634,-2.798383225872378,458.15,10.5,0.4
325,0.001413466989982167,0.0526612426101482,7.443492808088681e-05,1.535104240414875e-08,0.47587260603298803,7.305140554185185e-09,0.9748698573171459,1.0041412957538676,0.9789070817178268,0.0024088927052328814,1.1244665605878836,0.002708719295078461,0.047876165248870284,0.5593636663741526,0.026780187325542874,0.40000670998841115,0.5247640889034825,0.20990915672234814,0.713581305509252,0.46457010346399336,0.33150854093040466,0.2617868435438673,0.37244825057239556,0.09750205190078277,0.002736335445894988,1.0,0.002736335445894988,0.0010846680991814404,0.5398211235899674,0.0005855267520223193,1.9410861627402726e-14,1.0,1.9410861627402726e-14,1.0,1.0,1.0,0.05169852494408533,0.7149947878502767,-13.229669044494669,-1.215791759369724,8.136371423628411,-0.5019736073427025,1.055619463146986,-68.3645162802982,48.279859332836764,9.422452621578042,-2.8129762786767136,463.15,10.5,0.4
326,0.001319963631845116,0.050845431815484815,6.711412084190057e-05,1.545877013572365e-08,0.4677739475098698,7.231209930035147e-09,0.9748709767651761,1.0042400059299628,0.9790044354876091,0.0026412921785818506,1.1244391479850553,0.0029699723268641672,0.04759561759153065,0.5558424880504081,0.02645566650237217,0.40000561209872487,0.5171159142425645,0.20684926780258875,0.7134378373119017,0.4577064452791129,0.3265450964436486,0.26203197750130497,0.366479193491099,0.09602926778355604,0.0026319851037759456,1.0,0.0026319851037759456,0.0011647183154212676,0.5337206659386821,0.0006216342349376191,2.0299329589263676e-14,1.0,2.0299329589263676e-14,1.0,1.0,1.0,0.051556873401957616,0.714757816402517,-13.247568563167063,-1.2305797117167792,8.140789030233176,-0.4670540307990073,1.1001922412858904,-67.7587097871287,48.01106550427921,9.422182720834305,-2.827555192279335,468.15,10.5,0.4
327,0.0012228273265682235,0.04959979888897809,6.0651989473730624e-05,1.5482406466346277e-08,0.45981632271221834,7.119063208091208e-09,0.9748722258580038,1.0043388270729217,0.979102027864196,0.0028850449486250997,1.1244092621505626,0.0032439712619547556,0.04729447528023005,0.5523511954147365,0.026123159957547777,0.4000044716601847,0.5095783359846902,0.20383361305503206,0.7132814244054422,0.45093201554239104,0.32164143035609366,0.26228662078067344,0.36061412580444246,0.09458426046302386,0.002530966107519496,1.0,0.002530966107519496,0.001250217513623987,0.527697386247076,0.0006597365141796962,2.1220049305456233e-14,1.0,2.1220049305456233e-14,1.0,1.0,1.0,0.051402347555423375,0.7145042672144168,-13.26877542610412,-1.2457136842533556,8.147577151071516,-0.4346566292181027,1.1435184970565184,-67.1716329538844,47.75260372082079,9.42366866256585,-2.842119623200269,473.15,10.5,0.4
328,0.19328245163201474,0.09384931218189771,0.018139425142495495,1.567543039805111e-11,0.63794101552758,9.999999986964617e-12,0.9715862008273496,1.0045893653716347,0.9760451648929848,2.5768202641386687e-07,1.162032958687597,2.99435007554321e-07,0.016264916267944587,0.47418893441234666,0.007712643313402684,0.40001766799111177,0.5779853299211749,0.23120434380814173,0.9068894027416243,0.6176021558939566,0.5600968502906098,0.10384528897710964,0.4599880913711885,0.04776759627447018,0.00283498317193373,1.0,0.00283498317193373,0.00019662625710441196,0.5719528317393707,0.00011246094454518204,6.2989380400463094e-15,1.0,6.2989380400463094e-15,1.0,1.0,1.0,0.20954762558198575,1.1001718543893144,-16.927446556886796,-0.9174474612987139,11.000000000566118,-5.415581380551338,-2.220335362050602,-116.19512479426976,71.35004673021766,11.833886312389664,-2.435770062514577,273.15,11.0,0.4
329,0.17271469861594788,0.09618594338899554,0.016612726223520988,2.074860126196576e-11,0.6405105315320778,1.3289697622848814e-11,0.9719334112339304,1.0043124209637933,0.9761247972519467,3.0548268661411584e-07,1.158000045199935,3.5374896490694396e-07,0.01638152117925702,0.48308378487584913,0.007913647253299362,0.40001795940722845,0.5869981677961578,0.2348098092576009,0.8864388104566711,0.6194277630615641,0.5490848094521296,0.12437282008597277,0.4631786922522031,0.057606840159139396,0.0027587827417543103,1.0,0.0027587827417543103,0.00023711257306573125,0.577364611190128,0.00013690040855638674,7.517030303542104e-15,1.0,7.517030303542104e-15,1.0,1.0,1.0,0.1890965252778915,1.0591535090933675,-16.75174613314001,-0.9245442334357286,10.876484900338092,-5.2592829321483405,-2.067734616218934,-113.99156414932888,70.34699414037463,11.727631171574174,-2.4423832027105123,278.15,11.0,0.4
330,0.15166642434383254,0.09963460834146623,0.015111224788048373,2.725412401301746e-11,0.6433587734211286,1.7534179795682226e-11,0.9722890943753157,1.0040324463267947,0.9762097979625121,3.6863721046160933e-07,1.153885939294174,4.253652938522779e-07,0.016493364381817897,0.4940391610785959,0.00814836790255691,0.4000182671691728,0.5979042614231994,0.23917262658757235,0.8655029790560944,0.6201852528742552,0.5367721839293251,0.1453786163641732,0.46838623629129433,0.06809334295605106,0.0026895976751196288,1.0,0.0026895976751196288,0.0002798824805194771,0.5851466792653593,0.0001637723040605236,8.790879196434304e-15,1.0,8.790879196434304e-15,1.0,1.0,1.0,0.16816015736286088,1.0171694034271812,-16.581504274895373,-0.9315990570200727,10.756114544498212,-5.10176580854101,-1.9210153030748696,-111.87074106128361,69.37427719676259,11.62399996858038,-2.4487806893865707,283.15,11.0,0.4
331,0.13160627651042525,0.10253631660013121,0.013494422834837374,3.579623452493378e-11,0.6463854793808675,2.313816621342928e-11,0.9726281498551999,1.0037913229285598,0.9763156972607085,4.526553085248851e-07,1.1499800247341292,5.205445628934819e-07,0.016607305937331313,0.5042174082645385,0.00837369275797748,0.40001857952110514,0.6074165187606569,0.24297789301229267,0.8455574013123751,0.6203407353866796,0.5245337001417686,0.1653956526851626,0.47287870197814014,0.07821208155458698,0.002618930539006613,1.0,0.002618930539006613,0.00032331018372166553,0.5920388493227458,0.0001914121891449003,1.0040252104761558e-14,1.0,1.0040252104761558e-14,1.0,1.0,1.0,0.14821403510306508,0.9771636778585966,-16.413160720363287,-0.9384246200608214,10.635671063489143,-4.942542531432594,-1.7798610488673023,-109.82736261893952,68.42985472513642,11.52246947373795,-2.4563275902612394,288.15,11.0,0.4
332,0.11256692843420293,0.10609290455755246,0.01194255239470673,4.6765737647190226e-11,0.6492579192949861,3.036302551910987e-11,0.9729500966358233,1.0035680628274626,0.9764216437086058,5.627418109699531e-07,1.146285446266318,6.450627479204084e-07,0.01671716338430046,0.5150557075400863,0.008610270414964101,0.40001889399950713,0.6173236279810459,0.24694111490474116,0.8266285689927274,0.619670815898307,0.5122375997925733,0.18439159575123998,0.47800688152899706,0.08814045166520569,0.0025526166218090723,1.0,0.0025526166218090723,0.0003670590360398333,0.5997402478358294,0.0002201400772449103,1.1276440289546363e-14,1.0,1.1276440289546363e-14,1.0,1.0,1.0,0.12928465456031435,0.939195497473696,-16.249436190736876,-0.9451848293580262,10.517654955412025,-4.783314038969392,-1.6439930853465705,-107.85869106603137,67.51395324658688,11.423626920093426,-2.4638388380429777,293.15,11.0,0.4
333,0.09596357593135878,0.10802122915702563,0.010366103426408936,6.121592711196229e-11,0.6517438404417747,3.989710343215407e-11,0.9732307400174663,1.0033965763617525,0.9765363925435405,7.08707119013652e-07,1.1430757504527262,8.1010592191772e-07,0.016825674189617754,0.5241381631994121,0.008818977964338004,0.40001919594538426,0.62488106210999,0.2499644200267359,0.8101343996359439,0.6187407144940096,0.5012631372669195,0.20095327301487234,0.48149034161438564,0.09675706007245977,0.0024858737891270927,1.0,0.0024858737891270927,0.00040910468456789535,0.6055582369316337,0.00024773671150740695,1.2418165701690596e-14,1.0,1.2418165701690596e-14,1.0,1.0,1.0,0.11278995882809555,0.9060979756285186,-16.086950389789425,-0.9516934565012586,10.399058633363264,-4.6232999372897865,-1.5131390821729347,-105.95983965884973,66.62444575301824,11.326860479594759,-2.4720535811586215,298.15,11.0,0.4
334,0.08095607461017248,0.11058647465454474,0.008952646893009272,7.962144989182175e-11,0.6527244005259502,5.1970863149646295e-11,0.9734843091203542,1.0032478686747244,0.976646058313282,8.970141065729682e-07,1.140184200763326,1.0227613121763277e-06,0.016933495830222363,0.5331529465149302,0.009028143196681333,0.4000194981052096,0.6321003065879075,0.25285244739344387,0.7952354350107561,0.6162848026045632,0.4900915130897578,0.21591906957119494,0.4849077702369433,0.10470083457740356,0.0024198074742636886,1.0,0.0024198074742636886,0.00045122236340572715,0.6113972433660327,0.0002758761091313677,1.3520491369708112e-14,1.0,1.3520491369708112e-14,1.0,1.0,1.0,0.09789046745450142,0.87619150970055,-15.930675141473262,-0.9582532507778585,10.28424007020782,-4.4656126035291654,-1.3870547562447957,-104.13011615555781,65.7631702522138,11.233519601100364,-2.4808119844402237,303.15,11.0,0.4
335,0.06823531923595286,0.11201016947352434,0.007643049671699115,1.0326915329952058e-10,0.6531122175562198,6.744634571660312e-11,0.9736990533828658,1.0031346520133257,0.9767512610809257,1.1423522849027474e-06,1.137741345035073,1.2997014251291414e-06,0.01703699941760765,0.540894002425095,0.009215210804303818,0.4000197876830443,0.6376383470261381,0.25506795619596306,0.7826189333766059,0.6137041869642975,0.48029651621075564,0.22859985678064176,0.48713140787629217,0.11135817007387279,0.002356255634836046,1.0,0.002356255634836046,0.0004916511266757854,0.615932149745859,0.00030282373537839015,1.454455570352155e-14,1.0,1.454455570352155e-14,1.0,1.0,1.0,0.0852734610058454,0.8508542527158279,-15.778083678131424,-0.9647282012185777,10.171041575689735,-4.309354593961627,-1.2655058781373507,-102.36509291776869,64.92805211494584,11.142977219715334,-2.489621285537392,308.15,11.0,0.4
336,0.05733392196077832,0.11313094803245352,0.006486240945841558,1.330902950606306e-10,0.6529039407179495,8.689517811640046e-11,0.9738829100280478,1.0030437365421259,0.9768471530290521,1.4588615189984976e-06,1.135653942813769,1.6567618360699272e-06,0.017135402368985822,0.5480188504637651,0.009390523508485684,0.40002006885982977,0.6422807396846991,0.2569251857160157,0.7718167457311903,0.6109298908387024,0.47152592021703865,0.2394624454290201,0.48876874083528693,0.11704175792968076,0.0022965670810614148,1.0,0.0022965670810614148,0.000530985284888357,0.6198879910250218,0.00032915140151329263,1.5520378912818044e-14,1.0,1.5520378912818044e-14,1.0,1.0,1.0,0.07447078319128314,0.8291506678250589,-15.63087817383104,-0.9712350376715764,10.061004322234195,-4.155695848998186,-1.1482758258289218,-100.66265970916785,64.1191562598416,11.055656850552065,-2.4981823403860806,313.15,11.0,0.4
337,0.04810063562035909,0.11392960101480093,0.005480086224785833,1.7030396860814803e-10,0.6521106344898844,1.1105702902520475e-10,0.974038421024718,1.0029724807298044,0.9769337314613032,1.8650824270503354e-06,1.133890960425325,2.1148001044804994e-06,0.01722899640966434,0.5545135438679912,0.009553711856411873,0.4000203426519323,0.6460308520751055,0.25842548281080346,0.7626779369479529,0.6080368976264657,0.4637363266699865,0.24865794240071876,0.4898050442587661,0.12179391448287775,0.002240572630387576,1.0,0.002240572630387576,0.0005693844152233811,0.6232404132981357,0.0003548633782693374,1.645634125764479e-14,1.0,1.645634125764479e-14,1.0,1.0,1.0,0.06533149711245048,0.810778572738616,-15.489382904513242,-0.977810261299522,9.954453948864693,-4.0051011780627,-1.0351597953509706,-99.02022932320654,63.335917305294075,10.971648628367527,-2.5064795427778557,318.15,11.0,0.4
338,0.04032239167638433,0.1145032064566867,0.00461704313894842,2.161873292499313e-10,0.650774294951004,1.406891567699647e-10,0.9741691883756576,1.002917688838774,0.9770115109436589,2.383398527186186e-06,1.1324099714073101,2.698984258023132e-06,0.017318234001794372,0.5604397078109201,0.009705826003766778,0.40002061112952353,0.648972715851838,0.25960246240143886,0.7549899169431361,0.605066755321305,0.45681929934508503,0.2563991305055125,0.49029750531932975,0.12571185405289806,0.00218808480222446,1.0,0.00218808480222446,0.0006071581697243479,0.6260455162578066,0.0003801086498152242,1.736413449305599e-14,1.0,1.736413449305599e-14,1.0,1.0,1.0,0.05764300907670589,0.7953123088357077,-15.35394283505507,-0.9844929867030242,9.85173937332885,-3.8579789251107623,-0.9259656344550096,-97.43536663708858,62.57777854048737,10.891029717149769,-2.514513002920662,323.15,11.0,0.4
339,0.03396263692258586,0.1142382711830094,0.0038798329268524513,2.7245639566187015e-10,0.6479968506662239,1.7655088633276254e-10,0.9742756845761095,1.0028881245048178,0.977089514055182,3.036946970975635e-06,1.1312040769127143,3.4354067949353595e-06,0.017409466698920392,0.5649946771132891,0.009836256016271085,0.4000208838346788,0.6502022718684728,0.26009448746414265,0.7487225238356522,0.601273453520591,0.4501869776353157,0.26272124593256363,0.48954599379548563,0.12861413343124506,0.002134053466324506,1.0,0.002134053466324506,0.0006456537967739417,0.6274114772630591,0.0004050906024344418,1.823668987398632e-14,1.0,1.823668987398632e-14,1.0,1.0,1.0,0.05137514056847722,0.7826851610306943,-15.224942654280099,-0.9913262839562196,9.753130097820726,-3.715165712487874,-0.82050930017172,-95.90625572659565,61.844678510255335,10.814108486007198,-2.5234163680606847,328.15,11.0,0.4
340,0.028650968097414135,0.11375547632725803,0.003259204523158419,3.402302815596467e-10,0.6448223772293105,2.193880989606889e-10,0.9743643277334327,1.0028699768333114,0.9771607307812327,3.859594407219361e-06,1.130200218733074,4.362114443260274e-06,0.017497391318895467,0.5690705539049757,0.00995725016973596,0.4000211569185757,0.6507556996789347,0.26031604785692464,0.7435000783388883,0.5974838567087424,0.44422929426917107,0.2679952231677196,0.48835252487589326,0.1308761438886344,0.0020832136712599066,1.0,0.0020832136712599066,0.0006843710790993226,0.628314553419489,0.0004300003089375047,1.9101912913626927e-14,1.0,1.9101912913626927e-14,1.0,1.0,1.0,0.046152219010716825,0.7721510467765326,-15.102377003005245,-0.998328965972742,9.65878693508349,-3.576350720046784,-0.7186248661243323,-94.43010826997863,61.13544873078875,10.740624209596778,-2.532105207033967,333.15,11.0,0.4
341,0.024216469572153936,0.11312209989343198,0.002739417890007454,4.2084397491031226e-10,0.6413096800946118,2.698913149194774e-10,0.9744380165081065,1.0028613004293627,0.9772261764231284,4.888844811186362e-06,1.1293651529752475,5.521290968057726e-06,0.017582523291328457,0.5727375920478158,0.010070172052000096,0.4000214325033595,0.650722282551559,0.26030285962813043,0.7391522214572008,0.5937063572614569,0.4388393728630684,0.27239168493774923,0.4867847334135184,0.13259611373648136,0.002035307063022723,1.0,0.002035307063022723,0.0007236420012999865,0.6288220121810013,0.00045504201935614425,1.996907643120051e-14,1.0,1.996907643120051e-14,1.0,1.0,1.0,0.04180388170829358,0.7633686914501988,-14.986298382829226,-1.005523706637406,9.568811090779661,-3.441653437758897,-0.620153007645679,-93.00472697995785,60.44940854133391,10.670545295950268,-2.540604921105454,338.15,11.0,0.4
342,0.020706068365777618,0.11116939099626619,0.00230188101015055,5.161573270970827e-10,0.6374631679366636,3.290312848850274e-10,0.9744959435523851,1.002864066963387,0.9772869651902681,6.172640293203152e-06,1.128707527616286,6.967105564205991e-06,0.017664904390482957,0.575805792494184,0.010171554271896026,0.4000217086880498,0.6499042025709961,0.2599757895959944,0.735725966612001,0.5900311179855813,0.4341012146111014,0.27586396660310336,0.4846770814962202,0.13370494222316287,0.0019899800430247844,1.0,0.0019899800430247844,0.0007632507149670471,0.6287295181261372,0.0004798782542306613,2.0831616139889055e-14,1.0,2.0831616139889055e-14,1.0,1.0,1.0,0.03837714539655378,0.7564320354939359,-14.876140071994037,-1.0128912263124252,9.482762806588072,-3.3108512402138954,-0.524943777102324,-91.62772023833176,59.78558174808258,10.603678370503982,-2.548949076448005,343.15,11.0,0.4
343,0.0174518495204832,0.11135286411315348,0.0019433134281775686,6.255711931436967e-10,0.6334790182935193,3.9628622530537396e-10,0.9745494725180506,1.0028667917308003,0.9773433028871211,7.752131784135597e-06,1.1280992504237373,8.745174054869393e-06,0.01774611509549715,0.5790380943268527,0.010275676666601662,0.40002199784649944,0.6491513367364756,0.2596748146260507,0.7325550420466134,0.5862255256057536,0.4294424645589209,0.27907827525385426,0.4827163440865082,0.13471564474450876,0.0019473286308878887,1.0,0.0019473286308878887,0.0008049554353673167,0.6288312693401402,0.0005061811481842753,2.1737613152996434e-14,1.0,2.1737613152996434e-14,1.0,1.0,1.0,0.03520571674776449,0.7500068921926678,-14.773386179138265,-1.0205516685830445,9.4019910232445,-3.184744872877745,-0.4328563680593749,-90.29785587093424,59.144057693752394,10.54034953409473,-2.557133126987843,348.15,11.0,0.4
344,0.014948592884966408,0.10978953445909824,0.0016411990536590495,7.522819951133109e-10,0.6283447406523769,4.726924351169258e-10,0.9745900296944942,1.0028887405391291,0.9774053674223038,9.680583247338513e-06,1.1276361541581532,1.0916175663036638e-05,0.017831665885659476,0.5809478508661373,0.010359267973636885,0.4000223039669951,0.6468295306865552,0.258746239139126,0.730139798305676,0.5817245531952481,0.42474024793943793,0.28153928057211386,0.47962828709040795,0.13503420288946874,0.0019023427054326522,1.0,0.0019023427054326522,0.0008493628632567431,0.6275432644605061,0.0005330119439196592,2.263921052079056e-14,1.0,2.263921052079056e-14,1.0,1.0,1.0,0.03278993935387322,0.7450883919429244,-14.676897746732148,-1.0284472617476637,9.32542134801074,-3.0633040237556575,-0.3437536555583881,-89.01319610321714,58.524143300007765,10.480481069729631,-2.566380627572926,353.15,11.0,0.4
345,0.012975675271005817,0.10699383808589598,0.0013883172990011609,8.966260573919685e-10,0.6230458884188194,5.58639178507242e-10,0.9746215083283918,1.0029174072531308,0.9774648761858464,1.2036545785582185e-05,1.1272746594056768,1.356849305086298e-05,0.017915646796747956,0.5824852691959889,0.010435600347223994,0.4000226177486339,0.6440161063275627,0.2576210087254342,0.7282537645737939,0.5773162086542609,0.42043270230193536,0.283468889478143,0.4762300595710892,0.13499640612272656,0.0018595625950505192,1.0,0.0018595625950505192,0.000895260904883429,0.6258911707011373,0.0005603358958404487,2.355840478903356e-14,1.0,2.355840478903356e-14,1.0,1.0,1.0,0.030903358613539357,0.7412294407414257,-14.586256600782018,-1.0365669364490393,9.252868609607368,-2.9458201225578495,-0.2575142580111531,-87.77124072139483,57.924487688054754,10.423654402179787,-2.5755292081923695,358.15,11.0,0.4
346,0.011187170985441672,0.10540580623270872,0.0011791927771836453,1.0575513177634428e-09,0.6176904926256032,6.53239394446157e-10,0.9746497881463821,1.0029472230488379,0.9775222984665521,1.4886629395722587e-05,1.1269486101260087,1.677646630697054e-05,0.017999108090446036,0.584035814838328,0.01051212375996679,0.4000229466697171,0.6411413757941985,0.25647126237707174,0.7265521450662416,0.5728731345770737,0.4162222047777946,0.2852119954919569,0.47286525947172076,0.13486684425275144,0.0018189095130640247,1.0,0.0018189095130640247,0.0009437539007896236,0.6242723502472229,0.0005891594657009227,2.4522180386149696e-14,1.0,2.4522180386149696e-14,1.0,1.0,1.0,0.02920116570528343,0.7377393171092346,-14.502090250682654,-1.0449733123699705,9.18492763245544,-2.8326208094111287,-0.17401992009146094,-86.57063277807055,57.344818180303946,10.369978713325553,-2.5845939971866057,363.15,11.0,0.4
347,0.009782611027727622,0.10260436415394215,0.0010037385842653357,1.2365761530044911e-09,0.6122306932139684,7.570698753658023e-10,0.9746714727109578,1.0029821127791747,0.9775780529652262,1.832807214909742e-05,1.1266961009148249,2.0650167427673668e-05,0.018081481399097134,0.585302880834593,0.010583143152648656,0.40002328557655903,0.637891810388935,0.2551715778341612,0.7252339906685837,0.5685112077682636,0.4123036519495942,0.28656977893898183,0.46927493851639585,0.13448001539224785,0.0017801391900102068,1.0,0.0017801391900102068,0.0009942239350666999,0.6223782846647079,0.0006187833872794088,2.5512724759861102e-14,1.0,2.5512724759861102e-14,1.0,1.0,1.0,0.027882420498973853,0.7350166029328875,-14.423504479156572,-1.0536203390439338,9.120864034521988,-2.7232467904996653,-0.09315894285089028,-85.4093274687877,56.78410691232493,10.319174829400438,-2.593584718179678,368.15,11.0,0.4
348,0.00841837379246682,0.10196323602611831,0.000858364633957383,1.431108238107773e-09,0.6067764134716114,8.683627240087106e-10,0.9746923991327825,1.0030163938013457,0.9776324552437454,2.2441589304986127e-05,1.1264515162579465,2.527936229983975e-05,0.018163915706747868,0.5866864882884085,0.010656523919558576,0.400023642934214,0.6347095623880867,0.2538988313516632,0.7239569242316674,0.5640924657562006,0.40837864649111616,0.28788469305607306,0.46581065492191565,0.13409975741444405,0.0017431969870448656,1.0,0.0017431969870448656,0.0010479263808069448,0.620619311088366,0.0006503633485277307,2.6559515415957446e-14,1.0,2.6559515415957446e-14,1.0,1.0,1.0,0.02660473108851967,0.7323752994552423,-14.351161993391315,-1.0625736935364996,9.061298827669004,-2.618029775006109,-0.014825764441592984,-84.28616279352326,56.24214651104725,10.27136360967299,-2.6025149906478053,373.15,11.0,0.4
349,0.007456962580092274,0.09858733640563341,0.0007351620784477775,1.6444280068313892e-09,0.6003263775556451,9.871935084921382e-10,0.9747062346962236,1.0030665975677204,0.977695266464785,2.730504880257985e-05,1.1262854000892129,3.075327781506913e-05,0.01825228717266206,0.5868602957223233,0.010711542647757222,0.4000240289797471,0.6301754054893645,0.2520853046678014,0.723089420929173,0.5589678575310589,0.40418374442015387,0.2887928216031549,0.46138949420127945,0.13324597388843998,0.0017035499093642093,1.0,0.0017035499093642093,0.0011063596578523365,0.6176115453956776,0.0006833004980496146,2.761796631222837e-14,1.0,2.761796631222837e-14,1.0,1.0,1.0,0.025736554801556913,0.7305463851536933,-14.284453422380547,-1.0718062349011854,9.00559770910025,-2.5172122907672834,0.06108368875551487,-83.199972729363,55.71867636882726,10.226629602963676,-2.612647982370135,378.15,11.0,0.4
350,0.006556189918518927,0.0964202650608146,0.0006321495697326353,1.872172791649626e-09,0.5939064898400771,1.1118955710627294e-09,0.974718952866887,1.0031171811604034,0.9777573284234518,3.30524887130153e-05,1.126131113999066,3.722143593482949e-05,0.01834076994638965,0.5870629739836601,0.010767186949877643,0.4000244346246196,0.6256427757559102,0.25027239764873566,0.7222835856327925,0.5538419164193863,0.40003092526513173,0.2896376064686774,0.45703430829658453,0.13237432312909037,0.0016656281681758506,1.0,0.0016656281681758506,0.0011683966282406287,0.6146553800440306,0.0007181612735734077,2.872874955780757e-14,1.0,2.872874955780757e-14,1.0,1.0,1.0,0.024930012353621595,0.728839777423484,-14.22337234678324,-1.0813342434467696,8.953935999661251,-2.420214622531748,0.13465977682851635,-82.14884809558538,55.21262252555396,10.184641479422538,-2.6227372839037026,383.15,11.0,0.4
351,0.00579358113712874,0.09411822994741889,0.0005452816016833111,2.113748227282822e-09,0.5874981940494718,1.2418232662039303e-09,0.9747292338504281,1.003169570774216,0.9778187071428145,3.982086218591511e-05,1.1260034521680182,4.4838428289647325e-05,0.018429018026217582,0.5871810869330284,0.010821170835742817,0.400024857403715,0.6209965027355453,0.24841403745499224,0.7216167303259621,0.5487633019010583,0.3959967796407204,0.29034186256359473,0.4526475093471098,0.13142252094861204,0.001629298622946643,1.0,0.001629298622946643,0.001233832171925387,0.6116339963800137,0.0007546537021769569,2.988412892576074e-14,1.0,2.988412892576074e-14,1.0,1.0,1.0,0.024262420025532236,0.727410313576839,-14.167448856238568,-1.0911382771929,8.905940207681107,-2.3267789500893157,0.2059919948377397,-81.13127513160353,54.72326510815138,10.145236214158246,-2.6327818388522344,388.15,11.0,0.4
352,0.005186903794249645,0.09093498592618565,0.0004716710235305704,2.367848893819658e-09,0.5810954812815194,1.3759462925560454e-09,0.9747367735222301,1.0032243107434382,0.9778796277731221,4.775820553348304e-05,1.125905803537141,5.3771240776668186e-05,0.018516870528553962,0.5871756388509364,0.010872655282123746,0.4000252963060555,0.616201848174113,0.2464963269001886,0.7211066079573152,0.5437473707075384,0.39209982207662186,0.29088796186574706,0.44819723181661486,0.13037517927700484,0.0015944337855750457,1.0,0.0015944337855750457,0.0013026740363082092,0.6085075057865602,0.0007926869286868193,3.108133436466111e-14,1.0,3.108133436466111e-14,1.0,1.0,1.0,0.02375153252833709,0.7262935141194136,-14.116402025818555,-1.1012117719901047,8.861398517627949,-2.2367464303577966,0.275165264834207,-80.1459074828552,54.250005792796934,10.108303256423456,-2.64278714909072,393.15,11.0,0.4
353,0.004606710812458123,0.08889120693149373,0.00040949608410376483,2.6306058547934825e-09,0.574742004982822,1.5119196833035554e-09,0.9747437647020557,1.0032792549551415,0.9779401980224482,5.700399952955026e-05,1.1258135062034842,6.41758725779848e-05,0.018604812603433354,0.5871980710004822,0.010924710072061522,0.4000257553075231,0.6114266232277299,0.244586396771801,0.7206244030113024,0.5387405054930389,0.3882295551489284,0.2914048026884222,0.4438130428690032,0.12932925218779015,0.0015609609324613767,1.0,0.0015609609324613767,0.0013756134176132083,0.6054291222939199,0.0008328364240413042,3.233327520443347e-14,1.0,3.233327520443347e-14,1.0,1.0,1.0,0.023268527415421028,0.7252311164543663,-14.070378703536322,-1.1115808435570103,8.820471278956859,-2.1501715953387643,0.3422601080774047,-79.19167592175162,53.79248051660003,10.073841299337737,-2.652759076819093,398.15,11.0,0.4
354,0.004046520140251914,0.08817077522750486,0.00035678481773972307,2.900694735995314e-09,0.5675008482194045,1.6461467231028997e-09,0.9747500967866289,1.00334547556031,0.9780110994128384,6.756551375729202e-05,1.1257269732788788,7.606032130002874e-05,0.01870143320993839,0.5862975882498771,0.010964605187803036,0.40002626489865656,0.6056933740402262,0.2422932580911766,0.7201722828185554,0.5328643892114835,0.3837541636111492,0.29189465870860737,0.438781455658383,0.12807796324706963,0.0015245163132879991,1.0,0.0015245163132879991,0.0014568886215439694,0.6014229565150551,0.0008762062620821169,3.36248948794196e-14,1.0,3.36248948794196e-14,1.0,1.0,1.0,0.022815518863947594,0.724218805859502,-14.02995343183372,-1.1223064031826873,8.783531458191728,-2.067951599247859,0.4073576655564543,-78.26841329745388,53.35119689255612,10.042277378364606,-2.6641145581450183,403.15,11.0,0.4
355,0.0036410266682723983,0.0855731230995089,0.0003115740232926687,3.1767771986666347e-09,0.5602941071058567,1.7799295440011658e-09,0.9747536900989134,1.003414255836273,0.9780817485742624,7.97573428299346e-05,1.125670269606787,8.97804696064934e-05,0.018797540359047186,0.5852457502920618,0.011001180611075885,0.4000267924939619,0.5998146963883686,0.23994194908697866,0.7198760080697505,0.527090124056005,0.3794395343984264,0.2922273325579998,0.4336789519617443,0.1267328433183295,0.001489454040156612,1.0,0.001489454040156612,0.0015422924989739143,0.5972929138817372,0.0009212003807700757,3.4954111327089e-14,1.0,3.4954111327089e-14,1.0,1.0,1.0,0.022518324370149518,0.7235170379148002,-13.993786837914184,-1.1332966424186985,8.749597188284984,-1.9887586128014199,0.47052581174061164,-77.37378297704622,52.92443710139565,10.012918686642458,-2.6754346236107525,408.15,11.0,0.4
356,0.003248163807415271,0.08404498728264803,0.000272991885886174,3.4534588637552967e-09,0.55316843477803,1.9103444342338288e-09,0.9747569477871975,1.0034832291839795,0.9781522496350165,9.37371451690373e-05,1.1256163558750352,0.000105512063755301,0.018893754947649458,0.5842132593172672,0.011037982158708033,0.4000273432441506,0.5939761543188563,0.2376067029625497,0.7195942997102138,0.521353619632701,0.37516309282097865,0.2925441799074152,0.428649179077156,0.12539882256111337,0.001455710547862032,1.0,0.001455710547862032,0.001632697449626831,0.5932106403725758,0.0009685334996278034,3.6335943037077413e-14,1.0,3.6335943037077413e-14,1.0,1.0,1.0,0.022235655900233766,0.722842466971088,-13.962099892716985,-1.1445823511715987,8.718888322594582,-1.9126829934862835,0.5318335788710838,-76.50691837523313,52.511928311017236,9.985788133743497,-2.6867263457515262,413.15,11.0,0.4
357,0.0028780206348741526,0.0833650222734369,0.00023992625432969482,3.727797038669483e-09,0.5461215762877221,2.035830394838878e-09,0.974759695731857,1.0035525726162202,0.978222600334309,0.00010970346940245124,1.1255671592879093,0.00012347862241934507,0.018989864466255762,0.5831827471178633,0.01107456132682693,0.40002791643293095,0.5881630387336878,0.2352816349074984,0.7193372316075819,0.515663942026765,0.37093627249738576,0.29283521054097084,0.4236769810144255,0.12406753793672218,0.0014232003697007586,1.0,0.0014232003697007586,0.0017282026254731425,0.5891581238187752,0.0010181846164024383,3.7768316737358095e-14,1.0,3.7768316737358095e-14,1.0,1.0,1.0,0.021977588570532364,0.7222152559702532,-13.934696434594311,-1.1561605867997473,8.691258405929455,-1.8396056714542213,0.5913465804568683,-75.66679198378448,52.11320442900171,9.960805551777309,-2.6979888130799936,418.15,11.0,0.4
358,0.0026126892586735367,0.08089375571947804,0.00021135024666204126,3.998684882043668e-09,0.5391242994789741,2.1557881858689596e-09,0.9747605447390617,1.003623700229343,0.9782927847485872,0.00012789650192332523,1.125538283821352,0.00014395240928153367,0.01908509845620201,0.5820504192800502,0.011108489558433418,0.40002850752343244,0.5822699020060332,0.23292455987528873,0.7191863576885845,0.5100622646406356,0.36682982230128963,0.29301895853864446,0.4186763237801321,0.1226801003588426,0.0013918240033876077,1.0,0.0013918240033876077,0.0018284186516435222,0.5850316144835808,0.001069682715722902,3.923932532269251e-14,1.0,3.923932532269251e-14,1.0,1.0,1.0,0.02182568421679887,0.721799050945943,-13.911191816697817,-1.1680118026093789,8.666393912421901,-1.7693162853731936,0.6491272541946871,-74.85233040955136,51.727723352653754,9.937846632170713,-2.709218277568871,423.15,11.0,0.4
359,0.002368290468218954,0.07883573755267696,0.000186705925801016,4.263854268048516e-09,0.5311877922687464,2.2649073352003626e-09,0.9747606173038681,1.003708172253702,0.9783751975789559,0.0001481299236718983,1.1255158673481551,0.00016672257952179262,0.019190998134220063,0.5798216630450422,0.011127356453677777,0.4000291666462431,0.5753186356659344,0.2301442343814973,0.7190692410318227,0.5035505256744744,0.36208769431791976,0.29317238397147766,0.4129486098096938,0.12106512839561544,0.0013571853207791904,1.0,0.0013571853207791904,0.0019401156072984772,0.5798364666645183,0.0011249497786566351,4.0733239487114526e-14,1.0,4.0733239487114526e-14,1.0,1.0,1.0,0.021707418526110918,0.7214375357638959,-13.892513892905203,-1.1802264278202534,8.644949561701653,-1.7029653342658568,0.7052405645518821,-74.063863664145,51.356329253766226,9.917474362769955,-2.722059142755156,428.15,11.0,0.4
360,0.0023898456996420347,0.06906571768507117,0.00016505640840235806,4.524944664331314e-09,0.523274761585984,2.367789340417739e-09,0.974756054873948,1.0037971171609386,0.9784573178176387,0.00017103574336424217,1.1255444311039318,0.00019250832846334404,0.019294689459109043,0.5772959993876107,0.011138747034169953,0.40002983763336464,0.568108532801113,0.22726036413455822,0.7192185631245388,0.49723383006354654,0.35761980079521505,0.29305821783932046,0.40704933695083995,0.11928915325949023,0.0013237295156194081,1.0,0.0013237295156194081,0.0020561313184050533,0.5743857904882912,0.001181012612669819,4.223556294144857e-14,1.0,4.223556294144857e-14,1.0,1.0,1.0,0.021855570902115318,0.7216084133491254,-13.876983724938704,-1.19267452979778,8.625656938927081,-1.6389861226653077,0.759737607276929,-73.29904446196964,50.9971405515682,9.898883292986923,-2.7348569584547278,433.15,11.0,0.4
361,0.002178387513383955,0.06729933696083265,0.00014660403529449708,4.765213683579418e-09,0.5155513435662047,2.4567123169494335e-09,0.9747552705431816,1.0038822934110938,0.9785395565074403,0.00019660560596298813,1.125529215532694,0.00022128535344885183,0.01939986200000934,0.5750760261550292,0.011156395546921325,0.40003054717232694,0.561269841914532,0.22452508197239568,0.7191390842650456,0.4908706499662047,0.3530042697092842,0.29317174409165764,0.40146935903151054,0.11769947218662782,0.0012914799613018288,1.0,0.0012914799613018288,0.0021801607394974364,0.5692761308733476,0.0012411134704630763,4.3812072574410644e-14,1.0,4.3812072574410644e-14,1.0,1.0,1.0,0.02177485511935628,0.7213174765436433,-13.865865851657471,-1.2054754141887756,8.609645696786647,-1.5779778428489721,0.8126725739140922,-72.55772885175647,50.65046582616963,9.882357754081019,-2.747642552899627,438.15,11.0,0.4
362,0.001970981511317226,0.06624207430609085,0.00013056190372860694,4.988200833297046e-09,0.5079378418364333,2.5336959659116e-09,0.9747542624333406,1.003967608628715,0.9786217058558478,0.000225177647268445,1.125515247081403,0.0002534408753025528,0.019504454430278366,0.5728716632646419,0.011173549250542985,0.4000312819893687,0.5545012971066874,0.221817864746356,0.719066123724525,0.4845780204109598,0.3484436387790127,0.29327772920476086,0.3959702503143117,0.11612925584482209,0.0012603172771534271,1.0,0.0012603172771534271,0.002310700065683483,0.5642191002771569,0.0013037411120703024,4.5428293237874026e-14,1.0,4.5428293237874026e-14,1.0,1.0,1.0,0.021700613588864034,0.721037110224043,-13.858375263077304,-1.2185731871177485,8.596245500047983,-1.5195380780375063,0.8640968870459931,-71.83880644869382,50.315623570965826,9.867681984689755,-2.760400920099677,443.15,11.0,0.4
363,0.0018054648216387957,0.06454737180014396,0.00011653800911439995,5.1925887627097014e-09,0.5004193603849585,2.5984719473773083e-09,0.9747523929549174,1.0040537482210763,0.9787037937338483,0.00025701883132118184,1.1255096916275602,0.0002892771855827792,0.01960782032464751,0.5706344237960282,0.011188897252851283,0.4000320387407402,0.5477543788153632,0.21911930088667744,0.7190371333408623,0.4783741164896309,0.3439687533851719,0.29333879756101244,0.39051239985491276,0.1145524378061054,0.0012301567704724769,1.0,0.0012301567704724769,0.0024475522637731695,0.5591666123069967,0.0013685895077783638,4.7075495573728644e-14,1.0,4.7075495573728644e-14,1.0,1.0,1.0,0.021670303977607486,0.7208426033550898,-13.8542945049602,-1.2319593079621487,8.585281967378739,-1.4635470635685677,0.9140597206307417,-71.14148258898663,49.99222654351522,9.854782542194965,-2.7731318284605613,448.15,11.0,0.4
364,0.0016561254519752524,0.06295613257001324,0.00010426325350712708,5.380089213679667e-09,0.4918719361595912,2.6463148982439485e-09,0.9747496705654844,1.0041558417394216,0.9788005759319081,0.0002915146106371949,1.125510533918694,0.0003281027650633694,0.019725626782799682,0.5671058067008602,0.011186517489339706,0.40003289318546825,0.539833980065392,0.21595134888538514,0.7190415857428851,0.47116874494491906,0.33878992151767956,0.29337020472211206,0.3842437256077736,0.11272566044473961,0.001196462209882911,1.0,0.001196462209882911,0.0026006155286439807,0.5528918218644895,0.0014378590576010523,4.8713541035677896e-14,1.0,4.8713541035677896e-14,1.0,1.0,1.0,0.02167326684541213,0.7206977165749495,-13.854525560164799,-1.2457250269595994,8.577358478201203,-1.4112354075975884,0.9626145618507999,-70.46634409466633,49.68126172362592,9.844268505073439,-2.7878067521838066,453.15,11.0,0.4
365,0.0017269259858760345,0.05404795976096543,9.333682619479346e-05,5.551803240024637e-09,0.48339182967141947,2.6836963261712206e-09,0.9747430665780031,1.0042618439327888,0.9788972694023267,0.0003297596820930646,1.1255536691503472,0.00037116222011770094,0.01984055515997391,0.5633400288168916,0.011176978915562831,0.4000337617668966,0.5317485313745964,0.21271736531980245,0.7192670739038255,0.464168018765993,0.33386077265755176,0.29317952078445314,0.3778702476532579,0.11078381812568479,0.0011638588088796688,1.0,0.0011638588088796688,0.0027593897725529766,0.546434687904395,0.0015078262891715646,5.0340766120002465e-14,1.0,5.0340766120002465e-14,1.0,1.0,1.0,0.021897240827943008,0.7209940054415047,-13.857439522074962,-1.2597350988089524,8.571266628342658,-1.3609805296947632,1.0097996915090148,-69.81115389458171,49.38084688595876,9.835309970619997,-2.80244804488726,458.15,11.0,0.4
366,0.0015914979642796328,0.05271397565521288,8.389418494435742e-05,5.691402354640975e-09,0.47512286578818513,2.7041153970906463e-09,0.9747397388267929,1.0043643826771174,0.9789938760576264,0.0003716258160482114,1.1255583048565212,0.0004182865235521464,0.019956806861338033,0.5598533578767556,0.011172885333817975,0.4000346743472589,0.5240266173889474,0.20962881723648324,0.7192913545983066,0.4571680111821436,0.3288369980422179,0.2931889925376807,0.37179807202994586,0.1090071021659119,0.0011324186684875887,1.0,0.0011324186684875887,0.0029278906148720884,0.5402984909560918,0.0015819348808998929,5.202027293987922e-14,1.0,5.202027293987922e-14,1.0,1.0,1.0,0.021919930641665877,0.7208828582539887,-13.86411418425712,-1.2740965567233926,8.567974778983976,-1.3132637361787718,1.055657967957669,-69.17580640913428,49.09122647129419,9.82813619080676,-2.817070725732878,463.15,11.0,0.4
367,0.0014847349031239597,0.05089075852391382,7.555928542690802e-05,5.805681423591905e-09,0.466982698004349,2.711152774942673e-09,0.9747357442900487,1.004467553066618,0.9790904279535939,0.00041754389920621126,1.1255689252262124,0.0004699744378642971,0.02007157470994115,0.556357848727515,0.011166978126196454,0.40003561273292404,0.5163735667714172,0.20656781618248934,0.7193469133354727,0.45028041809459984,0.32390782889175657,0.29316623759884003,0.36579846544194433,0.10723975983304412,0.0011019925632717875,1.0,0.0011019925632717875,0.0031040242932010528,0.5342012948848073,0.0016581737967819009,5.370999320304338e-14,1.0,5.370999320304338e-14,1.0,1.0,1.0,0.02197385351227132,0.7208316540442781,-13.87381415582949,-1.2887522825706563,8.566846008998219,-1.26773219650254,1.100230386581284,-68.55938795283222,48.81181996057354,9.822559948981464,-2.8316682434858422,468.15,11.0,0.4
368,0.001374031665259832,0.04963758875651245,6.820361873859352e-05,5.892595920650889e-09,0.4589807357198562,2.704588010960168e-09,0.9747316324785503,1.0045707519936626,0.9791868890309878,0.00046771592590463395,1.1255793249611508,0.0005264513761533175,0.020184830255819436,0.5528931956127041,0.011160055303040001,0.4000365778099135,0.5088296150974523,0.2035504579119203,0.7194013200671292,0.44348936842393,0.31904683707991266,0.2931437388123127,0.3599010186948645,0.10550273022257263,0.001072529942056741,1.0,0.001072529942056741,0.0032881157511599687,0.5281810235380859,0.0017367203429593748,5.5410008576682495e-14,1.0,5.5410008576682495e-14,1.0,1.0,1.0,0.0220265778469839,0.7207753576249851,-13.886545659450555,-1.30371186484582,8.567898881460803,-1.224375362169732,1.1435561367900353,-67.96135168683604,48.542397733239454,9.818565668775182,-2.8462408833658106,473.15,11.0,0.4
369,0.20156771850326954,0.09216585541526227,0.018577661199956626,4.9785050853460576e-12,0.6351861856104191,3.1622776552030375e-12,0.9713982265356855,1.0047026289518837,0.9759663519596006,2.634525371184246e-08,1.164133470046727,3.066939162282858e-08,0.0053088940568711655,0.47050766928491466,0.002497875369178988,0.4000207598255162,0.5740196757474262,0.22961978684728182,0.9175130313092411,0.6174872159177467,0.5665525672713956,0.10842250542882957,0.45641357070261274,0.04948550284729551,0.0009287419988178156,1.0,0.0009287419988178156,0.000625434996464528,0.5685707041500765,0.00035560401633993747,2.0146951848896405e-14,1.0,2.0146951848896405e-14,1.0,1.0,1.0,0.20687663890539443,1.1190807498174897,-17.674828375319436,-0.9579546665430204,11.500000000681919,-6.405178792653474,-2.2203704315384543,-117.1847222063719,72.3395740033441,12.328649948952881,-2.4337796608654125,273.15,11.5,0.4
370,0.17966340236724207,0.09549403567693275,0.017156783355496537,6.667830024266378e-12,0.6378118029424003,4.252820689490803e-12,0.9717665638564245,1.0043904174829772,0.9760330247677523,3.225967619041306e-08,1.1598315304649947,3.74157896082319e-08,0.0054338414519851394,0.48131196398508597,0.0026153729012385386,0.40002160285776867,0.5852744580384567,0.2341224268162553,0.8957351661285154,0.6190750449594585,0.5545272882427787,0.13021049235286863,0.46143074257609384,0.060083124177582964,0.0009207843424499824,1.0,0.0009207843424499824,0.0007424247380766462,0.5761684911055218,0.00042776174109703354,2.3720672046114017e-14,1.0,2.3720672046114017e-14,1.0,1.0,1.0,0.1850972760789034,1.0753985685024254,-17.490473810047682,-0.9653152914696852,11.371322927938774,-6.234923195139355,-2.0677754492735736,-114.9672044123199,71.32255273725637,12.21541047001504,-2.439372927697795,278.15,11.5,0.4
371,0.1581378866411878,0.09800422594156129,0.015498181172303976,8.937701859154269e-12,0.6409540394915723,5.728656110396275e-12,0.972128635947868,1.0041238931541983,0.9761375905746535,4.029902377170256e-08,1.1556207029590564,4.6570386179618574e-08,0.005562838580065228,0.49082032260567987,0.002730354226470937,0.4000224568313258,0.5944004901816894,0.23777354442422377,0.874340172652869,0.620090687074273,0.542170198396956,0.1516181690873345,0.4652432875817913,0.07053933544332341,0.0009102932572063185,1.0,0.0009102932572063185,0.0008609348807057802,0.5821980327209232,0.0005012345938477281,2.71755617490604e-14,1.0,2.71755617490604e-14,1.0,1.0,1.0,0.1637007655202768,1.0324780593029945,-17.307483967959037,-0.972386791731078,11.241947247542653,-6.062418020994879,-1.9210474277574938,-112.83139327373746,70.3348651598512,12.104293950124688,-2.446982990855271,283.15,11.5,0.4
372,0.1369067019853954,0.10160235777187722,0.013910043716487916,1.1890148927245443e-11,0.6441401758401741,7.658922620761742e-12,0.9724859847206262,1.003861372117147,0.9762411149863427,5.1060541781129045e-08,1.1514825083464744,5.879532072766445e-08,0.005690456380371736,0.5020914771784327,0.0028571296498402826,0.40002331159979493,0.6051546635817374,0.24207597255602645,0.8532381350540417,0.6200551917220976,0.5290547354155387,0.1727314050630688,0.4707647427747915,0.08131585547364391,0.0009012890944361889,1.0,0.0009012890944361889,0.0009795580519056488,0.5902928031149904,0.0005782260682732447,3.059143889428439e-14,1.0,3.059143889428439e-14,1.0,1.0,1.0,0.1425972094263089,0.9901448370513272,-17.13008417389517,-0.9794148126846379,11.115832318195887,-5.889657682303442,-1.7798942265654012,-110.77447776981036,69.37690352061105,11.995993871475276,-2.454215456585391,288.15,11.5,0.4
373,0.11706863898102637,0.10522172299752293,0.012318163902558571,1.5763612060769014e-11,0.6472203991075651,1.0202531289347762e-11,0.9728199361193618,1.003630905843749,0.976352153710333,6.546443372961464e-08,1.1476304339343817,7.512897648838626e-08,0.005815747881348609,0.5131247130587264,0.0029842039628389014,0.4000241447137024,0.6152392582243865,0.24611055806550292,0.8335268579803795,0.6193352075841219,0.5162325296142192,0.1924545074805561,0.4760690187568008,0.09162162853159173,0.0008916023768929119,1.0,0.0008916023768929119,0.0010951799584833337,0.5981633893990173,0.0006550965559682658,3.381832856711772e-14,1.0,3.381832856711772e-14,1.0,1.0,1.0,0.12288445232680871,0.9505954969771694,-16.95650646858267,-0.986313154800529,10.991292064648762,-5.717108528382274,-1.6440239943262516,-108.79248555544426,68.44768591804039,11.890493255820186,-2.461928083788453,293.15,11.5,0.4
374,0.09975784832516821,0.10726542386011183,0.010700567883971914,2.0910131857614487e-11,0.6499074563182684,1.358965060686182e-11,0.9731112133739631,1.0034537594306998,0.9764721054042732,8.479350233621098e-08,1.1442817259987677,9.702765520676005e-08,0.005935776205861615,0.5223949288543387,0.003100819388756356,0.40002492732210765,0.6229669282288085,0.24920230018880576,0.8163375052809783,0.618333411569384,0.5047687546324274,0.2096573067567092,0.47972311672759743,0.10057745664204251,0.0008801647774120395,1.0,0.0008801647774120395,0.0012037983668737695,0.6041448847952344,0.0007272686256716449,3.6710358941602325e-14,1.0,3.6710358941602325e-14,1.0,1.0,1.0,0.10569370932453216,0.9160953536270565,-16.785080737312697,-0.9929943909496269,10.866791708938038,-5.544946207994103,-1.5131676734974253,-106.88148592955405,67.54603484107355,11.787655023622428,-2.470353033878851,298.15,11.5,0.4
375,0.08452219828285883,0.10901346922918881,0.009214058061691826,2.761261859812204e-11,0.6510306320516127,1.7976660538535518e-11,0.9733673552633787,1.003310385485274,0.9765895764280823,1.1035199490037031e-07,1.1413448479416717,1.259496808396232e-07,0.006053231391782322,0.5309574743647105,0.003214008451525922,0.4000256822772973,0.6296278023181856,0.2518672912030875,0.8012206771600544,0.6159469254702328,0.4935094127199135,0.2247887812615993,0.4827177377682248,0.10850953196627552,0.0008674563841534826,1.0,0.0008674563841534826,0.001308585691270408,0.6094494942834852,0.0007975168877713553,3.935831791696862e-14,1.0,3.935831791696862e-14,1.0,1.0,1.0,0.09057554002663605,0.8857428754705257,-16.619107800646212,-0.9996634752495577,10.745290982479746,-5.375189823580247,-1.3870798733076226,-105.03969337560889,66.67269723813924,11.688283094063078,-2.479489116113732,303.15,11.5,0.4
376,0.07090770284837632,0.11141650123248764,0.007900288161798988,3.6152494107400534e-11,0.6516251300405671,2.35578736740257e-11,0.9735960772327071,1.003183974057238,0.9766959818848445,1.4393935957812998e-07,1.1387284937074864,1.6390785011762426e-07,0.006166587263552801,0.5395283968057121,0.003327048940067165,0.4000264126009045,0.6360789354200587,0.2544483746670885,0.7877208686037026,0.6131131463469354,0.4829620201927569,0.23830250004902115,0.48570578981161816,0.11574490400039299,0.000855420913841761,1.0,0.000855420913841761,0.001409963029624113,0.6148652415786767,0.0008669372588268327,4.1869884057121025e-14,1.0,4.1869884057121025e-14,1.0,1.0,1.0,0.07707443405128869,0.8586285714882315,-16.459704684298565,-1.0064049358973166,10.627863911393906,-5.208598435205497,-1.2655304577106308,-103.26433675901258,65.82724679704316,11.592574560763987,-2.488273963787179,308.15,11.5,0.4
377,0.05957151898352782,0.11261389494593564,0.006708580780580812,4.7108953853112113e-11,0.6515674813230456,3.06946624098358e-11,0.9737861884338941,1.0030906599849743,0.9767958304404072,1.881323899208348e-07,1.13655712206817,2.1382320765623081e-07,0.0062741403371186074,0.5468148919798478,0.0034307933707079167,0.40002709964820793,0.6408721239684138,0.2563662169964713,0.7764935025441453,0.6102389277510857,0.47384656239822415,0.2495438789249721,0.48748768928947206,0.12164956891346643,0.0008431717667462379,1.0,0.0008431717667462379,0.0015053457138999406,0.6189697970964765,0.0009317635310926971,4.415140028997329e-14,1.0,4.415140028997329e-14,1.0,1.0,1.0,0.06584584745303634,0.8360650215747821,-16.305100892281356,-1.013128315840005,10.512937138773395,-5.044901090176627,-1.1482986438332736,-101.55186495034631,65.00831586501133,11.500236653136934,-2.496996061626823,313.15,11.5,0.4
378,0.04996252474319896,0.11351598423797682,0.0056715451712385,6.090810560067776e-11,0.6509090606384897,3.964563780180709e-11,0.9739469991195498,1.0030175314757226,0.9768859148450787,2.458180429488884e-07,1.1347221769522469,2.7893518482910336e-07,0.006377347766126469,0.5534716745787259,0.0035296813474889146,0.40002775878135355,0.6447761497881368,0.2579283581154187,0.7669889443677055,0.6072389835690846,0.4657455869865707,0.25906192002714473,0.48866771079231514,0.12659519541312664,0.0008313808539023135,1.0,0.0008313808539023135,0.0015968683675907105,0.6224743345233836,0.0009940095744374695,4.6295662220238297e-14,1.0,4.6295662220238297e-14,1.0,1.0,1.0,0.05634011832736838,0.8169514691718124,-16.156664423958862,-1.0199342581631639,10.40180459101535,-4.884867201672024,-1.035181052679008,-99.89999534681587,64.21564081424734,11.411510382844153,-2.5054381545310447,318.15,11.5,0.4
379,0.04188013844801921,0.11414996980852553,0.004780616539418262,7.80898311934801e-11,0.6496893522348015,5.073413184421712e-11,0.9740818819141465,1.0029617035579395,0.9769668236895359,3.207149041151258e-07,1.1331835437116085,3.63428851566307e-07,0.0064769410145815495,0.5595284071913694,0.0036240324893612673,0.40002839588264677,0.647838734010608,0.2591538895569082,0.7590073580275107,0.604167102962409,0.45856727662663316,0.26705639334178666,0.48927366948175816,0.13066366152889974,0.0008201293359731981,1.0,0.0008201293359731981,0.0016853509705473332,0.6254000736337243,0.001054018621078971,4.833394994375795e-14,1.0,4.833394994375795e-14,1.0,1.0,1.0,0.048357400177504874,0.8008874965536199,-16.01458853463834,-1.026853510310699,10.294699766815828,-4.728759874162745,-0.9259854989822011,-98.30614758614055,63.44851976048498,11.32640032714857,-2.513605462188398,323.15,11.5,0.4
380,0.035282316232941056,0.11389830205390909,0.00401859591146106,9.939486716284942e-11,0.6470083421424406,6.430930822050341e-11,0.9741913957103108,1.0029318704838541,0.9770475987090184,4.1710492606245123e-07,1.1319328603137269,4.7213477200881616e-07,0.006577690581207303,0.5641851274502074,0.00371103519888647,0.4000290342393157,0.6491587655941548,0.259682354068616,0.7525115158089231,0.6002787691216264,0.45171668645962965,0.27356612935236524,0.4886083557118383,0.13366669664131123,0.0008078742230848471,1.0,0.0008078742230848471,0.001774029269547574,0.6268574916435827,0.00111206353801089,5.023387164795332e-14,1.0,5.023387164795332e-14,1.0,1.0,1.0,0.04186042391907442,0.787793832141259,-15.87900744894683,-1.0339137430414123,10.191726162126669,-4.577077896153162,-0.8205279310072233,-96.76816791026091,62.70655343224962,11.245045947004337,-2.522631870758718,328.15,11.5,0.4
381,0.02976373118037732,0.11345907615129043,0.0033769654425409674,1.2532135917926956e-10,0.6439181599729212,8.069669900802076e-11,0.9742825197532324,1.0029136443791735,0.9771212325406385,5.4074732862817e-07,1.1308907191435835,6.115261353472831e-07,0.006676842100611567,0.5683632904752336,0.0037948719462871615,0.4000296663753188,0.6498047581528414,0.2599411806129759,0.7470933289070036,0.596392308906123,0.44556071539520953,0.278997486588754,0.48750031439288344,0.13601136242684184,0.0007963265990980328,1.0,0.0007963265990980328,0.0018618716068858768,0.6278541632558639,0.0011689838398311829,5.208543540570117e-14,1.0,5.208543540570117e-14,1.0,1.0,1.0,0.03644111402831751,0.7768570602127023,-15.750046028719016,-1.0411425408560029,10.093144230233598,-4.429632752911585,-0.7186424212860315,-95.28339030284343,61.988695653330154,11.167247670867479,-2.531431363775657,333.15,11.5,0.4
382,0.025377297049781523,0.11168425579493413,0.002834244535091827,1.5668363711638555e-10,0.6404220517414696,1.0034365635639146e-10,0.9743543528179363,1.002909356276415,0.9771890967697594,6.987697778058392e-07,1.1300666468614533,7.896564197331679e-07,0.006774056513547956,0.5718315571613071,0.0038736192844408216,0.40003028878354124,0.6495327199217981,0.2598327615246759,0.7428053729192404,0.5926164224558176,0.4401986626803597,0.28329803523576935,0.4857461830304127,0.13761093927579032,0.0007853316788482391,1.0,0.0007853316788482391,0.00194839844350233,0.628139689998337,0.0012238663942947955,5.387454561494815e-14,1.0,5.387454561494815e-14,1.0,1.0,1.0,0.032152052333107285,0.7681826701257054,-15.627139746453874,-1.0485217283541455,9.998510078049412,-4.286255902204995,-0.620169486731852,-93.84932944440395,61.293978047607666,11.092830049087143,-2.5400468181459077,338.15,11.5,0.4
383,0.021508474279996748,0.11094833249696111,0.0023863293559194154,1.937457162012e-10,0.6366905765768603,1.2335607175743878e-10,0.9744172941381374,1.0029085604603545,0.9772514457517532,8.989522110627297e-07,1.1293427273565433,1.0152251418047777e-06,0.006872150943471626,0.5752617285902922,0.003953285430874896,0.40003092427927417,0.6490956526159463,0.25965833386161563,0.7390359737192058,0.5887581061425915,0.4351134202581657,0.2870791665946249,0.48395477041008944,0.1389333321588215,0.0007752308550282857,1.0,0.0007752308550282857,0.0020367835355873196,0.6284157660386667,0.00127994688577105,5.569232124587733e-14,1.0,5.569232124587733e-14,1.0,1.0,1.0,0.028381524175679435,0.7605444481929483,-15.511331348745287,-1.0561403264242721,9.908839469069637,-4.147341266732666,-0.5249595617971261,-92.46421026485054,60.62204020521176,11.021907599068566,-2.5484682388075077,343.15,11.5,0.4
384,0.018128413331296687,0.11115453804999909,0.0020150554094197286,2.370776242590205e-10,0.6327590840622942,1.5001302037780254e-10,0.9744718269058482,1.0029118489604711,0.9773093416820324,1.1512881047316081e-06,1.1287132801850466,1.2994741731296393e-06,0.006971358592169855,0.5785716249207487,0.004033430268576934,0.40003157391520283,0.6484103642881743,0.2593846185691284,0.7357565268325316,0.5848639901596214,0.430317498069259,0.2903695849465983,0.4820533138728399,0.1399736206713888,0.0007659270230012234,1.0,0.0007659270230012234,0.002127182953044726,0.6285879488211316,0.0013371215692216617,5.753880051484275e-14,1.0,5.753880051484275e-14,1.0,1.0,1.0,0.025100923211571275,0.7538849404009058,-15.402258855158482,-1.0639944548919145,9.823871044725477,-4.012745678951282,-0.4328714593995266,-91.12585667700779,59.97202831714562,10.954334845791347,-2.5567347186103686,348.15,11.5,0.4
385,0.0156795580988414,0.1084219714293216,0.0017000086002169703,2.8818515656109324e-10,0.6276241230423288,1.8087195616047243e-10,0.974510297376614,1.0029374226677346,0.9773728460140688,1.4674030014431487e-06,1.1282636373793182,1.655617447909576e-06,0.007074934052507007,0.5803488336920367,0.004105929725820515,0.40003224803994536,0.6459269954358746,0.2583916280539004,0.733412760757092,0.5803500604511811,0.42563614004104594,0.2927254184020993,0.4788376494855545,0.14016795129233672,0.0007555901396697239,1.0,0.0007555901396697239,0.002221044353042633,0.6271518031520377,0.0013929319708913385,5.928834445721564e-14,1.0,5.928834445721564e-14,1.0,1.0,1.0,0.02275595955434985,0.7490923191441186,-15.298875567997417,-1.07203081722283,9.74262876442209,-3.8824145449449095,-0.3437681061677149,-89.83230662440639,59.343224919978354,10.890021879714931,-2.566061155496972,353.15,11.5,0.4
386,0.013472684344419285,0.10688141351135977,0.0014399795465239007,3.4664934317406654e-10,0.6224018309317735,2.1575518588283544e-10,0.9745445217220133,1.0029644308430838,0.9774334915601645,1.8613036964182574e-06,1.1278610927774089,2.099292021032926e-06,0.007181118079245692,0.5821337941089014,0.004180371513415322,0.40003294746113455,0.6433674398200647,0.2573681732517446,0.731313707450992,0.5757957977300551,0.4210873595726681,0.2948357797544729,0.4756476162034011,0.14023793581168603,0.0007460775267994463,1.0,0.0007460775267994463,0.002318493813949745,0.6257468987336714,0.001450790313812255,6.109107928650205e-14,1.0,6.109107928650205e-14,1.0,1.0,1.0,0.020655663727361395,0.7447863921420607,-15.20203446600549,-1.0803269629423071,9.66603875680287,-3.756278884012309,-0.2575282026437505,-88.58169948284929,58.734918560244026,10.82886983827442,-2.5752799290126287,358.15,11.5,0.4
387,0.011618818615815448,0.10527126603292983,0.0012231277454938655,4.130990951215041e-10,0.6170739675529735,2.549126976191702e-10,0.9745726220450505,1.0029954424226353,0.977491898221063,2.3502407211392003e-06,1.127526762755649,2.649959312002585e-06,0.007289304419257592,0.5837279468582837,0.004254970702678249,0.4000336668546317,0.6405238272828633,0.2562310953357266,0.7295697950010941,0.5712808648881342,0.4167892634844838,0.2965903771293414,0.4723092209176576,0.1400823699536335,0.0007372393046954007,1.0,0.0007372393046954007,0.002418809779331552,0.624163740988993,0.0015097333606083423,6.292420720912819e-14,1.0,6.292420720912819e-14,1.0,1.0,1.0,0.01891047327579418,0.7411886140300087,-15.11112971685946,-1.0888587093943654,9.593608531072146,-3.6340820926495154,-0.17403342654976342,-87.37209406130893,58.14625245062573,10.770695848486445,-2.5844095959361786,363.15,11.5,0.4
388,0.010159042713679364,0.10248725074936811,0.0010411723579703985,4.880786514054619e-10,0.6116366271301562,2.985267801198717e-10,0.9745939064691913,1.0030316083195396,0.9775484934642159,2.9546500499943894e-06,1.1272683982442986,3.3306836292296107e-06,0.007399158338667802,0.5850347879541361,0.0043287650297015945,0.4000344032943601,0.6373012136794879,0.2549424107330454,0.7282217857119755,0.5668498334972721,0.41279239797991946,0.2979485324931333,0.4687410830255876,0.13966071780671577,0.0007289836910326944,1.0,0.0007289836910326944,0.0025216066465341006,0.6223014910020087,0.001569199575858746,6.477551722437567e-14,1.0,6.477551722437567e-14,1.0,1.0,1.0,0.01756115570239716,0.7383808289137335,-15.025748130500162,-1.0976135420156985,9.525016703272973,-3.5156369852559126,-0.09317207502200417,-86.20171766354395,57.57647084273895,10.715356794607446,-2.593460419921159,368.15,11.5,0.4
389,0.008741731322741671,0.10185637404962146,0.0008904010554504683,5.709507546680233e-10,0.6062020334341902,3.4611150847054073e-10,0.9746143122046453,1.0030671041686472,0.9776035558244314,3.6965049807544344e-06,1.1270190009180805,4.166031350298567e-06,0.007512846450981419,0.5864618511335774,0.004405997836924889,0.4000351736637527,0.6341495877621437,0.2536821404692263,0.7269202728485674,0.5623626072301093,0.4087927798875428,0.29925954143173883,0.46530104326604527,0.13924577683550637,0.0007214651752254102,1.0,0.0007214651752254102,0.0026292492275617955,0.6205783201088207,0.0016316550687877135,6.670104430815625e-14,1.0,6.670104430815625e-14,1.0,1.0,1.0,0.016258274278703844,0.7356620047422597,-14.946401602609836,-1.1066458007566538,9.4607839598444,-3.4010733546937946,-0.014838602644520204,-85.06920637321095,57.025164414329076,10.662872561313906,-2.6024456078411253,373.15,11.5,0.4
390,0.007739716525913225,0.09852952135151093,0.0007625905646946091,6.635165613116194e-10,0.5997656514977718,3.979544426746248e-10,0.9746273342615649,1.0031187042532361,0.9776669086742467,4.600531805832821e-06,1.12685084359604,5.184113146393126e-06,0.007634797499062235,0.5866700203057026,0.004479106803804769,0.40003599768936576,0.6296363623817796,0.25187721040689826,0.7260425770071407,0.5571761133961288,0.40453358121694827,0.30014784981539633,0.4608959858499883,0.13833693914142134,0.000712967929377155,1.0,0.000712967929377155,0.002744499615006434,0.617596604926732,0.001694993644450696,6.85683609941984e-14,1.0,6.85683609941984e-14,1.0,1.0,1.0,0.015379114556781292,0.7337822941965704,-14.872320292484858,-1.1159156843871876,9.400166642568209,-3.2904292305356764,0.06107109197717112,-83.97318966913139,56.491868115038955,10.613225476069529,-2.6126309005695303,378.15,11.5,0.4
391,0.006880205140694545,0.095245304715645,0.0006553072351315991,7.645509739414237e-10,0.5933330782355821,4.5363338283667723e-10,0.9746377783590644,1.0031720058333873,0.977729335077459,5.700333503970647e-06,1.1267107105894145,6.4226268128554105e-06,0.00776017771101072,0.5868089247480527,0.004553741538452006,0.40003685219831486,0.6250190316001346,0.25003064596535696,0.7253110636696735,0.5520280420936902,0.40039204638646164,0.30088944842956866,0.45647162479275344,0.1373474954076406,0.0007050762006150166,1.0,0.0007050762006150166,0.0028641758139410197,0.6145664786729343,0.0017602264442739186,7.047825741961567e-14,1.0,7.047825741961567e-14,1.0,1.0,1.0,0.014646083185209236,0.7321912695749189,-14.80349523183174,-1.1254381820708574,9.343294993250304,-3.183295058112788,0.13464734273124335,-82.91192853116644,55.97567809294046,10.566169263115786,-2.6227651201307802,383.15,11.5,0.4
392,0.0060138258576933655,0.09404061901464829,0.0005655439063037822,8.73150734655447e-10,0.5869547433307563,5.124999653487487e-10,0.9746481612059885,1.0032245862698628,0.9777909982845604,7.031014751579467e-06,1.1265701971220754,7.920931674655099e-06,0.007890050946334964,0.5870484922093441,0.004631842511500851,0.40003774538629827,0.6204864213552344,0.24821798904176062,0.7245774750506062,0.5468588653754936,0.39624161588281454,0.3016325776661677,0.45217387102868956,0.13639037027167292,0.0006978284211697118,1.0,0.0006978284211697118,0.002989450209569443,0.6116599253096585,0.001828526891902189,7.245405195834009e-14,1.0,7.245405195834009e-14,1.0,1.0,1.0,0.013910907818779909,0.7305913017814504,-14.740027183116613,-1.1352366985450681,9.290306159635813,-3.079653063981729,0.2059796878787323,-81.88414924549595,55.476114608125776,10.521660964145441,-2.632856287563197,388.15,11.5,0.4
393,0.005383199757536008,0.0908654872051758,0.0004891470686912936,9.89972288509728e-10,0.5805564099690645,5.74734757786066e-10,0.9746543958451026,1.0032808344893216,0.9778520756021601,8.637196412623886e-06,1.1264754144429705,9.729589408535836e-06,0.008022569191227187,0.5870679699103116,0.004709793408558753,0.40003866284706086,0.6157015238588691,0.24630441431739972,0.724082603244927,0.5417911208414149,0.3923015251938386,0.30213660435055045,0.44772895819618314,0.1352753070988043,0.000691028689443766,1.0,0.000691028689443766,0.00311836833098876,0.6085497226518243,0.001897682182949443,7.444658661068219e-14,1.0,7.444658661068219e-14,1.0,1.0,1.0,0.01341440614517582,0.7294658039924353,-14.681143813611655,-1.1452669288009591,9.240532537583137,-2.9792019750508114,0.2751530282316156,-80.88836302754821,54.99243686428477,10.479518792167372,-2.6429020544485557,393.15,11.5,0.4
394,0.004780271179208292,0.08882725381831852,0.00042461836135592796,1.1134602119065153e-09,0.574205617357902,6.393551083812412e-10,0.9746599876296488,1.0033372628298194,0.9779126841780775,1.0565068084317762e-05,1.1263868067885168,1.1900353302997948e-05,0.008159213059359677,0.5871162242203448,0.004790406364020581,0.40003961615047523,0.6109365007339639,0.24439880324592944,0.7236199399487556,0.5367343133077587,0.38839165156419686,0.30260798762657143,0.44334997450970715,0.13416124360067425,0.00068475586564351,1.0,0.00068475586564351,0.0032525818673927787,0.6054884133485935,0.0019694006341740584,7.649012196157481e-14,1.0,7.649012196157481e-14,1.0,1.0,1.0,0.012950049306652289,0.7284002122414241,-14.627112157452615,-1.1555636144105867,9.194257860505283,-2.8819835225828276,0.34224788925369365,-79.92348784899569,54.52426800619667,10.439735044136057,-2.6529110090296166,398.15,11.5,0.4
395,0.004198306519484554,0.0881087970045391,0.0003699077368880976,1.2440885837672095e-09,0.5669648738198033,7.053545269162343e-10,0.9746647680978705,1.0034049813717711,0.9779834834769655,1.2855215391943891e-05,1.1263048117819716,1.4478890952440067e-05,0.00830887702893726,0.5862415964802076,0.004871009334401901,0.4000406586938077,0.6052134194280259,0.2421099749583192,0.7231917814828748,0.5308129117119879,0.38387953525510443,0.3030460928602306,0.4383233753161433,0.13283218629886565,0.0006774853352354023,1.0,0.0006774853352354023,0.0033995411050186837,0.6014989560837306,0.0020448204258324697,7.849673928019874e-14,1.0,7.849673928019874e-14,1.0,1.0,1.0,0.01252003876381376,0.7273900892464479,-14.578114099428428,-1.1661557452495361,9.151592542040126,-2.788374457175962,0.40734540228265054,-78.98883615538199,54.07159522393662,10.402476544054853,-2.664301345353585,403.15,11.5,0.4
396,0.0037768538055778546,0.08551494100091753,0.0003229774303530809,1.3808044524229061e-09,0.5597557836694185,7.729132783602049e-10,0.9746666566943234,1.0034753290330658,0.9780539440238943,1.5582050547193063e-05,1.126254284160098,1.754935118477538e-05,0.008461864056961248,0.5852105409145119,0.004951972041919356,0.40004173123916653,0.5993391283453002,0.23976066250262693,0.7229279480076681,0.5249975066523096,0.37953537019329625,0.3033195462032751,0.43322089022221894,0.13140436382798232,0.0006706187207933102,1.0,0.0006706187207933102,0.003551100277914073,0.5973802628898074,0.0021213572175683773,8.051330215298944e-14,1.0,8.051330215298944e-14,1.0,1.0,1.0,0.012254299913086296,0.7267048031940504,-14.533282910131037,-1.1769881102338942,9.111869231621705,-2.69767942066135,0.470513465600368,-78.08270378490616,53.63333321697509,10.367366744432177,-2.675653199244035,408.15,11.5,0.4
397,0.003368650776132783,0.08398896991170673,0.0002829295086796637,1.521580314296217e-09,0.5526265205620882,8.408656348452868e-10,0.9746681303327279,1.0035458493585832,0.9781241566974997,1.8812851569257227e-05,1.1262072567027281,2.1187169956568796e-05,0.00861930066450144,0.5841993782859056,0.005035390089461036,0.4000428427058104,0.5935049981587193,0.23742742662352084,0.7226823869059219,0.5192219815028389,0.37523258092649414,0.3035743791550259,0.42819075166295373,0.129987741596005,0.0006642000361927905,1.0,0.0006642000361927905,0.0037085643498988626,0.5933096715897396,0.002200327096507911,8.256376126865255e-14,1.0,8.256376126865255e-14,1.0,1.0,1.0,0.01200676429220348,0.7260510392036349,-14.492786021533846,-1.1880868370098787,9.075273396244075,-2.6099121607892775,0.5318211055746657,-77.20414754253612,53.2091325317274,10.334390244098577,-2.686973715388143,413.15,11.5,0.4
398,0.002984142884322979,0.08331002421137111,0.0002486090159431382,1.6652276791442676e-09,0.5455748304851018,9.085063087682343e-10,0.9746690150242725,1.0036167270671843,0.9781941268324568,2.262632020806906e-05,1.1261656990096498,2.5480985713136247e-05,0.008780955372377334,0.5831901986889519,0.005120967108295559,0.400043991651908,0.5876957192588038,0.235104141409031,0.7224653882919672,0.5134956070664616,0.37098280314549054,0.3038003452180653,0.42321736259461895,0.12857358085852436,0.000658181963299339,1.0,0.000658181963299339,0.003871811946198204,0.589268574377385,0.0022815371057935446,8.464145294184532e-14,1.0,8.464145294184532e-14,1.0,1.0,1.0,0.011787724576908382,0.7254495328415178,-14.456447648362591,-1.1994502409594345,9.041672052556585,-2.524981222768215,0.5913339390961969,-76.35216753509847,52.79855469759437,10.303480686073634,-2.6982620880474886,418.15,11.5,0.4
399,0.002676664504695024,0.08181930261635827,0.0002190028231121068,1.81090263050536e-09,0.5385813522357752,9.753183875048984e-10,0.9746684192898474,1.0036889201858539,0.97826389329628,2.7112345974068605e-05,1.1261397004091651,3.053228917262724e-05,0.008946117188644407,0.5821135477729668,0.005207656015474514,0.4000451730672195,0.581841882466849,0.23276303656920735,0.7223296565372315,0.5078455362463031,0.36683189177075826,0.3039448013751963,0.4182431215088488,0.12712282249354914,0.0006524902864590333,1.0,0.0006524902864590333,0.004040237707683809,0.5851873243660985,0.0023642958939625066,8.673029652596717e-14,1.0,8.673029652596717e-14,1.0,1.0,1.0,0.0116498940393135,0.7250063228528291,-14.424009972042327,-1.2110690521913878,9.010853588030045,-2.4427758563348947,0.6491144281943448,-75.52578998051305,52.40115727161477,10.274563591651221,-2.709517096784186,423.15,11.5,0.4
400,0.002454402767074191,0.07878362415394094,0.0001933667451235657,1.9600639905864638e-09,0.5306252657483312,1.0400594758886782e-09,0.9746658272864428,1.0037755211434087,0.9783456987251208,3.2333815716027226e-05,1.1261330786064865,3.6412179435384557e-05,0.009126359770254824,0.5798635861550501,0.0052920437049211394,0.4000464590032286,0.5748495373257955,0.22996652186682875,0.7222951433147144,0.5013216836183969,0.36210221731592396,0.3039896181827582,0.4124785972382403,0.1253892112830124,0.0006454877344714293,1.0,0.0006454877344714293,0.004223902784388267,0.5799604645544659,0.002449696621066721,8.870447665853802e-14,1.0,8.870447665853802e-14,1.0,1.0,1.0,0.011613096353045041,0.7247495480418527,-14.39568654545708,-1.2229730226321127,8.982941824824586,-2.36371308109514,0.7052274700022525,-74.72461141097429,52.017050811496254,10.247835141634967,-2.7223772065248184,428.15,11.5,0.4
401,0.002475944127841939,0.06902081410700021,0.00017089167938709733,2.1109305763316537e-09,0.5226998481394655,1.1033830916815077e-09,0.9746589532843444,1.0038662294245528,0.9784272084084361,3.8433734251576054e-05,1.1261736420475044,4.328305847958329e-05,0.009308353928147611,0.5773447799847083,0.00537412955066618,0.4000477652838802,0.5676275640958937,0.22707813853009473,0.7225070993578945,0.49498352450191746,0.35762911051782764,0.3037878245559198,0.4065654080063721,0.12350962083794571,0.0006386785764431313,1.0,0.0006386785764431313,0.004411269445193478,0.5745056736703483,0.0025342993243523022,9.063437928512811e-14,1.0,9.063437928512811e-14,1.0,1.0,1.0,0.011822731790241126,0.7249830455966668,-14.370626674680285,-1.2351012836688653,8.957273675485839,-2.2871177043235353,0.7597242428191934,-73.94717604362789,51.645245404310955,10.2229357193583,-2.735194025607277,433.15,11.5,0.4
402,0.002256252060743256,0.06725412726944476,0.00015174226324517388,2.2566241817979098e-09,0.514965605675772,1.1620838385621557e-09,0.9746559137312453,1.0039530048351506,0.978508733270833,4.550818570124733e-05,1.126169530396064,5.12499321203506e-05,0.009497149577758743,0.5751411135934146,0.005462201184115391,0.4000491307927456,0.5607860299173738,0.22434196382916002,0.7224857032166899,0.48859767536175647,0.3530048350737786,0.3038190915072277,0.4009782180448332,0.1218248379205683,0.0006323130651044546,1.0,0.0006323130651044546,0.004607829474095531,0.5694010378078236,0.0026237028845914724,9.261848161713149e-14,1.0,9.261848161713149e-14,1.0,1.0,1.0,0.011798909824203247,0.7247419575340575,-14.349790698200701,-1.247547038929989,8.934762538631178,-2.21323721730141,0.8126588937595011,-73.19298822620891,51.28569784031288,10.199973761152648,-2.747996203710297,438.15,11.5,0.4
403,0.0020408580600860815,0.06619581266487659,0.00013509625782106164,2.3981252767360164e-09,0.5073405449603191,1.216666184782367e-09,0.9746526041382835,1.0040399029346798,0.978590106054035,5.369681511988468e-05,1.1261672090396777,6.0471592417880076e-05,0.00968981930487615,0.572953336468863,0.00555181430050919,0.40005053409968977,0.5540143393012368,0.22163373233634653,0.7224736605456433,0.4822845089308701,0.3484378545917437,0.30384084466718064,0.39547143939841145,0.12016037618855908,0.0006262049036697934,1.0,0.0006262049036697934,0.004810748751849826,0.5643489523354978,0.002714941018055754,9.459937114802843e-14,1.0,9.459937114802843e-14,1.0,1.0,1.0,0.011784374180082116,0.7245145210038546,-14.332532626929806,-1.2602660579699694,8.914828562273927,-2.1418633327734855,0.864082863403305,-72.4611317034298,50.937920778416434,10.178830588415055,-2.7607687897817477,443.15,11.5,0.4
404,0.001868915009992448,0.06450052974092928,0.00012054600818528702,2.5343896615129556e-09,0.4998094342223151,1.2667118628196754e-09,0.9746483766299537,1.0041276346627879,0.9786713690533615,6.314339215766702e-05,1.1261740423189115,7.111044919192812e-05,0.009885542039509365,0.5707315001176643,0.005641990237685412,0.4000519698559948,0.5472625070521472,0.21893344397454173,0.7225094374265449,0.4760626529536845,0.3439597595653551,0.30381466921509065,0.39000437616451067,0.11848905053685861,0.0006202891007300997,1.0,0.0006202891007300997,0.005019428830355034,0.5592998610644411,0.0028073658474404195,9.656268897720125e-14,1.0,9.656268897720125e-14,1.0,1.0,1.0,0.01181760044165948,0.7243783549709271,-14.318672695771054,-1.2732530046118937,8.897322162242578,-2.0729278251299643,0.9140453321168978,-71.75086335054804,50.601578528048925,10.159458534461818,-2.77351170893033,448.15,11.5,0.4
405,0.0017137975543809903,0.06290731273936621,0.00010781039872540594,2.668267988475076e-09,0.49124766184199953,1.3107804105062346e-09,0.9746431365769602,1.0042313864140888,0.9787672283036568,7.391284941276175e-05,1.1261881746223161,8.323977696129232e-05,0.010100999858854659,0.5672158278850756,0.005729446997407279,0.40005354586836395,0.5393352594852909,0.2157629829689248,0.7225833470315857,0.4688461328626969,0.33878040792674297,0.303752314366059,0.38372524919682394,0.116557432524228,0.0006127800117629694,1.0,0.0006127800117629694,0.005248894497814141,0.553025626832805,0.0029027731698329264,9.834092458673976e-14,1.0,9.834092458673976e-14,1.0,1.0,1.0,0.01188871026264841,0.7242971472542347,-14.308549486891591,-1.286548436314608,8.88247005773261,-2.0069143901704547,0.9625997652333814,-71.06202307723919,50.27691111296395,10.142093199742453,-2.7881979312212444,453.15,11.5,0.4
406,0.0017864112070968964,0.054004267828896765,9.647382928060356e-05,2.797363133750635e-09,0.48275060851847656,1.3504287550652705e-09,0.9746338930747609,1.0043391704940055,0.9788629957060486,8.625388661020752e-05,1.1262463468677404,9.714312469789059e-05,0.010317149217846738,0.5634553584619081,0.005813253010846829,0.40005513860079206,0.5312349714181126,0.21252328012026087,0.7228872805677072,0.46183903121814757,0.33385756133731115,0.30345992121898524,0.3773351811374837,0.11450610434113233,0.0006053282106075941,1.0,0.0006053282106075941,0.005482251913252511,0.5465612170504408,0.002996386277884401,1.0003733919701452e-13,1.0,1.0003733919701452e-13,1.0,1.0,1.0,0.012189814311553842,0.7246736945721672,-14.301231537391763,-1.3000787984783717,8.869528323063491,-1.9431322247038252,1.0097844854825815,-70.39330558959075,49.96296816891496,10.126370612098095,-2.8028486572705646,458.15,11.5,0.4
407,0.0016457851023180532,0.052668268042364866,8.668065090901807e-05,2.9137515816018814e-09,0.474466274821638,1.3824768586783009e-09,0.9746279949726243,1.0044433501359549,0.9789586084065913,0.00010030081375675574,1.1262652006211429,0.00011296531612821649,0.010539364480923914,0.559981748403854,0.005901851749093251,0.40005678950261675,0.5235054109298769,0.20943189398385464,0.7229858494782303,0.45483184987016356,0.3288369913481351,0.30337274107735385,0.37125177186889435,0.11262766766169094,0.0005981773520470797,1.0,0.0005981773520470797,0.0057253871264511015,0.5404250233522437,0.0030941424715129726,1.0174763485011588e-13,1.0,1.0174763485011588e-13,1.0,1.0,1.0,0.012285450396998724,0.7246316374942999,-14.29760589970983,-1.3139339595813095,8.859342129630809,-1.881792486815616,1.055642322484804,-69.74433515977113,49.6597239309853,10.112384920652318,-2.8174788982883587,463.15,11.5,0.4
408,0.0015348643570294196,0.050843575254389047,7.803799144190476e-05,3.0196811608881284e-09,0.46631012325034565,1.408107894310488e-09,0.9746214055014971,1.0045481682218003,0.9790541476062853,0.00011625777496132853,1.126290573216758,0.00013094003600209946,0.010763954824802855,0.5564984798967092,0.005990124497679635,0.40005847205654527,0.5158434588742972,0.20636754597761467,0.7231184650930274,0.4479392574324386,0.32391314828945544,0.30325148792224027,0.3652399421979015,0.11075955592014666,0.000591134054515085,1.0,0.000591134054515085,0.005974824595061329,0.5343266706241083,0.003192508133442157,1.0341039429141321e-13,1.0,1.0341039429141321e-13,1.0,1.0,1.0,0.012415076956793605,0.724653332469738,-14.2970746121497,-1.3280693638777727,8.851364066707815,-1.8227339776305773,1.1002142934338859,-69.11438973396025,49.36678955540677,10.100044746398085,-2.8320823697470763,468.15,11.5,0.4
409,0.0014199400735639591,0.049588373577269695,7.04125188252254e-05,3.1134480797641894e-09,0.458291949835875,1.4268681911878914e-09,0.9746146955243083,1.0046530006842653,0.9791495783694781,0.0001343143727245457,1.1263160273386172,0.00015128043070158855,0.010990816594462325,0.5530464212939323,0.006078431784665355,0.40006018678974675,0.5082905133867034,0.20334679772894082,0.723251505398426,0.44114490615087304,0.3190587174724663,0.3031297979060635,0.35933018634449754,0.10892368676815567,0.0005841855325222055,1.0,0.0005841855325222055,0.006230827074473671,0.5283052256671072,0.0032917785036725325,1.0502800167566413e-13,1.0,1.0502800167566413e-13,1.0,1.0,1.0,0.01254507104075083,0.724671448585438,-14.299648525439522,-1.342495239847731,8.845616143552256,-1.765950875179248,1.143539588240098,-68.50292719984554,49.08394014914909,10.089336876730004,-2.846659457898781,473.15,11.5,0.4
410,0.2041935935637215,0.091702274735682,0.018725017016246577,1.5769389575842473e-12,0.6341399546228863,9.99999999005536e-13,0.9712964710636661,1.0047393989861668,0.9758998325738927,2.6535176700389485e-09,1.1650483836429446,3.091476472446875e-09,0.0016956560418698724,0.4695309088069126,0.0007961629223630939,0.40003052195155636,0.5730486359446691,0.22923694494057337,0.9221348376398657,0.6173702776732587,0.5692986407659092,0.11004141450743615,0.4554628308352877,0.05011977416067615,0.000297458376478561,1.0,0.000297458376478561,0.001980058013137319,0.5678833571089992,0.0011244419917709953,6.401469518456e-14,1.0,6.401469518456e-14,1.0,1.0,1.0,0.20588925225910903,1.126328431205164,-18.42394837817987,-0.9985560793150356,12.00000000043189,-7.401718008047458,-2.2204000329551836,-118.18126142176587,73.33605401590462,12.826889955233142,-2.4324044233149364,273.15,12.0,0.4
411,0.18192903860520665,0.0950543003483775,0.01729313747767088,2.2789891015682998e-12,0.636824530116565,1.4513161637470058e-12,0.9716685658034615,1.0044228052665853,0.9759660666536726,3.7842440922598115e-09,1.1606824419511346,4.392305673943278e-09,0.0018726075161979272,0.48040746159903563,0.000899614623427921,0.4000319465613427,0.5843755252079172,0.23376887887173012,0.9000497860179424,0.6189643073330533,0.5570986923678585,0.13210940883960687,0.46053845624216044,0.06084146320205699,0.0003181925660406332,1.0,0.0003181925660406332,0.0021777458926608905,0.5755459215526717,0.0012533927666990576,6.982668923878558e-14,1.0,6.982668923878558e-14,1.0,1.0,1.0,0.18380164990564868,1.081978824625428,-18.18996454185099,-1.0039208265160349,11.838237967842357,-7.165285553047593,-2.0678052438975607,-115.89756677022814,72.25285550591663,12.680561854345175,-2.4380200343902585,278.15,12.0,0.4
412,0.1600646672667366,0.09760036490573783,0.015622369933748999,3.258262801660246e-12,0.6400270537907139,2.0853763414224832e-12,0.9720343600071449,1.0041525682426817,0.976070799021306,5.379687749654365e-09,1.1564105624214716,6.221127736229711e-09,0.0020447358823482576,0.4899814615206796,0.0010018826760567752,0.4000333117209619,0.5935632202039083,0.237445060693928,0.8783599889284267,0.6199777674718048,0.5445636649724052,0.1537854221926924,0.46440340563502025,0.07141847380330577,0.00033549976215214246,1.0,0.00033549976215214246,0.002367184602209221,0.581630943183576,0.0013768278128725876,7.49773594953641e-14,1.0,7.49773594953641e-14,1.0,1.0,1.0,0.16210940852877262,1.0384246561984216,-17.96489759845551,-1.0093222776851425,11.6808155578345,-6.936658738906576,-1.9210771450799093,-113.70563399164917,71.20904644311807,12.541384591758122,-2.445670364201536,283.15,12.0,0.4
413,0.13852600940912008,0.10122318653801705,0.014022044090786468,4.5805221557437285e-12,0.6432708907154491,2.9465165670671217e-12,0.9723951421416934,1.0038868132233811,0.9761746604385214,7.613832888422645e-09,1.1522168818728629,8.772786789799404e-09,0.0022102215918615733,0.5013236247745442,0.0011080362999870068,0.4000346159938836,0.6043858194701222,0.241775249203879,0.856989154285577,0.6199322616959699,0.5312752246651743,0.1751441229112436,0.4699822526118064,0.08231462941754535,0.0003509999983374149,1.0,0.0003509999983374149,0.002548174974928578,0.5897903335032261,0.001502888968287701,7.984506749330457e-14,1.0,7.984506749330457e-14,1.0,1.0,1.0,0.14073623861481455,0.9955151636992775,-17.751479482360995,-1.0149431710666492,11.530691112700307,-6.715862870667657,-1.779923790804527,-111.60068295817457,70.20304958049702,12.409066901418255,-2.452936344686024,288.15,12.0,0.4
414,0.11877202897565604,0.10413347383042293,0.012368143971122713,6.377029750982861e-12,0.646405158916402,4.1221449295987e-12,0.9727261573570191,1.0036652062601101,0.9762913993583369,1.072349214399734e-08,1.1483848566330181,1.2314695988389697e-08,0.0023660562161202264,0.5116551140784119,0.0012106047631749303,0.4000358282879492,0.6136374762287528,0.24547697607169588,0.837393182171082,0.619355750697067,0.5186442829721764,0.1947308369947401,0.47462002483354043,0.09242315469029966,0.0003633869449604908,1.0,0.0003633869449604908,0.002716402727337422,0.5968549655474584,0.0016212984562379983,8.408799937928132e-14,1.0,8.408799937928132e-14,1.0,1.0,1.0,0.12113809591526842,0.9561652111531151,-17.546423578278482,-1.0206270039777126,11.384876743022966,-6.502492305422175,-1.6440510195145295,-109.57786933248417,69.23301564470373,12.283158119151858,-2.461023336696863,293.15,12.0,0.4
415,0.10054259906489023,0.10766241891847676,0.010824659419676662,8.762250025442577e-12,0.6491783363562329,5.688262894254171e-12,0.9730317200997806,1.00346447565721,0.9764027648077593,1.5021867509511015e-08,1.1448605784711663,1.7197943926655984e-08,0.0025134026862348733,0.5223879841530206,0.0013129713626270222,0.4000369657004461,0.6230488219440342,0.24924256021372895,0.8193131395401057,0.6180452124242972,0.5063725633690825,0.21280333234538257,0.479631106087524,0.10206709767192682,0.00037386987253893654,1.0,0.00037386987253893654,0.00287424068702406,0.6044627047860733,0.0017373712998847454,8.797598207582403e-14,1.0,8.797598207582403e-14,1.0,1.0,1.0,0.10305601677299261,0.919855738613758,-17.351148699822264,-1.0264826011325394,11.245020340041036,-6.296365215290851,-1.513198514427289,-107.63290493685078,68.29739216651059,12.163333686340938,-2.468905174526756,298.15,12.0,0.4
416,0.08544816877544946,0.10871730265172669,0.009289694425796361,1.1991482284847612e-11,0.6503108259919579,7.798190749527188e-12,0.9732843941160432,1.0033297708029052,0.9765252080744939,2.0926540228094986e-08,1.1419535050815113,2.3897135962702316e-08,0.0026503424728348155,0.5303716952893862,0.0014056666304148647,0.40003800222403524,0.6290268294555909,0.2516346362007335,0.8043575108139345,0.6157612462528538,0.4952921832916316,0.227754748229095,0.48207761745875866,0.10979546639120155,0.00038075796924973035,1.0,0.00038075796924973035,0.003018080349062038,0.6091098576407453,0.0018383424917655098,9.105191839732086e-14,1.0,9.105191839732086e-14,1.0,1.0,1.0,0.08809853217482451,0.8898056796013754,-17.162271455030695,-1.032335558064384,11.108006145853098,-6.097041040084254,-1.387108499193827,-105.7615445921129,67.39449120287082,12.049180076428877,-2.478324434666771,303.15,12.0,0.4
417,0.07167083187434638,0.11113953058123026,0.007965462610881132,1.6176471312648016e-11,0.6509441957646434,1.052998010892147e-11,0.9735149133976095,1.0032021973824796,0.9766323003050963,2.898264320459039e-08,1.1393078146760032,3.3020151892956154e-08,0.002781842950991124,0.5389967099292393,0.0014994041981240625,0.40003899377998275,0.6355268572122214,0.2542355244793318,0.7907134578055446,0.6128998117481482,0.4846281294357456,0.2413952751386634,0.4851061982541603,0.11710234419903402,0.00038684326141036975,1.0,0.00038684326141036975,0.0031556822033908844,0.6145746296270101,0.0019394022213695009,9.398912741722218e-14,1.0,9.398912741722218e-14,1.0,1.0,1.0,0.0744527038079807,0.8623842896960675,-16.98335423494216,-1.0384227334554252,10.977572449193792,-5.904419122058985,-1.2655587750794461,-103.96015744586605,66.52301084915902,11.940456586821918,-2.4871417712266064,308.15,12.0,0.4
418,0.06020195700327385,0.1123582632840438,0.006764187335188528,2.1631091657788108e-11,0.6509202995850781,1.4080116662239726e-11,0.9737064466314476,1.0031081061927591,0.9767328296681522,3.9897998413082567e-08,1.1371126752332354,4.5368519711951656e-08,0.0029044780888249472,0.5463297155196613,0.0015868026880008232,0.40003990952582963,0.6403603139748318,0.2561696820664236,0.7793688686098477,0.6099976228059425,0.47541315714096394,0.2527377999230011,0.4869213409143496,0.12306342843825029,0.0003912712011993226,1.0,0.0003912712011993226,0.003282767087275357,0.6187201129311622,0.0020311140229657106,9.656206412844665e-14,1.0,9.656206412844665e-14,1.0,1.0,1.0,0.06310647499009721,0.8395708256347525,-16.81186855198998,-1.0446166622780102,10.851393746787865,-5.718201320931865,-1.1483266555930352,-102.22516518110156,65.68156007224705,11.836858756754792,-2.49589566480727,313.15,12.0,0.4
419,0.050483605735028234,0.1132792669061089,0.0057187458484410335,2.861840568155953e-11,0.6502907629908093,1.8610284866241874e-11,0.9738683740737699,1.0030344483031137,0.9768235273089342,5.459475922816306e-08,1.135258351719153,6.197915637386835e-08,0.003020959247501302,0.553028669144445,0.0016706770721852495,0.4000407741975969,0.6442997738881672,0.257746180361559,0.7697685613722438,0.6069695475647637,0.46722607542568995,0.2623368480554524,0.4881301707448884,0.1280545304339838,0.0003947620132292216,1.0,0.0003947620132292216,0.0034027684302551605,0.6222613463102368,0.002117411264592547,9.893119978798442e-14,1.0,9.893119978798442e-14,1.0,1.0,1.0,0.05350461957728876,0.8202521671358904,-16.648407353830663,-1.0509768946396651,10.730246979105123,-5.538124841023788,-1.0352087892114854,-100.55325298616764,64.86884298053414,11.738111465987558,-2.504366686330801,318.15,12.0,0.4
420,0.04231137820918705,0.11392994599595291,0.004820533034387019,3.7461690040599096e-11,0.6490954954757336,2.4316214258260985e-11,0.974004112840781,1.0029782899855153,0.9769049795359055,7.425912255051916e-08,1.133704032594175,8.418786669242871e-08,0.003132500803761972,0.5591235351526499,0.0017514549232679113,0.4000415984222568,0.6473932107387231,0.25898421483163575,0.7617093708226021,0.6038698871293071,0.45997335178398024,0.2703953531396123,0.4887607984942833,0.13215864870966063,0.0003975747921167503,1.0,0.0003975747921167503,0.0035171620760586393,0.6252197390403029,0.0021989991553558325,1.0114832112216804e-13,1.0,1.0114832112216804e-13,1.0,1.0,1.0,0.045443953272071576,0.8040207490692509,-16.492771534155388,-1.057514547312239,10.61410403855744,-5.363929771030418,-0.9260129916504767,-98.94131748300823,64.0836346720161,11.643957782914129,-2.5125602874468496,323.15,12.0,0.4
421,0.035641693699808595,0.11369308673203328,0.004052214173088903,4.86226389960011e-11,0.646434128603242,3.143133326977003e-11,0.9741142266150747,1.0029483430383208,0.9769862495136445,1.0043235433835701e-07,1.1324410361935715,1.1373371941428887e-07,0.003243892627961962,0.5638136967153738,0.0018289510943189833,0.40004241403082347,0.6487386451211343,0.2595229736693443,0.7551525646393116,0.5999543790791442,0.45305708802820144,0.27695250401562793,0.48811569024674334,0.13518486266315216,0.0003993351747701788,1.0,0.0003993351747701788,0.003630366613903613,0.6267045973868725,0.0022751674471332066,1.0307829135606878e-13,1.0,1.0307829135606878e-13,1.0,1.0,1.0,0.038885686760124896,0.7907942583877428,-16.344449033447887,-1.0642195699229615,10.502637196474527,-5.195254639934069,-0.8205552013813311,-97.38634465404182,63.32467563528231,11.554107048520683,-2.5216117058766803,328.15,12.0,0.4
422,0.030063946651520405,0.11326690408690146,0.0034052501618514843,6.243123164861031e-11,0.6433602770015042,4.016577448699501e-11,0.9742057727895206,1.0029301218858453,0.977060314445688,1.3503715883979975e-07,1.1313890342968855,1.5277956073395623e-07,0.003353162829112912,0.5680221407863059,0.0019046707285977817,0.4000432125150437,0.649406340618578,0.25979059872869464,0.7496855520648805,0.5960417059682317,0.446843855392487,0.2824200801660198,0.4870246272693402,0.13754553427623298,0.0004008324764664891,1.0,0.0004008324764664891,0.003741203314094694,0.6277254612289669,0.0023484485758914317,1.0493919880557814e-13,1.0,1.0493919880557814e-13,1.0,1.0,1.0,0.033417244517792155,0.7797494987788323,-16.203619555603613,-1.0711256084219367,10.396143854439767,-5.031982518122435,-0.7186694979847507,-95.88574006805429,62.590991265143565,11.468395476774184,-2.5304341223643396,333.15,12.0,0.4
423,0.025630766190854987,0.11150619010956804,0.002857989087531365,7.938642202593542e-11,0.6398773414937551,5.079757267665684e-11,0.9742778555926329,1.0029259718851273,0.977128565206399,1.8051020143693677e-07,1.1305574781754748,2.0407715812149033e-07,0.0034599083909579507,0.5715162989923733,0.001977394038452945,0.40004399063881163,0.6491509113573766,0.2596889211062264,0.7453605558520764,0.5922412351099368,0.44143325620006274,0.2867458989666536,0.4852832723552297,0.13915298818497973,0.00040201821622493143,1.0,0.00040201821622493143,0.0038492255533295705,0.6280304608348942,0.0024174308981150215,1.0671365836117406e-13,1.0,1.0671365836117406e-13,1.0,1.0,1.0,0.029090855092014374,0.7709913221223177,-16.069684199674825,-1.0782147804733002,10.294157039651507,-4.873899674455392,-0.6201963897522434,-94.43697321665435,61.88156801381727,11.38662503219195,-2.539070975522362,338.15,12.0,0.4
424,0.021721534377583937,0.11078031457388665,0.0024063184113762414,9.97813445207381e-11,0.6361568888496842,6.347658969555124e-11,0.9743409486426967,1.0029253481432567,0.9771912351277077,2.399417669175555e-07,1.129827368919593,2.7109277521038e-07,0.003567692350577539,0.5749717935852754,0.002051322469772035,0.40004477747338407,0.6487295492008588,0.2595208681504663,0.7415605762394617,0.5883587842089846,0.43630367905356365,0.2905465672495131,0.48350370901434747,0.14048034290652614,0.0004033603560437651,1.0,0.0004033603560437651,0.003958470510600427,0.628325550292811,0.002487208161890879,1.0851803031493981e-13,1.0,1.0851803031493981e-13,1.0,1.0,1.0,0.025289466669928394,0.7632821107168271,-15.943226019427302,-1.0855473043437982,10.197386413930243,-4.720785687547037,-0.5249863204655065,-93.03765468566492,61.19543110868937,11.308603050807369,-2.5475118229044567,343.15,12.0,0.4
425,0.018306691603439125,0.11099358972428906,0.00203192541704121,1.2404378188382436e-10,0.6322345828050009,7.842476868887413e-11,0.9743955465569811,1.0029288445371611,0.9772493996305487,3.1717249024091036e-07,1.1291928791102397,3.581489174296981e-07,0.0036767309427673082,0.5783060882402054,0.0021262758890234854,0.40004557452229234,0.6480586184395127,0.2592529823377579,0.7382562763862383,0.5844411972816508,0.43146738207186636,0.29385143717348683,0.48161290010533336,0.14152264285724314,0.00040484745842865757,1.0,0.00040484745842865757,0.004069150664857393,0.6285157933903732,0.0025575254585478084,1.1034911096450909e-13,1.0,1.1034911096450909e-13,1.0,1.0,1.0,0.021983739718696674,0.7565629681137211,-15.823847246722577,-1.0931179565217268,10.105546753564788,-4.572449687562621,-0.4328980971276748,-91.68556068561912,60.53167905030066,11.234160212368868,-2.5557962131421887,348.15,12.0,0.4
426,0.01583255455823643,0.10827131462145549,0.0017142114958361757,1.5314756675845619e-10,0.6271059785784269,9.60397547189667e-11,0.9744339354939443,1.002954776085958,0.9773131695838878,4.170282698535054e-07,1.1287399967726073,4.7071648796853197e-07,0.003789655477814915,0.5801026828715757,0.002198389309839396,0.4000463945599794,0.6455838314247998,0.2582634841477087,0.7358966319907589,0.579905766463173,0.42675070041226865,0.2962124294951034,0.478403643851849,0.14170910562466638,0.0004056160391739387,1.0,0.0004056160391739387,0.004183043494535913,0.6270919150460018,0.0026231527557092457,1.1194346494789583e-13,1.0,1.1194346494789583e-13,1.0,1.0,1.0,0.0196226270643212,0.7517291867021431,-15.710332647826217,-1.100862653103872,10.017548957781349,-4.428615128156943,-0.34379462412930045,-90.37850720761843,59.88937246726722,11.163095653359361,-2.565140841634421,353.15,12.0,0.4
427,0.013603238383417354,0.10673799135775257,0.001451982341006649,1.8705399273913297e-10,0.6218889069236504,1.1632680308024393e-10,0.9744680293465922,1.0029821503834184,0.9773740395539371,5.453852430342025e-07,1.1283348435873077,6.153771728938232e-07,0.003905574492239928,0.5819069106142799,0.0022726807869532704,0.4000472382997755,0.6430324257963641,0.25724334607704075,0.7337848738843232,0.5753305345321269,0.422168843723457,0.29832533065113015,0.47521962298024534,0.1417700511574871,0.0004066506713085115,1.0,0.0004066506713085115,0.004300253861397072,0.6256991810299544,0.0026906653192970476,1.1359175403346473e-13,1.0,1.1359175403346473e-13,1.0,1.0,1.0,0.017509358260900314,0.7473881124547945,-15.603535576008127,-1.1088594909902512,9.934320207122813,-4.28921035659339,-0.25755461923754736,-89.11463095543036,59.267797199637506,11.095309157971162,-2.5743766447577583,358.15,12.0,0.4
428,0.011850724239200004,0.10397167660929973,0.0012321396681840924,2.263745332242463e-10,0.6165306658323539,1.3956684169623293e-10,0.9744939186843742,1.0030156608704568,0.9774326618634487,7.094435131836243e-07,1.1280215342240179,8.002675601866689e-07,0.004022841555461051,0.5833679310537417,0.00234679675516633,0.4000480924791309,0.6400312151502637,0.25604326674796324,0.7321513202503769,0.5708506095782795,0.4179490274684698,0.29995998938308216,0.47175343342747067,0.14150715488233664,0.0004077501993988941,1.0,0.0004077501993988941,0.0044189485806772864,0.6239707069822602,0.0027572944700034615,1.1524111375613385e-13,1.0,1.1524111375613385e-13,1.0,1.0,1.0,0.015874275238174237,0.7440020447159515,-15.502726772592059,-1.1170759156983985,9.855217749183145,-4.154086085271606,-0.17405974574772523,-87.89209805393101,58.66620380485189,11.030671525599528,-2.5835212734901267,363.15,12.0,0.4
429,0.0101634617245694,0.10336606044311597,0.0010505569989331367,2.711087527142323e-10,0.6111599067762821,1.6569080003506436e-10,0.9745185400559964,1.0030484620447067,0.97748932283722,9.180893355509607e-07,1.1277216414566718,1.035349212491395e-06,0.004144284980367542,0.584960430395374,0.002424242725796882,0.4000489794996807,0.6371049942853111,0.25487320279798864,0.7305872979966693,0.5663050556198063,0.41373528042712776,0.30152486522497013,0.46842384415680516,0.1412414364775431,0.0004091860000213749,1.0,0.0004091860000213749,0.004542245113620657,0.6223951923412043,0.0028270715211528245,1.169661966511518e-13,1.0,1.169661966511518e-13,1.0,1.0,1.0,0.014308664794272494,0.7407507599923473,-15.408281519586103,-1.12555716415599,9.780701605068458,-4.023083510263204,-0.09319836349232404,-86.70916418855123,58.083864790805606,10.969053768640775,-2.5925874663099107,368.15,12.0,0.4
430,0.008824731644684345,0.10173150270963235,0.0008977532112229838,3.21855459216546e-10,0.6056984000067162,1.9494733668088901e-10,0.9745371219514958,1.0030860856195896,0.9775446269493065,1.1819802348069657e-06,1.1274890495667922,1.3326697715492387e-06,0.004267830210237262,0.5862862563701705,0.0025021701967835215,0.40004988278532005,0.6338301679520565,0.2535636843950199,0.7293739943500213,0.5618401023545729,0.40979155964037967,0.3027389644613455,0.4648842201518786,0.1407385674031999,0.00041072177908651385,1.0,0.00041072177908651385,0.004667853925605158,0.6205598189883333,0.002896682587137517,1.1870389789996015e-13,1.0,1.1870389789996015e-13,1.0,1.0,1.0,0.013093743835156414,0.738198726316561,-15.31943724332161,-1.134265714653131,9.710082693652165,-3.896073341555289,-0.014864782230828981,-85.56420636007243,57.520112042017956,10.910346375158346,-2.601588655191059,373.15,12.0,0.4
431,0.007812718527576553,0.09841127721540832,0.0007688596088232927,3.795156956633808e-10,0.5992629838238301,2.274297081912144e-10,0.974549808092296,1.0031381992863662,0.9776081396045795,1.5143850893360814e-06,1.1273208696042893,1.7071979158261209e-06,0.004400343223012156,0.5865085154783494,0.002580838771324075,0.4000508478776864,0.6293184906021347,0.25175939575048983,0.7284965546265554,0.5566365937036295,0.40550784069215584,0.3036178189547096,0.4604804555591779,0.13981007158814865,0.0004117979003606536,1.0,0.0004117979003606536,0.0048021078955099,0.6175842563714222,0.0029657062336638164,1.202620219724429e-13,1.0,1.202620219724429e-13,1.0,1.0,1.0,0.012214576135678046,0.7363092735336476,-15.23589105106188,-1.1431955105274072,9.643152805871672,-3.7728198292104222,0.06104498507963359,-84.45558026780614,56.97420649991863,10.854394668509364,-2.6117894110251085,378.15,12.0,0.4
432,0.006944676052662722,0.0951332119053068,0.0006606693385316722,4.4359300940462836e-10,0.5928308755887557,2.629756321703974e-10,0.9745598936380638,1.0031920241914851,0.9776707123946078,1.9306575211055466e-06,1.127181045813628,2.176200563747697e-06,0.004536603178680921,0.5866610754012419,0.0026614484994736424,0.4000518419383894,0.6247020262244117,0.24991319625371994,0.7277669682229054,0.5514722516620398,0.40134328865114177,0.30434870590418617,0.45605690607073573,0.1388003291812954,0.00041306301261687854,1.0,0.00041306301261687854,0.004940465539916269,0.614559767989193,0.003036211355969545,1.2185663459544454e-13,1.0,1.2185663459544454e-13,1.0,1.0,1.0,0.011483209888864749,0.7347116447191611,-15.157775152608929,-1.1523723718510066,9.580084492210732,-3.6533088267234697,0.13462130252763715,-83.38194229977712,56.44563978114392,10.80115010721752,-2.621938610914243,383.15,12.0,0.4
433,0.006069840167989295,0.09393168077538054,0.0005701502890171527,5.138078656413727e-10,0.5864528232000862,3.013240733877935e-10,0.9745699144281867,1.003245116321602,0.97773250716404,2.449433000765845e-06,1.1270409160834145,2.760611213068087e-06,0.0046778004653963015,0.5869148561899342,0.002745470587433278,0.40005287427039593,0.6201706420328629,0.2481010478833636,0.7270356967674915,0.5462871213376622,0.3971702378968344,0.30508110578400505,0.45176026465547103,0.13782352109036586,0.0004145990240437428,1.0,0.0004145990240437428,0.005084236425523626,0.6116593861095988,0.003109820930871842,1.235131846482474e-13,1.0,1.235131846482474e-13,1.0,1.0,1.0,0.010750090066386362,0.7331055374492886,-15.085116958177966,-1.1618145719828483,9.520966170278733,-3.537424082986728,0.20595370775543584,-82.34192026450096,55.93383366688419,10.750520493524645,-2.632044330836881,388.15,12.0,0.4
434,0.0054330148428795005,0.09076198093389329,0.0004931111895829883,5.90610265878574e-10,0.5800541845940392,3.425859561870652e-10,0.9745757576182309,1.0033019039089557,0.9777937131218839,3.092619877254745e-06,1.1269469712765474,3.4852186039818843e-06,0.004821811823289556,0.5869472817187512,0.0028301493426391403,0.4000539282855728,0.6153854504650584,0.2461873668683334,0.7265454131774415,0.541204492296688,0.3932096414691846,0.30557250337400443,0.44731536924477927,0.13668727717779436,0.00041620542391455423,1.0,0.00041620542391455423,0.005231140599425851,0.6085539315399653,0.003183431178218933,1.2517596178067706e-13,1.0,1.2517596178067706e-13,1.0,1.0,1.0,0.010257919286046312,0.7319784286109312,-15.017294881821202,-1.1714898652689318,9.465230444276152,-3.4250664644554107,0.27512710686764696,-81.33422751695281,55.438249510961434,10.702425115505703,-2.6421043250029332,393.15,12.0,0.4
435,0.00482423074542323,0.08872754604126631,0.0004280421555782323,6.733232960219759e-10,0.5737029104829716,3.8628753462379464e-10,0.9745809540266477,1.0033588684916852,0.9778544432857242,3.886341013605822e-06,1.1268593074962248,4.379359543286035e-06,0.004970318000663518,0.5870086577407355,0.0029176196981141097,0.40005501718756925,0.6106201185932695,0.24428164203890596,0.7260878786328451,0.5361332490730388,0.3892798534839775,0.3060310462310961,0.4429364316923377,0.13555229960467452,0.0004180075536784438,1.0,0.0004180075536784438,0.005383036395993109,0.6054974759938813,0.0032594149509570275,1.268828646492327e-13,1.0,1.268828646492327e-13,1.0,1.0,1.0,0.009798435087100354,0.7309121100515916,-14.954467983374549,-1.1814252115138795,9.413089306174227,-3.3161327755016967,0.3422220234971598,-80.35763710191455,54.958365527602474,10.656783804838959,-2.6521272114585,398.15,12.0,0.4
436,0.004236704288650211,0.08801041375534378,0.00037287409740314456,7.628944948575208e-10,0.5664612557092777,4.3215017353068627e-10,0.9745853195690797,1.0034271629243103,0.977925382242884,4.862346093846876e-06,1.126778362987241,5.478786371902185e-06,0.0051322625306285995,0.5861464405157293,0.0030082574141202033,0.40005620092490185,0.604896102860255,0.24199243686455224,0.7256653921659879,0.5301980726883324,0.3847463923430297,0.30645524654275375,0.43790979146821757,0.1341997531078785,0.00041934891993921345,1.0,0.00041934891993921345,0.005548274353297976,0.6015118824332409,0.003337352950508337,1.2840388884363208e-13,1.0,1.2840388884363208e-13,1.0,1.0,1.0,0.009373829165372657,0.7299020972175327,-14.896386697240589,-1.1916155143227318,9.364365308272133,-3.210425387506313,0.4073196004206089,-79.41088708571235,54.49359455054288,10.613476207357987,-2.663532639305031,403.15,12.0,0.4
437,0.0038111964192558572,0.08542003278834857,0.00032555252309567214,8.583013831511635e-10,0.5592509174243713,4.800058359538958e-10,0.9745867774109666,1.0034981056848147,0.9779959849573732,6.055467048157362e-06,1.126729189932059,6.8228714818306265e-06,0.005297765958564016,0.5851268881264026,0.0030998653093565506,0.4000574121951837,0.5990198490120564,0.23964233064931295,0.7254087495974759,0.5243698142591812,0.3803824512884133,0.30671362941238384,0.43280654621293124,0.13274766662240678,0.0004207348920759159,1.0,0.0004207348920759159,0.005717550051133968,0.5973960473620333,0.0034156418011420243,1.2992549205980072e-13,1.0,1.2992549205980072e-13,1.0,1.0,1.0,0.009115017844868031,0.7292199468750331,-14.84272776091779,-1.2020487185218687,9.31875348240115,-3.1079732946059817,0.470487728728931,-78.49299765885078,54.04357561717685,10.572487944533057,-2.674899377215928,408.15,12.0,0.4
438,0.0033991086817563767,0.08389620149360774,0.00028517230686330434,9.584611412545703e-10,0.5521203603933471,5.291859107324929e-10,0.9745878225896314,1.003569219085294,0.9780663400463135,7.507392116890144e-06,1.126683576542896,8.458455400767724e-06,0.005468099021868397,0.5841273250250577,0.0031940660546161234,0.400058661044869,0.5931837634007194,0.23730830213964815,0.725170682885412,0.5185819055786486,0.3760603946004868,0.30695340713430613,0.42777568986884734,0.13130720549447097,0.00042224714743595103,1.0,0.00042224714743595103,0.005892299279316734,0.5933283621976068,0.0034960682809751357,1.3147379087813457e-13,1.0,1.3147379087813457e-13,1.0,1.0,1.0,0.008874715095741665,0.7285697925256294,-14.793586988184877,-1.2127458410486422,9.276391727168942,-3.008694047382377,0.5317954337879761,-77.60292942912922,53.60786307474712,10.533755515608437,-2.686234611797031,413.15,12.0,0.4
439,0.0030109741559835473,0.0832183704705514,0.00025056836278989465,1.0626583875072844e-09,0.5450673311429869,5.792203711953049e-10,0.9745882811009935,1.0036406897046535,0.9781364546222738,9.266088303455365e-06,1.1266435032510864,1.043957818763886e-05,0.005643025757923181,0.5831297446105662,0.00329061616904859,0.4000599458985611,0.5873724487442936,0.23498419006694746,0.7249615342933016,0.5128436479303308,0.37179191785614635,0.3071642639933617,0.42280155779906353,0.12986952931659615,0.0004238550715951834,1.0,0.0004238550715951834,0.00607235139414683,0.5892901135026127,0.003578376642284535,1.330417013577712e-13,1.0,1.330417013577712e-13,1.0,1.0,1.0,0.008663266002210184,0.7279725095119436,-14.748802283525547,-1.223706880358086,9.237156172394243,-2.912514495782618,0.5913083332779507,-76.73970080811287,53.18603675897228,10.497221716762589,-2.697537557601903,418.15,12.0,0.4
440,0.002700594244714583,0.08172964948970741,0.000220718621034444,1.1703143402287208e-09,0.5380723757634793,6.297138174369356e-10,0.9745872563945301,1.0037134839233146,0.9782063705030185,1.1386510796124938e-05,1.1266191398382697,1.2828260998889439e-05,0.005821801425264027,0.5820643136575901,0.003388662850847087,0.4000612613371912,0.5815161310341402,0.23264207686944152,0.7248344057349256,0.5071823431150134,0.3676232122710179,0.3072931462825756,0.4178262814578511,0.12839515262873205,0.00042549647119908266,1.0,0.00042549647119908266,0.006257009370779853,0.5852112603733902,0.003661672340042192,1.346121692038033e-13,1.0,1.346121692038033e-13,1.0,1.0,1.0,0.008533782180774734,0.7275350011499545,-14.708148287195977,-1.2349258798482856,9.200856777127063,-2.8193674359282372,0.6490888905389385,-75.9023815601064,52.7776977758973,10.462833843792485,-2.7088070046862107,423.15,12.0,0.4
441,0.002716067505197113,0.07161139502708523,0.0001945013830349003,1.2846503765634715e-09,0.5300350447642125,6.809097198481817e-10,0.9745802074710899,1.0038047125676348,0.9782882050346233,1.3934232222998735e-05,1.1266597431074505,1.5699138496763317e-05,0.006013345155900546,0.5795348475178917,0.003484943067997276,0.40006266521219774,0.5742185997976048,0.22972342344944613,0.7250464840538597,0.5007641376858161,0.36307727736936385,0.30708397339200005,0.41182415124364136,0.12646459670268534,0.0004262144264506434,1.0,0.0004262144264506434,0.0064543665680174426,0.5796979906150571,0.0037415833301727122,1.3584903029800538e-13,1.0,1.3584903029800538e-13,1.0,1.0,1.0,0.008743346893320658,0.7277625528437071,-14.670985138938,-1.2463607750628558,9.166910466311741,-2.729083934489368,0.705201947401947,-75.08998226436852,52.38237061968987,10.430495045731774,-2.721668657665142,428.15,12.0,0.4
442,0.002497834990744494,0.06894469635971127,0.00017221247499354128,1.3993266664183332e-09,0.5221867474999932,7.307098406269969e-10,0.9745768681725953,1.0038921484951604,0.9783700660634713,1.6979796757843013e-05,1.126657137162446,1.913040920479159e-05,0.006212392945680275,0.5773132642189968,0.0035864968500817487,0.40006412818426357,0.5672930913588947,0.226953616019452,0.7250329643120551,0.4943011831307327,0.3583846520682311,0.30710035235611743,0.40614461975130683,0.12472715583316768,0.0004271311165088097,1.0,0.0004271311165088097,0.006660422243831426,0.5745292566943062,0.0038266074410186917,1.371404305971101e-13,1.0,1.371404305971101e-13,1.0,1.0,1.0,0.008727207733182613,0.7275308007021264,-14.638243781209596,-1.2581019668880926,9.136255043877958,-2.641711385926026,0.7596988783060339,-74.30176972523037,51.99978835688713,10.400207195646386,-2.734515704307825,433.15,12.0,0.4
443,0.0022761027420323578,0.06717951214081788,0.00015290747179211168,1.5143926804436078e-09,0.5144507573087093,7.790804613169797e-10,0.9745733942543743,1.003979582416549,0.9784517893977853,2.0603429450619078e-05,1.1266548925955402,2.3212954594787037e-05,0.0064161826033703575,0.5751193481663294,0.0036900707565665027,0.40006562958792624,0.5604481354626,0.2242160361652244,0.7250213335829624,0.48790607230389743,0.353742311204997,0.30711492845286437,0.40055616484442286,0.12301677790754867,0.00042806085269007476,1.0,0.00042806085269007476,0.0068723889691294955,0.5694253468608111,0.003913312472508976,1.384311689792729e-13,1.0,1.384311689792729e-13,1.0,1.0,1.0,0.008712888774853335,0.7272974378393875,-14.609423927814829,-1.2701191219397816,9.108417687254967,-2.5572000898955585,0.8126336194531848,-73.53695109880306,51.6296101642944,10.371929923143405,-2.7473336953241163,438.15,12.0,0.4
444,0.0020587271868407644,0.06612189714697161,0.00013612694730195916,1.628667554561126e-09,0.5068240137766911,8.254478271105393e-10,0.9745696594819807,1.004067138047257,0.9785333688237623,2.4895623803150436e-05,1.126654462433024,2.8048765652873235e-05,0.0066243572744347935,0.572941342156925,0.0037953681477416582,0.40006716729559527,0.5536730905512152,0.22150642494462228,0.7250191781239257,0.481584095581242,0.3491577051758661,0.30712013880766936,0.395048183943767,0.12132725308852743,0.00042897476093857055,1.0,0.00042897476093857055,0.007090062001212106,0.5643739952615741,0.004001446618276348,1.3971440236997604e-13,1.0,1.3971440236997604e-13,1.0,1.0,1.0,0.008707980085078709,0.727077906939434,-14.584411257601113,-1.2824138595641248,9.083310371358245,-2.47550098278641,0.8640576829112729,-72.79476935344272,51.271508067445296,10.345624232929486,-2.760122022698526,443.15,12.0,0.4
445,0.0018851986395867974,0.06442804835448986,0.00012145966910911668,1.7412092519592923e-09,0.4992912138638124,8.693704810016544e-10,0.9745650120457933,1.0041555322095361,0.9786148483436367,2.995695946560367e-05,1.1266632721120242,3.375140597404428e-05,0.006836104241309973,0.5707290336912864,0.0039015631678557474,0.4000687357976913,0.54691772597884,0.21880468321770272,0.7250652662466708,0.47535398354311786,0.34466266263910633,0.3070772532897543,0.3895798036708189,0.11963109604839683,0.00042982044015098573,1.0,0.00042982044015098573,0.007312777379950759,0.5593253785192909,0.004090221976068265,1.409755568255534e-13,1.0,1.409755568255534e-13,1.0,1.0,1.0,0.008751259840362374,0.7269504666274668,-14.563043490041517,-1.2949830807617702,9.060795110126016,-2.396569377359301,0.9140202498043211,-72.07450490277736,50.925169915653115,10.32125422826391,-2.7728806024841424,448.15,12.0,0.4
446,0.0017286705713326956,0.06283543710465299,0.00010862177095964014,1.855170049889127e-09,0.49072760519278963,9.103831558074787e-10,0.9745593388425637,1.004260011544702,0.9787109728770301,3.59087479701353e-05,1.1266794603057675,4.045764878324789e-05,0.007068230059741621,0.5672212961968096,0.004009250616303896,0.40007045037008965,0.5389862291372673,0.2156324634342229,0.7251498856883811,0.46813029794146244,0.33946463203951927,0.30699721323489076,0.3832992880469056,0.1176718132653177,0.00042966634294736966,1.0,0.00042966634294736966,0.007556652736163922,0.5530500066463494,0.00417920684595961,1.4187023884217215e-13,1.0,1.4187023884217215e-13,1.0,1.0,1.0,0.008832809379044453,0.7268785581148838,-14.545175300808149,-1.3078245671456832,9.040775786326353,-2.320244657365771,0.9625748030944894,-71.37535334443452,50.59019145588149,10.29873337120122,-2.78758447820461,453.15,12.0,0.4
447,0.0018018415676958114,0.05394168264233002,9.719436601640586e-05,1.9672046138500647e-09,0.48222843283323547,9.48641997999227e-10,0.974549647925943,1.0043685543229643,0.9788070210033333,4.2865321250211386e-05,1.1267400639911358,4.8298074808463756e-05,0.0073015107924798445,0.5634673276570991,0.004114162774098088,0.40007217868888867,0.5308804939647752,0.21239051584392102,0.72546638850641,0.4611171335387005,0.33452498154674903,0.30668557745296293,0.37690699684661083,0.11559193997396491,0.00042926007577561315,1.0,0.00042926007577561315,0.00780344040389161,0.5465830700141409,0.004265228412631462,1.4268356918156174e-13,1.0,1.4268356918156174e-13,1.0,1.0,1.0,0.009146217681425867,0.7272682320413104,-14.53045901074241,-1.3209171281951348,9.022897652301095,-2.246614472995209,1.0097596503425277,-70.69678783788214,50.26640074692623,10.278086901103732,-2.802252709158433,458.15,12.0,0.4
448,0.0016599464901921655,0.052606190360876826,8.732346105191845e-05,2.0720082504826694e-09,0.47394247466076017,9.820127177512677e-10,0.9745433388331958,1.004473462329861,0.9789029217482831,5.0964206866820943e-05,1.1267610286069842,5.742448215139826e-05,0.007541662174106666,0.5600015644256108,0.004223342615869185,0.4000739650795136,0.5231469125829276,0.2092974596361575,0.7255759421880855,0.4541037291620549,0.3294867411378812,0.3065809952737553,0.3708223607841302,0.11368708843896222,0.000428899224883969,1.0,0.000428899224883969,0.008059428752333822,0.5404457425568843,0.004355683956639355,1.4351511810493727e-13,1.0,1.4351511810493727e-13,1.0,1.0,1.0,0.009252572871165652,0.7272358907502859,-14.519596313554215,-1.334334629840207,9.007882887759452,-2.175640520793915,1.055617617562567,-70.03818319374942,49.953522555119136,10.25928423271923,-2.816900484632019,463.15,12.0,0.4
449,0.0015480202584447751,0.05078264164762443,7.861255804786397e-05,2.170529283867077e-09,0.4657847618114101,1.010999465490717e-09,0.9745363473042862,1.0045790125665044,0.9789987614851078,6.034904765311842e-05,1.1267885757589817,6.800061745346825e-05,0.0077848684194157785,0.5565259383394561,0.004332481201964564,0.4000757816469756,0.515480905337517,0.20623142612699774,0.7257198595653126,0.44720543796255957,0.32454586763503285,0.30644228059146644,0.3648092755637725,0.11179298638468319,0.0004283850675566846,1.0,0.0004283850675566846,0.008320890561094429,0.5343460955860482,0.004446235383119611,1.443019296380478e-13,1.0,1.443019296380478e-13,1.0,1.0,1.0,0.009393237725513672,0.7272678819942866,-14.512087234439019,-1.3480420984585102,8.995249074017794,-2.107293576980616,1.1001897242440588,-69.39894933331031,49.65130001637716,10.242299976883277,-2.8315214180432533,468.15,12.0,0.4
450,0.0014320646503636829,0.049527939621343206,7.092721153707245e-05,2.2612585767127602e-09,0.4577651473532146,1.035125365572638e-09,0.9745292482610988,1.0046845758895975,0.9790945044812103,7.117628021593817e-05,1.1268162159348316,8.020258673724072e-05,0.008031089989800908,0.553081529675256,0.004441847536518724,0.4000776292593152,0.5079240688313742,0.20320905730180144,0.7258642608682082,0.4404058113561419,0.31967483874208946,0.3063033118587284,0.3588983696490438,0.10993175924420025,0.00042772116144566456,1.0,0.00042772116144566456,0.008588102720894759,0.5283234062453095,0.004537295682687729,1.4504722324639193e-13,1.0,1.4504722324639193e-13,1.0,1.0,1.0,0.00953433092038053,0.7272963277798303,-14.507925810567485,-1.3620489556859392,8.985007048971031,-2.041545251471765,1.1435151599413087,-68.77852157613806,49.35948566884404,10.227109636577472,-2.846115894709772,473.15,12.0,0.4
