,mCO3-2,gCO3-2,aCO3-2,mH+,gH+,aH+,mH2O(aq),gH2O(aq),aH2O(aq),mCO2(aq),gCO2(aq),aCO2(aq),mHCO3-,gHCO3-,aHCO3-,mCl-,gCl-,aCl-,mNa+,gNa+,aNa+,mNaCO3-,gNaCO3-,aNaCO3-,mNaHCO3,gNaHCO3,aNaHCO3,mOH-,gOH-,aOH-,mNaOH,gNaOH,aNaOH,mNaCl,gNaCl,aNaCl,mDIC,I,pE,Eh,pH,logSI_CO2g,logSI_H2Og,logSI_O2g,logSI_CH4g,logSI_H2g,logSI_NaCl,T,pH_bo,salt_lvl
0,1.669560674756431e-05,0.3100867592095602,5.1770865893894805e-06,1.2731525422350989e-07,0.7854518345513584,9.999999999622837e-08,0.9951590051057183,1.0003437711912024,0.9955011121023394,0.008203773727877707,1.0213603051816063,0.008379008838346016,0.030181561781880133,0.7293289414231285,0.022012286504875387,0.09998928332862596,0.7649141956741924,0.07648322223335485,0.13020743624972972,0.7555654815404531,0.09838024427017492,3.312131667482278e-06,0.7229902988252719,2.394639064021658e-06,0.0014212064220461157,1.0,0.0014212064220461157,1.5109315528378333e-08,0.75915205255752,1.147026789610763e-08,9.998928332862569e-17,1.0,9.998928332862569e-17,1.0,1.0,1.0,0.038402031116505406,0.13022425917173167,-11.820009954959986,-0.6406304748480611,7.000000000016379,-0.9686913052188619,-2.2117635269225175,-111.74823471893727,66.92030032514135,9.619013109851512,-3.6715551091749754,273.15,7.0,0.1
1,1.7311967029399178e-05,0.30786518940130153,5.329752008415063e-06,1.4725323685502148e-07,0.7832226028652219,1.153320634499189e-07,0.9951582187718924,1.0003429936798616,0.9954995517513934,0.00820565486669983,1.0213679541498097,0.008380992923660638,0.03022311996690116,0.729018332610827,0.02203320852456728,0.09998927995058651,0.7644383473063202,0.07643563991377532,0.13025148883229956,0.7551195943121731,0.0983554514056026,4.591007693229013e-06,0.7210927591818772,3.3105424049357346e-06,0.0013758705163946798,1.0,0.0013758705163946798,2.1226296766340535e-08,0.7579337966848295,1.6088127697671428e-08,9.998927995058658e-17,1.0,9.998927995058658e-17,1.0,1.0,1.0,0.03844608680063039,0.13026894805256584,-11.723928957788212,-0.6470543921203447,6.938049937774247,-0.884682635724837,-2.059198893038345,-109.61696385290537,65.98946529031231,9.54886674654301,-3.6766445257406772,278.15,7.0,0.1
2,1.8188459986879847e-05,0.30272935696820075,5.506180796069986e-06,1.6674156171563666e-07,0.7810011907582964,1.3022535824881015e-07,0.9951574880639726,1.000342436521791,0.9954982663328195,0.008208248041257927,1.0213750618158044,0.008383699850539276,0.030260589259092453,0.7287090408777898,0.022051164975390003,0.09998927529401873,0.7638653823444151,0.07637834600280659,0.1302924235165674,0.7546028636613189,0.09831903589897513,6.319068794359729e-06,0.7192005068322936,4.544677479611649e-06,0.0013332016408376284,1.0,0.0013332016408376284,2.9716249769647113e-08,0.7567173609823385,2.2486802103979387e-08,9.998927529401903e-17,1.0,9.998927529401903e-17,1.0,1.0,1.0,0.03848702576033726,0.13031077871811594,-11.641274422651346,-0.6540420033587282,6.885304439153338,-0.8070921378122745,-1.9125179572802005,-107.57606739055485,65.0965982176232,9.485160479010682,-3.681674303891846,283.15,7.0,0.1
3,1.897859297013729e-05,0.3005627795712253,5.7042586554553795e-06,1.8521865327645586e-07,0.7787874164177844,1.4424595645755235e-07,0.9951568119020175,1.0003420758053532,0.9954972309699015,0.008211346931289084,1.0213816385299732,0.008386918983218108,0.030294581825749928,0.7284029005978284,0.022066661274274504,0.09998926973217782,0.763206027225006,0.07631241331742496,0.13033029999962142,0.7540212183595737,0.09827181159488328,8.635035577846824e-06,0.7173154333012072,6.194044287094537e-06,0.0012930018690555413,1.0,0.0012930018690555413,4.1438828816839614e-08,0.7555047361170877,3.130723143026756e-08,9.998926973217812e-17,1.0,9.998926973217812e-17,1.0,1.0,1.0,0.038524907350009144,0.13034946381124482,-11.570824768143899,-0.6615634259502604,6.840896352264332,-0.7353979981323407,-1.771411264495236,-105.62021808563927,64.2396097605803,9.42734699145989,-3.6866435977856296,288.15,7.0,0.1
4,1.9842916204637e-05,0.2984123451194167,5.921371158633798e-06,2.0220988384877668e-07,0.7765813411106701,1.5703242278511576e-07,0.9951561893803277,1.0003418959148986,0.995496429216163,0.008215286822222105,1.0213876931314305,0.008390992855762476,0.0303246533136372,0.7280988741348456,0.02207934593618876,0.09998926266306533,0.7624671903713958,0.07623853217001492,0.1303651692111533,0.7533809361457642,0.09821463322109963,1.1712079064815859e-05,0.7154365911274796,8.379249921147373e-06,0.0012550463078284252,1.0,0.0012550463078284252,5.753286050694524e-08,0.7542948993897786,4.339674322769239e-08,9.998926266306519e-17,1.0,9.998926266306519e-17,1.0,1.0,1.0,0.038559783052063944,0.13038521433724176,-11.511440211962599,-0.6695886875516008,6.804010668718827,-0.669102649281358,-1.6355907763450994,-103.74447967634336,63.41654647490177,9.37492353425088,-3.6915529711562303,293.15,7.0,0.1
5,2.0759456428852127e-05,0.29650394540291625,6.155260735574588e-06,2.1732717285305563e-07,0.7743830049175402,1.682944691641828e-07,0.9951556209241824,1.0003418801229942,0.9954958448502622,0.008220262517478335,1.021393221364705,0.008396120413190735,0.030350606737450925,0.7277970209502583,0.02208908116754962,0.09998925373842876,0.7616562682084786,0.07615744186336233,0.1303970066762705,0.7526874992689208,0.09814819686731482,1.5765114691718693e-05,0.7135641185115876,1.1249420168230329e-05,0.0012191440581515941,1.0,0.0012191440581515941,7.950001429734932e-08,0.7530879571719263,5.987050336232962e-08,9.998925373842911e-17,1.0,9.998925373842911e-17,1.0,1.0,1.0,0.038591628711358114,0.13041798345987227,-11.462113209359627,-0.6780911157622452,6.773930156459976,-0.6077630856271786,-1.5047880632900408,-101.94430280718711,62.625610939121415,9.327443072646348,-3.696402871617991,298.15,7.0,0.1
6,2.1616302127243905e-05,0.29586629339171894,6.3955351872231846e-06,2.3059170098149705e-07,0.7716496772177812,1.7793601163147124e-07,0.9951550794116135,1.000342992477808,0.9954964101181042,0.008226400767752195,1.0213984868933186,0.008402433296760123,0.030373945969567533,0.7269868918518289,0.02208146057369128,0.09998924273346578,0.760246632426888,0.07601648506703201,0.1304273309001257,0.7514173066192497,0.09800535369451009,2.1030872884736744e-05,0.7111986106607504,1.495712757660761e-05,0.0011835395885029017,1.0,0.0011835395885029017,1.093116541725896e-07,0.7513567659567684,8.213205096050153e-08,9.998924273346607e-17,1.0,9.998924273346607e-17,1.0,1.0,1.0,0.03862196303944697,0.1304491777939539,-11.421664772818504,-0.6870297272809812,6.749736148205519,-0.5509818212894024,-1.3787522596164308,-100.21548537331806,61.86514446323077,9.284506706608846,-3.7017987432281894,303.15,7.0,0.1
7,2.2691499451845408e-05,0.29292805349439954,6.646976765298313e-06,2.4155307064046655e-07,0.768927738017339,1.857368562187165e-07,0.995154597155919,1.0003442423994413,0.9954971715622591,0.0082343088392639,1.021403175136266,0.008410549193476773,0.030391974957153328,0.7261786829591204,0.022070004346912177,0.0999892285586989,0.7587783022867285,0.07586965709272922,0.1304543301419509,0.7501054082853954,0.09785449857372584,2.7835673912866297e-05,0.7088415769948038,1.973108299310927e-05,0.0011497168851270399,1.0,0.0011497168851270399,1.495063527780664e-07,0.7496294662139519,1.120743674286166e-07,9.998922855869885e-17,1.0,9.998922855869885e-17,1.0,1.0,1.0,0.038648975295869074,0.1304772631944734,-11.389526847034976,-0.6963962146493079,6.731101909592434,-0.4983738336160153,-1.2572498283168745,-98.55411215742309,61.1335834542412,9.245742889363003,-3.707137707282704,308.15,7.0,0.1
8,2.3816697151392398e-05,0.29002001745383915,6.907318923539618e-06,2.501128094083802e-07,0.7662173755216789,1.9164078040924305e-07,0.9951541781685818,1.0003456141338714,0.9954981175179378,0.008244194951229541,1.0214072465833575,0.008420680465431787,0.030404426653475158,0.725373471116518,0.022054564498938858,0.09998921084490568,0.7572581456458262,0.07571764438900282,0.13047777688397544,0.7487559753879803,0.09769601509721629,3.655274220504942e-05,0.706494167713748,2.5824299181811594e-05,0.0011175297552990713,1.0,0.0011175297552990713,2.033618960987349e-07,0.7479071800406613,1.5209582223892677e-07,9.998921084490598e-17,1.0,9.998921084490598e-17,1.0,1.0,1.0,0.03867243830185609,0.1305018436939362,-11.364971058998783,-0.7061700546743941,6.717512069254417,-0.44960874261920214,-1.140061997825202,-96.95657260278888,60.42949680947005,9.210827125366293,-3.7124206466810445,313.15,7.0,0.1
9,2.5245215211498382e-05,0.2841475387638991,7.1733657679122145e-06,2.5628104445929736e-07,0.7635189496345528,1.9567543387680885e-07,0.9951538271784114,1.0003470988638632,0.9954992439411942,0.008256751312396756,1.021410654791097,0.008433533764442423,0.030410089167173988,0.7245698930385664,0.022034235055152524,0.0999891883525034,0.7556899337979261,0.07556082312661166,0.1304974036254473,0.7473735067285701,0.09753030216652417,4.761691490191934e-05,0.7041551695419465,3.352969678582547e-05,0.0010868092307681793,1.0,0.0010868092307681793,2.7504148948135666e-07,0.7461884900311158,2.0523279373200266e-07,9.998918835250319e-17,1.0,9.998918835250319e-17,1.0,1.0,1.0,0.03869208569478225,0.13052290512170325,-11.347295498334246,-0.7163295041945235,6.708463694533274,-0.40436091335889807,-1.0269839659586566,-95.41948905850275,59.7515286993749,9.179454325407942,-3.717649746655261,318.15,7.0,0.1
10,2.6436656468753163e-05,0.28154731945756284,7.4431697641978976e-06,2.60105835140079e-07,0.7608326267350465,1.9789700577873912e-07,0.9951535514266927,1.0003486775143609,0.9955005390934116,0.00827195555396202,1.0214133283335796,0.008449085654199783,0.030409113915496864,0.723771239721142,0.022009242077440594,0.0999891611313399,0.7540819327902175,0.0754000198839933,0.1305127990634148,0.7459608775375911,0.09735744211923224,6.154096441783387e-05,0.7018279111883231,4.319116650988327e-05,0.0010574539076947211,1.0,0.0010574539076947211,3.698450579046247e-07,0.7444767809538149,2.753410581605121e-07,9.998916113134003e-17,1.0,9.998916113134003e-17,1.0,1.0,1.0,0.03870750612592764,0.13053949582571875,-11.335932808590425,-0.7268586621485855,6.703560776706229,-0.3623695629545782,-0.9178238154229738,-93.93975727493238,59.09845281639526,9.151366855103712,-3.722825638318581,323.15,7.0,0.1
11,2.7711280718656595e-05,0.2779719342174284,7.702958301007106e-06,2.620919433622193e-07,0.7576233893650116,1.9856698645534721e-07,0.9951533317312432,1.0003513296132727,0.9955029585664272,0.008290607401709359,1.0214154530207968,0.008468154515034538,0.030401452257663376,0.7224655747648489,0.02196400267901889,0.09998912775256237,0.7519060354099911,0.07518242863253227,0.13052503323077239,0.7439963406434635,0.09711014708606111,7.879835482523602e-05,0.6990170214877639,5.508139128807248e-05,0.001027918408083364,1.0,0.001027918408083364,4.943962274143203e-07,0.7422463672415736,3.6696380377621785e-07,9.998912775256266e-17,1.0,9.998912775256266e-17,1.0,1.0,1.0,0.038719770940091394,0.13055300660343436,-11.330006962370453,-0.7377192777831111,6.702092955196539,-0.32335510872036377,-0.8124010976541012,-92.5144451228281,58.46908431152306,9.126311386641058,-3.728559481336214,328.15,7.0,0.1
12,2.877079942523605e-05,0.27664393541676535,7.959267178083707e-06,2.620513364535194e-07,0.7544313442452191,1.976997420218849e-07,0.9951532047064623,1.0003540544637535,0.995505543140707,0.00831311867405934,1.0214166712832962,0.0084911580040407,0.030384932061226257,0.7211666842761543,0.021912600706550753,0.09998908748904044,0.7497017721259092,0.07496199608378619,0.13053204685734066,0.7420108902448812,0.09685620029410191,0.00010009084871637318,0.6962221254862128,6.968546343503236e-05,0.0009995592822825636,1.0,0.0009995592822825636,6.569108435358216e-07,0.7400259963965998,4.861311015313273e-07,9.998908748904033e-17,1.0,9.998908748904033e-17,1.0,1.0,1.0,0.03872682153471083,0.13056107970810232,-11.329305337180068,-0.7489134776734667,6.703993897396216,-0.28708085304763237,-0.7105471891630046,-91.14083840297948,57.86233421771225,9.104066953058528,-3.7342447735528324,333.15,7.0,0.1
13,3.0049432716018185e-05,0.27313621003891514,8.207588165872597e-06,2.6021177885006804e-07,0.7512570662672773,1.9548593758709163e-07,0.9951531797756616,1.0003568491605905,0.9955082993525235,0.008340619319818231,1.021416890132841,0.008519249447430632,0.030357455389334417,0.7198722066318389,0.021853488398847775,0.09998903832312611,0.7474703392747727,0.07473884039914533,0.13053330432269394,0.7400081512253773,0.09659570920517627,0.00012610453891372044,0.6934411270755672,8.744607359367506e-05,0.0009722234017414346,1.0,0.0009722234017414346,8.674176664841728e-07,0.7378131987429536,6.39992203154836e-07,9.998903832312578e-17,1.0,9.998903832312578e-17,1.0,1.0,1.0,0.03872812414186867,0.13056361396718882,-11.333306492195355,-0.760421824080794,6.708884478411269,-0.25329273767906163,-0.6121032143073608,-89.81636627987801,57.27714742793071,9.084414739248665,-3.739885255297197,338.15,7.0,0.1
14,3.164374054170322e-05,0.2668416031607449,8.443866456150748e-06,2.568029992052406e-07,0.7481012524271637,1.9211464533249244e-07,0.9951532678307776,1.0003597056269238,0.995511230060868,0.008373956917893164,1.0214160017843295,0.008553293594188667,0.03031745866384856,0.7185819309961012,0.02178557798956278,0.09998897874979502,0.7452148989426113,0.0745132766944034,0.13052818480570902,0.7379911118486744,0.09632864023235443,0.00015757860050909795,0.6906740459470617,0.00010883544956829448,0.0009457904311860764,1.0,0.0009457904311860764,1.1381134720995602e-06,0.7356077283585714,8.372050658254432e-07,9.998897874979496e-17,1.0,9.998897874979496e-17,1.0,1.0,1.0,0.038723059322283426,0.1305600853492499,-11.341558573482162,-0.7722275480193631,6.716439526628948,-0.22177025155120778,-0.5169197198641334,-88.53863924966909,56.71254887389628,9.067161933410826,-3.745483891733171,343.15,7.0,0.1
15,3.2890659266394736e-05,0.2634660059838911,8.665570631094074e-06,2.520264089069904e-07,0.7449643803985703,1.877506975554729e-07,0.9951534818245005,1.0003626058410746,0.9955143302897758,0.00841328908214089,1.021413877632022,0.008593450225028686,0.03026470689472334,0.7173000436117647,0.021708875575482324,0.09998890851181386,0.7429429708111155,0.07428605673792782,0.1305159476303819,0.7359612641158407,0.09605468180533272,0.00019531910001283938,0.6879251490841707,0.00013436492099531855,0.000920194641472556,1.0,0.000920194641472556,1.483831707984485e-06,0.7334138552358498,1.0882627334740965e-06,9.998890851181389e-17,1.0,9.998890851181389e-17,1.0,1.0,1.0,0.03871088663613062,0.13054909031605724,-11.353714006259878,-0.7843192910008311,6.726418440774233,-0.19234576511972296,-0.424855993408031,-87.30545676317621,56.16765933529706,9.052150354867063,-3.7510421004516608,348.15,7.0,0.1
16,3.3897629832529946e-05,0.2612841508690909,8.856913427267356e-06,2.4645679255873454e-07,0.7413016927439161,1.826988375120262e-07,0.9951538060169356,1.0003665688697427,0.9955185984228274,0.008459230797879521,1.0214106679711892,0.00864034857978458,0.030199344093691367,0.7155003183026013,0.02160764031156595,0.09998882653314342,0.7401134049039021,0.07400307085779043,0.13049745824673786,0.7333816986946453,0.09570444760432618,0.00023981652805688607,0.6846908452213146,0.00016420018129331042,0.0008940786753805298,1.0,0.0008940786753805298,1.922288973702907e-06,0.7306944213426034,1.4046058292931127e-06,9.998882653314363e-17,1.0,9.998882653314363e-17,1.0,1.0,1.0,0.03869247252140342,0.13053160233336292,-11.369112756641094,-0.7966624204131516,6.738264215995675,-0.1648432756111791,-0.3357789971938501,-86.11473535507268,55.64163186859237,9.03922535402193,-3.7571962272230635,353.15,7.0,0.1
17,3.5083163246647214e-05,0.2572312446098286,9.02448574678485e-06,2.399716256768422e-07,0.7376644458835017,1.7701853628267085e-07,0.9951542787199039,1.0003705676529195,0.995523050705262,0.00851317362694063,1.0214059970395668,0.00869540659639624,0.030117398209331202,0.7137088304522052,0.021495053052245115,0.09998873034357719,0.7372740385013867,0.0737190950250353,0.1304705524081673,0.7307979961537522,0.09534761825696174,0.00029202357142118476,0.6814772883375233,0.00019900743158274812,0.0008686508408098982,1.0,0.0008686508408098982,2.4739289701604e-06,0.7279876697177403,1.8009897860342775e-06,9.9988730343577e-17,1.0,9.9988730343577e-17,1.0,1.0,1.0,0.03866565499951848,0.13050587554303963,-11.387654756332308,-0.8092594780951444,6.751981254633783,-0.13906184464152851,-0.249564098309801,-84.9644824434785,55.13362972954115,9.028225422922981,-3.7633171295533097,358.15,7.0,0.1
18,3.6191311869952456e-05,0.25324746752997335,9.165358077652922e-06,2.3275891543133184e-07,0.7340533226347208,1.7085745524522304e-07,0.9951549115624038,1.0003745911610675,0.9955276877961681,0.008575625974373353,1.021399747680756,0.008759142206429477,0.03001794270202871,0.7119274417342082,0.021370597153979338,0.0999886190706456,0.734429292539784,0.07343457076608419,0.13043455523140648,0.7282117206851134,0.09498397190185996,0.0003526807120397706,0.6782865322571756,0.0002392185771634475,0.0008438443905187076,1.0,0.0008438443905187076,3.162881867929272e-06,0.7252955156768209,2.294024035424626e-06,9.998861907064531e-17,1.0,9.998861907064531e-17,1.0,1.0,1.0,0.03862975998827201,0.13047097930219184,-11.409051747655285,-0.8220990484586547,6.767366066316657,-0.11485972108267901,-0.1660932498469376,-83.85287168974207,54.64291043246455,9.019024839405853,-3.769407064998501,363.15,7.0,0.1
19,3.759990023420469e-05,0.24669203140602697,9.275595769439902e-06,2.250132820467821e-07,0.730469060224799,1.643652406748106e-07,0.995155713635735,1.0003786386881335,0.9955325180896346,0.008647616370479774,1.0213918271016054,0.008832604684718094,0.029899038189860436,0.7101542034366369,0.021232927649241926,0.09998849091084783,0.7315794070636541,0.07314952089374761,0.13038893203347704,0.7256251182654179,0.0946134842272933,0.00042241152266196387,0.6751169983237085,0.0002851771992368922,0.0008195680604980279,1.0,0.0008195680604980279,4.0166229203930994e-06,0.7226160049269302,2.902476008032399e-06,9.99884909108476e-17,1.0,9.99884909108476e-17,1.0,1.0,1.0,0.03858425446057442,0.13042675694699327,-11.432991164347754,-0.835166796271608,6.784190020002846,-0.09208157423328277,-0.08525493536985113,-82.77816225252133,54.168749711020624,9.011496228748285,-3.775469676742348,368.15,7.0,0.1
20,3.8513606750063206e-05,0.2428856133406496,9.354400997449678e-06,2.1686121691203758e-07,0.7269120817913249,1.576390386453293e-07,0.9951566953270947,1.0003826928930113,0.995537534721829,0.008729014294033692,1.0213821285921576,0.008915659200151497,0.029760995475098823,0.708394009747208,0.021082510918673775,0.09998834615712264,0.7287316357512004,0.07286467105113723,0.13033306804279826,0.7230384426675202,0.0942358185457448,0.0005018488282026915,0.6719736219969175,0.0003372291747822714,0.0007958041830560057,1.0,0.0007958041830560057,5.067230090832851e-06,0.7199541811993544,3.6481734909942984e-06,9.998834615712236e-17,1.0,9.998834615712236e-17,1.0,1.0,1.0,0.03852852337588258,0.1303717985107652,-11.45929356689049,-0.8484570027358803,6.802336222323953,-0.07064242918724874,-0.0069437363354778745,-81.7387754477044,53.71052322144062,9.005551964869676,-3.7815057020860054,373.15,7.0,0.1
21,3.905335403943704e-05,0.24037112600508465,9.387298684734711e-06,2.087361173659539e-07,0.7228133828871489,1.5087725912401404e-07,0.9951578289642025,1.00038784696083,0.9955437979037125,0.008819654917489449,1.0213709149530459,0.009008139012646332,0.029605371399232795,0.7060907796605544,0.02090407977342456,0.09998818517286301,0.7253170868501689,0.07252313918901623,0.13026847652958545,0.7198863890853454,0.09377850318053235,0.0005906704039811121,0.6683298779427318,0.0003947626789970806,0.0007713621910506918,1.0,0.0007713621910506918,6.351581547028861e-06,0.716745910687933,4.552470100233871e-06,9.998818517286322e-17,1.0,9.998818517286322e-17,1.0,1.0,1.0,0.03846407967076168,0.13030773861974224,-11.48747444028904,-0.8619403462143747,6.8213762140429095,-0.05046862228652986,0.06894054732611701,-80.73322906088224,53.267646417487704,9.001114627293902,-3.7881944634985323,378.15,7.0,0.1
22,3.974494001012717e-05,0.23612420691593944,9.384742438812877e-06,2.0044616175409355e-07,0.7187489681262815,1.4407047192562835e-07,0.9951591483127733,1.0003930074793101,0.9955502533011641,0.008920876983779599,1.0213578514568165,0.009111407749263693,0.029428375335108278,0.7038003136181781,0.020711699790122662,0.09998800561680803,0.7219097951573535,0.07218232065302221,0.13019322925789056,0.7167421308772765,0.09331497256409427,0.0006896499972487332,0.6647147110320344,0.0004584204986344349,0.0007473934910008901,1.0,0.0007473934910008901,7.908874867038987e-06,0.7135565677982305,5.643429605270022e-06,9.99880056168081e-17,1.0,9.99880056168081e-17,1.0,1.0,1.0,0.038388997258898,0.13023317464406248,-11.517579332725303,-0.8756258804479196,6.841425021225116,-0.03142226326114468,0.1424918842929831,-79.76005573631478,52.83949438121228,8.998077407251705,-3.7948616316833705,383.15,7.0,0.1
23,4.072676988766061e-05,0.22948866429625056,9.346332022619988e-06,1.9208492671258408e-07,0.7147191088010902,1.372867676341409e-07,0.9951606534406838,1.0003981726101188,0.9955568991555519,0.009032941219115147,1.021342929910266,0.009225730650438274,0.029229560889274808,0.7015218620921508,0.020505175983179965,0.09998780709913395,0.7185107467982715,0.07184231394952026,0.13010727860778198,0.7136067629880513,0.09284543392848385,0.0007988657046803528,0.6611275767685012,0.0005281521474987827,0.0007238670929757838,1.0,0.0007238670929757838,9.783459844309592e-06,0.7103855152916448,6.950028162834989e-06,9.998780709913388e-17,1.0,9.998780709913388e-17,1.0,1.0,1.0,0.03830322887827761,0.1301481974625964,-11.549446243718569,-0.889506855100016,6.862371320158843,-0.013428559891518184,0.21379973946914915,-78.81792474140573,52.42553020721641,8.996368763690755,-3.8015087641572527,388.15,7.0,0.1
24,4.0796881701414774e-05,0.2273503817709097,9.275186629879287e-06,1.8368916928630519e-07,0.7107238171085181,1.3055226755665555e-07,0.9951623467450811,1.000403320494645,0.9955637161150224,0.009154851252248332,1.0213261177338646,0.009350088687889795,0.029010936661683667,0.6992625426876871,0.020286261335800363,0.09998759150689455,0.7151289813324596,0.07150402446021159,0.1300104365785958,0.7104793407498804,0.09236972927096485,0.0009184719383749003,0.6575753307960894,0.0006039644887038006,0.0007008190697725133,1.0,0.0007008190697725133,1.2026397409062602e-05,0.707240089680423,8.50555038211784e-06,9.998759150689454e-17,1.0,9.998759150689454e-17,1.0,1.0,1.0,0.038206584795633415,0.13005141714946644,-11.583044501533514,-0.9035861218208912,6.884215580533564,0.0035192420491127045,0.2829489264113432,-77.90564181044827,52.0253074435443,8.995954081797137,-3.808134089838732,393.15,7.0,0.1
25,4.1056489220562425e-05,0.22336101631729632,9.170419158724945e-06,1.753493018740486e-07,0.7067629769805389,1.239303946039618e-07,0.9951642195114137,1.0004084668445743,0.9955707110999908,0.009287377709294805,1.021307491038621,0.009485268426607895,0.028771069757669302,0.6970155313145616,0.02005388247363018,0.09998735754633732,0.7117589407013215,0.07116689569070535,0.12990314092768893,0.7073617628926805,0.09188851477190638,0.0010480857939805367,0.6540515861764211,0.000685502176001944,0.0006781928652113719,1.0,0.0006781928652113719,1.4690200562504985e-05,0.7041135261539289,1.0343568917973813e-05,9.998735754633718e-17,1.0,9.998735754633718e-17,1.0,1.0,1.0,0.03809950395618467,0.12994437276621135,-11.618190037867787,-0.9178542919852541,6.906822167474329,0.01950624801353944,0.35001992152596073,-77.02199807839933,51.63832230014484,8.996762191110141,-3.81474071602987,398.15,7.0,0.1
26,4.170389227937867e-05,0.21633317589050002,9.021935463793288e-06,1.6735577372231352e-07,0.7022166109803188,1.1752000425127202e-07,0.9951662169101055,1.0004148373068737,0.9955790489834203,0.009428834336568482,1.0212875716176983,0.009629551322779597,0.02851445024498777,0.6941680189916785,0.01979381943919994,0.0999871083699094,0.7077776332453213,0.07076863891709792,0.129788396663393,0.7036346383999421,0.09132361155475477,0.0011857591998953555,0.6499818615151547,0.0007707219720567038,0.0006549356926355516,1.0,0.0006549356926355516,1.783841981536949e-05,0.7003879746225146,1.2493814724952778e-05,1.140984177836618e-16,1.0,1.140984177836618e-16,1.0,1.0,1.0,0.037984988473835635,0.12983026791144606,-11.654564183983947,-0.9322904793333469,6.929888201507248,0.03449629779384332,0.4150896306657699,-76.16596540041218,51.26421292573304,8.99878539495307,-3.8220850674285356,403.15,7.0,0.1
27,4.176922254035847e-05,0.21180784821698265,8.847049147969616e-06,1.5944295759434058e-07,0.6977117092918023,1.112452184776877e-07,0.9951683760494584,1.0004211887992323,0.9955875298228005,0.009579282800979888,1.0212659874573151,0.009782995708875602,0.028239843137936965,0.6913417043380884,0.01952338128522161,0.09998684398119018,0.7038218247989548,0.07037292298672966,0.12966406060186506,0.6999233618151174,0.0907549052030565,0.0013324597718184744,0.645951335158488,0.0008607041686511176,0.000632223124900738,1.0,0.000632223124900738,2.1534708796325124e-05,0.6966920484071197,1.5003060383162582e-05,1.3616062775144243e-16,1.0,1.3616062775144243e-16,1.0,1.0,1.0,0.037860895161457214,0.12970598926736301,-11.6924379445298,-0.9469202881040678,6.953718646714513,0.04853137755868397,0.4782301051192492,-75.33649298668611,50.90255569779281,9.001977984841043,-3.8294076871188865,408.15,7.0,0.1
28,4.1684437026114234e-05,0.20746330090416304,8.647990901769367e-06,1.5164888512228664e-07,0.6932477393993839,1.05130246793462e-07,0.9951706832748332,1.0004275272685257,0.9955961458787705,0.009738539593883749,1.021242859454259,0.009945414021766357,0.027947695354016654,0.6885336642894406,0.019242929090546063,0.09998656483506778,0.6998896903391235,0.06997956590048829,0.12953082852663905,0.6962286744793672,0.09018307704931611,0.0014875030622834291,0.641957116039362,0.0009549131759631898,0.0006100444247819237,1.0,0.0006100444247819237,2.584805010411106e-05,0.6930229262875853,1.791329132197919e-05,1.6154819875686113e-16,1.0,1.6154819875686113e-16,1.0,1.0,1.0,0.03772791938492652,0.1295726646125503,-11.731742073141174,-0.9617425049665399,6.978272316077871,0.06163775612259278,0.539510327492962,-74.53259762562425,50.552961058652116,9.006304507560937,-3.836708847831214,413.15,7.0,0.1
29,4.1937351649234364e-05,0.20094917345624103,8.427276150857375e-06,1.4400360784771317e-07,0.6888239864985662,9.919313922783805e-08,0.9951731224563066,1.0004338604489973,0.9956048887140455,0.009906343393485494,1.021218331811836,0.010116539474650462,0.027638609907080572,0.6857405451865817,0.01895291542588069,0.09998627153427977,0.6959788739297614,0.06958833267086342,0.12938953049909174,0.6925512451397701,0.08960888045519622,0.0016500666792861193,0.6379958722154617,0.0010527357302648186,0.0005883927163867843,1.0,0.0005883927163867843,3.085167875461397e-05,0.68937736207955,2.126844891558146e-05,1.90584977360634e-16,1.0,1.90584977360634e-16,1.0,1.0,1.0,0.0375868906522153,0.12943161185434882,-11.772421006681945,-0.9767567770869297,7.003518365129412,0.07383453337651963,0.5989959086030967,-73.75335177895373,50.215062880463435,9.011734777508167,-3.843988663461725,418.15,7.0,0.1
30,4.1620979952985076e-05,0.19677073204190865,8.189790693650478e-06,1.3650581467960622e-07,0.6844397379582844,9.34300040290919e-08,0.9951756839100258,1.0004401736541075,0.9956137340272914,0.010081378106144637,1.0211924837691035,0.010295027548029306,0.027315263568661118,0.6829673453355557,0.018655433046629505,0.09998596660004323,0.6920955036631111,0.06919983791329992,0.1292406225255197,0.6888899203478834,0.08903256215731616,0.0018196579694378843,0.6340720918302907,0.0011537943350971385,0.0005673079658901649,1.0,0.0005673079658901649,3.662893328621859e-05,0.6857604835038866,2.5118675000588866e-05,2.2363898685279954e-16,1.0,2.2363898685279954e-16,1.0,1.0,1.0,0.03743826265475874,0.1292823800112874,-11.814520407126123,-0.9919710301980686,7.0295136324237575,0.08509228978927921,0.6567492825987208,-72.99792183438888,49.888558834299346,9.01826437299351,-3.8512442477528115,423.15,7.0,0.1
31,4.095763302169331e-05,0.1935643751757404,7.92793864452134e-06,1.293761299902341e-07,0.6794012320211861,8.789830210949822e-08,0.9951782870014085,1.0004478784555677,0.9956240059156053,0.010260544054619344,1.0211660801720184,0.010477719552687946,0.02698493400606295,0.679520974139253,0.01833682864288335,0.09998565580696157,0.6875395901109886,0.06874409681049674,0.12908851020903664,0.6845485287986661,0.08836734974840761,0.001992849105714163,0.6295422673546064,0.0012545827445068936,0.0005458199992412886,1.0,0.0005458199992412886,4.328540038450708e-05,0.6814775804020454,2.9498029920767637e-05,2.6066750347323797e-16,1.0,2.6066750347323797e-16,1.0,1.0,1.0,0.03728643569370398,0.12912959721818829,-11.857810720401263,-1.0073699904993418,7.056019513909136,0.09530701460345226,0.7128304895424246,-72.2655913152757,49.573236754878,9.025928113325842,-3.8593457669791467,428.15,7.0,0.1
32,4.099532795606834e-05,0.18673688571136188,7.655339871232124e-06,1.22412654865803e-07,0.674410103671068,8.255633125869688e-08,0.9951809691449387,1.0004555820943866,0.9956343557751554,0.010446083988569561,1.0211387452746268,0.010666901097121288,0.02664216904733944,0.6760925825343055,0.01801257287553126,0.09998533524729797,0.6830128247342268,0.06829126625925565,0.12893102855655827,0.6802332985959018,0.08770317884639002,0.002170761225831709,0.6250500066892033,0.0013568343187267723,0.000524967527425811,1.0,0.000524967527425811,5.089479283180443e-05,0.6772232340457323,3.446713619764213e-05,3.022892684666179e-16,1.0,3.022892684666179e-16,1.0,1.0,1.0,0.03712924836386507,0.12897214629716913,-11.902458208950595,-1.0229714921612465,7.0832496150083575,0.10460262261712595,0.7672955957688745,-71.55545571668722,49.268667783269656,9.034646908837653,-3.867421713214691,433.15,7.0,0.1
33,4.050215864744509e-05,0.18213297505972043,7.376778650799955e-06,1.1560792411648666e-07,0.6694655662921509,7.739552438650381e-08,0.9951837220302964,1.0004632641472537,0.9956447549686436,0.01063647679776466,1.0211105413370611,0.010861018580884566,0.02629007742732865,0.6726891260927385,0.01768504920950014,0.09998500784768018,0.6785229746625744,0.06784212494646878,0.12876853597367371,0.6759426800352972,0.08704014931026659,0.00235300152860522,0.6206014717337517,0.0014602762116441672,0.0005047887988300066,1.0,0.0005047887988300066,5.9560460688878056e-05,0.6730044298799157,4.008445388930353e-05,3.4889757322602207e-16,1.0,3.4889757322602207e-16,1.0,1.0,1.0,0.03696705638374076,0.12880915374024524,-11.94853784897041,-1.0387860928797394,7.111284152888739,0.11294004487104976,0.8201985978679798,-70.86681096403645,48.974599986357376,9.044424834174896,-3.8754683051250507,438.15,7.0,0.1
34,3.991979806865685e-05,0.1777165292073133,7.094407959418498e-06,1.089798014940594e-07,0.6645665094274256,7.242432627700068e-08,0.9951865269150535,1.0004709327760894,0.9956551928689005,0.010831327454889027,1.0210816332460908,0.011059669527861315,0.025929561216221433,0.6693073998854311,0.017354847197799284,0.09998467449944343,0.6740673061911149,0.0673964002002353,0.12860198199461279,0.6716770518301552,0.08637900012565623,0.002538633539453564,0.6161932624423797,0.0015642888828215366,0.0004852719272131221,1.0,0.0004852719272131221,6.938212315859341e-05,0.6688179673678634,4.6404010582597215e-05,4.008355284117406e-16,1.0,4.008355284117406e-16,1.0,1.0,1.0,0.03680080846917912,0.12864201077248294,-11.996025986829833,-1.0548159753232556,7.140115536104067,0.12032741268047079,0.8715910060134802,-70.19894095797582,48.69074631818283,9.055243358298252,-3.883485107833521,443.15,7.0,0.1
35,3.971947745255094e-05,0.17145743595944277,6.810199761663282e-06,1.0254356282432342e-07,0.6597117367167064,6.764919191995312e-08,0.9951893646132965,1.0004785972253318,0.9956656594818801,0.011030251145626157,1.02105218974431,0.01126246208567127,0.025561505036173007,0.6659439846010942,0.017022530516189984,0.0999843360801076,0.6696427955784775,0.06695379032674129,0.12843233846414417,0.6674367571358264,0.08572046349587925,0.002726698892504555,0.611821772710835,0.0016682537500608075,0.0004664045888991064,1.0,0.0004664045888991064,8.046204401673171e-05,0.6646604272955834,5.347993655723688e-05,4.584353467852908e-16,1.0,4.584353467852908e-16,1.0,1.0,1.0,0.03663147565925171,0.12847216048515955,-12.04490126369242,-1.0710634323514803,7.169737386750043,0.12677209524653815,0.9215219774256129,-69.55116343017153,48.41683189828986,9.067085219582282,-3.8914717759364073,448.15,7.0,0.1
36,3.882176694625862e-05,0.16790670716310774,6.518435054199864e-06,9.646502072698214e-08,0.6540992036795636,6.309769324045154e-08,0.9951921392828048,1.0004879207546347,0.9956777141824101,0.01122808617994424,1.0210231091517108,0.011464135461270028,0.0251973169004998,0.6617967609254998,0.016675502708764122,0.09998400221731932,0.6644449813671491,0.06643386849029972,0.12826478111534673,0.6624118983127424,0.08496411714528522,0.0029129324530598184,0.6067496163797357,0.0017674206484341267,0.0004472888599250018,1.0,0.0004472888599250018,9.298247559604349e-05,0.6597324155075057,6.134355322484546e-05,5.212035644778128e-16,1.0,5.212035644778128e-16,1.0,1.0,1.0,0.0364642248473903,0.12830369934731373,-12.095033030543325,-1.0875208452732905,7.19998651763788,0.13209601138502683,0.9700391322437293,-68.92301267568371,48.15277944542916,9.080027365975061,-3.9004680640382174,453.15,7.0,0.1
37,3.82246525203036e-05,0.16299115699776412,6.230280340121779e-06,9.057014525828529e-08,0.6485418875989793,5.873853296592202e-08,0.9951949133832849,1.0004972364695723,0.9956897605885519,0.01142846103479009,1.0209937745198656,0.011668387568863542,0.0248288215590953,0.657676928776608,0.016329343108128225,0.0999836664878353,0.6592905380009701,0.06591828527007451,0.12809575526351488,0.6574238673125681,0.08421320681166419,0.003099901886153338,0.6017245780128871,0.0018652871543269696,0.00042890330401563944,1.0,0.00042890330401563944,0.00010700659553560673,0.654844168935741,7.007264512415734e-05,5.9010844844079465e-16,1.0,5.9010844844079465e-16,1.0,1.0,1.0,0.03629550724640569,0.12813407048618042,-12.146581489897784,-1.1042065173001159,7.231076904472412,0.1364665526783863,1.0171866154292348,-68.31370681220855,47.89817365142605,9.093973353353643,-3.909430277275607,458.15,7.0,0.1
38,3.8003668007291343e-05,0.15649125460425145,5.947241686024471e-06,8.486833968060044e-08,0.6430385915306989,5.457361761376214e-08,0.995197672349923,1.0005065465799496,0.9957017863272257,0.011630885368891574,1.0209643070567507,0.011874718821106888,0.024457131101286382,0.6535835022380544,0.015984777399873994,0.09998332998488262,0.6541786397194052,0.06540695880412692,0.12792595919428498,0.6524724896240669,0.08346816908304194,0.003286924768912509,0.5967452508130717,0.001961456745628392,0.0004112334975975582,1.0,0.0004112334975975582,0.00012265087152862824,0.6499946056887308,7.972240487662984e-05,6.654334488716963e-16,1.0,6.654334488716963e-16,1.0,1.0,1.0,0.03612602013818524,0.127964047730632,-12.199543951714658,-1.1211244177522037,7.263017256449215,0.13988572628868123,1.0630072790768677,-67.72265694666683,47.65277563106514,9.108910770692233,-3.9183575410217837,463.15,7.0,0.1
39,3.731696059608475e-05,0.151977446342101,5.671336376641762e-06,7.936083547101706e-08,0.6375884408208959,5.0599551350209487e-08,0.9952004100305213,1.0005158371537315,0.9957137713774238,0.01183443315398348,1.020934743898004,0.01208218398124017,0.02408422567522483,0.6495210312623257,0.01564321109772662,0.09998299460761331,0.6491140073977764,0.06490036230137816,0.12775560691844373,0.6475566039636741,0.08272898695342551,0.0034737886524759142,0.5918154053277763,0.0020558416393880626,0.00039428037890455324,1.0,0.00039428037890455324,0.0001400434227729877,0.6451881231754126,9.035435310196476e-05,7.474986133840546e-16,1.0,7.474986133840546e-16,1.0,1.0,1.0,0.0359559757898044,0.1277930032398753,-12.253959532123684,-1.138282388691018,7.29585333389127,0.1423390112479902,1.1075420956078272,-67.14931674508169,47.41637217087609,9.124836054132743,-3.9272475192982363,468.15,7.0,0.1
40,3.702628207832605e-05,0.14591769227096354,5.402789634243074e-06,7.406219758200551e-08,0.6321899609665799,4.682137779846715e-08,0.9952031071920568,1.000525125133473,0.9957257133565539,0.012039140285760584,1.0209052532026917,0.012290821561777134,0.023710176387974055,0.6454836888972302,0.015304532119313496,0.09998266048740607,0.6440907807545934,0.06439790985525481,0.1275856673111664,0.6426767842476574,0.0819963463836319,0.003659558865532425,0.5869291223615939,0.002147901673177536,0.00037800991702714184,1.0,0.00037800991702714184,0.00015929306829482064,0.6404188048395757,0.00010201427641659796,8.364872724267835e-16,1.0,8.364872724267835e-16,1.0,1.0,1.0,0.03578634295581297,0.12762276765544237,-12.309783992948166,-1.155680601847433,7.32955581059951,0.14384728633647004,1.1508302693789239,-66.59312903832982,47.18872334991104,9.14172847711097,-3.936101137401783,473.15,7.0,0.1
41,5.273125843888459e-05,0.3100203854530548,1.6347765066647656e-05,4.0263808884582395e-08,0.7853895960694289,3.1622776596078836e-08,0.9952581108619638,1.0003466846580633,0.9956031515798128,0.0025902312129764825,1.0213687402256466,0.0026455811908909395,0.030141290769239205,0.7292497168719131,0.0219805277596217,0.09999939674569673,0.7648824230544237,0.07648778088682916,0.1302566111738557,0.7548252112904482,0.09832097405128339,1.0453616577851904e-05,0.7229108299285713,7.557032636049986e-06,0.0014183009574677654,1.0,0.0014183009574677654,4.778927322437173e-08,0.7590801743045918,3.6275889849045856e-08,9.999939674569686e-17,1.0,9.999939674569686e-17,1.0,1.0,1.0,0.03278425324065457,0.13030938269610357,-12.445200100176168,-0.6745150368007441,7.500000000076976,-1.4693628594996548,-2.211719013751761,-112.24890627321807,67.42106090576367,9.869393400162664,-3.6717909487082405,273.15,7.5,0.1
42,5.454050266323261e-05,0.30780031791887963,1.6787584059198507e-05,4.6674807212234866e-08,0.7831609568083558,3.655388667517936e-08,0.9952573684353383,1.0003459017852327,0.9956016297358461,0.002596052717744442,1.0213759622718386,0.002651545842694652,0.030175263264745768,0.7289393146703563,0.021995935724201356,0.09999938629225677,0.7644056933239146,0.0764401002106985,0.13029820422907828,0.754382499629972,0.09829468500362867,1.445335666703006e-05,0.7210132286502576,1.0421061355329072e-05,0.0013726943964219602,1.0,0.0013726943964219602,6.698488949913471e-08,0.7578612304717033,5.076525077882528e-08,9.999938629225644e-17,1.0,9.999938629225644e-17,1.0,1.0,1.0,0.03282585648515344,0.1303527914065488,-12.347916807409268,-0.6814928538494068,7.437066438901962,-1.3844789696356163,-2.0591543630005726,-110.11676018681617,66.48935068429863,9.798809443536172,-3.676887584488419,278.15,7.5,0.1
43,5.710493408650491e-05,0.3026702647550332,1.7283965518781175e-05,5.301524818344454e-08,0.7809408624995783,4.14017736420084e-08,0.9952566961482026,1.0003453416848302,0.9956003997724889,0.002604008815589613,1.0213825015766649,0.0026596890381946066,0.03020241714876739,0.7286284873751645,0.022006341522180114,0.09999937200629987,0.7638296363629123,0.07638248395609162,0.13033586471742534,0.7538703293703626,0.09825634126329647,1.9825220895318683e-05,0.7191192838913933,1.4256698653230254e-05,0.0013296432312185668,1.0,0.0013296432312185668,9.348853794310201e-08,0.7566420936565971,7.07373630821629e-08,9.999937200630008e-17,1.0,9.999937200630008e-17,1.0,1.0,1.0,0.03286353089844351,0.13039302266676003,-12.263624528355775,-0.6890075144485988,7.382981053409595,-1.3056969959501246,-1.9124734029946102,-108.07467224869272,65.59529218433222,9.734507462365196,-3.6819277985826413,283.15,7.5,0.1
44,5.934528223159161e-05,0.3005066594940687,1.7833652520148307e-05,5.910430309742912e-08,0.7787290616626508,4.602623849128589e-08,0.9952560986170074,1.0003449698439064,0.9955994319579943,0.00261343523348834,1.0213883124930059,0.0026693322029424198,0.0302242320502402,0.7283234273145429,0.022013016274780993,0.09999935508925586,0.7631695611017272,0.07631646393392315,0.13036932989540082,0.7532935199341042,0.0982063714083569,2.6981400391427744e-05,0.7172352280662077,1.9352010863291336e-05,0.0012889995963413648,1.0,0.0012889995963413648,1.2989535323125863e-07,0.7554292497754111,9.812674924080172e-08,9.999935508925562e-17,1.0,9.999935508925562e-17,1.0,1.0,1.0,0.032897012565960136,0.1304287342819355,-12.191245179772665,-0.69703604447756,7.33699451650793,-1.232597820090144,-1.7713666806977348,-106.11741790759707,64.73689875013311,9.675991486236292,-3.6869098437022694,288.15,7.5,0.1
45,6.173488866079652e-05,0.2983602670034222,1.841923786426178e-05,6.482014573864487e-08,0.7765260493412717,5.033453168815534e-08,0.995255579699775,1.0003447743485003,0.9955987182938573,0.002625297194554219,1.0213933573317309,0.0026814611155393077,0.030239054006137942,0.7280212848505586,0.02201467495021398,0.09999933380816126,0.7624303545086468,0.0762425275259849,0.13039838267548387,0.7526591210319059,0.09814553208851176,3.641037808441177e-05,0.7153583691604533,2.6046468686980327e-05,0.0012504898143090456,1.0,0.0012504898143090456,1.795259243272649e-07,0.7542197283977713,1.354019938864687e-07,9.999933380816129e-17,1.0,9.999933380816129e-17,1.0,1.0,1.0,0.03292608608935296,0.13046018238429033,-12.129446283984954,-0.705536394097854,7.29813396770415,-1.1645444970624024,-1.6355461540857397,-104.23992152412441,63.912077567201536,9.622689080400761,-3.691835877392556,293.15,7.5,0.1
46,6.418280014132232e-05,0.2964569856743118,1.9027439462033196e-05,7.005933968346067e-08,0.7743321960147146,5.424920234843492e-08,0.9952551461918541,1.0003447367566902,0.9955982472230315,0.0026400982495689922,1.021397569447557,0.0026965899352125186,0.030246087489816723,0.7277225887623854,0.02201076108802302,0.09999930726356232,0.7616198162128498,0.07616145401948664,0.13042263925185527,0.751972744770428,0.09807427001842098,4.870227921318632e-05,0.7134893687629331,3.47485584531324e-05,0.0012139063812456983,1.0,0.0012139063812456983,2.466783201235516e-07,0.7530140605876385,1.8575224349517302e-07,9.999930726356213e-17,1.0,9.999930726356213e-17,1.0,1.0,1.0,0.03295036853952704,0.13048689211133627,-12.077127968789458,-0.714474986416348,7.26560664306874,-1.101026834807455,-1.5047433915835222,-102.43756655636739,63.118964031714725,9.574119618943005,-3.6967072336092657,298.15,7.5,0.1
47,6.63291643434605e-05,0.29582333671253375,1.9621714717436507e-05,7.484154850061229e-08,0.7716049701950964,5.774811080016984e-08,0.995254777876577,1.0003458164164425,0.9955989533173095,0.00265810371952176,1.02140114469699,0.002714990181842852,0.030246555478250975,0.7269187420456938,0.021986788059465485,0.09999927498741838,0.7602131647200856,0.0760207653078994,0.13044322761393606,0.7507109862132962,0.09792516404690342,6.447677927389446e-05,0.7111307105438494,4.5851417858623495e-05,0.0011775010158895504,1.0,0.0011775010158895504,3.368818544637464e-07,0.7512869630297517,2.530949453398988e-07,9.999927498741841e-17,1.0,9.999927498741841e-17,1.0,1.0,1.0,0.03297098836211619,0.13050963161982804,-12.033072412612658,-0.7238067849499247,7.238462218924682,-1.0416186313723552,-1.3787075265047684,-100.706122183401,62.35587073953704,9.529869844761988,-3.7021297827957733,303.15,7.5,0.1
48,6.8970843439416e-05,0.29289415092405,2.0201156627703325e-05,7.90691741393609e-08,0.7688914100531762,6.079560879575339e-08,0.9952545141037952,1.0003470301881021,0.9955998974650342,0.002680911229996591,1.0214036997255531,0.0027382926489543024,0.030235858375932435,0.7261165120860459,0.02195475602385972,0.09999923411353309,0.7587466955183522,0.07587408843800929,0.13045793986020818,0.7494095961822355,0.09776643202940498,8.452790804153813e-05,0.7087806420879842,5.991174493603548e-05,0.0011426838155997434,1.0,0.0011426838155997434,4.568449965041483e-07,0.7495629555175662,3.4243408579306194e-07,9.999923411353338e-17,1.0,9.999923411353338e-17,1.0,1.0,1.0,0.032985740449368445,0.1305269897728218,-11.996411255765619,-0.7335032877214194,7.216127788237866,-0.9857183284370544,-1.2572050155415886,-99.04145665224414,61.6210175746128,9.48945994954881,-3.7075033719392194,308.15,7.5,0.1
49,7.15643755429719e-05,0.28999763321594335,2.0753499530038782e-05,8.27179817342106e-08,0.7661921375804045,6.337786724127176e-08,0.9952543677359226,1.0003483556534143,0.9956010702215087,0.00270885314345703,1.0214051080411368,0.0027668364376603003,0.030213479382796265,0.725319353107919,0.02191442132106923,0.09999918405837879,0.7572297061753398,0.07572235276229988,0.13046604752240257,0.7480724585983187,0.09759805693368878,0.00010972301205610776,0.7064427557926194,7.751302701078356e-05,0.0011093151336801909,1.0,0.0011093151336801909,6.150360672222875e-07,0.7478455648038956,4.59951995066618e-07,9.999918405837847e-17,1.0,9.999918405837847e-17,1.0,1.0,1.0,0.03299389690179627,0.13053769461592726,-11.966384750422868,-0.7435392954010211,7.198062379549812,-0.9329724439154784,-1.1400170861589494,-97.43993630408517,60.91295033409884,9.452553887680684,-3.7128293199425335,313.15,7.5,0.1
50,7.479868284866669e-05,0.28414357210589025,2.1253564933435747e-05,8.582962580458521e-08,0.7635081586841534,6.553161955860881e-08,0.9952543503160487,1.0003497896934521,0.9956024800301526,0.0027434968536708734,1.0214052562631804,0.002802222106880928,0.030176511812615457,0.7245232844992093,0.021863585453205343,0.09999912201608176,0.755663112738581,0.07556564781379749,0.13046689749528662,0.746705035572002,0.09742028933518672,0.00014093071608426284,0.7041134221533903,9.92312087886182e-05,0.0010771757556493123,1.0,0.0010771757556493123,8.214144336610773e-07,0.7461306259833583,6.12882465579305e-07,9.999912201608152e-17,1.0,9.999912201608152e-17,1.0,1.0,1.0,0.032994807349135,0.13054178200776112,-11.94203017829845,-0.7538737805807855,7.183549098690048,-0.8828679464453685,-1.0269389307268864,-95.89799609158919,60.23012580292492,9.418752877182946,-3.7181121717607444,318.15,7.5,0.1
51,7.70686658863096e-05,0.281560505225129,2.169949250397598e-05,8.838404291500812e-08,0.7608397719461631,6.724609505513469e-08,0.9952544793278784,1.0003512971949573,0.995604109434735,0.0027842891777010792,1.021403971830327,0.0028438840248280767,0.030126119221789278,0.7237380377222656,0.0218034184097648,0.09999904900597964,0.7540619449689226,0.07540547738849164,0.13045949604643098,0.7453086287320769,0.09723258810344328,0.00017919027794807333,0.7018023790742723,0.00012575616337093807,0.001046221498441208,1.0,0.001046221498441208,1.0885929842753207e-06,0.7444281343553806,8.103792443564338e-07,9.999904900597985e-17,1.0,9.999904900597985e-17,1.0,1.0,1.0,0.03298747706537667,0.13053665309636017,-11.922952008955301,-0.7644982633915821,7.172332929842224,-0.8352673941823658,-0.9177786344448675,-94.41265510616019,59.57144100957925,9.387860951695712,-3.7233515142354383,323.15,7.5,0.1
52,7.927438515873166e-05,0.27800580022521587,2.2038738883415184e-05,9.057409527898281e-08,0.757652381399526,6.862367898122879e-08,0.9952547377361346,1.0003538653512658,0.9956069239035025,0.0028327618267342102,1.021401418674253,0.002893386948592591,0.030060816410513995,0.7224484468629112,0.02171739012720695,0.09999896229415403,0.7518946822368605,0.07518868797817875,0.1304447870828904,0.743362849002482,0.09696780856345955,0.0002251193937900218,0.6990112288661877,0.0001573609840947743,0.0010148871586663673,1.0,0.0010148871586663673,1.4307882101118712e-06,0.7422091032163872,1.0619440343197115e-06,9.99989622941542e-17,1.0,9.99989622941542e-17,1.0,1.0,1.0,0.032972852622406935,0.13052415204214435,-11.908058250392454,-0.775357346333068,7.163526002712121,-0.7897373644099698,-0.8123557444843544,-92.98082737851773,58.93555727355216,9.359547867655609,-3.729160356558175,328.15,7.5,0.1
53,8.056148545069066e-05,0.27669961346149674,2.2291331884090093e-05,9.230998329127949e-08,0.7544866023100607,6.964664565273603e-08,0.9952551697683436,1.0003564847827122,0.9956099630912818,0.002889201701621326,1.0213971636402879,0.0029510224232207156,0.029978676632844984,0.7211714143849404,0.02161976462869758,0.09999886139428246,0.749704151906803,0.07496956157324648,0.13042027593032315,0.7413976608357559,0.09669328750029543,0.0002798422805434764,0.6962427636198248,0.0001948381627832645,0.0009845425533136537,1.0,0.0009845425533136537,1.8649617341268364e-06,0.7400054721036419,1.3800818885177553e-06,9.99988613942828e-17,1.0,9.99988613942828e-17,1.0,1.0,1.0,0.032948439819917005,0.1305009297257571,-11.897182614062187,-0.7864524912020211,7.157099795386283,-0.7460752659036635,-0.710501637804247,-91.59983281583551,58.3214197332858,9.333609710845302,-3.734932046214748,333.15,7.5,0.1
54,8.211025135942539e-05,0.27322005901901025,2.2434167722487983e-05,9.368276991263344e-08,0.7513432132524176,7.038791337254494e-08,0.9952557833405072,1.0003591655237698,0.9956132449052157,0.0029554459259556964,1.0213911273492067,0.00301866624613151,0.029876228202011364,0.7198996772500738,0.02150788704007754,0.09999874302939366,0.7474864706643028,0.07474770749790803,0.13038550511598856,0.7394175764001022,0.09640933419056742,0.0003439977502355012,0.6934902598693496,0.00023855908920528926,0.0009550020277791971,1.0,0.0009550020277791971,2.409314399076185e-06,0.73780979782974,1.777615769690681e-06,9.999874302939396e-17,1.0,9.999874302939396e-17,1.0,1.0,1.0,0.03291378437932648,0.13046770905011795,-11.88959337220285,-0.7977465610671993,7.152501909128639,-0.7038789738237629,-0.6120574338027919,-90.26695251602271,57.727825225084544,9.309753637825587,-3.7406724849938904,338.15,7.5,0.1
55,8.412650327002219e-05,0.2669599439386944,2.2458406596723505e-05,9.47427255280531e-08,0.748223048022563,7.08886908725651e-08,0.995256586352866,1.0003619016173901,0.9956167713211852,0.00303227905500823,1.0213832296793957,0.003097118974493493,0.029752020384135516,0.7186322291980413,0.021380760731796865,0.09999860582352986,0.7452441190860067,0.07452337290678533,0.13034001294047837,0.7374255948176038,0.09611606157116642,0.0004181438096360382,0.6907530718742002,0.0002888341209912742,0.0009261674627552818,1.0,0.0009261674627552818,3.0846593624460777e-06,0.7356211257841698,2.2691405928632615e-06,9.999860582352967e-17,1.0,9.999860582352967e-17,1.0,1.0,1.0,0.032868425942413765,0.13042423418647392,-11.884858983499166,-0.809219954375779,7.149423043849278,-0.6629457422024386,-0.516873679642732,-88.97981474032031,57.15381644499031,9.287795718957844,-3.746384513691847,343.15,7.5,0.1
56,8.488303503149383e-05,0.26361901977397867,2.2376782490442695e-05,9.54711082056192e-08,0.7451262393538152,7.113802782419412e-08,0.9952575916985259,1.000364660137587,0.9956205224688491,0.0031187295911371416,1.0213733403826575,0.0031853872602499817,0.02960799985634797,0.7173795543012425,0.021240173740698157,0.09999845157274204,0.742991401032955,0.07429798963515771,0.1302830491277942,0.7354212237574836,0.09581291942441876,0.0005030106808054313,0.6880416101969398,0.0003460922787676278,0.0008980612773305868,1.0,0.0008980612773305868,3.916418943962412e-06,0.7334502776345867,2.872498561782587e-06,9.999845157274229e-17,1.0,9.999845157274229e-17,1.0,1.0,1.0,0.03281161248251661,0.1303680276339339,-11.88296823838469,-0.8208803937263757,7.147898179028538,-0.6233510921167389,-0.4248096693960007,-87.73646209017325,56.59875731031814,9.267699342377602,-3.7520668077518486,348.15,7.5,0.1
57,8.475801100149128e-05,0.2614733594696155,2.216196187852255e-05,9.60248106303997e-08,0.7415077572874534,7.120314197450014e-08,0.9952587694077808,1.0003684627635967,0.9956254852044505,0.0032148269443119442,1.021361746270826,0.00328350126180095,0.029445410556115936,0.7156141257850801,0.02107155173349768,0.09999828027424981,0.7401861179753397,0.07401733888040697,0.13021626518702026,0.7328680963690688,0.09543134638390137,0.0005982218996338763,0.6848509422979776,0.00040969283166754654,0.0008694084228692899,1.0,0.0008694084228692899,4.93245982824756e-06,0.7307589842381585,3.6044393338857072e-06,9.999828027425011e-17,1.0,9.999828027425011e-17,1.0,1.0,1.0,0.03274499551142937,0.13030111922283238,-11.883421215366532,-0.8327013119553106,7.147500841867627,-0.5850373517798728,-0.33573237039283343,-86.53492943124135,56.0619191983631,9.249369018907293,-3.758353571795635,353.15,7.5,0.1
58,8.48161398601781e-05,0.25746043520076384,2.1836800280450316e-05,9.633715026452679e-08,0.7379184393812261,7.10889595776342e-08,0.9952601466177903,1.0003722973112792,0.9956306792943994,0.0033220218906801872,1.0213481792451211,0.0033929410094586444,0.02926019492491646,0.7138570585213179,0.020887596680861254,0.09999808936374546,0.7373711117911326,0.073735702331134,0.13013811654495497,0.7303116581949398,0.0950413836883124,0.0007041361057880251,0.6816824621011127,0.0004799972342478704,0.000841391456067892,1.0,0.000841391456067892,6.160207934929916e-06,0.7280805257532276,4.4851274320129774e-06,9.999808936374575e-17,1.0,9.999808936374575e-17,1.0,1.0,1.0,0.03266703295545682,0.13022302902196536,-11.886073214781357,-0.8446794017043647,7.148197841841516,-0.5477754300686055,-0.24951714814046086,-85.37319602890558,55.5424372153069,9.232629165805857,-3.7646164020233743,358.15,7.5,0.1
59,8.447189374574738e-05,0.25351836628675595,2.141517649957031e-05,9.640123550258209e-08,0.7343583844948637,7.079305556698496e-08,0.9952617233076588,1.0003761491966396,0.9956360902053273,0.003439796508715077,1.0213326335614632,0.0035131764271614948,0.029053421966589506,0.7121120124013739,0.020689290783774333,0.09999787983451665,0.7345529459082322,0.07345373721702163,0.13004856972423653,0.7277525027596082,0.09464317209712053,0.0008207874586574209,0.6785398743828838,0.0005569370190924525,0.0008140110029211476,1.0,0.0008140110029211476,7.633078216956567e-06,0.7254188113554547,5.5371785271278484e-06,9.999787983451642e-17,1.0,9.999787983451642e-17,1.0,1.0,1.0,0.03257769036905033,0.1301331380192178,-11.890909071267693,-0.8568201152042767,7.150009342265839,-0.5116213382953441,-0.1660459623573915,-84.24963330695475,55.0397666246563,9.217452935501731,-3.7708547672395767,363.15,7.5,0.1
60,8.4623208581207e-05,0.24700555833810753,2.090240288396316e-05,9.624452665324531e-08,0.7308275686528024,7.033815341013112e-08,0.9952634892726636,1.000380028406008,0.9956417176700499,0.00356859883530096,1.0213152028946013,0.0036446642435248385,0.028824285398984083,0.7103734394500916,0.020476006758567374,0.09999765094057946,0.7317283983159516,0.07317112095810784,0.12994816368838874,0.7251929948079909,0.09423749799498166,0.0009476921361892991,0.6754180067108495,0.0006400883336005232,0.0007872109396002776,1.0,0.0007872109396002776,9.385040000180876e-06,0.7227684040442406,6.783210382822087e-06,9.999765094057917e-17,1.0,9.999765094057917e-17,1.0,1.0,1.0,0.03247750744286625,0.13003288314149664,-11.897741815343371,-0.8691162944106015,7.152809037416819,-0.4765128415658057,-0.08520730038703951,-83.16259351985384,54.553276248318774,9.203759497397359,-3.777070743370093,368.15,7.5,0.1
61,8.355016171269571e-05,0.24324150630017713,2.0322867186619483e-05,9.582447260433136e-08,0.7273256204470048,6.969559399095225e-08,0.9952654466061442,1.000383904919101,0.9956475339069077,0.003706858370490512,1.0212958587609648,0.0037857991027953793,0.028575908369023045,0.7086516969346283,0.020250365957156624,0.09999740558951516,0.7289106150453767,0.07288917041119546,0.1298367339958384,0.7226315521918381,0.09382412061893151,0.0010849560565866418,0.6723268919039764,0.0007294451333772916,0.0007610536183577376,1.0,0.0007610536183577376,1.1459481760884866e-05,0.7201400142737852,8.252431358853813e-06,9.999740558951536e-17,1.0,9.999740558951536e-17,1.0,1.0,1.0,0.03236631690122625,0.1299203799820238,-11.906774986374776,-0.8815889529507361,7.156794676219053,-0.44263832449631424,-0.006895752810594577,-82.11077134301347,54.08261508379945,9.191597896049092,-3.783261208008196,373.15,7.5,0.1
62,8.168089322424281e-05,0.24076968459128706,1.9666282898735546e-05,9.526159890619559e-08,0.7232828621705294,6.890108191181419e-08,0.9952675434007137,1.0003888727653003,0.9956545758425296,0.0038532764760771934,1.0212750971297373,0.00393525530737347,0.02831201521441875,0.7063893977430075,0.019999307376204128,0.09999714620977943,0.7255297048233139,0.07255089997275502,0.1297171368532629,0.7195037420521514,0.09333196537421369,0.0012308031950256605,0.6687383557393972,0.000823085304880257,0.0007344620552802059,1.0,0.0007344620552802059,1.3905709189432116e-05,0.7169684198631235,9.969954344623263e-06,9.99971462097795e-17,1.0,9.99971462097795e-17,1.0,1.0,1.0,0.03224697258372019,0.129798913008086,-11.917811887834159,-0.8942298812600532,7.161773958576528,-0.41013078852014534,0.0689888702337965,-81.09289122711587,53.627405229536684,9.180994033318388,-3.790101139149117,378.15,7.5,0.1
63,8.015512029694877e-05,0.2365637529118125,1.8961796072544006e-05,9.446555525202758e-08,0.7192742918777577,6.794664536074122e-08,0.9952697996954375,1.0003938560285266,0.995661792706058,0.004009099163138377,1.0212527164571026,0.004094303410900966,0.02802906081627569,0.7041373008213938,0.019736307227731058,0.09999687063163241,0.7221545232635391,0.07221319243883231,0.12958821075511545,0.7163822346383464,0.0928346920035346,0.001385298139371813,0.6651764424345146,0.0009214676880584947,0.0007085303108014402,1.0,0.0007085303108014402,1.676539279688652e-05,0.7138138872642731,1.1967370203858006e-05,1.1109901303881285e-16,1.0,1.1109901303881285e-16,1.0,1.0,1.0,0.03211831509971102,0.12966846034096766,-11.930861983919314,-0.9070457626012277,7.167831980245439,-0.37882772248647273,0.14254053902888358,-80.10746119554013,53.18699714990941,9.171828791600268,-3.7969169590210923,383.15,7.5,0.1
64,7.92360932349978e-05,0.22996487174335412,1.8221518018230718e-05,9.343812669708571e-08,0.7152994219173431,6.683623801146496e-08,0.9952722006517976,1.000398856319969,0.9956691712591169,0.004173867948433373,1.0212288520580755,0.00426247437362061,0.027728018377186456,0.7018936843061023,0.019462120977270715,0.09999657977391135,0.7187851885938408,0.07187606045152992,0.12945073456667003,0.7132679690341938,0.09233306253435324,0.001547667606058805,0.6616394586085913,0.0010239979569788024,0.0006832540131955105,1.0,0.0006832540131955105,2.0090061170093383e-05,0.7106748758393118,1.4277501727660282e-05,1.3182892242829768e-16,1.0,1.3182892242829768e-16,1.0,1.0,1.0,0.03198112241885483,0.1295300640980317,-11.945922161160656,-0.9200423490972812,7.174988003076098,-0.3487675499255185,0.21384871347147524,-79.15326373143975,52.76096714525505,9.164087232710079,-3.8037081205213474,388.15,7.5,0.1
65,7.728987596439713e-05,0.225965094960878,1.7464814161809484e-05,9.214876135013551e-08,0.7113576914723783,6.555073014607152e-08,0.9952747443192445,1.0004038459504068,0.9956766819942799,0.004345919668398506,1.0212035111420095,0.004438068424509672,0.027412223074687225,0.6996682784812694,0.019179462928010944,0.09999627674856708,0.7154334663098438,0.07154068289230578,0.12930474939913525,0.7101591641465049,0.0918269527534632,0.0017178180958269506,0.6581366018382121,0.0011305589641637372,0.00065868964852191,1.0,0.00065868964852191,2.394387688655994e-05,0.70756136811721,1.6941762287884395e-05,1.555715109523945e-16,1.0,1.555715109523945e-16,1.0,1.0,1.0,0.03183543261905013,0.12938213142386099,-11.963181459823634,-0.9332403703094198,7.183422466496492,-0.3201024944923792,0.2829982026896919,-78.2292635469898,52.34902773264249,9.157814226346233,-3.8104709924231224,393.15,7.5,0.1
66,7.458239314276557e-05,0.22391092589257872,1.669981270388095e-05,9.060915078736312e-08,0.7074486074581913,6.410131754748927e-08,0.9952774154420304,1.0004088269406015,0.9956843116628352,0.0045248040923545636,1.0211768310339207,0.00462062510407995,0.02708264877662756,0.6974592923229889,0.01888904504997872,0.09999596248074812,0.7120990481215342,0.07120702969853739,0.12915104571610872,0.7070566809537848,0.09131710972574236,0.0018949701573621387,0.6546660227081207,0.001240572576070853,0.0006348274227898646,1.0,0.0006348274227898646,2.8390124236147995e-05,0.7044716961692185,2.000003897509401e-05,1.8263516144528854e-16,1.0,1.8263516144528854e-16,1.0,1.0,1.0,0.03168203526212489,0.12922571871840224,-11.982612913845712,-0.9466442411704316,7.1931330438396275,-0.29284264429768647,0.35006947429250806,-77.33434697071054,51.95077029798916,9.152986190032301,-3.817204942848286,398.15,7.5,0.1
67,7.335441209047724e-05,0.21690970511077498,1.591128389511969e-05,8.896585737034409e-08,0.7029514141009812,6.253867524518964e-08,0.9952801293221855,1.0004150521454533,0.9956932224751877,0.004709189144042516,1.021149621643179,0.004808786712685182,0.026743049361966687,0.6946420422923464,0.018576846425921573,0.09999563951024483,0.7081468753366409,0.07081159966646902,0.12899428856321934,0.7033447062760074,0.09072745000078007,0.002075473364176047,0.6506414252126016,0.0013503889476582963,0.0006106560614110522,1.0,0.0006106560614110522,3.350646850824519e-05,0.7007761765321977,2.3480534890304557e-05,2.130336323158305e-16,1.0,2.130336323158305e-16,1.0,1.0,1.0,0.03152559291809968,0.12906773194116722,-12.00394484092904,-0.9602386938689673,7.2038513226421355,-0.2670742394304222,0.4151394329135292,-76.46753593763644,51.56588306745283,9.149620465812962,-3.8246658783855794,403.15,7.5,0.1
68,7.124690044901028e-05,0.21241176558556973,1.5133679916873605e-05,8.707969906780839e-08,0.6984929476921843,6.082455568602187e-08,0.995282939367918,1.0004212630142773,0.9957022152590149,0.004898755524962554,1.021121350522226,0.00500222385752798,0.02639303500979348,0.6918459395616274,0.018259914104233495,0.09999530854546711,0.7042213912731573,0.07041883530467746,0.12883141047920585,0.6996457895017749,0.09013635389735121,0.0022612933800083743,0.6466555019461767,0.0014622778056968824,0.0005872782947850343,1.0,0.0005872782947850343,3.936682273793396e-05,0.6971109894572364,2.74430447506288e-05,2.473624979144428e-16,1.0,2.473624979144428e-16,1.0,1.0,1.0,0.03136303743520504,0.1289027444593539,-12.027492551018835,-0.9740549204204721,7.2159210548396215,-0.242777362269082,0.4782801302371709,-75.62780172651388,51.193964487856434,9.147682379872846,-3.832094560497222,408.15,7.5,0.1
69,6.905563842996429e-05,0.20809159451789508,1.4369897911342502e-05,8.497670717239593e-08,0.6940722655395061,5.897997566523195e-08,0.9952858246065766,1.0004274721118833,0.9957112815399487,0.005093308167832767,1.0210922081394,0.005200737283826802,0.026033101307094297,0.6890657048721297,0.017938517302180493,0.09999497007808524,0.7003182916676959,0.070028306620447,0.1286635082432296,0.69596112863645,0.08954480041128325,0.002451361530741436,0.6427029626317495,0.0015754973182890216,0.0005646666653295654,1.0,0.0005646666653295654,4.604902715590084e-05,0.6934709053688125,3.193366055315557e-05,2.85950433483064e-16,1.0,2.85950433483064e-16,1.0,1.0,1.0,0.031195465113357027,0.12873264885836674,-12.053179766186833,-0.9880932626096139,7.229295410971362,-0.21992019527378034,0.5395605485504319,-74.81415557702063,50.83461945216343,9.147133704316593,-3.839491143892272,413.15,7.5,0.1
70,6.685550924633906e-05,0.20379027878736075,1.3624502867782404e-05,8.267366144084757e-08,0.6896884588743213,5.70190701486355e-08,0.9952887696201571,1.0004336806642307,0.9957204071148673,0.005292242930968471,1.0210623291312473,0.005403709893423044,0.025664551584688087,0.6863004443507111,0.017613593156633186,0.0999946253533505,0.6964376589553615,0.06964002278920586,0.12849135714142115,0.6922909344240407,0.08895340170084759,0.0026449117265089934,0.6387826775051627,0.001689523794424218,0.0005428136166042257,1.0,0.0005428136166042257,5.364013204228073e-05,0.6898550874322468,3.7003917979904823e-05,3.291637987046107e-16,1.0,3.291637987046107e-16,1.0,1.0,1.0,0.0310236500249029,0.12855829532432894,-12.080992693034858,-1.002358943853755,7.2439798693241615,-0.198505421903192,0.5990462961557448,-74.02569173423345,50.48750361084844,9.147955142700672,-3.846854680529052,418.15,7.5,0.1
71,6.533683617639691e-05,0.19743181224062728,1.2899569972375014e-05,8.019641806610725e-08,0.6853404622318994,5.49618502267685e-08,0.9952917535899629,1.000439900507848,0.995729582937824,0.005495282922255669,1.0210319006845756,0.005610859166910193,0.02528804985485557,0.6835454618834561,0.01728553171816912,0.09999427502800724,0.6925755752831703,0.06925359255254565,0.12831603525737334,0.6886361274649901,0.08836305761129871,0.0028408891194249115,0.634889893593606,0.001803651790742915,0.0005216967777434769,1.0,0.0005216967777434769,6.222777915087874e-05,0.6862588822475211,4.270436616482762e-05,3.7735050341149847e-16,1.0,3.7735050341149847e-16,1.0,1.0,1.0,0.030848669613287638,0.12838145228996778,-12.110870231456516,-1.016853160865237,7.259938655683758,-0.17850585526843304,0.6567998138579038,-73.2615199794466,50.152258041875434,9.150113976781551,-3.8541851537771947,423.15,7.5,0.1
72,6.275659231933522e-05,0.19424397989150477,1.2190090256536303e-05,7.764325817748098e-08,0.6803356321087325,5.2823475131157975e-08,0.9952947088931757,1.0004474958852978,0.9957400991800641,0.005698090505301624,1.0210015493920026,0.005817759234488815,0.024913279086744147,0.6801214319839838,0.016944055047893068,0.09999392721948563,0.6880461399453376,0.06880043564134211,0.1281411528092385,0.6843004397615429,0.08768704721891299,0.0030365309511095405,0.6303936888826307,0.0019142099476762268,0.0005004793785068477,1.0,0.0005004793785068477,7.198001051869895e-05,0.6820013876870503,4.909046705948115e-05,4.3046184373735876e-16,1.0,4.3046184373735876e-16,1.0,1.0,1.0,0.030674126184365106,0.12820398704481606,-12.142867311066832,-1.0315867250890158,7.277173030985202,-0.16020401112109903,0.7128811268558815,-72.52110234100023,49.82884905522947,9.153734263501574,-3.8623463734708223,428.15,7.5,0.1
73,6.0736815271584484e-05,0.18947518235989433,1.1508119149542679e-05,7.494732168543361e-08,0.6753746459938942,5.0617520851490236e-08,0.9952976729045353,1.0004550974069122,0.9957506302945799,0.005903574267131877,1.0209709035984513,0.006027377553974197,0.024533572104088065,0.6767142519250262,0.01660221789346665,0.09999357678539379,0.6835454292401326,0.06835015236502817,0.12796456823293198,0.6799888533696739,0.08701448002465682,0.003233069594274683,0.625932978806286,0.0020236848818323836,0.00048006383844879984,1.0,0.00048006383844879984,8.29510659539374e-05,0.6777717441473325,5.622188865048054e-05,4.892143126552782e-16,1.0,4.892143126552782e-16,1.0,1.0,1.0,0.030497883186491527,0.12802537999552524,-12.176910549402026,-1.0465596380139761,7.295699129562672,-0.1433072492819793,0.767346311609943,-71.80336558858633,49.5166790868509,9.158652560628273,-3.8704711972586425,433.15,7.5,0.1
74,5.9373346373601495e-05,0.1828245123440379,1.0854903096987337e-05,7.213081102835324e-08,0.670456543434275,4.836057423718059e-08,0.9953006309600605,1.0004627066190888,0.995761163149989,0.00611124829635496,1.0209400865946334,0.006239218364881938,0.024150028205034438,0.6733229708125456,0.016260768736220555,0.0999932247992374,0.6790730141098773,0.0679027005549847,0.1277869918029274,0.6757015550460829,0.08634586907589908,0.0034298133402605423,0.621506480868111,0.002131651219139831,0.0004604330054137994,1.0,0.0004604330054137994,9.525089645885598e-05,0.6735689687490627,6.41580481002154e-05,5.539812400446936e-16,1.0,5.539812400446936e-16,1.0,1.0,1.0,0.030320649847763,0.12784643728011202,-12.212972726580821,-1.0617756232144255,7.3155085509345446,-0.1278003261472886,0.8202493714751126,-71.10755133505478,49.21544190458999,9.1648457932912,-3.87855876289238,438.15,7.5,0.1
75,5.7358395884293983e-05,0.17841328142418783,1.0233499626944518e-05,6.920495741687059e-08,0.6655808023155154,4.60614910817318e-08,0.9953035824909351,1.0004703011111296,0.9957716748716917,0.006320033129768274,1.0209090807314551,0.006452179212704072,0.023764930864270357,0.6699552382684257,0.015921439919604916,0.09999287344103576,0.6746371210852031,0.06745890426729742,0.12760832186589732,0.6714370955573172,0.08568096100258138,0.0036268598886835092,0.6171210438824538,0.002238211560519768,0.00044159370389673127,1.0,0.00044159370389673127,0.00010901008509653219,0.6694006273608861,7.29714193522823e-05,6.252297598912908e-16,1.0,6.252297598912908e-16,1.0,1.0,1.0,0.030142322389922926,0.12766574946673903,-12.251106792848761,-1.0772453456399333,7.3366620073599185,-0.11370831575686362,0.8716418112847462,-70.43297668641317,48.924883657162695,9.172312027788186,-3.8866063692926733,443.15,7.5,0.1
76,5.600747167863366e-05,0.1721498089010076,9.641675546505372e-06,6.620446299697233e-08,0.6607459668074573,4.3744331909902996e-08,0.9953065024584605,1.000477904869092,0.9957821642822243,0.006530097211340481,1.020878111125117,0.006666433306576666,0.023378093264814645,0.6666023971142971,0.01558389301028705,0.09999252259843965,0.6702292999067317,0.06701791841706026,0.12742985544719404,0.6671968716219657,0.08502080090560717,0.003822956130056715,0.6127680858046158,0.002342585509929875,0.00042350187008373885,1.0,0.00042350187008373885,0.00012433471498874045,0.6652580218613112,8.271466654209935e-05,7.03251094431473e-16,1.0,7.03251094431473e-16,1.0,1.0,1.0,0.02996419794783376,0.12748592912333567,-12.291202447054355,-1.0929651636374864,7.359078211892527,-0.10096770809124761,0.9215727921056246,-69.77890323350931,48.64467333098767,9.181005935931188,-3.894615328261353,448.15,7.5,0.1
77,5.427837702852611e-05,0.167123834754871,9.071210513277981e-06,6.32363433887661e-08,0.6551511867721423,4.142936541828081e-08,0.9953092983104688,1.0004871635764923,0.9957941767479498,0.006736602458683239,1.0208480278261474,0.0068770473341955626,0.023000285449724274,0.6624641954891047,0.01523686559647135,0.09999218148267967,0.6650469413495743,0.06649949445392765,0.12725649128921585,0.6621738508497191,0.08426592088260382,0.004014031329698763,0.6077115514153012,0.0024393732068008606,0.00040534162617376196,1.0,0.00040534162617376196,0.00014149950939952696,0.6603436273061503,9.343829929892426e-05,7.873716911837422e-16,1.0,7.873716911837422e-16,1.0,1.0,1.0,0.02979116628543604,0.12731083290258777,-12.333248453528725,-1.1089399052715565,7.382691718824554,-0.08984328412946875,0.9700899278887506,-69.1449519711982,48.37482033223371,9.191047809377329,-3.9036228405980347,453.15,7.5,0.1
78,5.21285236834987e-05,0.16368526323609395,8.532671121242447e-06,6.022132891647421e-08,0.6496091513658956,3.9120326371557335e-08,0.9953120474286228,1.0004964075175653,0.9958061278112896,0.006943011846936944,1.0208180747737363,0.007087551986721414,0.022623736433254115,0.6583565688649737,0.014894485493102674,0.09999184390710371,0.659911348088329,0.06598575251057458,0.12708387276279567,0.6571860057786464,0.08351774273986343,0.004203562129427198,0.6027041597880374,0.0025335043813332317,0.0003879848125519129,1.0,0.0003879848125519129,0.00016053346697254652,0.6554722443973379,0.0001052252318973809,8.788236885835973e-16,1.0,8.788236885835973e-16,1.0,1.0,1.0,0.029618876803874556,0.12713606150780807,-12.37725614012327,-1.1251764051954674,7.407597530653987,-0.08004803579382136,1.0172373688785004,-68.53022140068077,48.11478974679679,9.202281401039013,-3.912587462468824,458.15,7.5,0.1
79,5.104684232963472e-05,0.1571734377708259,8.023207696294e-06,5.719066333141993e-08,0.6441179008012158,3.683753001046324e-08,0.9953147242496688,1.0005056661898613,0.9958180212539929,0.0071496509998297455,1.0207884816142963,0.007298281388188343,0.022247955434455065,0.6542695253942449,0.01455615924309323,0.09999150948220298,0.654812489031657,0.06547568920607386,0.12691332326173274,0.6522344591583101,0.08277724275760005,0.004390275841301304,0.5977360417676996,0.002624226103647798,0.0003713802104302694,1.0,0.0003713802104302694,0.000181546009777442,0.6506337979656687,0.00011811996984700954,9.777720824369244e-16,1.0,9.777720824369244e-16,1.0,1.0,1.0,0.029448653276614445,0.1269644272947257,-12.423112223336643,-1.1416700913726374,7.433709497334803,-0.07151700481437999,1.0630579742164945,-67.93405967776988,47.86427975244745,9.214662831383391,-3.921511349700566,463.15,7.5,0.1
80,4.9418033587530665e-05,0.1526532096906101,7.543821443734931e-06,5.4154630709521356e-08,0.6386772557326253,3.4587330926770865e-08,0.9953173354789278,1.0005149102210003,0.9958298345481047,0.00735560329138975,1.020759155351033,0.00750829940281628,0.021874936871979275,0.6502127376058596,0.014223362588485005,0.09999118014264739,0.6497601977150662,0.06497028897924938,0.12674430716510773,0.6473174994133837,0.08204380797899934,0.004574713863999621,0.5928158675926409,0.002711962968275018,0.00035552458974218637,1.0,0.00035552458974218637,0.00020469437393710345,0.6458377292731934,0.0001321993496585369,1.0846228071067686e-15,1.0,1.0846228071067686e-15,1.0,1.0,1.0,0.029279958196956557,0.12679377935332597,-12.470865425691258,-1.1584309911083845,7.461082950807259,-0.06426485107776224,1.1075927152322091,-67.35592060740744,47.6230772724506,9.22818860492,-3.9303917388373235,468.15,7.5,0.1
81,4.838381785401325e-05,0.1465783389511146,7.0920196531545395e-06,5.113893106255013e-08,0.633285624723235,3.2385549905625507e-08,0.995319860299484,1.000524161925488,0.9958415690739351,0.007561107838936805,1.020730279347901,0.007717851716617565,0.021504356959544252,0.6461785768192996,0.013895654775532505,0.0999908556554809,0.6447467422914638,0.0644687784428073,0.12657788129728578,0.6424360284171062,0.08131819134608019,0.004755863813775222,0.5879360199026656,0.002796143641870116,0.000340373203098734,1.0,0.000340373203098734,0.00023008837170842916,0.6410763048539673,0.00014750420312470595,1.1994882243666039e-15,1.0,1.1994882243666039e-15,1.0,1.0,1.0,0.02911384861633507,0.12662631625407084,-12.520423291743867,-1.1754560708357102,7.4896487242407455,-0.05823719709323328,1.1508807979242126,-66.79521352175954,47.39090889043131,9.24282124737111,-3.939230258726661,473.15,7.5,0.1
82,0.0001660766601163439,0.30983921181646285,5.145706147155855e-05,1.273556218950778e-08,0.785202871358747,9.999999999569393e-09,0.9952875426207316,1.0003483249059097,0.9956342260603682,0.0008152720379292981,1.0213899634655088,0.0008327106770350567,0.03001120856213148,0.7290229907013596,0.021878861020527343,0.10000259469839609,0.7646775880247734,0.07646974291018853,0.13037902869075754,0.7545528069755503,0.09837786206935693,3.293367642568947e-05,0.7226847413731533,2.380066543016651e-05,0.0014125577030108165,1.0,0.0014125577030108165,1.5116913392521814e-07,0.7588719569423228,1.1471801649110629e-07,1.0000259469839617e-16,1.0,1.0000259469839617e-16,1.0,1.0,1.0,0.030992557260177123,0.13054511808643615,-13.070713617803372,-0.7084171251533214,8.0000000000187,-1.9713898205146445,-2.2117054588882525,-112.75093323423303,67.92311497650567,10.120420435533667,-3.6716421717552654,273.15,8.0,0.1
83,0.00016891311269977025,0.30762513146904785,5.196191850111288e-05,1.500478814069462e-08,0.7829781545346131,1.1748421327583933e-08,0.9952869286886864,1.0003475187612167,0.9956328095691995,0.0008300042113953403,1.021395932909775,0.0008477629258171859,0.03002804356799644,0.7287160477696565,0.021881917231125425,0.10000256826016231,0.76420175077478,0.07642213774639048,0.13041340604732635,0.7541166939942813,0.09834692662094356,4.477451916150353e-05,0.7207900065724685,3.2273025960699255e-05,0.001366304652536002,1.0,0.001366304652536002,2.0847939472128392e-07,0.7576542214782351,1.5795529350180804e-07,1.0000256826016216e-16,1.0,1.0000256826016216e-16,1.0,1.0,1.0,0.03102696089209155,0.13058233416481427,-12.964683835880352,-0.7155327918364175,7.930020486990599,-1.8797036895156238,-2.059140762161509,-110.61198490669616,66.98460260585676,10.04643540431524,-3.676758892904017,278.15,8.0,0.1
84,0.00017305359297009387,0.3025137911063104,5.235109847395147e-05,1.740359537532568e-08,0.7807645131691704,1.358810967060938e-08,0.995286418862142,1.0003469418936553,0.9956317254170315,0.0008495394854263403,1.0214008881821701,0.0008677203849602879,0.03003293858597568,0.7284043407176524,0.021876122830531364,0.10000253320316344,0.7636212413239479,0.07636405854013899,0.1304419419785968,0.753614166877644,0.0983028954301022,6.0095467442913485e-05,0.7188948655708364,4.320232298878986e-05,0.0013224015604627304,1.0,0.0013224015604627304,2.8493966993118474e-07,0.7564313464775504,2.15537298190915e-07,1.0000253320316347e-16,1.0,1.0000253320316347e-16,1.0,1.0,1.0,0.031055531664372114,0.13061501297516223,-12.869104029603495,-0.7230251839589193,7.866840956565898,-1.7921480590596932,-1.9124597385359097,-108.56112331180229,66.08177057635919,9.977746658378681,-3.6818268528241984,283.15,8.0,0.1
85,0.00017557305007109538,0.3003601384539968,5.2735145628144684e-05,1.9857371519154877e-08,0.7785609378217916,1.546017379262893e-08,0.9952860294996502,1.0003465297143808,0.9956309256831799,0.0008719040104233689,1.0214046681632103,0.0008905668264366535,0.030029861365766925,0.728106595088225,0.021864940109999988,0.10000249309479604,0.7629645902014326,0.07629836116319265,0.13046370887922926,0.7530467170647599,0.09824526766759616,7.98413485429669e-05,0.7170180030897368,5.724768429626984e-05,0.0012808359074392732,1.0,0.0012808359074392732,3.8682735261707743e-07,0.7552227879521839,2.92140831699632e-07,1.000024930947963e-16,1.0,1.000024930947963e-16,1.0,1.0,1.0,0.03107733842626139,0.13063930178667182,-12.784227188551885,-0.7309398687178934,7.810785628350714,-1.7093339322777759,-1.7713529429089234,-106.5941540197847,65.21366233789836,9.91437328011892,-3.686840897985249,288.15,8.0,0.1
86,0.0001775988062273626,0.29822625525364704,5.296462691870443e-05,2.2373613380101242e-08,0.776368989235026,1.737017960544445e-08,0.9952857677804154,1.0003462829570253,0.9956304182791678,0.0008989790567998396,1.0214072027111545,0.000918223683701836,0.03001540259741866,0.7278143972081038,0.021845642148398813,0.10000244455699511,0.7622307262623126,0.07622493594268503,0.13047830267465765,0.7524231511212175,0.0981748956514139,0.00010475990464549032,0.7151512996363372,7.491918195700112e-05,0.0012412595728453165,1.0,0.0012412595728453165,5.203767570973684e-07,0.754019748137011,3.923743513229123e-07,1.0000244455699501e-16,1.0,1.0000244455699501e-16,1.0,1.0,1.0,0.031091980460445864,0.13065592385449842,-12.7078706744518,-0.7391817435353678,7.760195690980064,-1.6299675102944708,-1.6355323263163042,-104.70534453735647,64.37752823597248,9.85541441478623,-3.6918061800630158,293.15,8.0,0.1
87,0.0001788295489505593,0.2963375381225006,5.299390827956596e-05,2.493864306528267e-08,0.7741893851333567,1.930723274077145e-08,0.9952856452476314,1.0003461808472462,0.9956301940755552,0.0009313233840721258,1.021408378399447,0.0009512615074905958,0.02998865258514085,0.7275291215540118,0.02181761807185597,0.10000238659701347,0.7614283216912167,0.07614464939168017,0.13048507012948937,0.7517489556656872,0.09809201519980759,0.00013570347707121623,0.7132963304596402,9.679679222551251e-05,0.0012034721421026833,1.0,0.0012034721421026833,6.933110057978598e-07,0.7528236168699121,5.219408990004614e-07,1.000023865970134e-16,1.0,1.000023865970134e-16,1.0,1.0,1.0,0.031098805518163537,0.13066392461708298,-12.638937008301012,-0.7477112415020704,7.71427996814369,-1.5535418205210636,-1.5047294561239044,-102.890081542081,63.57150688834757,9.800391047259428,-3.6967244965300408,298.15,8.0,0.1
88,0.00017841919085475932,0.2957144221551211,5.276112792499945e-05,2.7559774716214387e-08,0.7714793525243857,2.126179715378301e-08,0.9952856448939601,1.0003471740800738,0.9956311822721369,0.0009688494345919468,1.021408358993368,0.000989590911098213,0.02995148797162358,0.726746068243076,0.021767126121407226,0.10000231938988903,0.7600367322305723,0.07600543604456927,0.1304849544153397,0.7504997004323295,0.0979289191996386,0.0001734210024693437,0.7109594730734609,0.00012329530453547604,0.0011657817376837403,1.0,0.0011657817376837403,9.152294229488992e-07,0.7511131535111213,6.874408580573119e-07,1.0000231938988924e-16,1.0,1.0000231938988924e-16,1.0,1.0,1.0,0.031098756597070284,0.1306634011659692,-12.576595393836433,-0.7565004817960954,7.672400029512414,-1.4799311969108884,-1.378693468001946,-101.14443474893955,62.794211422081226,9.749040186034074,-3.7022007116135045,303.15,8.0,0.1
89,0.00017826930216235685,0.29280659322308783,5.2198427042416935e-05,3.025581363586647e-08,0.7687866659287048,2.3260266090077997e-08,0.9952857999567302,1.0003483025230677,0.9956324605120286,0.0010139884696279359,1.0214068207123372,0.0010356947390016385,0.029897715332057383,0.7259626207952363,0.0217046237782503,0.10000223857027474,0.7585824622655286,0.07585994436670382,0.13047609060043833,0.7492130747849705,0.09775439302467678,0.00021843399538279144,0.7086298407742664,0.00015478884736779425,0.0011295260223673307,1.0,0.0011295260223673307,1.194354212337917e-06,0.7494032625671976,8.950529433869098e-07,1.0000223857027503e-16,1.0,1.0000223857027503e-16,1.0,1.0,1.0,0.031089973103847677,0.13065439015841435,-12.519237913620126,-0.7654707706851575,7.633385321387812,-1.407966418799952,-1.2571908113212042,-99.46370474260704,62.04329407341647,9.70059819895064,-3.7076378210309078,308.15,8.0,0.1
90,0.00017716182694025342,0.28993422993987267,5.1365277868663355e-05,3.29924924174565e-08,0.7661116863075556,2.5275934001426807e-08,0.9952861230748491,1.0003495313090236,0.9956340067363004,0.0010663240525911855,1.0214036383561675,0.0010891472669833306,0.029828247359237524,0.7251872594978264,0.021631064958068734,0.100002144909728,0.7570802346386561,0.07570964733262577,0.1304577576518623,0.7478916235369418,0.09756826417324019,0.00027153221037284854,0.7063160117304449,0.00019178754788690242,0.0010946372915905656,1.0,0.0010946372915905656,1.5425111358726012e-06,0.7477027429335324,1.1533398072974622e-06,1.0000214490972835e-16,1.0,1.0000214490972835e-16,1.0,1.0,1.0,0.031071733238768964,0.13063495247129497,-12.466846561872073,-0.7746358237528201,7.597292787302889,-1.3378693243394477,-1.1400027190490147,-97.84483318450913,61.317875948742675,9.655016695002603,-3.7130347890632005,313.15,8.0,0.1
91,0.00017671926967361188,0.2841151781462032,5.020862678518516e-05,3.580324510247859e-08,0.7634553683591998,2.733417967816752e-08,0.995286611938878,1.0003508741828029,0.9956358323154968,0.0011275855264520176,1.0213988334180475,0.0011517145412971658,0.02973985879523793,0.724409575702943,0.021543838491323745,0.10000203531065659,0.7555244388746292,0.07555398161440467,0.1304300790806334,0.7465418722509105,0.09737151543469034,0.0003328125517070515,0.7040080995666301,0.00023430273203920232,0.001060891046784113,1.0,0.001060891046784113,1.9696869296836537e-06,0.7460009809923613,1.469388381791838e-06,1.0000203531065658e-16,1.0,1.0000203531065658e-16,1.0,1.0,1.0,0.03104416359136356,0.1306068341535521,-12.418321735346321,-0.7839410062877589,7.563293955121281,-1.2690256511879603,-1.0269243822789234,-96.28415379633181,60.61631260456343,9.611846278002204,-3.7183967113806755,318.15,8.0,0.1
92,0.00017363582052156915,0.2815592105394167,4.8888764547416835e-05,3.8588861401032925e-08,0.7608169370448016,2.93590593351802e-08,0.995287288716924,1.0003522664308429,0.9956378950177835,0.0011956779724117505,1.0213921862198856,0.0012212561382565978,0.029636681518230942,0.7236516648735913,0.021446633921996215,0.10000191357961258,0.753943220616571,0.07539576479203311,0.13039178981938387,0.7451616767079929,0.0971629647307683,0.00040346783355055856,0.7017279231079502,0.0002831246448782977,0.0010283645589891763,1.0,0.0010283645589891763,2.4938358080639053e-06,0.7443207485047177,1.8562137353059945e-06,1.0000191357961279e-16,1.0,1.0000191357961279e-16,1.0,1.0,1.0,0.031005995311164262,0.13056546422876686,-12.374660592576756,-0.793461763997665,7.532257863336521,-1.2023725162549723,-0.9177638970174182,-94.77976022823277,59.93857560650676,9.571428250159464,-3.723718544960064,323.15,8.0,0.1
93,0.00017014901847271826,0.27803308929488274,4.730705724646196e-05,4.1428433812273774e-08,0.7576611845345488,3.138871623561846e-08,0.9952881133698294,1.0003547172979017,0.9956411592800376,0.001272157276511393,1.0213840846715858,0.0012993611954278874,0.02951715854438613,0.7223901842211408,0.021322905598563712,0.10000177693795922,0.7517968161463261,0.07518101751093283,0.13034512354779562,0.7432319302339996,0.09687665777101731,0.0004828029292260162,0.6989690204433958,0.0003374642905083108,0.000995515612371821,1.0,0.000995515612371821,3.1285277127041477e-06,0.7421248937184829,2.3217582962858955e-06,1.0000177693795907e-16,1.0,1.0000177693795907e-16,1.0,1.0,1.0,0.030959464839370242,0.13051531399470223,-12.334685316571438,-0.8031358827620023,7.503226446109069,-1.1374139898356437,-0.8123408109004963,-93.32850400394341,59.28326376614555,9.533401113952305,-3.7296130974308412,328.15,8.0,0.1
94,0.00016476665111495717,0.2767518720596437,4.5599479149062585e-05,4.4222020430580395e-08,0.7545285231105467,3.3366775764450234e-08,0.9952891277295361,1.0003572060660668,0.9956446510434516,0.0013565145997213048,1.021374118225703,0.0013855089031506397,0.029380925389452757,0.7211463250327315,0.021187946370664727,0.10000162633739045,0.7496326631916104,0.07496448547479029,0.13028771567600675,0.7412814575039061,0.09657986777116481,0.0005717816961137802,0.6962383199452424,0.00039809632747769944,0.0009637461939470403,1.0,0.0009637461939470403,3.893172840304567e-06,0.7399498102925408,2.880752504619435e-06,1.0000162633739055e-16,1.0,1.0000162633739055e-16,1.0,1.0,1.0,0.030902206640289018,0.1304525265491421,-12.29886693783081,-0.8130054699493793,7.4766857572457,-1.074438454521713,-0.7104865068550341,-91.92819600445355,58.64981318380228,9.49780643610354,-3.735471172473282,333.15,8.0,0.1
95,0.00016002885564095159,0.2733020346480135,4.373621184906531e-05,4.700124047785891e-08,0.7514187825026036,3.5317614895984895e-08,0.9952903151191335,1.0003597686676524,0.9956483893897312,0.0014505664889168856,1.0213624474867946,0.0014815541393624766,0.029224553063851248,0.7199036063338674,0.021038861144161987,0.10000145853108104,0.747437535280009,0.07474484368887722,0.1302204906716843,0.7393158050302416,0.09627406689236938,0.0006696662383712698,0.6935200198196969,0.0004644269429078249,0.0009328654518895726,1.0,0.0009328654518895726,4.802128339323667e-06,0.7377788184317948,3.5429085721440504e-06,1.000014585310808e-16,1.0,1.000014585310808e-16,1.0,1.0,1.0,0.030835148408409084,0.13038056652856575,-12.266382153104892,-0.8230276573001495,7.4520086333076145,-1.0129765462305373,-0.6120421037673685,-90.5760500884295,58.03695345756217,9.464317754064396,-3.7412988899963167,338.15,8.0,0.1
96,0.0001563662951849995,0.267075006754519,4.1761529342712853e-05,4.973905725769436e-08,0.7483321503209048,3.722133567258508e-08,0.9952916696662047,1.0003624017753054,0.9956523651342384,0.0015545174097498953,1.0213491263256125,0.0015877049983060102,0.02904771667650512,0.718660218610241,0.020875438416865514,0.10000127318614055,0.7452132887054557,0.0745222776657765,0.1301437584416984,0.7373378164360126,0.09595991467217778,0.00077621064289826,0.6908125899497114,0.0005362160845670774,0.0009028089536096413,1.0,0.0009028089536096413,5.875084841763282e-06,0.7356102820554362,4.3217728175491076e-06,1.0000127318614048e-16,1.0,1.0000127318614048e-16,1.0,1.0,1.0,0.030758600381440016,0.13030017447594064,-12.23719876833253,-0.8332101746218488,7.42920804644369,-0.9531338191134482,-0.5168581536685499,-89.27000281723132,57.444035573849696,9.432905283387532,-3.747097010224875,343.15,8.0,0.1
97,0.00015081434479732392,0.2637609712571793,3.9778938063257264e-05,5.2332055167429683e-08,0.7452681409663338,3.9001413467577925e-08,0.9952932100614017,1.0003650505319985,0.9956565423772291,0.0016664463928713997,1.0213339666672052,0.0017019983046696024,0.028854214946760222,0.7174355165320598,0.020701038604456,0.10000107382027212,0.742983497302851,0.07429914756102633,0.1300564356071266,0.7353448203655684,0.0956363262789086,0.0008924268655221017,0.6881349736721338,0.0006141101376103564,0.0008736527592774655,1.0,0.0008736527592774655,7.143617032635446e-06,0.7334640663069562,5.239586396896425e-06,1.0000107382027224e-16,1.0,1.0000107382027224e-16,1.0,1.0,1.0,0.030671475684428948,0.13020730228397906,-12.212048347432356,-0.8436133846814443,7.408919653228739,-0.895554207756626,-0.4247939576221594,-88.00866520581313,56.8709918495057,9.403816611971388,-3.75286122770011,348.15,8.0,0.1
98,0.00014532923967329098,0.25973149454587946,3.774658062156015e-05,5.4838741767073215e-08,0.7416810294077684,4.067285444522964e-08,0.9952948832356382,1.0003687603621048,0.9956619085371812,0.0017866559737683145,1.0213174803182061,0.001824742977324526,0.028644736884942092,0.7156927010160685,0.020500829111078808,0.10000085993726683,0.7401965254047616,0.07402028906305314,0.1299614694558248,0.7328023528727977,0.09523607060003464,0.001016634159479227,0.6849730690312663,0.000696367020300508,0.0008441296736924436,1.0,0.0008441296736924436,8.634833531817582e-06,0.7307926056316785,6.310272495912765e-06,1.0000085993726713e-16,1.0,1.0000085993726713e-16,1.0,1.0,1.0,0.030576722098383698,0.13010685353423984,-12.190407536560349,-0.8542126181505224,7.390695347479584,-0.8401728383892453,-0.33571648272893434,-86.79006491785071,56.31708646030026,9.376952649875879,-3.7592258448096367,353.15,8.0,0.1
99,0.00013873685412688744,0.257649284117131,3.5745451146455416e-05,5.7152162007016735e-08,0.7381217699035412,4.218525497443305e-08,0.9952967275166671,1.000372482937998,0.9956674585659124,0.0019149439081221917,1.021299288889065,0.001955730851627642,0.028418478696104435,0.7139666866265162,0.02028984707362392,0.10000063195859894,0.7374095424512531,0.07374142025742661,0.12985668024171995,0.7302529692699986,0.09482822632606074,0.0011497725964445082,0.6818415128803075,0.0007839626866280428,0.0008154799268449458,1.0,0.0008154799268449458,1.0380434480235022e-05,0.7281431666675944,7.558442433823807e-06,1.0000063195859911e-16,1.0,1.0000063195859911e-16,1.0,1.0,1.0,0.030472159458353514,0.12999547424800878,-12.172539521690753,-0.8650370239700407,7.374839321603482,-0.7870426522208301,-0.24950110530451805,-85.61246325105782,55.781736523131016,9.352278819717913,-3.7655578483547254,358.15,8.0,0.1
100,0.00013308170461743675,0.2537285370685832,3.376662622317556e-05,5.9279871722242694e-08,0.734589617873448,4.354637831602922e-08,0.9952987202392127,1.0003762497005648,0.9956732010846754,0.002052238782426284,1.0212796085754026,0.002095909620419576,0.02817371351093645,0.7122441728451555,0.020066563275573313,0.10000038826115283,0.7346115038159933,0.07346143560270868,0.12974331258533814,0.7277002486881724,0.09441424083397784,0.0012906986076248476,0.6787275440504876,0.0008760326960625971,0.0007876003273929212,1.0,0.0007876003273929212,1.2408076260871011e-05,0.7255024395893822,9.002089597873025e-06,1.000003882611525e-16,1.0,1.000003882611525e-16,1.0,1.0,1.0,0.03035903399798017,0.12987645356982733,-12.158037634042557,-0.876068527967281,7.361047958745152,-0.7359487472230118,-0.16602977496732446,-84.47396071588241,55.264126408364106,9.329632827355631,-3.7718610354301387,363.15,8.0,0.1
101,0.0001287343791803074,0.24723525901042231,3.1827677580189235e-05,6.119553781076386e-08,0.7310844235071444,4.4739104481591985e-08,0.9953008504558425,1.0003800610199252,0.9956791255121992,0.0021984008855866644,1.021258539698476,0.0022451356780860735,0.02791078750206713,0.7105231501389684,0.019831260658828086,0.10000012916107641,0.7318028835710649,0.07318038287755466,0.12962194385045012,0.725145954243839,0.09399482816437597,0.0014388660949631008,0.6756293051232186,0.000972140099905279,0.0007604600263725923,1.0,0.0007604600263725923,1.4753529520695943e-05,0.7228685887368691,1.0664863063513221e-05,1.0024443177552712e-16,1.0,1.0024443177552712e-16,1.0,1.0,1.0,0.0302379227668341,0.1297507394251682,-12.146857383909209,-0.8873138988965821,7.349312713189666,-0.6869277762370825,-0.08519098355945845,-83.3730084545251,54.76372381664521,9.308983281560577,-3.778135563149663,368.15,8.0,0.1
102,0.00012308734232579892,0.2434873719678178,2.9970213505411927e-05,6.282584573104223e-08,0.7276059611134482,4.5712459865900166e-08,0.9953031325493376,1.0003838709131827,0.9956852004717228,0.002351681169795467,1.0212359325264586,0.0024016213124409868,0.027633191262342184,0.7088199937737367,0.01958695845852186,0.09999985790443197,0.7290029214709528,0.07290018855901106,0.12949171127266695,0.722587490148924,0.09356909064360554,0.0015950807342051546,0.6725626191384442,0.001072791676334291,0.0007341203914219546,1.0,0.0007341203914219546,1.746951288179484e-05,0.7202583248209345,1.2582562083679296e-05,1.1773417722585938e-16,1.0,1.1773417722585938e-16,1.0,1.0,1.0,0.030107959774463452,0.1296148614408385,-12.139367191596213,-0.8988103012083721,7.339965407950606,-0.6402913595382654,-0.006879323229570856,-82.30842437805542,54.28030097800345,9.290440843151092,-3.784377657529733,373.15,8.0,0.1
103,0.00011687175298693565,0.2410297293924184,2.8169566996058693e-05,6.422351745588278e-08,0.7235846699324748,4.6471152680217526e-08,0.9953055098466165,1.0003887735546857,0.9956924583076779,0.0025108053038323773,1.0212123277733587,0.002564065328912358,0.027344579734108858,0.706576184435099,0.01932102881350797,0.09999957689210597,0.7256405845252367,0.07256375142826411,0.12935572900814307,0.719461435657383,0.09306645850270602,0.0017572787631621094,0.6689980521287817,0.0011756160696027255,0.0007075341934504351,1.0,0.0007075341934504351,2.0614336309728824e-05,0.717105300293693,1.4782649829743267e-05,1.3757723987798766e-16,1.0,1.3757723987798766e-16,1.0,1.0,1.0,0.02997225679092817,0.1294726649846475,-12.135373702782102,-0.9105542097339924,7.332816555056115,-0.596174615608889,0.06900539386859862,-81.27893505420461,53.813482103895026,9.274032470497563,-3.7912614397139848,378.15,8.0,0.1
104,0.00011165294468205847,0.23683575774803767,2.6443409758575046e-05,6.53400029315526e-08,0.7195951668662874,4.70183503125743e-08,0.9953079985790053,1.000393705662004,0.9956998569734838,0.0026772851123697625,1.021187562100528,0.002734010256948917,0.027040936966791673,0.7043386369002131,0.019045976683694635,0.09999928346451785,0.7222806479524233,0.07222754725553,0.12921305562129898,0.7163405995411347,0.09256055773230329,0.0019253710487014144,0.6654559601713779,0.0012812496398997729,0.0006817284952816649,1.0,0.0006817284952816649,2.4223591926861403e-05,0.7139658164076313,1.72948165863869e-05,1.600822197531754e-16,1.0,1.600822197531754e-16,1.0,1.0,1.0,0.029829875023843495,0.129324773905984,-12.13461588835756,-0.9225361870050355,7.327732612614618,-0.5542076061284701,0.1425571418406381,-80.28284107918212,53.36241023917492,9.259535336233021,-3.798114974933716,383.15,8.0,0.1
105,0.00010769110481559183,0.23024556818804578,2.479539961706433e-05,6.616541804011713e-08,0.7156370375884816,4.735042375703295e-08,0.9953105853726921,1.000398668309612,0.9957073841613016,0.002850761447836033,1.021161755993161,0.0029110885659898496,0.026723054785603502,0.7021056973205797,0.018762409014782207,0.09999897836758126,0.7189232286645909,0.07189158839118209,0.1290643847184984,0.7132261130468257,0.09205208944555474,0.0020986833604619234,0.6619346857759703,0.0013891913107506205,0.0006566849041846713,1.0,0.0006566849041846713,2.835216063861706e-05,0.7108383560640964,2.015380325921973e-05,1.8552050008027864e-16,1.0,1.8552050008027864e-16,1.0,1.0,1.0,0.029681507338255125,0.1291721419887321,-12.1370202119488,-0.9347601998569879,7.32467612997607,-0.5143739124458159,0.2138653809897429,-79.31887009396004,52.92660684281189,9.246907081488494,-3.8049378965038105,388.15,8.0,0.1
106,0.00010272430563574658,0.2262535437284163,2.324173817712859e-05,6.666091682964933e-08,0.7117100866143604,4.744324689062243e-08,0.9953132802959377,1.0004036223733146,0.9957150110043222,0.0030296508271367866,1.0211347978014134,0.003093681884777207,0.02639413218181881,0.69989124698228,0.018473022085748293,0.09999866459005921,0.7155842281821448,0.07155746721992268,0.12890907285051864,0.710115656566356,0.09154035090460627,0.0022778186197221387,0.6584474444942454,0.0014998238491774512,0.000632447887923899,1.0,0.000632447887923899,3.307550856391308e-05,0.707736996434818,2.340876108657796e-05,2.1428526935468386e-16,1.0,2.1428526935468386e-16,1.0,1.0,1.0,0.029526507314591346,0.12901186381707125,-12.142772532884667,-0.9472501585994835,7.323825596658389,-0.4768208339402134,0.28301492072423773,-78.3859818864376,52.50577950815942,9.236190114104696,-3.8117267132755863,393.15,8.0,0.1
107,9.713124144129557e-05,0.2242068928417191,2.1777493841411688e-05,6.683346290930127e-08,0.7078139226580734,4.73056555466554e-08,0.9953160686539854,1.0004085714812148,0.9957227264144323,0.0032136702981978415,1.021106818689037,0.003281500654508248,0.02605482790015031,0.6976927365796072,0.018178264178766574,0.09999834276336104,0.7122624882671001,0.07122506843921791,0.1287478751318164,0.7070104304687154,0.09102609061887795,0.002462047663681875,0.6549916344713577,0.0016126206233813786,0.0006089923271738368,1.0,0.0006089923271738368,3.8461155203475956e-05,0.7046592608279317,2.7102009196269755e-05,2.4669978617287567e-16,1.0,2.4669978617287567e-16,1.0,1.0,1.0,0.02936562943978945,0.1288450732067206,-12.15173224203387,-0.9600049196176961,7.325086934825042,-0.4414708824070996,0.350086229595994,-77.48297520881995,52.09943204670554,9.227317064390494,-3.818481203901107,398.15,8.0,0.1
108,9.378528758087822e-05,0.2172080403524117,2.037091852932995e-05,6.67886333516859e-08,0.7033277570664128,4.697429969277229e-08,0.9953188573181923,1.0004147749201344,0.9957316906177448,0.003401638645928144,1.0210787085945472,0.0034733407956896137,0.025708574024607925,0.6948819431501809,0.017864423873839824,0.09999801517519051,0.7083193615072931,0.07083053026088755,0.12858591808026784,0.703296061166278,0.09043396970730204,0.002647227390821683,0.6509773897280747,0.0017232851768937615,0.0005853378212535772,1.0,0.0005853378212535772,4.4597703119340854e-05,0.7009719432370035,3.126173861947131e-05,2.8271327683298513e-16,1.0,2.8271327683298513e-16,1.0,1.0,1.0,0.029203997958116946,0.12867977015648208,-12.16356362274235,-0.9730071739475133,7.328139685774146,-0.40836235706746277,0.4151562113538638,-76.60882405527347,51.70720474197054,9.220281303071818,-3.825956900278887,403.15,8.0,0.1
109,8.957616518530605e-05,0.21271286665583902,1.9054002880603434e-05,6.642927343801288e-08,0.6988787147221587,4.642600524028533e-08,0.9953217148884819,1.000420965580674,0.9957407110721472,0.0035934022690644334,1.021049786752324,0.003669042620543556,0.02535471203682457,0.6920924328200985,0.01754780433701895,0.09999768224238982,0.7044033522951519,0.07043870259328479,0.12841927971164774,0.6995938354312582,0.08984133643679122,0.002836236606877285,0.6470015627103708,0.0018350495168659624,0.0005625280981389115,1.0,0.0005625280981389115,5.156292445888292e-05,0.6973152648440657,3.595561432518047e-05,3.2303121772779904e-16,1.0,3.2303121772779904e-16,1.0,1.0,1.0,0.02903769047107431,0.12850892230610647,-12.17847116701525,-0.9862820295345097,7.333238683913815,-0.37738772881024085,0.4782969205945545,-75.76241209305505,51.32860843511235,9.21500435350081,-3.833395832936777,408.15,8.0,0.1
110,8.550364898501712e-05,0.20839424754601416,1.781846859267115e-05,6.578032332645964e-08,0.694465837221921,4.5682187311638524e-08,0.9953246191386607,1.0004271596977568,0.9957497817021418,0.003788916729540342,1.021020255296951,0.00386856072649417,0.024993450539267586,0.6893175244747137,0.017228423453809132,0.09999734419083776,0.7005086751173605,0.07004900709437843,0.12824912418957454,0.6959052936442695,0.08924924442876625,0.0030279501839131683,0.6430575041446778,0.0019471460879416204,0.0005405244199027291,1.0,0.0005405244199027291,5.943775790927665e-05,0.6936825615766686,4.123093616088093e-05,3.6798441499334454e-16,1.0,3.6798441499334454e-16,1.0,1.0,1.0,0.028867870917792943,0.1283346936188829,-12.196274735594216,-0.9998238746080687,7.340253109783389,-0.34843569258129536,0.5395773406517728,-74.94267107432815,50.96316853367363,9.211408245071693,-3.8407986094124564,413.15,8.0,0.1
111,8.16320345211473e-05,0.20409323061299067,1.666054564693214e-05,6.485839695429939e-08,0.6900883131313452,4.4758021746595704e-08,0.995327556842076,1.0004333582955336,0.9957588902956066,0.003987711357192447,1.0209902264954829,0.004071414321778525,0.0246258414692876,0.686556350782966,0.01690702785411393,0.09999700203642437,0.6966353841677216,0.06966144992926492,0.12807609808640752,0.6922307441277089,0.08865821268332733,0.0032217399546394143,0.6391441173739606,0.002059156139716433,0.0005193097206328937,1.0,0.0005193097206328937,6.831541541082591e-05,0.6900729896711251,4.7142622953173465e-05,4.179597967392836e-16,1.0,4.179597967392836e-16,1.0,1.0,1.0,0.028695184861001196,0.12815779497932567,-12.216887014744556,-1.0136340842536982,7.34912911703921,-0.32145214710552156,0.5990630806968305,-74.14863845943577,50.610483905132945,9.209445289842922,-3.8481646644203606,418.15,8.0,0.1
112,7.876459515378901e-05,0.19773145287106916,1.557423783456026e-05,6.368964294170662e-08,0.6857450866423364,4.367485971728006e-08,0.9953305070823757,1.0004395753039725,0.9957680297925797,0.004189631593979482,1.0209598878622792,0.0042774458023735525,0.02425231582550369,0.6838034232056198,0.01658381658214325,0.09999665622194452,0.69277871288678,0.06927555479042052,0.12790128155615155,0.6885713208432672,0.08806915437866587,0.0034165568904018775,0.6352558897666208,0.0021703878873505235,0.0004988534586760364,1.0,0.0004988534586760364,7.828711763689493e-05,0.6864810794829052,5.374262502498078e-05,4.733088440018413e-16,1.0,4.733088440018413e-16,1.0,1.0,1.0,0.028520712014636962,0.12798010984094832,-12.24016965525591,-1.0277094020168402,7.359768481287424,-0.29635070778213757,0.6568165824010971,-73.37936483196029,50.27013643147552,9.209053171581594,-3.855494357682355,423.15,8.0,0.1
113,7.478919311628581e-05,0.19454369820720502,1.454976621477507e-05,6.234539874971194e-08,0.6807443385121033,4.2441277231146e-08,0.9953334110853768,1.0004471612494306,0.9957784856170778,0.004390512059793017,1.020929772834529,0.0044824044798317435,0.023882217136136717,0.6803827241781014,0.016249047954497636,0.09999631462790418,0.6882561039960406,0.06882307391976362,0.12772774844110607,0.6842314270939653,0.08739533959535702,0.0036101389810126606,0.6307649714056612,0.0022771492111289147,0.0004783541900902689,1.0,0.0004783541900902689,8.956165521865844e-05,0.6822292268381146,6.110157879416715e-05,5.340018442422552e-16,1.0,5.340018442422552e-16,1.0,1.0,1.0,0.02834751838904602,0.12780259997962107,-12.266225382589491,-1.042066502702939,7.372211554881624,-0.27344871180520364,0.7128978688716519,-72.63434704168435,49.942127239945115,9.210373355859398,-3.8636506671587143,428.15,8.0,0.1
114,7.162209987848661e-05,0.18977208206561907,1.3591875015852131e-05,6.079306827960122e-08,0.6757861318464968,4.108311245575165e-08,0.9953363022513574,1.0004547592216815,0.9957889406134806,0.0045933404219012045,1.0208995523291702,0.00468933918041442,0.023508750401434644,0.6769772199483902,0.015914888491223828,0.09999597192933636,0.6837605769739795,0.06837330346147688,0.12755360238809726,0.6799154630946153,0.08672566663708957,0.0038035256429804387,0.6263075959306682,0.002382177001515728,0.0004586618321103736,1.0,0.0004586618321103736,0.00010217100765714481,0.6780035920205464,6.927231019190295e-05,6.007717637605096e-16,1.0,6.007717637605096e-16,1.0,1.0,1.0,0.028173712923214335,0.12762528528104403,-12.294810623254934,-1.0566927056843616,7.386336661687379,-0.2523239992972459,0.7673630202511806,-71.9123823386016,49.625729254148645,9.213177644277144,-3.871768003377061,433.15,8.0,0.1
115,6.933802500809039e-05,0.1831151455136963,1.269684253898878e-05,5.905606033954532e-08,0.6708696097250951,3.9618916151892455e-08,0.9953391676831124,1.000462370245748,0.9957993828986766,0.004797725825140932,1.0208693313667392,0.004897851155192562,0.0231328359975516,0.6735861037130164,0.015581956867422989,0.09999562903982384,0.6792918168522012,0.06792621252774068,0.12737944853563826,0.6756236778260073,0.08606057149909656,0.003996135089251174,0.6218826342505968,0.0024851270161247645,0.0004397542375724306,1.0,0.0004397542375724306,0.00011623141505577961,0.6738033177265893,7.831711308864048e-05,6.740051985168783e-16,1.0,6.740051985168783e-16,1.0,1.0,1.0,0.027999899847700623,0.1274488456167067,-12.325851070204644,-1.071589079473748,7.402097409556957,-0.2329249289515268,0.820266040439548,-71.21267593785902,49.3205998453231,9.217424763657753,-3.8798457495197374,438.15,8.0,0.1
116,6.639127455919799e-05,0.17869976735100615,1.1864105317865459e-05,5.714753317675217e-08,0.6659945162765296,3.805994371444802e-08,0.9953420123424633,1.0004699673124569,0.9958097905529792,0.005002690595980035,1.020839036330345,0.005106941847059138,0.022756571202424223,0.6702186073369788,0.015251877459053558,0.09999528797902511,0.6748596166030377,0.06748278170763525,0.1272048628014027,0.6713544610764252,0.08539955211233631,0.004188391978492268,0.6174984830843423,0.002586325693281603,0.00042163349247124595,1.0,0.00042163349247124595,0.0001318862398758603,0.6696375228619647,8.831597497004996e-05,7.542188452104439e-16,1.0,7.542188452104439e-16,1.0,1.0,1.0,0.027825653072963457,0.12727131122349505,-12.359371332442032,-1.0867650954345216,7.419531858311812,-0.2152538248452544,0.8716584346871494,-70.53452219550155,49.026462413055896,9.223101405734784,-3.8878814115691545,443.15,8.0,0.1
117,6.36038493719055e-05,0.17432828530969752,1.108795000010056e-05,5.5099074741419803e-08,0.6611596163608496,3.642928311787485e-08,0.9953448163664265,1.0004775656748859,0.9958201588853987,0.00520821576059481,1.020808839966415,0.0053165926888675856,0.022380148163055183,0.666869084967255,0.014924628926928201,0.09999494899210401,0.6704585651138159,0.06704247001987525,0.12703084060306305,0.6671087222101717,0.0847433817559934,0.004379338258743575,0.6131493994388908,0.002685188623288381,0.00040426255427221885,1.0,0.00040426255427221885,0.00014925258949118425,0.6655004928889733,9.932767187133879e-05,8.417415181598605e-16,1.0,8.417415181598605e-16,1.0,1.0,1.0,0.0276519677730219,0.12709449955150964,-12.395246932054288,-1.102217065399204,7.438549375039019,-0.19922785700029985,0.9215893625286569,-69.87716338241837,48.74296662074278,9.230152580808745,-3.8958756571369553,448.15,8.0,0.1
118,6.185137684931659e-05,0.16739720895605437,1.0353747854664723e-05,5.301109635783759e-08,0.6555638122899482,3.475215642201382e-08,0.9953474696876833,1.0004868381673984,0.9958320428257507,0.0054104420075864355,1.020779758265463,0.005522869684613387,0.02201239836175261,0.6627261253026894,0.014588191474903579,0.09999461957536358,0.6652747279247047,0.06652389333193436,0.12686323718904954,0.6620825804766766,0.08399393944575059,0.004563937442631636,0.6080886343160621,0.0027752784865938125,0.00038683254362773017,1.0,0.00038683254362773017,0.00016863206669940806,0.6605836165573272,0.00011139558048783139,9.356616124012962e-16,1.0,9.356616124012962e-16,1.0,1.0,1.0,0.027484691746188363,0.1269251415769952,-12.43339253677919,-1.117944326986705,7.459018241631439,-0.1850805017891496,0.9701064420604171,-69.24018918885788,48.47009057823672,9.238682932378836,-3.9048675462054963,453.15,8.0,0.1
119,5.899559316006447e-05,0.16395473651942863,9.672606932365773e-06,5.081901224905371e-08,0.6500203180240919,3.303339050380007e-08,0.9953500724836601,1.00049608450806,0.9958438502347156,0.005612029798224104,1.020750813633289,0.005728483982671514,0.021647170937650985,0.6586179671871942,0.014257215718309402,0.0999942949840344,0.6601418353375971,0.06601041741404953,0.12669641918039778,0.6570907793813948,0.08325104882407948,0.004746961400621231,0.6030807383529024,0.0028628009864193793,0.00037019871443001555,1.0,0.00037019871443001555,0.00019005149078331113,0.6557138851223044,0.00012461940139481075,1.0374770289003176e-15,1.0,1.0374770289003176e-15,1.0,1.0,1.0,0.027318196329035153,0.1267554655925701,-12.47382782231964,-1.1339554251161383,7.481046848605827,-0.17250459012116254,1.0172538202033015,-68.6226779550081,48.20727920377373,9.248526129527484,-3.913814191687262,458.15,8.0,0.1
120,5.740456928259603e-05,0.15743385861334347,9.037422844196103e-06,4.8559662381149776e-08,0.6445266924814815,3.129799858253994e-08,0.9953525891007997,1.0005053507423882,0.9958555912706398,0.00581360199374124,1.020722336202899,0.0059340734088053895,0.021283378446807295,0.6545289529486248,0.013930587409998104,0.09999397426933504,0.6550441084268094,0.06550046372330988,0.12653228912244094,0.6521353150489905,0.08251617423073299,0.004926568737103917,0.5981104635954632,0.0029466323112841406,0.00035429866626047964,1.0,0.00035429866626047964,0.00021360709029189244,0.6508755894885455,0.00013903164081266838,1.1472447572929467e-15,1.0,1.1472447572929467e-15,1.0,1.0,1.0,0.027154385009831132,0.12658974225138592,-12.516361274090743,-1.1502395746374559,7.504483433455144,-0.16138469401230277,1.0630743588799387,-68.02392736696781,47.95418021097226,9.259613060645796,-3.922718925706347,463.15,8.0,0.1
121,5.524600209144183e-05,0.1529070113013373,8.447501066149795e-06,4.6245513908361325e-08,0.6390830253244327,2.955472293623873e-08,0.9953550309249408,1.0005146030488616,0.9958672436585546,0.006014314968748367,1.0206941852270768,0.006138776316725629,0.020922884195826844,0.6504702344979313,0.013609713389232548,0.09999365925809431,0.6499928574826725,0.06499516431131741,0.12637003620884288,0.6472143326662583,0.08178849865391714,0.005103577752831841,0.5931879239288608,0.0030273806918118405,0.0003391273128488164,1.0,0.0003391273128488164,0.00023946924342084543,0.6460796290801161,0.0001547161999654359,1.2654110732069787e-15,1.0,1.2654110732069787e-15,1.0,1.0,1.0,0.026992445166666653,0.1264253284564482,-12.561028683223759,-1.1668063450408999,7.5293731076338775,-0.15172462445790444,1.1076090295306242,-67.44338038078759,47.71056967442757,9.271934805908487,-3.931579064614613,468.15,8.0,0.1
122,5.379358334308249e-05,0.14682266759085408,7.898117405702301e-06,4.390379609365921e-08,0.6336876364089864,2.782129277597299e-08,0.9953573754500307,1.0005238664445744,0.9958788097793885,0.006214440285149073,1.0206665609283585,0.00634287139393775,0.020565297295289817,0.6464332836761293,0.013294092660370016,0.09999334965418175,0.6449794384110348,0.06449365450479237,0.12621081450953775,0.6423288604125453,0.08106884865565052,0.005276879155962997,0.5883046466796402,0.003104412527419969,0.0003246394857403755,1.0,0.0003246394857403755,0.00026774514121305504,0.6413173763321396,0.0001717096114884348,1.3920424949192147e-15,1.0,1.3920424949192147e-15,1.0,1.0,1.0,0.02683353116378197,0.1262646519966769,-12.607708012387306,-1.1836506304269332,7.5556226934515625,-0.14344772142352338,1.150897038590376,-66.88042404608983,47.47615189609393,9.285442750202419,-3.940396418687463,473.15,8.0,0.1
123,0.0005185155833793759,0.30928449265836666,0.0001603688291409474,4.030298781760199e-09,0.7846261110622537,3.1622776595514484e-09,0.9952909198302313,1.000351081941532,0.9956403484987544,0.0002540665521000956,1.0214543104586946,0.00025951737478602114,0.029605547317497323,0.7283273051118622,0.021562528494114545,0.10000360635581915,0.7640102314166045,0.07640377843440443,0.1307496614537692,0.7543472130551158,0.09863064272555072,0.00010300219903628367,0.7219914630501312,7.436670837958729e-05,0.001395711501806115,1.0,0.001395711501806115,4.78444956483542e-07,0.7582323665141872,3.627724516012936e-07,1.0000360635581949e-16,1.0,1.0000360635581949e-16,1.0,1.0,1.0,0.030378129452976795,0.13126818106744736,-13.69729687663831,-0.7423771922064655,8.500000000084727,-2.4777175144052666,-2.211702788296017,-113.25726092812367,68.42944801158077,10.373586953071213,-3.670902482472336,273.15,8.5,0.1
124,0.0005063028869490087,0.30396878553254375,0.00015390027365751096,4.995340175943093e-09,0.7824321520690175,3.9085147641799805e-09,0.9952906316575231,1.0003502262921151,0.9956392086050254,0.000272063450199495,1.0214570961707217,0.00027790114181496395,0.029615835839492375,0.7280275853886841,0.021561145455493282,0.10000357420058689,0.7635377323744255,0.07635650227445372,0.13076570190389825,0.7539235926156881,0.09858734777029907,0.00013306389512095248,0.720102071746639,9.581958655127535e-05,0.0013495668323539071,1.0,0.0013495668323539071,6.271901400680885e-07,0.7570167867431835,4.747934645113515e-07,1.0000357420058692e-16,1.0,1.0000357420058692e-16,1.0,1.0,1.0,0.030394202176640878,0.13127200978618736,-13.563749009963015,-0.7485957482439641,8.40798824318242,-2.3640877785235,-2.059137970914585,-111.09636899570404,67.4689922773585,10.288630240066102,-3.676071658161074,278.15,8.5,0.1
125,0.0004893582245912518,0.30182817659767097,0.00014770210063145105,6.08214356632491e-09,0.7802485379011306,4.745583624929783e-09,0.995290513262152,1.0003494973228144,0.9956383646319596,0.00029233333562141427,1.0214582237889742,0.00029860628975815565,0.029619038507344427,0.7277644825522408,0.021555684232992405,0.1000035380234542,0.7630033993239462,0.07630303945631706,0.1307721934845815,0.753424392746984,0.09852696046431189,0.0001700900688543029,0.7182535649967895,0.00012216779832515233,0.0013060012359923775,1.0,0.0013060012359923775,8.165178896355696e-07,0.7558385512246267,6.17155698751139e-07,1.000035380234545e-16,1.0,1.000035380234545e-16,1.0,1.0,1.0,0.030400730067557093,0.13126155779131632,-13.44179510221445,-0.7552007003875424,8.323710369221946,-2.255428907682863,-1.9124568425205262,-109.02440416042546,66.54505721701312,10.20938997870565,-3.6811852414265225,283.15,8.5,0.1
126,0.00046973797240433074,0.2999349671151912,0.0001408908433058495,7.327633550089985e-09,0.7780796842879744,5.701482799231983e-09,0.9952905551535227,1.0003489346581913,0.9956378465231862,0.00031679081717532665,1.0214577859034502,0.0003235884467064538,0.029611720827009795,0.7275129219064235,0.02154290954153519,0.10000349438095006,0.7623896371563862,0.07624162779546323,0.13076966923054353,0.7528627925846088,0.09845161836227258,0.0002139357088873854,0.7164212871925351,0.00015326809593754802,0.0012646221355760241,1.0,0.0012646221355760241,1.0496965212054354e-06,0.7546717193525184,7.921762784564636e-07,1.0000349438095004e-16,1.0,1.0000349438095004e-16,1.0,1.0,1.0,0.030398249616589455,0.13123941453058144,-13.32737362778806,-0.7619943377236849,8.24401218155956,-2.149007438618793,-1.7713499240471138,-107.0338275261257,65.65334188196299,10.134213052151237,-3.686252728249854,288.15,8.5,0.1
127,0.0004481259813527122,0.2978381392390279,0.0001334690084307551,8.751893125729177e-09,0.7759257775843069,6.790819478916161e-09,0.9952907547739464,1.0003485318483056,0.9956376453003092,0.00034622308832058646,1.0214558068259114,0.00035365158402226346,0.029592553079952434,0.7272684926124869,0.021521731471012013,0.10000344186432175,0.7616998878349169,0.0761726104511595,0.13075826905373633,0.7522455023819564,0.09836231979492291,0.0002646989244774857,0.7146011005831615,0.00018915414275479035,0.0012251896469101247,1.0,0.0012251896469101247,1.3319741723779595e-06,0.7535118434090838,1.003658314001805e-06,1.0000344186432203e-16,1.0,1.0000344186432203e-16,1.0,1.0,1.0,0.030386902149625732,0.13120640378698223,-13.219347594701366,-0.7689329435100625,8.168077814276682,-2.044340392966526,-1.635529173897541,-105.11971742002854,64.79190742348206,10.062604008541022,-3.691276094591096,293.15,8.5,0.1
128,0.00042282204462947427,0.2980636019856994,0.00012602786162121922,1.0336221603963084e-08,0.7737855626753599,7.998019049759794e-09,0.9952911301251927,1.000348220403028,0.995637710803655,0.0003800529049408192,1.0214521091913733,0.0003882058413561083,0.02956279025174237,0.7270510937046128,0.021493658985489352,0.10000338153389736,0.7609623502568923,0.07609880824567124,0.13073697155303574,0.7515741320704953,0.09825852592449788,0.00032349135968362584,0.7128127916820192,0.00023058877918109746,0.0011876149292758202,1.0,0.0011876149292758202,1.674654675092824e-06,0.7523794757904513,1.2599758065763681e-06,1.0000338153389717e-16,1.0,1.0000338153389717e-16,1.0,1.0,1.0,0.03036566520131266,0.13115980393388682,-13.118985710082189,-0.7761106085180242,8.097017565794431,-1.9427796780916629,-1.5047261773350213,-103.27931939965161,63.96075130349594,9.99501325483361,-3.696249444534707,298.15,8.5,0.1
129,0.0003988040874841622,0.29538535414374967,0.00011780088661548417,1.2163773312612436e-08,0.7711158236436231,9.379678076569458e-09,0.995291606378592,1.000349075887971,0.9956390386798787,0.00042096565789388746,1.0214474226072898,0.0004299942862618936,0.029518975187911387,0.72631040954927,0.02143993895820666,0.1000033085481422,0.7596089057064106,0.07596340377327482,0.13070997803073373,0.7503313714183715,0.09807579707386564,0.00038802250727659076,0.7105178504115585,0.00027569691778146646,0.0011499807849903883,1.0,0.0011499807849903883,2.075776208580224e-06,0.7507066705542403,1.5582990463589657e-06,1.0000330854814187e-16,1.0,1.0000330854814187e-16,1.0,1.0,1.0,0.030338744933289436,0.13110879428199124,-13.02250739767566,-0.7833227365621476,8.027812066948087,-1.841924210031737,-1.378690041049146,-101.5064277620604,63.15621128910767,9.930040119547298,-3.7017900651521853,303.15,8.5,0.1
130,0.00037456430461505196,0.2925165032495423,0.00010956624062809139,1.4201732803008494e-08,0.7684629537739173,1.0913505538507832e-08,0.9952922302877841,1.0003500534994652,0.9956406358159868,0.0004685256064609946,1.0214412899893957,0.00047857139985658215,0.02946041830414624,0.7255749729154548,0.021375742213108884,0.1000032237127618,0.7581989721078544,0.0758223414264878,0.1306746561651664,0.7490492260660963,0.09788175006697113,0.00045935292604452194,0.7082359493002364,0.0003253302556409832,0.0011138600424236875,1.0,0.0011138600424236875,2.546814716488422e-06,0.7490405762795553,1.9076675629157403e-06,1.0000322371276157e-16,1.0,1.0000322371276157e-16,1.0,1.0,1.0,0.030303508215222288,0.13104923467151425,-12.931711358133434,-0.7906908653616284,7.962035726818419,-1.743251448010648,-1.257187245271521,-99.79898977181773,62.378586234726534,9.86824427960567,-3.707287707172116,308.15,8.5,0.1
131,0.0003504551597877331,0.28968118744337124,0.00010152026683296693,1.6444039541315057e-08,0.7658263707972016,1.2593279123170982e-08,0.9952930001301726,1.0003511388185036,0.9956424861383032,0.000523141361426567,1.0214337266442723,0.0005343542303636968,0.029386447204546497,0.7248456629705676,0.021300638806329084,0.1000031263088146,0.756739380213024,0.07567630382229713,0.13063109391339645,0.7477314846014063,0.09767698178696965,0.0005375292008450636,0.7059681457448891,0.00037947849320432177,0.0010791172089008726,1.0,0.0010791172089008726,3.0973236543927785e-06,0.7473822384556518,2.3148846860417157e-06,1.0000312630881476e-16,1.0,1.0000312630881476e-16,1.0,1.0,1.0,0.0302600437257608,0.13098156551722373,-12.846731131059727,-0.7982402047583304,7.899861170632924,-1.6471266778642935,-1.139999020358739,-98.15409053803397,61.62714069964807,9.809649070455302,-3.7127424472161192,313.15,8.5,0.1
132,0.00032958780743673444,0.28391064614484823,9.35734873708271e-05,1.892098017259572e-08,0.7632064386493106,1.4440613893280978e-08,0.9952938865758808,1.0003523720718965,0.9956446003448396,0.0005865002868767902,1.0214250182696218,0.000599066066238264,0.02929391137941492,0.7241020955610541,0.021211782617014147,0.10000301330091665,0.755214400865111,0.0755237157747575,0.13058093623769615,0.7463862381937624,0.09746381377827357,0.0006211250230628566,0.7036946850181587,0.0004370823774611134,0.001045529616664135,1.0,0.001045529616664135,3.7298404084126993e-06,0.7457110272299038,2.7813831223610365e-06,1.0000301330091682e-16,1.0,1.0000301330091682e-16,1.0,1.0,1.0,0.030209999473728443,0.13091054296611304,-12.766411568984271,-0.8059151425902488,7.840414343830277,-1.55289578144747,-1.026920557697815,-96.56802392659132,60.90019038398516,9.753785167713069,-3.718159246129602,318.15,8.5,0.1
133,0.0003069219309876385,0.2811671246746141,8.629635683537463e-05,2.152787762271988e-08,0.7606011418955281,1.6374128302427922e-08,0.9952949418755075,1.000353643703609,0.9956469216649355,0.0006564720538177007,1.0214146506168407,0.0006705301734899268,0.02918701606043629,0.7233839903573932,0.02111342014442373,0.10000288857874312,0.7536702750554216,0.07536920454147801,0.13052122162816748,0.7450078409807738,0.09723933352737413,0.0007130216074675892,0.7014546494005863,0.0005001523216812205,0.001013182704688309,1.0,0.001013182704688309,4.473047422833049e-06,0.744067549878115,3.328249436396002e-06,1.0000288857874315e-16,1.0,1.0000288857874315e-16,1.0,1.0,1.0,0.030150410045241632,0.13082816508703277,-12.693343617526727,-0.8138956816183714,7.785841810940587,-1.462760950189732,-0.9177599596368741,-95.04014866216755,60.19897191520262,9.701626404507389,-3.723530348595733,323.15,8.5,0.1
134,0.0002840529702563716,0.2798798962892745,7.950071585601365e-05,2.427406145815865e-08,0.7574750509962547,1.8386995940904933e-08,0.9952961205397749,1.0003559526131733,0.9956503987947624,0.0007335813197444845,1.021403063898832,0.0007492822076059655,0.029066176952895817,0.7221722604158569,0.020990786711720062,0.10000275122471312,0.7515718328000298,0.07515925102300308,0.13045448496645004,0.7430761977312967,0.09693762266586432,0.000812132834566202,0.6987455856659738,0.0005674742331275283,0.000980626497384897,1.0,0.000980626497384897,5.342287823625841e-06,0.7419190592174549,3.963545156173352e-06,1.0000275122471316e-16,1.0,1.0000275122471316e-16,1.0,1.0,1.0,0.030083811242896673,0.13073856221076788,-12.626721223917317,-0.8221509212672269,7.735489219802637,-1.3764984625389194,-0.8123367806817718,-93.56758847664666,59.52235629928628,9.652947380522667,-3.7294656356207185,328.15,8.5,0.1
135,0.0002642286778678297,0.2766181954830443,7.309046006666965e-05,2.716056515976288e-08,0.7543685949864133,2.0489077378607283e-08,0.9952974218844204,1.0003583699759164,0.9956541065975308,0.0008198428500867164,1.0213902649661948,0.0008373795058807112,0.02892617417605821,0.7209528122557709,0.02085440662002942,0.10000259761652978,0.7494298349175118,0.07494493022307828,0.13038076525423928,0.74112681224657,0.09662868093114269,0.0009172215394279782,0.6960399761141283,0.0006384228583948136,0.0009490543677331893,1.0,0.0009490543677331893,6.341727052796513e-06,0.7397660011868207,4.691394062465553e-06,1.0000259761652955e-16,1.0,1.0000259761652955e-16,1.0,1.0,1.0,0.030010245704012756,0.13064502109267226,-12.565332589215267,-0.8306199407152038,7.688477597401689,-1.2931254476714835,-0.7104823824162031,-92.14688299760334,58.86850842582971,9.607154057117256,-3.7353650328023735,333.15,8.5,0.1
136,0.0002459008933886123,0.27318926683907013,6.71774847799074e-05,3.0121059845090725e-08,0.751281970714639,2.2629409200433368e-08,0.9952988621418817,1.0003608560141446,0.995658021722157,0.0009146899470820033,1.0213760913618277,0.0009342424429585739,0.028768185688655926,0.7197375732853213,0.020705544155374726,0.1000024288201495,0.7472606202929697,0.07472787699094845,0.13029912666195,0.739160148985304,0.09631192187610195,0.001029244147986216,0.6933496553175319,0.0007136260752438297,0.0009184471290441759,1.0,0.0009184471290441759,7.496339440984758e-06,0.7376206347669069,5.529454656887372e-06,1.0000242882014983e-16,1.0,1.0000242882014983e-16,1.0,1.0,1.0,0.029928776529126542,0.13054505767639846,-12.509766889412514,-0.8393578487816837,7.645326784283937,-1.213234478900223,-0.6120379022353527,-90.77630802109917,58.237219793295885,9.564450921931256,-3.741226752697321,338.15,8.5,0.1
137,0.0002310500161776983,0.26698652672779044,6.168724131968347e-05,3.31410626032939e-08,0.7482153051165737,2.479665026761104e-08,0.9953004204178693,1.0003634373130401,0.9956621497283337,0.001019078086814,1.0213607443271815,0.0010408463532758673,0.02859043590328038,0.7185133568165593,0.020542610073714662,0.10000224314034546,0.7450542276339988,0.07450709402459742,0.1302107277761525,0.7371812622427576,0.0959889086595722,0.0011471611964752192,0.6906619717246357,0.0007923006138435669,0.0008886834166841991,1.0,0.0008886834166841991,8.820644758654993e-06,0.7354697359990137,6.487317271989077e-06,1.000022431403453e-16,1.0,1.000022431403453e-16,1.0,1.0,1.0,0.029840564006272077,0.13044181093339277,-12.459445635821305,-0.8483425880748923,7.60560698322818,-1.1365170061785546,-0.5168538857388058,-89.45338600429645,57.627427296774286,9.524601144849829,-3.747054304254501,343.15,8.5,0.1
138,0.00021518686041820895,0.26368686670209895,5.6741948979139476e-05,3.610419640204786e-08,0.7451686069188471,2.6903713736838492e-08,0.9953021422698889,1.0003660314251608,0.9956664541314895,0.001131091378112594,1.0213437724004784,0.001155233135051173,0.028396726097957833,0.7173098812319312,0.020369252224701814,0.10000204410630058,0.7428447371922579,0.07428599217283341,0.1301129683400533,0.7351858255623953,0.09565721004545591,0.0012735028513409235,0.6880060132768738,0.0008761776196477997,0.0008598379881196342,1.0,0.0008598379881196342,1.035766781394211e-05,0.7333435290961354,7.595728667881759e-06,1.000020441063006e-16,1.0,1.000020441063006e-16,1.0,1.0,1.0,0.029743004336488636,0.1303281913046679,-12.415390994028284,-0.8576603793759046,7.570187766685571,-1.0638436938581775,-0.42478963424499816,-88.17695469191467,57.03928998236157,9.487965678399323,-3.7528433055810595,348.15,8.5,0.1
139,0.00020096243810560863,0.2596692950726016,5.2183774638954705e-05,3.903271821063925e-08,0.7415959285673279,2.8946504905925833e-08,0.9953039627729614,1.000369699036886,0.9956719256894074,0.0012510476825413038,1.021325802709302,0.0012777272785991088,0.028187699386190243,0.7155848690245736,0.020170691173371,0.10000183119449554,0.7400749069223319,0.07400884591332904,0.1300094598152679,0.7326403224276239,0.0952501725576991,0.0014059087067151684,0.6848622861489341,0.0009628538509976412,0.000830659095282254,1.0,0.000830659095282254,1.213468437394207e-05,0.7306889131179289,8.866679336224841e-06,1.0000183119449544e-16,1.0,1.0000183119449544e-16,1.0,1.0,1.0,0.029639709506837156,0.1302104612860917,-12.37680912416248,-0.8672742477716399,7.53840386688316,-0.9949363725218129,-0.3357121134023437,-86.9448284519833,56.47185873308601,9.454338786268755,-3.7592286868247644,353.15,8.5,0.1
140,0.00018654499515780118,0.25759454995466374,4.8052974073968735e-05,4.183084534610787e-08,0.7380491125151286,3.0873218283452467e-08,0.9953059318833622,1.0003733817388178,0.9956775609428646,0.001378766087003209,1.0213063433321723,0.001408142550627655,0.02796253447787411,0.7138762884722574,0.019961790329342304,0.10000160479211795,0.7373049494583656,0.07373167816700797,0.1298973686331259,0.7300872373134253,0.09483641099964249,0.0015459955091341473,0.6817484157445083,0.0010539799891003294,0.0008023640723371156,1.0,0.0008023640723371156,1.4185694529435061e-05,0.728056168226921,1.0327982402738092e-05,1.000016047921177e-16,1.0,1.000016047921177e-16,1.0,1.0,1.0,0.02952784556003512,0.13008395545912907,-12.343786115586333,-0.8772065998982578,7.510418096468875,-0.9297051172144746,-0.249496698828973,-85.75512571605145,55.92440780107574,9.423614458690281,-3.7655777448797667,358.15,8.5,0.1
141,0.0001744775401604928,0.2536824716416661,4.4261893633871913e-05,4.449338228075974e-08,0.7345272170026316,3.26816002617206e-08,0.9953080182893312,1.0003771235253842,0.9956833723580316,0.0015151852373317173,1.0212856951708817,0.0015474370084209803,0.02771948390477046,0.7121663526442296,0.0197408837496408,0.10000136325176925,0.7345192231444219,0.07345292364907269,0.12977842732634792,0.7275307814642625,0.09441780064994092,0.0016921346473611127,0.6786472471501418,0.0011483625202389947,0.0007748468192211108,1.0,0.0007748468192211108,1.6534935508425e-05,0.7254274578628606,1.1994896231803083e-05,1.1325342708587355e-16,1.0,1.1325342708587355e-16,1.0,1.0,1.0,0.029409146682262667,0.12995294935989074,-12.315628472835101,-0.8874240096920244,7.48569668629447,-0.8677083191321795,-0.16602533846614437,-84.60572028779157,55.39589485327563,9.395517049811396,-3.771894985482916,363.15,8.5,0.1
142,0.00016498270048343193,0.24719907161866703,4.0783570392644994e-05,4.698286529106288e-08,0.7310303716090261,3.4345901472982496e-08,0.9953102138800766,1.0003809230379086,0.9956893504704092,0.001660181985911686,1.0212639306272944,0.0016954839804887956,0.027458864523862085,0.7104535273355752,0.01950824715760751,0.10000110686301869,0.7317186549836372,0.07317267541068301,0.1296530525223059,0.7249728410055841,0.09399494183214234,0.0018439427287054268,0.6755573886428691,0.0012456891346112444,0.0007480744841896953,1.0,0.0007480744841896953,1.921998861817091e-05,0.7228013987659468,1.3892234657479502e-05,1.3058028453987296e-16,1.0,1.3058028453987296e-16,1.0,1.0,1.0,0.029284029210257204,0.12981808220565466,-12.292159206118976,-0.8979280291449964,7.464125080259917,-0.8088766768944281,-0.0851865236687043,-83.49495735518245,54.88568163708407,9.369962191780004,-3.7781807809087806,368.15,8.5,0.1
143,0.0001545844160813692,0.2434565489885417,3.763458846657897e-05,4.9217108969068324e-08,0.7275588848208814,3.5808344915643095e-08,0.9953125487846743,1.0003847196935514,0.9956954651234305,0.0018120432719688814,1.021240745088497,0.0018505324211980988,0.027184107450264443,0.7087595351481617,0.019266995359867103,0.10000083882477215,0.7289278744029247,0.07289339888305062,0.129519489425971,0.7224100462697131,0.0935661803490453,0.002003120151183369,0.6724998962620512,0.0013470980938712403,0.0007221056946040445,1.0,0.0007221056946040445,2.230338469727468e-05,0.7202000178264794,1.6062898056568058e-05,1.502947693093396e-16,1.0,1.502947693093396e-16,1.0,1.0,1.0,0.029150735138314694,0.12967412305916132,-12.27372173183864,-0.908758039247601,7.446015751889928,-0.7534991901648043,-0.006874846052833309,-82.42163220868196,54.39351776298347,9.347049235641098,-3.7844316162680522,373.15,8.5,0.1
144,0.00014416649604544687,0.24100155432526202,3.4744349628579436e-05,5.122061572628188e-08,0.7235431911492134,3.7060327755221614e-08,0.9953149642121394,1.0003896111798771,0.9957027500496954,0.001969528757465051,1.0212166985533226,0.0020113156554042878,0.026898792105286368,0.7065246128922861,0.01900465867945753,0.10000056149038325,0.7255745658042494,0.07255786398356595,0.1293809632917167,0.7192793477061221,0.09306105488205571,0.002167476881234157,0.6689441165867251,0.001449920907539333,0.0006959083418110389,1.0,0.0006959083418110389,2.5851043337778055e-05,0.7170556992675987,1.8536637957367455e-05,1.725043510548189e-16,1.0,1.725043510548189e-16,1.0,1.0,1.0,0.029012487358796864,0.12952518100837787,-12.260012349548939,-0.9199062286572393,7.4310907441737655,-0.7016234678236584,0.06900988282864826,-81.38438390641937,53.9189399340299,9.326761385564996,-3.791321894254202,378.15,8.5,0.1
145,0.0001355212179518548,0.23681088326657848,3.209289932454121e-05,5.2957102527046434e-08,0.7195579698092741,3.8105705181343136e-08,0.9953174722533465,1.0003945407567592,0.995710165562065,0.0021341508301804305,1.0211916691831953,0.002179377048560655,0.026598914174435353,0.7042931337259849,0.018733432617621597,0.10000027218645137,0.7222208924857274,0.07222228582731458,0.12923677178717066,0.7161539204994435,0.09255342078807412,0.0023367044987850005,0.6654079304281113,0.0015548617045585838,0.0006704896428545024,1.0,0.0006704896428545024,2.9891448697692654e-05,0.7139221851578094,2.1340168371789302e-05,1.9751109225596606e-16,1.0,1.9751109225596606e-16,1.0,1.0,1.0,0.028868586222567636,0.12937234596222497,-12.250512462711498,-0.9313472433067029,7.419009996941606,-0.6526753727432002,0.14256163811522457,-80.38130884579684,53.46088699833882,9.308773715814974,-3.798180100202949,383.15,8.5,0.1
146,0.00012882351743271768,0.23022469573043802,2.9658355103872213e-05,5.440959752075236e-08,0.715602975823749,3.893566989922281e-08,0.9953200612856384,1.0003995085415094,0.9957177001516577,0.0023055693201748254,1.0211657599992536,0.0023543684470672885,0.026285231244945844,0.7020637122204575,0.01845390702439984,0.09999997162908812,0.718867224356824,0.07188670204076372,0.12908750798400534,0.713034963963506,0.09204390660351401,0.0025102305673341467,0.6618899469558162,0.0016614963770596668,0.0006458299095754168,1.0,0.0006458299095754168,3.4481917369318534e-05,0.7107982128254055,2.45096852409049e-05,2.2559736214405865e-16,1.0,2.2559736214405865e-16,1.0,1.0,1.0,0.028719624082553387,0.1292163859110356,-12.245043928364495,-0.943079891921653,7.409652348744046,-0.6065549021859699,0.21386988045871433,-79.41105108370019,53.01879683148998,9.293002075827545,-3.805006023490893,388.15,8.5,0.1
147,0.00012129156129046214,0.2262342735239131,2.744030825312889e-05,5.5533981418251016e-08,0.7116783905145527,3.952233451460599e-08,0.995322750944626,1.0004044666116279,0.9957253257651767,0.0024822364188816816,1.0211387647522951,0.002534707830600001,0.025960881679084825,0.6998534007372007,0.0181688113292436,0.09999966275879879,0.7155326527003482,0.07155302396294351,0.12893198355404759,0.7099197142042782,0.09153135691648015,0.002689204723600288,0.6584064816323898,0.0017705898204548685,0.0006219717220586439,1.0,0.0006219717220586439,3.970680396412109e-05,0.7077010055669501,2.810054509325828e-05,2.5720888008108735e-16,1.0,2.5720888008108735e-16,1.0,1.0,1.0,0.028564409659256967,0.12905333064931943,-12.243743533892244,-0.9551268438012653,7.4031574103175295,-0.5633685818055821,0.28301941962248617,-78.47252963430297,52.59233625382128,9.279468486935627,-3.81179635323226,393.15,8.5,0.1
148,0.00011335358245743359,0.2241877948644764,2.5412489691120654e-05,5.6331725173484186e-08,0.7077839057339255,3.987068846001878e-08,0.9953255258738506,1.0004094199969262,0.9957330320475944,0.002663886875398787,1.021110820663521,0.0027201237134932385,0.02562649192384448,0.6976590595978293,0.017878554256380706,0.09999934617902806,0.7122154043077926,0.0712210747694114,0.12877098853198435,0.7068095463107846,0.09101656398228311,0.0028728637890136485,0.6549543573300802,0.0018815946566302928,0.0005988890222037956,1.0,0.0005988890222037956,4.563580690846149e-05,0.7046274846808412,3.21562438332898e-05,2.9267602179678206e-16,1.0,2.9267602179678206e-16,1.0,1.0,1.0,0.0284037323817007,0.12888439844616695,-12.246364779408136,-0.9674810308112056,7.399346265170167,-0.5229547212980565,0.3500907244782884,-77.56445904771093,52.180924875361086,9.268063478718267,-3.8185510108687204,398.15,8.5,0.1
149,0.00010830470188801399,0.21719051690036428,2.3522754185797607e-05,5.688728961515696e-08,0.7032983717388209,4.000873815897457e-08,0.9953282859303492,1.0004156366911618,0.9957419808857332,0.002849368078819019,1.02108288458658,0.0029094409771694466,0.025285429232115433,0.6948495570799926,0.017569569302512904,0.09999902413944342,0.708273882941887,0.07082669711764307,0.12861003493869788,0.7030905868066853,0.09042450493427741,0.0030566640300069663,0.6509408859287491,0.001989707591679275,0.0005756164977374545,1.0,0.0005756164977374545,5.236502064570285e-05,0.7009415347496072,3.67048179385938e-05,3.319026320928156e-16,1.0,3.319026320928156e-16,1.0,1.0,1.0,0.028243102012822464,0.12871839652787556,-12.252505787983043,-0.9801219774318978,7.397845145677643,-0.4853002040365852,0.41516069949414774,-76.6857619022426,51.784151565220235,9.258754714696662,-3.8260258590920526,403.15,8.5,0.1
150,0.00010246983214986429,0.21269535551598362,2.1794857378778564e-05,5.711847732288204e-08,0.6988494569985778,3.9917216861681755e-08,0.9953311096871342,1.0004218396095954,0.9957509797738627,0.0030385414889884488,1.0210541785018354,0.0031025154838828454,0.024937024649288236,0.6920618206832965,0.017257962681210662,0.09999869703242927,0.7043599714516818,0.07043507938696728,0.1284446405858207,0.6993836030730839,0.08983207552833852,0.003244062655534385,0.6469661960389167,0.0020987988759629877,0.000553179646976379,1.0,0.000553179646976379,5.997370274633488e-05,0.6972867165317579,4.181886626624354e-05,3.7566891989511744e-16,1.0,3.7566891989511744e-16,1.0,1.0,1.0,0.02807803597042655,0.1285471675364479,-12.262284168747565,-0.9930696842668882,7.39883974653672,-0.45022652785122014,0.47830139928810017,-75.83525089209603,51.40145619154042,9.251428231714845,-3.8334629423192452,408.15,8.5,0.1
151,9.697717536544775e-05,0.20837636440374913,2.0207751232796813e-05,5.704663389630424e-08,0.6944361623463514,3.961524551772687e-08,0.9953339727748306,1.0004280477705148,0.9957600232627946,0.0032313733712067737,1.0210249252012797,0.0032993127546338034,0.02458146669117808,0.6892881591345257,0.016943713924388797,0.09999836506647747,0.7004668528227915,0.07004554006554004,0.12827608866584875,0.6956903144657729,0.08924043246238368,0.0034338157597227316,0.6430226575310968,0.002208021335289074,0.0005315394590146001,1.0,0.0005315394590146001,6.85438443734322e-05,0.693655353035149,4.7545804567239444e-05,4.2430245928098594e-16,1.0,4.2430245928098594e-16,1.0,1.0,1.0,0.027909817237750302,0.12837312288784805,-12.27544299054256,-1.0063139146509847,7.402137648164414,-0.4175616251899888,0.5395818074671161,-75.01179700693682,51.032303399913005,9.245975678191382,-3.8408629869614166,413.15,8.5,0.1
152,9.186988656347351e-05,0.20407469254177452,1.8748318854288544e-05,5.6685675585300515e-08,0.6900577220420772,3.911638816680867e-08,0.9953368625040255,1.0004342621704627,0.995769099650278,0.0034274093114427247,1.0209952311235975,0.0034993685620916338,0.024219778642377718,0.6865277128625915,0.016627549237389818,0.0999980292344352,0.6965945801467315,0.06965808519006195,0.12810499220087235,0.6920110450936892,0.08865006953464459,0.003625329113124572,0.6391091855364932,0.002316981136790783,0.0005106784541863182,1.0,0.0005106784541863182,7.817212348351644e-05,0.6900466019378632,5.394240817606757e-05,4.782018000984524e-16,1.0,4.782018000984524e-16,1.0,1.0,1.0,0.027739057840383916,0.12819691877311143,-12.291840280475297,-1.0198529503837614,7.407641252852765,-0.3872077612735027,0.5990675334250061,-74.21439407360376,50.676248424757276,9.242327549655087,-3.8482255331692414,418.15,8.5,0.1
153,8.801830442625502e-05,0.1977126721495577,1.7402334166188112e-05,5.60593880842127e-08,0.6857130582821124,3.844065444864935e-08,0.9953397568913502,1.0004404983067035,0.9957782023688555,0.0036265052402804565,1.0209652938862352,0.0037025359884229067,0.02385237219352267,0.6837744420787667,0.01630964248888105,0.09999768996298875,0.6927378232108269,0.06927218207107196,0.12793248957904965,0.6883470265802129,0.08806194880474288,0.0038174955650227393,0.6352197360098868,0.0024249485250326585,0.0004905659593159416,1.0,0.0004905659593159416,8.895130805110151e-05,0.6864544410617037,6.106102044992633e-05,5.377176201104215e-16,1.0,5.377176201104215e-16,1.0,1.0,1.0,0.02756689573822938,0.12802056394286404,-12.311283926180423,-1.0336803000440022,7.415209227116456,-0.35903593476747997,0.6568210190480318,-73.44205005894563,50.33283053175473,9.2404002217212,-3.855551036291721,423.15,8.5,0.1
154,8.304879585809401e-05,0.19452318881690764,1.6154916597720838e-05,5.522539342495416e-08,0.6807105397011678,3.7592507363509843e-08,0.9953426023975216,1.0004481020077094,0.9957886174160145,0.003824570600199772,1.0209355911316358,0.00390464024653963,0.023488456091394903,0.6803540939704626,0.01598046726282597,0.09999735504874566,0.6882158032114033,0.06881976002388836,0.12776133318183897,0.6840025867141204,0.08738908237842245,0.00400836123290491,0.630728195336659,0.0025281864466875394,0.0004704137859724315,1.0,0.0004704137859724315,0.00010111844247071986,0.6822030096096683,6.898330578056725e-05,6.028416256036035e-16,1.0,6.028416256036035e-16,1.0,1.0,1.0,0.027396075487452768,0.1278444372030905,-12.33389724798015,-1.047815507135804,7.42489870653358,-0.33337872893057624,0.7129022876877318,-72.69427705880973,50.00206609470265,9.240342783238164,-3.8637026745108662,428.15,8.5,0.1
155,7.907325316880225e-05,0.18975018171266342,1.5004164157391667e-05,5.416378727253346e-08,0.6757501307617699,3.660118633196712e-08,0.9953454285756451,1.0004557205074607,0.9957990278994543,0.004024552930080973,1.0209058342407031,0.0041086895665301834,0.023121313022643603,0.6769480866955724,0.015651928612568013,0.09999701920718612,0.6837199673555067,0.06836995870798528,0.1275898598231173,0.6796821845495141,0.08672055465094267,0.004198747422191535,0.6262692841903772,0.0026295465425920836,0.0004510568264186602,1.0,0.0004510568264186602,0.00011468782854570086,0.6779769312897231,7.77557020536962e-05,6.743051681755601e-16,1.0,6.743051681755601e-16,1.0,1.0,1.0,0.02722493920589338,0.1276689872400734,-12.35933307850241,-1.062238167904324,7.436504837854845,-0.3097323165249306,0.7673674196075788,-71.96979065582927,49.68314637008912,9.241886202247384,-3.87181484909851,433.15,8.5,0.1
156,7.614701954894684e-05,0.1830922695084285,1.3941930625519357e-05,5.2896914285768475e-08,0.670831019263015,3.548489092619044e-08,0.9953482229792244,1.0004633545536041,0.9958094221107635,0.004226074118875326,1.0208761232481192,0.004314298163036653,0.022751841286360517,0.6735557002818099,0.015324632390335156,0.09999668333517338,0.6792500844472734,0.06792275559986378,0.1274186459342812,0.6753860810893685,0.086056779935268,0.004388101000421597,0.6218419619879356,0.002728705335503388,0.00043247296776353537,1.0,0.00043247296776353537,0.00012977917014207911,0.6737754328937909,8.744201654307635e-05,7.525019097099619e-16,1.0,7.525019097099619e-16,1.0,1.0,1.0,0.02705406242478479,0.12749484585074444,-12.387486232069584,-1.0769475383736549,7.449956525371727,-0.28802035573931045,0.8202704187837312,-71.26777136464682,49.37570402879925,9.244976855395828,-3.87988698646934,438.15,8.5,0.1
157,7.255865034240362e-05,0.17867516751576917,1.2964429004647097e-05,5.143749165867297e-08,0.6659531060855799,3.425495733934432e-08,0.9953509936425301,1.0004709740814515,0.9958197781624828,0.00442817884888547,1.020846353293449,0.004520490229615915,0.022382101553944427,0.6701872086421565,0.015000198163983286,0.09999634942634013,0.674816993951973,0.06747923592605397,0.1272470874253434,0.6711125325203959,0.08539711509786646,0.004577026842259311,0.6174556394246291,0.002826111035550913,0.0004146640617817246,1.0,0.0004146640617817246,0.00014654373960642077,0.6696086643822386,9.812695775143399e-05,8.379807708162642e-16,1.0,8.379807708162642e-16,1.0,1.0,1.0,0.026882839053172302,0.12731969751317748,-12.41836206578039,-1.0919521772222445,7.465276569008672,-0.26822920249850113,0.8716627904807795,-70.5874975731548,49.0794465022964,9.249593450355038,-3.887916624993989,443.15,8.5,0.1
158,6.995814168664474e-05,0.17240292398394944,1.2060988183260971e-05,4.982068993838416e-08,0.6611147291394751,3.2937191934156596e-08,0.9953537107992435,1.0004786097279499,0.9958300967679831,0.004631106531062419,1.0208167955370675,0.004727511328829924,0.022011767150496995,0.666831657446039,0.014678143172282186,0.09999601723945958,0.6704099044139389,0.06703832035928069,0.1270767467863799,0.6668632966316851,0.0847428182871952,0.0047640088817145826,0.6130995265493628,0.0029208115898561714,0.000397583365380453,1.0,0.000397583365380453,0.00016508705202538578,0.6654656345272503,0.00010985975982830648,9.309883580595257e-16,1.0,9.309883580595257e-16,1.0,1.0,1.0,0.026712831823246058,0.1271467547487565,-12.451763356943768,-1.1072426504746773,7.4823134294372,-0.2502286685132962,0.9215936965903785,-69.92816419393135,48.79397610037922,9.255657320626966,-3.8959054267444455,448.15,8.5,0.1
159,6.702700943157827e-05,0.1673694291441928,1.1218272305805674e-05,4.812375735208189e-08,0.655515827406696,3.1545884618569003e-08,0.9953562894421565,1.0004878948590161,0.9958419186586647,0.004830311492464291,1.0207882095366134,0.0049307250198967496,0.0216510709635123,0.662691522011308,0.014347981169984802,0.09999569563657593,0.6652289623178496,0.06652003284457093,0.12691200164244146,0.6618324203810776,0.08399447722242431,0.004945446727328838,0.6080400885600715,0.003007029866054143,0.00038046536445426773,1.0,0.00038046536445426773,0.00018578241991857065,0.6605515277688467,0.0001227188613098053,1.0307775430287265e-15,1.0,1.0307775430287265e-15,1.0,1.0,1.0,0.02654840946540817,0.12697907677563036,-12.48774724234666,-1.122831612138721,7.501057289479226,-0.23433451453919718,0.9701107490100709,-69.28944320160794,48.51935320488607,9.263314245703514,-3.9048899691466743,453.15,8.5,0.1
160,6.369635781353293e-05,0.16392458068943583,1.0441398746027659e-05,4.630687486686128e-08,0.6499687263919653,3.009802048040594e-08,0.9953588069546598,1.0004971664959785,0.995853666004955,0.005029172693775501,1.020759849597483,0.005133577562498049,0.021292411974468444,0.6585818897603082,0.014022796915700445,0.0999953784752999,0.6600945534075979,0.06600640469747684,0.12674855487493905,0.6568366409807355,0.08325309503321739,0.005124818620325351,0.6030293843817697,0.003090416217683026,0.0003641208134518731,1.0,0.0003641208134518731,0.00020859939609315105,0.6556802657315605,0.00013677450746180024,1.1386982747841371e-15,1.0,1.1386982747841371e-15,1.0,1.0,1.0,0.02638528102605748,0.12681229753962747,-12.526150074442365,-1.1387118721742495,7.521462066622321,-0.22012416513597133,1.017258100908396,-68.6702975300229,48.254907340198734,9.272340197739982,-3.913829918581276,458.15,8.5,0.1
161,6.176658464874176e-05,0.1574022286021722,9.722198076856672e-06,4.440222109512852e-08,0.6444711847839342,2.8615952036215626e-08,0.9953612330556184,1.0005064607929879,0.9958653444950211,0.005228053969836144,1.0207319920156943,0.005336441942996408,0.020935218760245424,0.6544906119789001,0.01370190413830518,0.09999506528887009,0.6549944632704494,0.065496214118577,0.1265879988249303,0.6518773282690373,0.08251984646491961,0.00530058327498261,0.5980554802849509,0.003170042876310104,0.0003484980397750154,1.0,0.0003484980397750154,0.00023364273375579776,0.6508396304664692,0.00015206395049879897,1.254839062206029e-15,1.0,1.254839062206029e-15,1.0,1.0,1.0,0.02622503931473031,0.12664980981180016,-12.566797049517133,-1.1548745658783248,7.543391800788369,-0.20748581962688015,1.0630786122584668,-68.0700284925824,48.0002898433439,9.282667876831614,-3.9227277761469463,463.15,8.5,0.1
162,5.925614095578871e-05,0.15287333433708422,9.05868384785967e-06,4.242267204559005e-08,0.6390234531404365,2.710908238201722e-08,0.9953635818522408,1.0005157409435628,0.9958769316051332,0.005426130886675038,1.0207044681937898,0.005538476041033539,0.020581324200909187,0.6504298109063739,0.013386706808200137,0.09999475788405937,0.649940977523686,0.06499069068640986,0.1264293622029488,0.6469525184885702,0.08179379428810138,0.005473719388535419,0.5931294298477041,0.0032466240600683353,0.00033359202499690246,1.0,0.00033359202499690246,0.0002610908702053059,0.6460414812834082,0.00016867553253701003,1.379672630889105e-15,1.0,1.379672630889105e-15,1.0,1.0,1.0,0.026066711228540013,0.12648866076657667,-12.609715752654635,-1.1713289349470328,7.566885182647144,-0.1964161520838589,1.1076132543922212,-67.48807190841356,47.75526965177672,9.294284794583062,-3.9315808394355334,468.15,8.5,0.1
163,5.752891179350876e-05,0.14678747916373228,8.444523941201857e-06,4.03955505250638e-08,0.6336237723392752,2.559558110941269e-08,0.9953658292997373,1.0005250338668152,0.9958884300699902,0.0056236739436249525,1.0206774937026317,0.005739957426179911,0.02023033672409456,0.646390348668227,0.013076694408763117,0.0999944559625932,0.6449248385971549,0.06448890837228571,0.12627388752164911,0.6420633148224544,0.0810758307976678,0.005643028663029611,0.5882421757874451,0.003319467458771455,0.0003193581599682383,1.0,0.0003193581599682383,0.0002910487438951974,0.64127658713034,0.00018664274517368469,1.5132350900592082e-15,1.0,1.5132350900592082e-15,1.0,1.0,1.0,0.02591153957951302,0.1263314568289931,-12.654766731335465,-1.1880686485389758,7.591835005994711,-0.18682495609434976,1.150901233898984,-66.92380128076063,47.51953752138197,9.30713556284644,-3.940390977423923,473.15,8.5,0.1
164,0.0015921134462014263,0.3043410845200211,0.00048454553289585035,1.2773007273326336e-09,0.7829009867867885,9.999999998522007e-10,0.9952739593060257,1.0003589314312287,0.9956311944127041,7.675080953962587e-05,1.021649914748977,7.84124580230737e-05,0.02837167839059271,0.7261549359941276,0.020602234305766826,0.1000039276788751,0.7619083956161632,0.07619383209312652,0.13187601885667508,0.753939759445116,0.09942657393338118,0.00031467019816277815,0.71982709956134,0.00022650813606190455,0.0013443145667253024,1.0,0.0013443145667253024,1.5169739423926103e-06,0.7562270121304547,1.1471766719353202e-06,1.0000392767887487e-16,1.0,1.0000392767887487e-16,1.0,1.0,1.0,0.03004054264633376,0.13346813358017726,-14.32724022294116,-0.7765193720021794,9.000000000064187,-2.99749888568982,-2.211706781291421,-113.77704229940822,68.9492213968745,10.633473645718087,-3.668606890997475,273.15,9.0,0.1
165,0.0015135733750531602,0.30226942448662986,0.0004575069529956048,1.6103960069058242e-09,0.7807903234219083,1.257381619069348e-09,0.9952746877199877,1.0003576389633002,0.9956306367275028,8.368816001511366e-05,1.021642752247075,8.549940212833427e-05,0.028402052670804638,0.7259985579276109,0.020619849281188218,0.10000391596862575,0.7615760563671083,0.0761605879446537,0.13183477849149466,0.7535172897729694,0.09933978498673081,0.00039971030414583884,0.7180741412121207,0.0002870216333831587,0.0013004991892552778,1.0,0.0013004991892552778,1.9544082080960853e-06,0.755145023730104,1.4758616326810285e-06,1.0000391596862587e-16,1.0,1.0000391596862587e-16,1.0,1.0,1.0,0.02999931420587291,0.13334835347694382,-14.184273603274836,-0.7828430696808941,8.90053289263789,-2.8760150318707085,-2.059141709954892,-111.60829624905125,67.98091205262507,10.5445901276994,-3.673885363767266,278.15,9.0,0.1
166,0.0014240017296571726,0.30044931506958555,0.0004278403443334027,2.01391764289135e-09,0.7787061361252808,1.568250026170458e-09,0.9952756861061187,1.0003564779383622,0.9956304799308039,9.246000388724284e-05,1.021632948382184,9.446018637875202e-05,0.028426418360933577,0.7258726027284232,0.020633958281897898,0.10000390110589685,0.7611737914505927,0.07612034856462563,0.13177832924516344,0.7530250598436863,0.0992323842659402,0.000497531819385715,0.7163566383828037,0.00035641022162363127,0.0012591070741805421,1.0,0.0012591070741805421,2.4765135505745053e-06,0.7540930240995,1.8675215925761193e-06,1.0000390110589684e-16,1.0,1.0000390110589684e-16,1.0,1.0,1.0,0.029942880094477993,0.13320233298873824,-14.047630249058939,-0.789238351143056,8.804584696543259,-2.7552790613541527,-1.9124602818172471,-109.52425431409675,67.04490049209099,10.459311616244573,-3.6791279698985386,283.15,9.0,0.1
167,0.001325760108433711,0.29843867965394394,0.00039565809629882624,2.504999903608286e-09,0.7766473309736067,1.945501489226515e-09,0.9952769170628325,1.000355469004661,0.9956307071579029,0.00010356932672141527,1.0216208675413607,0.00010580858541580691,0.028444009400556112,0.7257625959290982,0.020643598101179276,0.10000388218365244,0.7606957719685351,0.07607253035754392,0.1317087687175958,0.7524709028725611,0.09910701611316264,0.0006062766071293043,0.7146605022851967,0.00043328194457479364,0.0012198975471772293,1.0,0.0012198975471772293,3.0828143903869567e-06,0.7530565537990044,2.3215335808267816e-06,1.0000388218365257e-16,1.0,1.0000388218365257e-16,1.0,1.0,1.0,0.02987333883571124,0.13303453133102938,-13.915696346328128,-0.7956317664325956,8.710968432419934,-2.634479537707271,-1.771353038229718,-107.51929962521419,66.13880775268626,10.376945987512872,-3.684335485003166,288.15,9.0,0.1
168,0.0012208523386418575,0.29667264277716054,0.00036219348974555685,3.099490074375157e-09,0.7746091031820682,2.4008932268334638e-09,0.9952783487844163,1.00035458279602,0.9956312573641466,0.00011742380200522149,1.0216068192748478,0.00011996095687371383,0.028454196898653403,0.7256742995928418,0.020648479404907123,0.10000385847005376,0.760156607558272,0.07601859379733361,0.13162787877327736,0.7518581674731728,0.09896549572285726,0.0007243470585519392,0.712991584879777,0.0005164533572799517,0.0011826853753618804,1.0,0.0011826853753618804,3.774768224574199e-06,0.7520420919662212,2.838784592296401e-06,1.0000385847005357e-16,1.0,1.0000385847005357e-16,1.0,1.0,1.0,0.029792473039300483,0.13284873421140928,-13.788279462381663,-0.8020261391112915,8.619627153574017,-2.513876079341571,-1.635531960307174,-105.58925310640356,65.26143753703784,10.297369065318911,-3.6895000603641357,293.15,9.0,0.1
169,0.001109232408790114,0.29696091127296603,0.00032939866692781945,3.8051931656433316e-09,0.7725854127765522,2.9398367325730716e-09,0.9952799823638617,1.000353722892468,0.9956320356780389,0.00013419131150001825,1.0215907911165245,0.00013708860807626761,0.0284567870076316,0.725638870224899,0.020649350774448377,0.10000382968332315,0.7595964661356275,0.07596255562748143,0.13153558714794572,0.7511858980049497,0.09880767815133792,0.0008519455919695787,0.7113806192500356,0.0006060575827826569,0.0011473400284238199,1.0,0.0011473400284238199,4.56385263432772e-06,0.7510819758686287,3.427827454164112e-06,1.0000382968332319e-16,1.0,1.0000382968332319e-16,1.0,1.0,1.0,0.029700210727921734,0.132644823361929,-13.666658869324449,-0.8085105941786409,8.531676787993108,-2.3948403771959277,-1.5047286528165509,-103.73138009875586,64.41280705163715,10.221041128904213,-3.694607283132482,298.15,9.0,0.1
170,0.001003043541139051,0.29417082182176135,0.0002950661428198842,4.6788003573614005e-09,0.7700293059625588,3.6028133919163673e-09,0.9952816001342843,1.0003541533458344,0.9956340824430193,0.0001555511117943732,1.0215749086868264,0.00015890711282747123,0.028450199274238468,0.7250415361868114,0.02062757618661477,0.10000379273043755,0.7583814356378353,0.07584101990013777,0.13144413271752686,0.7499420852349783,0.09857548698208532,0.0009786458052043656,0.7092253930854185,0.0006940804558874621,0.001112044902508824,1.0,0.001112044902508824,5.412504168703407e-06,0.7495430196510908,4.056904718484068e-06,1.0000379273043763e-16,1.0,1.0000379273043763e-16,1.0,1.0,1.0,0.029608793927171893,0.1324471809374662,-13.546132318581328,-0.8148195361761125,8.44335823162147,-2.2742435577653124,-1.3786922029487851,-101.93874710979395,63.58852631304196,10.146197631514449,-3.700283231974445,303.15,9.0,0.1
171,0.0009002003320567333,0.29140754422745524,0.00026232516807739244,5.7231056453461544e-09,0.7674838754563935,4.3923913003366364e-09,0.9952832688242124,1.0003547290191575,0.9956363246819463,0.0001816862521390443,1.0215585199193946,0.00018560313882486402,0.028432581644191775,0.7244440589646427,0.02059781485316188,0.10000374731028121,0.7571055667654922,0.07571339378602351,0.13134976076672666,0.7486557898468058,0.09833575889300271,0.0011067002371462117,0.7070781179670733,0.0007825235208350572,0.0010783017719419035,1.0,0.0010783017719419035,6.336634099581786e-06,0.748006611346394,4.7398442001701776e-06,1.0000374731028088e-16,1.0,1.0000374731028088e-16,1.0,1.0,1.0,0.02951446822838755,0.13224996682188897,-13.429814025728385,-0.8211466355510765,8.357298977299509,-2.1546128724679736,-1.2571891257751018,-100.21035119627504,62.78994389817669,10.073923111330753,-3.7059024371148133,308.15,9.0,0.1
172,0.0008079736253031806,0.28593441559270977,0.00023102746636538804,6.981642291849229e-09,0.7649477360110543,5.3405914647890945e-09,0.9952848821400355,1.0003555605111314,0.9956387661414505,0.00021408502177091648,1.0215426639080727,0.0002186969834426798,0.028401160878122583,0.7237989149140213,0.02055672942588368,0.10000369069954379,0.7557260772865659,0.07557539688654526,0.13125845441598596,0.7473397634075167,0.09809466226847925,0.0012303496441978296,0.704892077884036,0.0008672637172224926,0.0010458831234497388,1.0,0.0010458831234497388,7.312925157647346e-06,0.7464248414021131,5.458549000982439e-06,1.0000369069954351e-16,1.0,1.0000369069954351e-16,1.0,1.0,1.0,0.029423219525196682,0.1320664350229314,-13.316276408601386,-0.82741571366129,8.272410642658786,-2.0351131376620217,-1.140000643006572,-98.54207699783171,62.01512391415013,10.003640677706333,-3.711468777959825,313.15,9.0,0.1
173,0.0007181233093524847,0.2832355947414415,0.0002033980826221432,8.424432638578561e-09,0.7624134650499037,6.422900879058183e-09,0.9952865747909871,1.0003564175841957,0.9956413124275566,0.0002521807240684424,1.0215260201701357,0.00025760917142125887,0.028357138994996416,0.7231932413075236,0.02050769126399943,0.10000362401590192,0.7543381286561391,0.0754365465989876,0.13116261001426946,0.745979515793194,0.09784462030861626,0.0013572137483939984,0.7027528838783283,0.000953785875723198,0.0010147743784637993,1.0,0.0010147743784637993,8.395060704745501e-06,0.7448862819272671,6.253365554911582e-06,1.0000362401590195e-16,1.0,1.0000362401590195e-16,1.0,1.0,1.0,0.029327443028417343,0.13188074174805456,-13.209893638005067,-0.8339111783564331,8.19226878015159,-1.919409180639646,-1.026921991870904,-96.93453732578348,61.26670091483117,9.937040433136065,-3.7169672457409355,318.15,9.0,0.1
174,0.0006366077014539328,0.2805576337700439,0.00017860515035970188,1.0082951910493553e-08,0.7598829702721039,7.661863446856636e-09,0.9952882639032251,1.0003574139810119,0.9956439938438812,0.0002974617919968783,1.0215093983303094,0.00030386001616898676,0.028297733839415393,0.7225778889124584,0.020447316778691417,0.10000354455185174,0.75289600810976,0.07529226948991573,0.13106688939930258,0.7445885291541049,0.09759090239863047,0.0014828370473389623,0.7006122689143698,0.0010388938281664349,0.0009847655863309262,1.0,0.0009847655863309262,9.5686407405464e-06,0.7433410596197604,7.112763547198568e-06,1.0000354455185178e-16,1.0,1.0000354455185178e-16,1.0,1.0,1.0,0.029231803332866204,0.13170350718370843,-13.109102952751064,-0.8405541206969747,8.115665592473682,-1.8065057192665779,-0.917761236734577,-95.38389343124439,60.54271413008405,9.87349751194811,-3.722406531982286,323.15,9.0,0.1
175,0.000561480101667739,0.27930473690685986,0.00015682405207474476,1.1947800838333919e-08,0.7568186123205444,9.042318050750101e-09,0.9952899587326322,1.0003594708135164,0.9956477364237826,0.0003499378688158597,1.0214927015801827,0.000357458979001924,0.028224324944365598,0.7214658565790194,0.020362886772351315,0.10000345235983996,0.7508974446794808,0.07509233683613002,0.13097073510079868,0.7426399005276852,0.09726409368729497,0.001609137121335411,0.6979991674503739,0.0011231763710056078,0.0009544967070672357,1.0,0.0009544967070672357,1.0872419723089062e-05,0.741288803824184,8.059603011203164e-06,1.0000345235983986e-16,1.0,1.0000345235983986e-16,1.0,1.0,1.0,0.0291357429148492,0.13153222715026724,-13.015306447110213,-0.8474524776707789,8.04372022133883,-1.697917672084502,-0.81233794198756,-93.88900768619224,59.84377318622029,9.81365582398967,-3.7283922800275002,328.15,9.0,0.1
176,0.0004983347559348994,0.2758757339714083,0.000137478466557003,1.4042330432737412e-08,0.7537622654151722,1.0584578798688568e-08,0.995291614763753,1.0003617251216705,0.9956516367442012,0.0004115014995687603,1.021476367563964,0.00042033905702662126,0.0281319490579862,0.7203161915471017,0.020263898406245696,0.10000334399226313,0.7488256505532431,0.07488506912250618,0.13087666714713572,0.7406745198597041,0.09693701260004307,0.0017324333188973179,0.6953596167780144,0.0012046641687219028,0.000925123760204131,1.0,0.000925123760204131,1.2285308449719278e-05,0.7392027831059775,9.08133419734787e-06,1.0000334399226324e-16,1.0,1.0000334399226324e-16,1.0,1.0,1.0,0.02904178531348986,0.13137501594540107,-12.927011518084978,-0.8545283990327771,7.975326419557174,-1.5924480300288997,-0.7104834597431543,-92.44620557996075,59.167828853533216,9.756814270969013,-3.7343284769322422,333.15,9.0,0.1
177,0.00044300593835549585,0.27248616583447505,0.00012071298958439284,1.6326252865146913e-08,0.7507157383698434,1.2256374974471535e-08,0.9952933032531492,1.0003640827871747,0.9956556724130539,0.00048211128781463,1.0214596954250121,0.0004924572492120922,0.02802077718515151,0.71916006592541,0.020151423967754784,0.10000321960106248,0.7467163682848,0.0746740409572927,0.13078064957557112,0.7386909798406112,0.09660648617917021,0.001856806991584771,0.6927243470328897,0.0012862554108116647,0.0008966015598108456,1.0,0.0008966015598108456,1.3850247314247807e-05,0.7371144468851334,1.0209217388264067e-05,1.0000321960106219e-16,1.0,1.0000321960106219e-16,1.0,1.0,1.0,0.028945894411321636,0.13122367184017947,-12.845600317570192,-0.8618909963854153,7.911637960598816,-1.4913255381342525,-0.6120389269779432,-91.05439908033321,58.515308803044746,9.703495426805679,-3.7402135063865827,338.15,9.0,0.1
178,0.0003983498213160685,0.26633351214887874,0.00010609390697498683,1.8795887407593447e-08,0.7476799290972515,1.405330776422939e-08,0.9952949911731114,1.000366597203735,0.9956598635337669,0.0005629108998036208,1.0214430059178323,0.0005749814015593222,0.027888658540012937,0.7179738592351628,0.02002332780086477,0.1000030771374214,0.7445488264884081,0.07445717372789686,0.1306845293525529,0.7366966177502045,0.096274850766303,0.0019805391464005747,0.6900704897451121,0.0013667116187160108,0.0008687993966567118,1.0,0.0008687993966567118,1.557368197321542e-05,0.7349999317400713,1.1446655187254907e-05,1.1020272860188951e-16,1.0,1.1020272860188951e-16,1.0,1.0,1.0,0.028849919261132628,0.13108289796975633,-12.77049280364687,-0.8695212638426052,7.852221442685773,-1.3942498339600577,-0.5168548829473731,-89.71111883207794,57.885158130138656,9.653466561532014,-3.7460535821618275,343.15,9.0,0.1
179,0.00035615192780435567,0.2630564176574709,9.368805027001596e-05,2.135906600811074e-08,0.7446570012045706,1.590517804213021e-08,0.9952968011809042,1.0003691199762998,0.9956641851125674,0.0006526745214526958,1.0214250920831203,0.0006666581331751266,0.027738080326476237,0.7168114566014837,0.01988297376215039,0.10000291894432989,0.7423814112539214,0.07424030809540313,0.13058135577679253,0.7346838327986971,0.09593601095414422,0.0021105437060000534,0.6874509301783722,0.0014508952338718453,0.0008417571779636833,1.0,0.0008417571779636833,1.7530303443654196e-05,0.7329134940223679,1.2848195948160947e-05,1.232607229947027e-16,1.0,1.232607229947027e-16,1.0,1.0,1.0,0.02874690677573329,0.1309375290636629,-12.703355811414948,-0.8775531088634859,7.798461465048795,-1.3026101490841977,-0.4247906239574828,-88.4157211471407,57.278054458162636,9.60734791629985,-3.7518465218693953,348.15,9.0,0.1
180,0.0003179383193999335,0.26115546460193,8.30313295176464e-05,2.3995284617470077e-08,0.7411018662803793,1.7782950211935924e-08,0.9952986798831092,1.0003727027944145,0.9956696304823787,0.0007512118431777897,1.0214064660001265,0.0007672926339576677,0.027570655120625825,0.7151347401816521,0.01971673328632668,0.10000274544146817,0.7396610709670353,0.07396813779288018,0.13047407760373678,0.7321184549409009,0.09552248010508699,0.002245061647330315,0.6843502364321551,0.0015364084691552652,0.0008142857317360974,1.0,0.0008142857317360974,1.9762750797194338e-05,0.7303060988571376,1.4432857437384782e-05,1.3786652599917324e-16,1.0,1.3786652599917324e-16,1.0,1.0,1.0,0.028639805283203548,0.1307920399184213,-12.643770228588771,-0.8859808860257274,7.749996187433464,-1.216413510363627,-0.3357131145322056,-87.16630558982511,56.6933338686681,9.5650763540598,-3.7582278149719315,353.15,9.0,0.1
181,0.00028688684086013155,0.25718899472916074,7.378413820184192e-05,2.667897322969064e-08,0.7375661007498944,1.9677506257033723e-08,0.9953006158592158,1.0003763918847495,0.9956752389339113,0.0008599560456703069,1.0213872399784525,0.0008783481319899791,0.027382420966436227,0.7134417800563163,0.019535763156545656,0.10000255404137323,0.7369070069875809,0.07369258278974217,0.13036334126795704,0.7295500220393638,0.09510657849516314,0.0023823512555913528,0.6812472391361155,0.001622970215524067,0.0007874768831692958,1.0,0.0007874768831692958,2.2268001809125804e-05,0.727687767322263,1.6204152519210883e-05,1.5411248600638042e-16,1.0,1.5411248600638042e-16,1.0,1.0,1.0,0.028529263852966665,0.1306502547877903,-12.590642438887636,-0.8947493533127141,7.706029940835188,-1.1346850572845497,-0.24949771164365508,-85.96010565612153,56.12938571551645,9.526103415910635,-3.764572637746641,358.15,9.0,0.1
182,0.0002598199101724338,0.2532861843153667,6.580879365673711e-05,2.933939010888135e-08,0.7340517102743891,2.153662948783186e-08,0.9953026515228598,1.0003801292836727,0.9956809952068206,0.0009782164987200508,1.0213669910993521,0.0009991180419414417,0.02717480887462831,0.7117516051636054,0.01934171383653089,0.10000234609200359,0.7341413197129425,0.07341585433437396,0.13024671094059745,0.7269774383275717,0.09468642027018723,0.002524841865845174,0.6781606470218092,0.0017122483933693154,0.0007613389259829224,1.0,0.0007613389259829224,2.5103627165576332e-05,0.7250777179953424,1.8202080698621975e-05,1.723493742858072e-16,1.0,1.723493742858072e-16,1.0,1.0,1.0,0.028412845283520796,0.13050656019016,-12.54425257594825,-0.9038979167073606,7.666822263404462,-1.057704496868656,-0.16602637532677253,-84.79571646552806,55.58588895729085,9.490514101819006,-3.7708803971689266,363.15,9.0,0.1
183,0.000238507166250746,0.2468182832506519,5.8867929316986934e-05,3.194551776988824e-08,0.730558797998732,2.3338079063416664e-08,0.9953047597772453,1.0003839490403392,0.9956869060846069,0.0011063582145479907,1.0213459781657899,0.001129974512839275,0.02694717497761019,0.7100496382039941,0.01913383184347184,0.10000212098809994,0.7313515204221773,0.0731367032300894,0.13012567678885656,0.7244048390665858,0.09426366995266218,0.002671099753757648,0.6750764318760328,0.0018031964909516636,0.0007358146091112172,1.0,0.0007358146091112172,2.8298682405040257e-05,0.7224613893358051,2.044470540671807e-05,1.9271974748233844e-16,1.0,1.9271974748233844e-16,1.0,1.0,1.0,0.02829204035840893,0.13036421590062505,-12.504024746682765,-0.9134045621195679,7.631934893213123,-0.9851017199359976,-0.08518758984920347,-83.67118239822402,55.06190454776464,9.45807364712029,-3.7771544748855166,368.15,9.0,0.1
184,0.00021755773316067015,0.2430797454908664,5.2883878406265553e-05,3.440814639047651e-08,0.7270891036140442,2.5017788316072377e-08,0.9953070064564923,1.000387759819592,0.9956929465217544,0.0012427961836303163,1.0213235453783163,0.0012692970044479559,0.026702714901833784,0.7083687051546065,0.018915367579124612,0.10000188173741724,0.7285734434546751,0.07285871532937727,0.1299964616165694,0.7218272803210911,0.09383499234005341,0.0028248462700455244,0.6720265831266845,0.0018983717867168538,0.0007109637942504404,1.0,0.0007109637942504404,3.1937649097906564e-05,0.7198718544427686,2.2991014682652406e-05,2.1573669654481774e-16,1.0,2.1573669654481774e-16,1.0,1.0,1.0,0.02816306881862477,0.13021405375787642,-12.470389877929192,-0.9233195359743919,7.60175108651236,-0.9172326336249153,-0.006875944597751114,-82.58536565214207,54.55724900935374,9.428914858826236,-3.783392385729706,373.15,9.0,0.1
185,0.00019805596305772362,0.24062164672198283,4.765655197405766e-05,3.6717034961679004e-08,0.7230727703845891,2.6549088190049083e-08,0.9953093286523738,1.0003926712790838,0.9957001580395397,0.0013862675242169004,1.0213002901643988,0.0014157954247282036,0.026445045300646026,0.7061460663679529,0.018674064713973502,0.10000163076157334,0.7252316975484455,0.07252435243482867,0.12986250601345758,0.718681811687054,0.09332982109197262,0.0029836529482296804,0.6684776628161557,0.0019945053494871087,0.0006857775917386423,1.0,0.0006857775917386423,3.610179392799675e-05,0.7167384442200926,2.587554361350677e-05,2.414966056613008e-16,1.0,2.414966056613008e-16,1.0,1.0,1.0,0.028029368787920648,0.13006059869355022,-12.44299136229471,-0.9336357036968448,7.5759503898680185,-0.8541031975212707,0.06900875227319467,-81.53686363611698,54.071417402616596,9.40300011985835,-3.790270061486358,378.15,9.0,0.1
186,0.00018212809394329004,0.23643236128244507,4.3060975306883064e-05,3.883800849379511e-08,0.7190850614425544,2.792783172406706e-08,0.9953117282706174,1.000397634995203,0.9957074990449138,0.0015380118047371217,1.0212761925863576,0.0015707348400947996,0.02617068732957024,0.7039217078647882,0.018422114921026453,0.10000136584810776,0.7218840754684607,0.07218939353084457,0.12972369468849376,0.7155426962944392,0.09282284227068145,0.003146621528767756,0.6649432070749371,0.002092324610789874,0.0006612665978521069,1.0,0.0006612665978521069,4.080263216993698e-05,0.7136105831024518,2.9117190134903565e-05,2.7027476549086735e-16,1.0,2.7027476549086735e-16,1.0,1.0,1.0,0.027890827228250654,0.12990586162044557,-12.421022039229637,-0.9443102621625209,7.553962780977366,-0.7949048690217068,0.14256047507072134,-80.52353834207537,53.60311416852832,9.379887300909722,-3.7971155490241233,383.15,9.0,0.1
187,0.00016969472914709927,0.22985325864023934,3.9004886468533596e-05,4.074051870703078e-08,0.7151261397311787,2.913460987360478e-08,0.9953141968535937,1.0004026488249214,0.9957149589453843,0.0016976105323847012,1.0212513240781682,0.00173368700396692,0.0258805491603212,0.7016949550649808,0.018160250780108612,0.10000108786212085,0.7185316819943497,0.07185394986283443,0.12958043880486086,0.712411153584457,0.09231454989095106,0.0033133512091016995,0.6614225492388842,0.002191525203247785,0.0006374216071326486,1.0,0.0006374216071326486,4.610185554166315e-05,0.7104877214076072,3.275480229645892e-05,3.023753466218322e-16,1.0,3.023753466218322e-16,1.0,1.0,1.0,0.027747854421853,0.1297501742745267,-12.404207708537632,-0.9553382522412776,7.535590792946237,-0.7394586374141481,0.21386868484634666,-79.54395481892837,53.15169817549343,9.359452747829268,-3.8039288233319875,388.15,9.0,0.1
188,0.00015691191635860112,0.2258626400540969,3.544053968470127e-05,4.237003569775741e-08,0.7111969869758074,3.0133441726302464e-08,0.9953167723479502,1.000407647672414,0.9957225109135125,0.0018635077673175176,1.0212252972347644,0.0019030612735781234,0.025577796006377596,0.6994889928767616,0.017891386768508318,0.10000079978981459,0.7151998224111582,0.0715205542506492,0.12943050672477846,0.7092834924667687,0.09180292184149445,0.003486028413976864,0.657938021393555,0.0022935906372136498,0.000614291820083594,1.0,0.000614291820083594,5.2101051927885834e-05,0.7073931931852002,3.6855929491575056e-05,3.383492246812973e-16,1.0,3.383492246812973e-16,1.0,1.0,1.0,0.027598215690053718,0.12958746101117277,-12.392655555491002,-0.96674337830315,7.520951262041299,-0.6878437166971603,0.28301819189809047,-78.59700476919456,52.71680893326407,9.341704826657022,-3.810706871226051,393.15,9.0,0.1
189,0.00014426593369289424,0.22381121770550286,3.228833429322797e-05,4.371492193911819e-08,0.7072974369897446,3.0919452245745095e-08,0.9953194364720618,1.0004126395622472,0.9957301446486239,0.002035327875700464,1.0211982772111932,0.0020784733202252317,0.025263267272170813,0.6972995129381248,0.017616063964110373,0.10000050243858682,0.7118855616438873,0.07118891384316431,0.12927484931914293,0.706161323336081,0.09128889866927842,0.0036637187124350834,0.6544853127892819,0.0023978500874800215,0.0005918618748830262,1.0,0.0005918618748830262,5.887274348638471e-05,0.7043227600990206,4.1465413186932094e-05,3.78534405082827e-16,1.0,3.78534405082827e-16,1.0,1.0,1.0,0.02744286108156417,0.1294191589677578,-12.385997143662273,-0.9785121952536001,7.5097682084392705,-0.639798923547364,0.35008946512139527,-77.68130324996024,52.29776655889662,9.326484320486026,-3.817449635741123,398.15,9.0,0.1
190,0.00013582011832105338,0.21681890639238202,2.944836952045473e-05,4.482864801359322e-08,0.7028051287967956,3.150580374097954e-08,0.9953220740689169,1.0004189151224299,0.9957390295374328,0.0022118552853874905,1.021171364631204,0.0022586832801458853,0.02494045248134886,0.6944893301729771,0.017320878137982932,0.10000019819582802,0.7079411594217156,0.07079425625315586,0.12911980630774236,0.7024309710618323,0.09069775092806316,0.003841033714391008,0.6504659959912751,0.0024984618206674142,0.0005691836297049914,1.0,0.0005691836297049914,6.652650818043254e-05,0.7006342285164893,4.661074873489323e-05,4.2275045026133496e-16,1.0,4.2275045026133496e-16,1.0,1.0,1.0,0.0272881278850574,0.12925567125471144,-12.383757989160788,-0.9906213127667801,7.501609436670347,-0.5952544174433892,0.41515941225688696,-76.79571611564941,51.894103204152515,9.313730534162804,-3.824914447168407,403.15,9.0,0.1
191,0.00012679815804717142,0.21232284402196394,2.6922145533321885e-05,4.564082921764596e-08,0.6983492528795213,3.18732389849449e-08,0.9953247815178577,1.000425172614673,0.9957479663576645,0.0023928527625721014,1.0211436079836043,0.0024434463033464093,0.024608883450823196,0.691702265311551,0.017022020429722347,0.0999998876334146,0.7040255392943001,0.07040247482048413,0.12895989654383613,0.6987127932837189,0.09010592953572318,0.00402243224513949,0.6464867956986879,0.0026004493330753077,0.0005472801696205644,1.0,0.0005472801696205644,7.514253919367882e-05,0.6969780935255505,5.2372703709879254e-05,4.719108292643968e-16,1.0,4.719108292643968e-16,1.0,1.0,1.0,0.027128534371442466,0.12908674034271247,-12.385945355509033,-1.0030844722136778,7.496573800918721,-0.5539376860331227,0.47830008499162097,-75.93896205027791,51.50516472112937,9.303282496509317,-3.8323420875633882,408.15,9.0,0.1
192,0.00011855407854969918,0.20800274358154733,2.4659573601119692e-05,4.616323848749216e-08,0.6939286890734927,3.203399556701239e-08,0.9953275288379456,1.0004314365474372,0.9957569495105567,0.00257819133376664,1.0211152845430294,0.002632630577385495,0.024268931666197067,0.6889287148405568,0.01671956390334644,0.09999957113230513,0.7001299724334051,0.07001269698021313,0.12879671695315373,0.6950087707336454,0.08951484792414065,0.004206348842073512,0.6425382210628796,0.002702739902155818,0.0005261205402001408,1.0,0.0005261205402001408,8.480331871711999e-05,0.6933447836956842,5.8797938672597725e-05,5.263308921763306e-16,1.0,5.263308921763306e-16,1.0,1.0,1.0,0.026965677078513405,0.1289153171949419,-12.392201952118313,-1.0158855584429363,7.4943888888577845,-0.5155951899779945,0.5395804668673101,-75.10983057172484,51.1303342835014,9.29499111998558,-3.839733255574187,413.15,9.0,0.1
193,0.00011107725277057579,0.2037001408610297,2.2626452035822493e-05,4.6402187866577264e-08,0.6895427217169556,3.199629091514115e-08,0.9953303030678514,1.000437708025345,0.9957659671293733,0.0027673521312958273,1.0210865024664169,0.0028257059088378413,0.023921748355921764,0.6861678143633767,0.016414333785133538,0.09999924981090247,0.6962545252701753,0.06962493020446356,0.1286308904082995,0.6913191951326275,0.08892500362625884,0.004392173375909359,0.6386191867067362,0.0028049261891982145,0.0005056934915238822,1.0,0.0005056934915238822,9.561076221262276e-05,0.6897334597727715,6.594594181242408e-05,5.864267353660686e-16,1.0,5.864267353660686e-16,1.0,1.0,1.0,0.02680017773998817,0.12874201406325797,-12.402314389225593,-1.0290189778604582,7.494900363194136,-0.48007048737961605,0.5990661672059864,-74.30725679970988,50.76910841842535,9.288757546489125,-3.847087481460859,418.15,9.0,0.1
194,0.00010535287563734066,0.1973421187633869,2.0790559696088398e-05,4.6374571540770836e-08,0.6851901920537128,3.1775401580429384e-08,0.9953330789925486,1.0004440056438857,0.9957750124971675,0.002960122685990114,1.021057490507173,0.0030224554413504187,0.023567877897709224,0.683412493672337,0.016106582204638613,0.0999989242220934,0.6923928447183674,0.0692385396109117,0.12846373457575602,0.6876454225408803,0.08833749904352524,0.004578613792254233,0.6347226503994067,0.002906149881374886,0.00048597414977032697,1.0,0.00048597414977032697,0.0001076592869960438,0.686137083867254,7.38690292306933e-05,6.525434114013417e-16,1.0,6.525434114013417e-16,1.0,1.0,1.0,0.02663335345933668,0.1285691338259649,-12.416017800926847,-1.0424739680092445,7.497908952085914,-0.4471753163380577,0.6568196278286932,-73.53018944051621,50.42096713088664,9.28446852128715,-3.8544051978200846,423.15,9.0,0.1
195,9.851079639641198e-05,0.19414802001768955,1.9125676070729114e-05,4.611851852861896e-08,0.6801792300624997,3.1368858424419135e-08,0.9953358113446481,1.000451673575007,0.9957853782288908,0.0031524734173815523,1.0210286370255506,0.0032187656366083647,0.023216449868253677,0.6799909920564318,0.015786976777942236,0.0999986021449348,0.6878666502487193,0.06878570348699069,0.12829748722252457,0.6832908591243616,0.0876645002677756,0.0047642225622607755,0.6302251282866995,0.003002532775487186,0.0004661826641415067,1.0,0.0004661826641415067,0.00012123717280099974,0.6818822238953315,8.266947300832826e-05,7.247212258197916e-16,1.0,7.247212258197916e-16,1.0,1.0,1.0,0.026467434082031643,0.12839604413743952,-12.433472038506512,-1.056274796810072,7.503501285860639,-0.41727039917304265,0.7129008749748768,-72.7781687290522,50.08595493951941,9.282287205646542,-3.862551062786385,428.15,9.0,0.1
196,9.30222859455368e-05,0.1893743647982167,1.761603631301411e-05,4.562560802927073e-08,0.6752101374332407,3.0806873067919034e-08,0.9953385216123755,1.0004593600120864,0.9957957403276934,0.0033471905476635203,1.0209997377981936,0.0034174806715250457,0.022861035098057994,0.6765825848715462,0.015467378219483224,0.09999827852279326,0.6833652827912094,0.06833535188136274,0.1281309715229546,0.678960771833974,0.0869959033210622,0.0049493350598901805,0.6257590675350807,0.0030970912919955624,0.0004471537342163443,1.0,0.0004471537342163443,0.00013632389593006954,0.6776514423284736,9.238008470084837e-05,8.036729526974542e-16,1.0,8.036729526974542e-16,1.0,1.0,1.0,0.02630124793166705,0.12822403943450816,-12.454179220132152,-1.0703898368558482,7.511352380821827,-0.38972957879140074,0.7673659858075923,-72.04978791809575,49.76314076475562,9.281883399580632,-3.8706579765373688,433.15,9.0,0.1
197,8.890251431432069e-05,0.18272057567343036,1.6244318594328073e-05,4.4914396694576554e-08,0.6702821502002003,3.010531839138554e-08,0.9953411972677351,1.0004670653001382,0.9958060866027767,0.0035438581595177224,1.020970892737808,0.0036181760288589745,0.022502609026784914,0.6731866921226187,0.015148456934869915,0.09999795433005637,0.6788886652730742,0.06788747774516979,0.1279647631616534,0.6746554096647386,0.08633211971347653,0.00513339530586,0.6213235640308306,0.00318949946701607,0.0004288689557673629,1.0,0.0004288689557673629,0.00015304438472013945,0.673444111866369,0.0001030668397439892,8.898026900029078e-16,1.0,8.898026900029078e-16,1.0,1.0,1.0,0.02613536970061696,0.12805371059036438,-12.477990870739388,-1.0848158617768737,7.521356775369616,-0.3644408198211276,0.8202689640925944,-71.34419182872863,49.45212158349879,9.2831856327456,-3.87872529717094,438.15,9.0,0.1
198,8.41269299225153e-05,0.1783028282924769,1.5000069540747486e-05,4.3995048494813255e-08,0.665395426542885,2.927410405898115e-08,0.9953438512071979,1.0004747537728929,0.9958163944558843,0.0037415039136151707,1.0209419473909533,0.003819858291737146,0.022143276693383288,0.6698154635420531,0.01483190914271847,0.09999763161476584,0.6744495391049674,0.06744335655416714,0.12779797237221172,0.6703727527372901,0.08567227853340371,0.005317291108929239,0.6169298444205213,0.003280395576570337,0.0004113330211899349,1.0,0.0004113330211899349,0.00017156309033683422,0.6692722481564378,0.00011482241517039904,9.83715499005419e-16,1.0,9.83715499005419e-16,1.0,1.0,1.0,0.025968907536920972,0.12788214329718275,-12.504885717429955,-1.0995602409346326,7.533516387739623,-0.3413674855752189,0.8716613147844419,-70.66063585623151,49.15258183398044,9.286161116197059,-3.886750487041968,443.15,9.0,0.1
199,8.059514822485055e-05,0.17203473769120928,1.386516518404629e-05,4.2899693577156926e-08,0.6605480827177129,2.8337310341568396e-08,0.9953464485108833,1.0004824613372285,0.9958266646894374,0.003940320187209079,1.0209132234663059,0.004022724983812979,0.021782799848777932,0.6664562274619302,0.014517282610774842,0.09999731021607373,0.6700353909897367,0.06700173684854895,0.12763245273446858,0.6661147737447106,0.08501786237570302,0.005499212163434981,0.6125654553284375,0.00336862740284223,0.0003945024415282413,1.0,0.0003945024415282413,0.00019198310942581594,0.6651231610878571,0.00012769241261677473,1.0856203497808012e-15,1.0,1.0856203497808012e-15,1.0,1.0,1.0,0.025803715184211862,0.127713090782387,-12.534618611525076,-1.1146103516635375,7.54764137353983,-0.32034090397653714,0.9215921998136207,-69.9982764293946,48.864085342288945,9.29071194158183,-3.8947352124769905,448.15,9.0,0.1
200,7.67753365425684e-05,0.16700126052366207,1.2821577979737304e-05,4.169147503330901e-08,0.6549395038447522,2.7305393972871247e-08,0.9953489067736848,1.0004918269175367,0.9958384461583768,0.004135826007162537,1.0208854433071517,0.004222204566763374,0.021431345046756683,0.6623119736293795,0.014194236435449648,0.09999699900402773,0.6648468882734273,0.06648269362450886,0.1274723670288966,0.6610748000948083,0.08426876955123985,0.005675767099769058,0.6074976425858104,0.0034480151329758044,0.00037761765007100144,1.0,0.00037761765007100144,0.00021474689673302877,0.6602025071720474,0.00014177643963056224,1.1947405896955918e-15,1.0,1.1947405896955918e-15,1.0,1.0,1.0,0.02564394639046179,0.1275491840569142,-12.567283626592914,-1.129983099497791,7.5637515529131045,-0.3017060265696246,0.9701092346227812,-69.35681471363836,48.58672168814192,9.29699848733144,-3.9037178958306074,453.15,9.0,0.1
201,7.257481021377758e-05,0.16355307196422375,1.186983315768384e-05,4.0343605794416614e-08,0.6493828016118341,2.619844375790173e-08,0.9953513034658434,1.0005011780700854,0.9958501517111715,0.004331291717191268,1.0208578682536857,0.0044216332291967236,0.021081484578128383,0.6581985895975891,0.01387580341594743,0.09999669194900054,0.659705248279204,0.06596834248931449,0.12731345906529998,0.6560701222119091,0.08352655664819224,0.005850395283324373,0.602478963464453,0.003524740086154592,0.0003614874202744133,1.0,0.0003614874202744133,0.00023977797802494355,0.6553250549569709,0.00015713251662666762,1.3124832197265374e-15,1.0,1.3124832197265374e-15,1.0,1.0,1.0,0.02548535110553343,0.1273860742191196,-12.602621100615679,-1.145663606335456,7.5817245059103815,-0.2849615778740854,1.0172565683126509,-68.73513494276102,48.31974168774535,9.304757371513293,-3.912656233944686,458.15,9.0,0.1
202,7.003140249774155e-05,0.1570354950797101,1.0997415962359297e-05,3.888668657097032e-08,0.6438754750479936,2.503818378892591e-08,0.9953536036618733,1.0005105561718988,0.9958617875874447,0.004527046974881768,1.0208308205920418,0.004621349078227276,0.02073270856027587,0.6541023247418142,0.013561312867470959,0.09999638863738428,0.6545966499431474,0.06545730100844477,0.12715758603072433,0.6511022661635616,0.08279259242449266,0.006021288482038975,0.5974959400917813,0.0035976954221396905,0.00034606224486516954,1.0,0.00034606224486516954,0.0002671764327162415,0.6504770029090728,0.0001737921252011983,1.4388811556068427e-15,1.0,1.4388811556068427e-15,1.0,1.0,1.0,0.02532978693765538,0.12722765631990862,-12.64042240374998,-1.161640653424122,7.601397177021293,-0.2699688339544985,1.0630770610968554,-68.13251150691,48.0627697553483,9.313907832833811,-3.9215528088828386,463.15,9.0,0.1
203,6.688122985550355e-05,0.15250695694774533,1.0199852842185541e-05,3.733324214273867e-08,0.6384180457225683,2.3834215489254687e-08,0.9953558260094737,1.0005199188609524,0.9958733302767748,0.004722264883329296,1.0208040852197948,0.004820507284392525,0.020386866732757056,0.6500370565983903,0.013252218844225037,0.09999609090460723,0.6495351511302729,0.06495097601816055,0.12700350875332742,0.6461690508161018,0.08206573670145205,0.0061896918487288205,0.5925613147040449,0.0036677719394956586,0.0003313385937123779,1.0,0.0003313385937123779,0.00029713414076545946,0.6456719505187123,0.0001918511802337359,1.5744539107143943e-15,1.0,1.5744539107143943e-15,1.0,1.0,1.0,0.025176012845941856,0.12707042731642507,-12.680703307657305,-1.177923038955941,7.622799138441989,-0.2567136899495726,1.1076116838770198,-67.54836944627925,47.81556404861204,9.324431993000717,-3.9304047926890804,468.15,9.0,0.1
204,6.46591318796206e-05,0.14642603836792475,9.467780525442025e-06,3.570983962422245e-08,0.6330085849337593,2.260463504874057e-08,0.9953579431382509,1.0005292967122223,0.9958847828250383,0.004917190346043664,1.0207779108122683,0.005019359288500708,0.02004361276410437,0.6459925171664279,0.012948023862592924,0.09999579849069816,0.6445103615289838,0.06444832823661928,0.12685266038001172,0.6412717088767497,0.08134702229745205,0.006354214865837468,0.5876649412449113,0.0037341493057899164,0.0003172734903312434,1.0,0.0003172734903312434,0.00032975170545209066,0.6408995503285785,0.00021133771974432666,1.7191847884347605e-15,1.0,1.7191847884347605e-15,1.0,1.0,1.0,0.025025462242027653,0.12691735522173092,-12.723298527170368,-1.194502625536585,7.645802500246479,-0.24508534347199265,1.1508996433781893,-66.98206166813829,47.57779472771802,9.336264166014466,-3.939214093960114,473.15,9.0,0.1
205,0.0044778104031818755,0.2997207466811748,0.001342092677538404,4.0629519436549765e-10,0.7783202207879508,3.16227765383637e-10,0.9952208095820146,1.0003796927075654,0.9955986876658304,2.124815900855305e-05,1.0221764033650498,2.171936675349143e-05,0.025044766275335164,0.7205186902435106,0.01804522219415934,0.10000403364132038,0.7564616628035356,0.07564921757537392,0.13490660738562887,0.7528862304295568,0.10156932709460632,0.0008973570008219945,0.714211048551153,0.0006409022844817948,0.0012028429223955156,1.0,0.0012028429223955156,4.830068082857795e-06,0.751039667466987,3.6275727267924236e-06,1.0000403364132014e-16,1.0,1.0000403364132014e-16,1.0,1.0,1.0,0.029543824837525594,0.13938441819510597,-14.96661761120355,-0.8111728656464691,9.500000000869612,-3.555036794864042,-2.2117209609709443,-114.33458020858245,69.50673094668969,10.912228420625675,-3.6624621663845374,273.15,9.5,0.1
206,0.004240479469826999,0.29809029297804907,0.0012640457675281316,5.138098336836829e-10,0.7764279676043164,3.9893632490213366e-10,0.9952243257052924,1.000377382649409,0.9955999060980834,2.32650147064123e-05,1.022141924234223,2.3780146899349753e-05,0.02508165995128757,0.7206606120479465,0.018075364411673366,0.10000403247614033,0.7564115018407577,0.0756442003954092,0.13470818575630764,0.7524952821376826,0.1013672742469481,0.001135334726651181,0.7127387361453543,0.000809197038175294,0.001163285229575913,1.0,0.001163285229575913,6.2001763844208825e-06,0.7502253210938169,4.651529318840461e-06,1.0000403247614009e-16,1.0,1.0000403247614009e-16,1.0,1.0,1.0,0.02934540443582098,0.13894866573994444,-14.82176756194746,-0.8180269459560303,9.399096417472293,-3.431763576678888,-2.05915511487461,-112.16404479385945,68.53663378759383,10.82245099518377,-3.668065462473227,278.15,9.5,0.1
207,0.003964885725620733,0.2984152590150766,0.0011831824007762913,6.425024963161561e-10,0.7745833440094514,4.976717321309885e-10,0.9952285641586984,1.0003747430936227,0.9956015191896929,2.5739090054090543e-05,1.022100364060722,2.6307933314877637e-05,0.02511560043770335,0.7210022425347796,0.01810840423819161,0.10000403099178144,0.7564627633201244,0.07564932562719436,0.1344690050099661,0.7520161430470144,0.10112286250696435,0.0014117524314775226,0.7114714831145633,0.0010044215962139035,0.0011260462375004016,1.0,0.0011260462375004016,7.850340264830944e-06,0.7496125505212646,5.884713588379699e-06,1.0000403099178135e-16,1.0,1.0000403099178135e-16,1.0,1.0,1.0,0.029106225253378172,0.1384338913780893,-14.684886782960817,-0.8250413504500422,9.303057026582028,-3.3104411292085394,-1.912472914689824,-110.07941638195113,67.6000372942002,10.73688001729919,-3.673627748865426,283.15,9.5,0.1
208,0.003668680600216518,0.2969037101312645,0.0010892448814908782,8.033969162587384e-10,0.7728092438334363,6.208725633520303e-10,0.9952332108222881,1.0003725105260655,0.9956039456692094,2.90272353901661e-05,1.0220547943916016,2.966742509845282e-05,0.025146253307804504,0.7212544093019686,0.01813684607567821,0.10000402842413122,0.7563248490019998,0.07563553169747277,0.13420673819476053,0.7514972104854636,0.10085598938171549,0.0017093827856708066,0.7101237370108047,0.0012138732917424929,0.001090679180799023,1.0,0.001090679180799023,9.713280117885739e-06,0.7489045723812845,7.27431989310485e-06,1.0000402842413099e-16,1.0,1.0000402842413099e-16,1.0,1.0,1.0,0.02884396114341119,0.137875419598374,-14.549779871918652,-0.831885575295313,9.206997531405568,-3.186720591334929,-1.7713647117578522,-108.07154067884184,66.69102545925765,10.653054840798568,-3.6792401895848794,288.15,9.5,0.1
209,0.0033552332284041957,0.295226789999609,0.0009905547357217954,1.0014912301051962e-09,0.7710780692412785,7.722279240715882e-10,0.995238206814511,1.0003703884419204,0.9956068315432726,3.321087899698829e-05,1.0220057880710396,3.3941710561848956e-05,0.02517346216202341,0.7215320385038101,0.018163459469963283,0.10000402463832062,0.7561276799153375,0.07561581113196963,0.13392467933209945,0.7509207465750636,0.1005668201888861,0.002024931512942317,0.7088094822137323,0.0014352906572069135,0.0010571841295795754,1.0,0.0010571841295795754,1.1795563495913713e-05,0.748221936057096,8.825699355796969e-06,1.0000402463832055e-16,1.0,1.0000402463832055e-16,1.0,1.0,1.0,0.028561906269424592,0.13727991356199487,-14.41797802843659,-0.8386539657458493,9.112254498165301,-3.062182274871529,-1.635542614984062,-106.13755930193352,65.80972242321401,10.571511508407001,-3.6848363628305054,293.15,9.5,0.1
210,0.0030324249048513455,0.293784100682773,0.0008908782235597963,1.2444416762391211e-09,0.7693731253242704,9.574399817318654e-10,0.9952434137898306,1.0003683522896911,0.9956100139801002,3.848154762858159e-05,1.0219546959134427,3.932639830504575e-05,0.0251969269772016,0.7218445432949319,0.018188264246293835,0.10000401925615962,0.7558905496170486,0.07559209307945239,0.13363060082179054,0.7502850791768096,0.10026104591802174,0.0023507272249995875,0.7075378786461775,0.001663228554052023,0.0010254595542016711,1.0,0.0010254595542016711,1.4078798168695339e-05,0.7475761137896091,1.0524973221781528e-05,1.0552480164777176e-16,1.0,1.0552480164777176e-16,1.0,1.0,1.0,0.028267833429681526,0.13666302697108357,-14.289445017258133,-0.8453542150904271,9.01888844077409,-2.937157570434937,-1.5047382587827345,-104.27369729199486,64.95510503294378,10.492190119557533,-3.6903889430124006,298.15,9.5,0.1
211,0.00271570904472127,0.2913059823523783,0.0007911022910557685,1.5453509295798583e-09,0.7671260142642359,1.1854788992481282e-09,0.9952485366375957,1.0003675785243151,0.9956143686260198,4.51397397280002e-05,1.0219043991901562,4.612849860634206e-05,0.025217478041793678,0.7216255001555159,0.0181975752045701,0.10000401165619013,0.7550312545806686,0.07550615438387304,0.13334108621113563,0.7490599685342056,0.09988046984163004,0.002671661434325478,0.705753925819195,0.0018855355457349475,0.0009940295434751484,1.0,0.0009940295434751484,1.6518534734688034e-05,0.746384527026041,1.2329178735113358e-05,1.2314475696261742e-16,1.0,1.2314475696261742e-16,1.0,1.0,1.0,0.027978326826242947,0.1360567968012078,-14.16316946304291,-0.8519352167282624,8.92610617177576,-2.8114175752242545,-1.3787008021790172,-102.4759211272529,64.12568313204045,10.414776041013686,-3.696493399597745,303.15,9.5,0.1
212,0.0024221786156733236,0.2860116238246951,0.0006927712390621797,1.921276410891986e-09,0.7648889744224453,1.4695631435092076e-09,0.9952533053759243,1.0003673352704316,0.9956188970180024,5.3694142368252635e-05,1.0218575437000212,5.486776443150189e-05,0.02523274610568701,0.7212631603744315,0.018199450201113444,0.10000400074108277,0.7539663154968456,0.07539964797369798,0.13307136674862427,0.7478110766938737,0.09951224204541406,0.002971250217565831,0.7038386322749562,0.002091280689278201,0.0009641452689091869,1.0,0.0009641452689091869,1.9014374218410177e-05,0.7450530535010138,1.4166717571837458e-05,1.4097654323562858e-16,1.0,1.4097654323562858e-16,1.0,1.0,1.0,0.027708618863728586,0.135493547285574,-14.037640008847712,-0.858311279833028,8.8328117486261,-2.6838809236106673,-1.2571967277521843,-100.73961924741774,63.319196745365225,10.338549534925018,-3.70254079495078,308.15,9.5,0.1
213,0.0021320078052245043,0.2837575192252926,0.0006049732457794663,2.367787985284584e-09,0.7626307372275036,1.8057478968160075e-09,0.9952580683422865,1.0003669330253366,0.9956232613962941,6.407478802148374e-05,1.0218107142662072,6.547230491468809e-05,0.025242968869239324,0.7210309414393343,0.018200961608511437,0.10000398688236957,0.7529840830657578,0.07530141036554114,0.132801784746044,0.746486692037658,0.09913476499177153,0.003269113179278834,0.702060242824181,0.002295114392464229,0.0009358453231617208,1.0,0.0009358453231617208,2.1702572495328477e-05,0.7438604596123547,1.6143685551145492e-05,1.6004043032766472e-16,1.0,1.6004043032766472e-16,1.0,1.0,1.0,0.02743905146248531,0.13493379491905655,-13.918151557257865,-0.8648136273407417,8.743342882297233,-2.558898300115478,-1.14000740618005,-99.06586216028516,62.53889555025663,10.265526495759582,-3.70846549897976,313.15,9.5,0.1
214,0.001865002777991111,0.2812930127835878,0.0005246122502708801,2.9060377345885376e-09,0.7603546251075182,2.209619232231369e-09,0.9952624842452691,1.0003668089544906,0.9956275554365587,7.696253398557502e-05,1.0217672518097096,7.863779684275243e-05,0.025246894581993837,0.7207532320233486,0.018196780868524828,0.10000396866137232,0.7519098081980474,0.07519396489521599,0.1325515739801539,0.7451212877754371,0.09876699950075339,0.003546231554605999,0.7002454217129553,0.0024832324104468667,0.0009089127507250103,1.0,0.0009089127507250103,2.44765322372664e-05,0.7426286612893407,1.8176974368366522e-05,1.7952892891138623e-16,1.0,1.7952892891138623e-16,1.0,1.0,1.0,0.027188859893970522,0.13441657966418274,-13.802136911947972,-0.8712981778267774,8.65568255870769,-2.4347391638561082,-1.0269279926529917,-97.44986730899994,61.782018896483436,10.19469942396221,-3.7142911510972043,318.15,9.5,0.1
215,0.001614608594472432,0.2809708932820948,0.00045365801908986664,3.5396496201037547e-09,0.758057073107659,2.683256430842493e-09,0.9952666718685725,1.0003667387357034,0.9956316747095013,9.264770088560813e-05,1.0217259899836868,9.466056390706042e-05,0.02524407578449008,0.7205087105039234,0.01818857649134627,0.10000394565628083,0.7508292774593831,0.07508589026019276,0.13231402192820463,0.7437070747833344,0.098402874201043,0.003809394394945958,0.6984708592210219,0.002660750976149649,0.0008832704450642105,1.0,0.0008832704450642105,2.739244319251138e-05,0.741437344459601,2.0309780338916116e-05,1.9985451055415303e-16,1.0,1.9985451055415303e-16,1.0,1.0,1.0,0.02695133207984812,0.1339286340623267,-13.691398611873305,-0.8778908490378292,8.571337821111797,-2.3130101887337697,-0.9177666103070744,-95.89039790071158,61.049207852406255,10.126744373109208,-3.720000135752171,323.15,9.5,0.1
216,0.0014019145941006868,0.2778974511033281,0.00038958849236513766,4.298165820026596e-09,0.7551891224517915,3.245928073778173e-09,0.9952702495416842,1.000368173743573,0.9956366819153247,0.00011200135759766157,1.021690659913911,0.00011443074095520878,0.02523403721392224,0.7196232239965857,0.018158999214332547,0.10000391612914586,0.7490485829283909,0.07490779166382638,0.1321106119046209,0.7417389122977278,0.09799158157712075,0.004038476967113169,0.6960813863847477,0.0028111086461510056,0.0008575574439275241,1.0,0.0008575574439275241,3.0356704404081063e-05,0.7395969178973383,2.24517250147789e-05,2.2000846861977332e-16,1.0,2.2000846861977332e-16,1.0,1.0,1.0,0.026747953165620585,0.1335125307968874,-13.583915797634678,-0.8844757628993584,8.48866110789467,-2.1926011729624464,-0.8123427639125246,-94.38369118707021,60.33844704324831,10.060992752503678,-3.7262246828090633,328.15,9.5,0.1
217,0.001215499697716224,0.2746242791449769,0.00033380572828625537,5.181975860993494e-09,0.7523006849064898,3.898403989394304e-09,0.9952734483623484,1.0003698615859251,0.9956415617783889,0.00013551388893334805,1.0216590025676375,0.00013844898460170605,0.025214707188868198,0.7186897330971772,0.018121551179691164,0.10000387929285676,0.7471880028619081,0.07472169884727296,0.13192834070434434,0.7397441540411047,0.09759321878838186,0.004245337203879242,0.6936540382582709,0.0029447952952389115,0.0008329179412499939,1.0,0.0008329179412499939,3.3422805283570844e-05,0.7377158263305256,2.4656532418053746e-05,2.406315348916025e-16,1.0,2.406315348916025e-16,1.0,1.0,1.0,0.02656572077551777,0.13314384558403644,-13.481373550290048,-0.8911739995416047,8.409113157195444,-2.0747580015389007,-0.7104878543768133,-92.92851555147075,59.6501300357759,9.997964862090354,-3.732346964154539,333.15,9.5,0.1
218,0.0010618248068073736,0.268583160517366,0.0002851882625280661,6.208883872059175e-09,0.7493925138274424,4.6528910929450944e-09,0.9952761686919286,1.0003719376944855,0.9956463494154882,0.0001641260249164029,1.0216319944883627,0.00016767639818279144,0.02518431054455224,0.7176524344218181,0.018073581771532985,0.10000383338179886,0.7451940307251401,0.07452225968574801,0.13177283293388561,0.7377367988507448,0.09721366794413876,0.004424494152814522,0.6911340240721513,0.0030579184483184047,0.0008092058640359252,1.0,0.0008092058640359252,3.6551449989102325e-05,0.7357375605081259,2.6892274648016887e-05,2.6143020240312424e-16,1.0,2.6143020240312424e-16,1.0,1.0,1.0,0.026410261376276018,0.13283466394957685,-13.383211586318902,-0.8979626707824513,8.332277112583112,-1.9592221360327216,-0.6120429935899924,-91.52229567823167,58.98319726771911,9.937439659142864,-3.738376101123662,338.15,9.5,0.1
219,0.0009205783299379834,0.2653604371439681,0.00024428506805760736,7.357788535036764e-09,0.7464697490746103,5.4923665614929375e-09,0.9952787679050307,1.000374017908064,0.9956510199877431,0.00019794409857631736,1.0216061276565915,0.00020222090403902634,0.02514285559533118,0.7166532784645294,0.01801870989235433,0.10000377851117687,0.7432144470855221,0.07432425295264734,0.1316238917705728,0.7356960549719974,0.09683517791567157,0.004596195444680536,0.688660506877583,0.0031652182846421367,0.000786370562027581,1.0,0.000786370562027581,3.991291729678802e-05,0.7338044037540388,2.9288274479053792e-05,2.836141102195441e-16,1.0,2.836141102195441e-16,1.0,1.0,1.0,0.02626137802384548,0.1325444774582993,-13.291966855188383,-0.9050275503523953,8.260240485579278,-1.8480775835600123,-0.5168587404095801,-90.16494658167788,58.3389781648142,9.880376578869782,-3.744309275811796,343.15,9.5,0.1
220,0.0007990962701674287,0.2621577395155832,0.00020948927184242697,8.638449183644562e-09,0.7435353112552348,6.422992002523679e-09,0.9952811316883969,1.0003762748469733,0.9956556309439183,0.00023796261834659104,1.0215825208035731,0.00024309845150752917,0.02508845591869964,0.715622256402942,0.01795385743420558,0.10000371282776502,0.7411804745460119,0.07412079933004598,0.13148795935086197,0.733638219124925,0.09646459233453689,0.004754133642361464,0.6861649521885969,0.0032621198834091544,0.0007642747969417121,1.0,0.0007642747969417121,4.347306015014346e-05,0.7318454238226586,3.181556013044968e-05,3.069081419961733e-16,1.0,3.069081419961733e-16,1.0,1.0,1.0,0.02612551480721366,0.1322870642594786,-13.206685346780546,-0.912323322742404,8.192262618739752,-1.7407311386031779,-0.42479435517957354,-88.8538421366597,57.71616798523742,9.826404679837248,-3.750159916359068,348.15,9.5,0.1
221,0.0006919296905766824,0.26028620182716133,0.00018009975109164756,1.003922714554874e-08,0.7400459215676437,7.429489104754514e-09,0.995283336115213,1.0003796415853203,0.9956611870587787,0.00028436887361830184,1.0215604104340734,0.00029049998324818773,0.025021977802727694,0.7140680271243968,0.01786739432434421,0.10000363623302098,0.7385862423641065,0.07386130990809396,0.1313606402114725,0.7310214059841753,0.096027439898372,0.004903812362979509,0.6831777780400883,0.003350175634065855,0.0007418102799325053,1.0,0.0007418102799325053,4.736447081804724e-05,0.7293580994652589,3.454566041802868e-05,3.3173383700681513e-16,1.0,3.3173383700681513e-16,1.0,1.0,1.0,0.02599827636692268,0.13205257994127628,-13.128266978506812,-0.9199307959029558,8.129041049848391,-1.6382284287285478,-0.3357167974283302,-87.58812050819003,57.115141421240764,9.775980130346134,-3.7565657337222884,353.15,9.5,0.1
222,0.0006048615040437534,0.25636232026426664,0.0001550636986151907,1.1562108356312483e-08,0.7365555953094428,8.516135603416038e-09,0.9952853212167155,1.000383245869191,0.9956667602047382,0.00033845971387394324,1.0215403933148115,0.0003457502692320066,0.02493978087259117,0.7124549138107233,0.01776846943204027,0.1000035462585334,0.7359162563731184,0.07359423538661589,0.13124537113925866,0.7284022937680807,0.09559942938427908,0.005040818685110215,0.6801447413992671,0.0034284863210248813,0.0007199497638148776,1.0,0.0007199497638148776,5.1513877044694295e-05,0.726818341483338,3.744123067700127e-05,3.579368082037617e-16,1.0,3.579368082037617e-16,1.0,1.0,1.0,0.025883102090508866,0.13185024420541075,-13.055594119595597,-0.9277909727260489,8.069757431857195,-1.539589212094551,-0.24950140991878383,-86.36500981093153,56.5342824737762,9.728551795040508,-3.762907876185809,358.15,9.5,0.1
223,0.0005355044484711477,0.24984728565667835,0.0001337943329075928,1.319137308723071e-08,0.7330688493514314,9.670184690421651e-09,0.9952871384266491,1.0003870498762744,0.9956723641904346,0.0004009042976926812,1.02152196003824,0.00040953254396678177,0.02484065166429202,0.7107924229498394,0.017656546984115083,0.10000344179235887,0.7331824060180415,0.07332076406340683,0.13113921939517686,0.7257838691855134,0.09517873005459941,0.005168156993308737,0.6770754488299593,0.0034992322158682062,0.000698620079700611,1.0,0.000698620079700611,5.597323964805592e-05,0.7242354762968097,4.053780587638527e-05,3.8583455687274964e-16,1.0,3.8583455687274964e-16,1.0,1.0,1.0,0.025777060410455847,0.1316747370350211,-12.98882575704504,-0.9359324097777441,8.014565231267047,-1.4450328791805795,-0.16603014000547417,-85.18304484783998,55.97320981024537,9.684174528296266,-3.7691910641861774,363.15,9.5,0.1
224,0.00047168160843498273,0.24586710750581597,0.00011597099272960009,1.4879600195823658e-08,0.7295923500705406,1.0856042474981042e-08,0.9952889961434599,1.000390846998553,0.9956780018602953,0.0004715376021245508,1.0215030549828994,0.0004816771011095397,0.024725094690534116,0.7091547746173384,0.017533918952658066,0.10000332341706772,0.7304622111714419,0.07304864874772414,0.1310303481673448,0.7231559473009737,0.0947553755541326,0.005297680824013855,0.6740426732618158,0.003570862944706159,0.0006778053011621284,1.0,0.0006778053011621284,6.0900898459268704e-05,0.7216836172549687,4.395118069416256e-05,4.1646203820482207e-16,1.0,4.1646203820482207e-16,1.0,1.0,1.0,0.025668313901093646,0.1315020446553799,-12.928994539566792,-0.9444481145314628,7.964328466139236,-1.3554143671908285,-0.08519147367327576,-84.04149504547885,55.43220942737133,9.643226086923635,-3.775418154772497,368.15,9.5,0.1
225,0.0004135721680131463,0.24412757311770686,0.00010096436968607791,1.660057896824546e-08,0.7261295159279806,1.2054170370336269e-08,0.995290895406474,1.0003946506026673,0.9956836875581755,0.0005507538394641649,1.0214836589045624,0.0005625860470915912,0.024592426193911793,0.7075329344518382,0.017399951470268658,0.10000319051906384,0.7277483634146823,0.07277715823649537,0.13091864644825318,0.7205234501522957,0.094329954828164,0.005429551518053602,0.6710377554634736,0.003643434063847984,0.0006574542542459283,1.0,0.0006574542542459283,6.635048177664779e-05,0.7191535160260164,4.771618225969637e-05,4.501076327941488e-16,1.0,4.501076327941488e-16,1.0,1.0,1.0,0.025556752201389105,0.13133223521684528,-12.875843021398516,-0.9533396726302653,7.918862674625695,-1.270606931609542,-0.006879983127402536,-82.9387399501267,54.91061523027907,9.605597969288898,-3.7815939979992255,373.15,9.5,0.1
226,0.00036754409826481597,0.23985695925597667,8.815800980227869e-05,1.8349447759863335e-08,0.7221061597913588,1.325024925616707e-08,0.9952927034982113,1.0003996959017767,0.9956905179128678,0.0006386592893383769,1.0214650485713967,0.0006523681420045988,0.024443524383844676,0.7053239520281598,0.017240603219910017,0.1000030430590328,0.7244242199638032,0.07244462646204648,0.13081146665658686,0.7173275331469116,0.09383466668409891,0.005557422919329958,0.6674885183444762,0.003709515990237188,0.0006365606225041798,1.0,0.0006365606225041798,7.240644729752061e-05,0.7160339284471728,5.1845472903346876e-05,4.864915157356749e-16,1.0,4.864915157356749e-16,1.0,1.0,1.0,0.02544972777144787,0.1311790291042994,-12.828941762081245,-0.9625947427739503,7.8777759519490775,-1.190610957452727,0.0690045475193315,-81.87337139604844,54.40791675304033,9.571249795070214,-3.7884048613891177,378.15,9.5,0.1
227,0.0003312598586512238,0.23316731202581278,7.72389708237565e-05,2.0088571190683062e-08,0.7181035471714429,1.4425674229635542e-08,0.9952944917004978,1.0004048492618651,0.9956974359408011,0.0007359393874558369,1.0214465302521802,0.0007517227337926795,0.024276047747052977,0.7030934004730426,0.017068328960521423,0.10000287980618348,0.7210735910506532,0.07210943565725157,0.1307048138774922,0.7141415355441706,0.09334173648548727,0.005684315630434525,0.6639333864864465,0.003774006926372234,0.000616097031999058,1.0,0.000616097031999058,7.907106508997837e-05,0.7128999483415286,5.636975821795527e-05,5.261665341602685e-16,1.0,5.261665341602685e-16,1.0,1.0,1.0,0.025343246993160037,0.13103609382471465,-12.787932241330216,-0.9722046711766434,7.840863879567908,-1.1149500611804852,0.14255608585734653,-80.84358353423413,53.92315058226035,9.539905507775737,-3.7951758321242273,383.15,9.5,0.1
228,0.00029676929018848197,0.22908944832613415,6.798671296941775e-05,2.1763149140310914e-08,0.7141261997128574,1.5541634989354348e-08,0.9952963836177875,1.0004099761031369,0.9957044313506094,0.0008418758107278216,1.021426872792809,0.0008599145766316298,0.024091573058195828,0.7008889440938679,0.016885517202319154,0.10000270234631564,0.7177465301143551,0.07177659261112672,0.13059159807433127,0.7109586297443493,0.09284522362305137,0.005817299623012882,0.660418870931036,0.0038418544488977107,0.0005960857202891251,1.0,0.0005960857202891251,8.650622957908921e-05,0.7097992037293614,6.14020528728668e-05,5.700903623640243e-16,1.0,5.700903623640243e-16,1.0,1.0,1.0,0.025230218159112132,0.1308883891276689,-12.753246760202881,-0.9822202881936684,7.808503295090862,-1.0439740211845043,0.21386409306990678,-79.84847020269873,53.456204375710904,9.511705847938005,-3.8019072222462027,388.15,9.5,0.1
229,0.0002647850421563775,0.22697127798298036,6.009859940901029e-05,2.334477115458576e-08,0.710175168550611,1.65788767894834e-08,0.995298362207874,1.0004150939042562,0.9957115044909427,0.0009563917675275586,1.0214062290638881,0.00097686450877807,0.023890344202399844,0.6987020043550506,0.016692231378948836,0.10000251095226763,0.7144358171578492,0.0714453756300201,0.13047269927734212,0.7077818676459818,0.09234621077132973,0.005955510791813698,0.6569366515061036,0.003912393317582555,0.0005765111361795659,1.0,0.0005765111361795659,9.478659131930726e-05,0.7067231132525926,6.698787491178201e-05,6.186095133698998e-16,1.0,6.186095133698998e-16,1.0,1.0,1.0,0.025111521012083783,0.13073750766426961,-12.72455139907669,-0.9926343673358141,7.78044489602056,-0.9774621578632255,0.2830133913086158,-78.88662321036063,53.00641777325119,9.48650924665058,-3.8086010427459094,393.15,9.5,0.1
230,0.00023903962550920146,0.22300971505847297,5.330815877249112e-05,2.4818501718121632e-08,0.7062480582258377,1.7528018646498038e-08,0.9953003630124335,1.000420283440937,0.9957186712737662,0.0010797171580953677,1.0213852196643858,0.0011028071466966433,0.023671972916143976,0.6965038172756164,0.01648761949853928,0.10000230527938186,0.711113630452667,0.07111300236085716,0.1303516912710721,0.7046156261109505,0.0918478385595878,0.00609540789877887,0.6534588882067645,0.003983098468702771,0.0005573402609958474,1.0,0.0005573402609958474,0.00010395074425065453,0.7036429718850868,7.31442106141971e-05,6.718159216391919e-16,1.0,6.718159216391919e-16,1.0,1.0,1.0,0.024990729699748544,0.13059075571508297,-12.701304826979433,-1.0034219711726808,7.756267173439882,-0.915043806372717,0.3500844609020052,-77.95654813278558,52.57300143328319,9.464101757679312,-3.815262014871874,398.15,9.5,0.1
231,0.000219546661972421,0.21601580827059472,4.7425549639083556e-05,2.6172017010793152e-08,0.7017244062777943,1.8365543097991174e-08,0.995302332432931,1.0004267725041418,0.9957271001017216,0.0012102007033113486,1.0213643239531298,0.0012360558231851978,0.023440854117178604,0.6936826080928369,0.016260512819928165,0.10000208873142614,0.7071580177655425,0.0707172788397292,0.13023133490203692,0.700842148647748,0.09127160857400804,0.006235088189604199,0.6494121699206672,0.0040491421508575855,0.0005377196657318879,1.0,0.0005377196657318879,0.00011423671190017815,0.6999418629397084,7.995905694351746e-05,7.2980166530629925e-16,1.0,7.2980166530629925e-16,1.0,1.0,1.0,0.024870601482462375,0.13045090773602638,-12.68359648821619,-1.014606472022336,7.735996224357988,-0.8570716699005972,0.4151542091675394,-77.05753336810663,52.15591005043103,9.44463395730206,-3.8226477429548025,403.15,9.5,0.1
232,0.00020026798182955512,0.21150406314110545,4.235749187401995e-05,2.7355018902141673e-08,0.6972362589417468,1.907291104261e-08,0.9953043935422041,1.0004332306240948,0.9957355898857828,0.0013478420499645517,1.021342335307505,0.0013766081469364496,0.023196076814462167,0.6908884342796808,0.01602590119177497,0.10000186140473322,0.7032342289323954,0.07032473189676185,0.13010468075776255,0.6970819258319286,0.09069362142236939,0.006380536318157888,0.6454092018346046,0.004118056852378991,0.0005186142409707895,1.0,0.0005186142409707895,0.00012569761176905016,0.6962765773803773,8.75203029074416e-05,7.937562057972561e-16,1.0,7.937562057972561e-16,1.0,1.0,1.0,0.024744186846256275,0.13030497609461097,-12.671249988324085,-1.0261900680170788,7.7195830167988895,-0.8031301504062678,0.4782946869722136,-76.18815451465107,51.7543463894637,9.427873330676482,-3.8299985558169594,408.15,9.5,0.1
233,0.00018322333402690243,0.20716799781883738,3.795801126404546e-05,2.8358637357068783e-08,0.6927823774851992,1.9646364210470707e-08,0.9953065033789259,1.0004396982980637,0.9957441379545134,0.0014924296408238198,1.021319657497327,0.0015242477296050425,0.022938157421814626,0.6881060628527683,0.015783885192621874,0.1000016238272342,0.6993278803269231,0.06993392362035002,0.12997405400000445,0.6933378129999337,0.09011592634709834,0.006529439520317119,0.6414350848844842,0.004188211592962716,0.0005000123123522067,1.0,0.0005000123123522067,0.0001384149212220046,0.6926319535949207,9.58705972926841e-05,8.639501147223637e-16,1.0,8.639501147223637e-16,1.0,1.0,1.0,0.02461381039666535,0.13015730569266867,-12.663861669571748,-1.0381556267357193,7.706717809127101,-0.7529295546208377,0.5395748791343873,-75.34716493636768,51.3676574726784,9.413652714574079,-3.837315695050274,413.15,9.5,0.1
234,0.00017000241641226967,0.20066815029773105,3.411407044759478e-05,2.917735847437446e-08,0.6883614281929951,2.0084568150319415e-08,0.9953086256202165,1.0004462088186659,0.9957527411062624,0.0016437040905898182,1.0212966285455116,0.001678709446045848,0.022667711647770337,0.6853233442545476,0.015534711953047729,0.10000137662444684,0.695427631412575,0.06954372048393592,0.1298414013088817,0.6896119144151273,0.08954017732696072,0.006679860925055478,0.6374779367941199,0.004258263960576027,0.0004819049277507056,1.0,0.0004819049277507056,0.00015247645614297885,0.6889959283708519,0.00010505565745492926,9.40674108253333e-16,1.0,9.40674108253333e-16,1.0,1.0,1.0,0.024481418154772425,0.13001143290265244,-12.661086500007926,-1.0504892780463138,7.697137501843665,-0.7062219131321908,0.5990603987551743,-74.53340822546245,50.9952483072763,9.401827490914599,-3.844600274652114,418.15,9.5,0.1
235,0.00015654389700050342,0.1964894607982002,3.075922591287791e-05,2.9790771689832984e-08,0.6839751602129795,2.0376147839421794e-08,0.9953108059592045,1.0004526916844267,0.9957613748844824,0.0018005094011467942,1.0212727710801404,0.0018388112254650304,0.022387204701906777,0.6825646293878405,0.015280714080386714,0.10000112221430967,0.6915590621435489,0.06915668229183043,0.12970397311137555,0.6859004046579648,0.08896400764283827,0.006834519867266032,0.6335610335733523,0.004330085471082676,0.00046432563789888614,1.0,0.00046432563789888614,0.00016806832466373408,0.6853927993974464,0.00011519281953131556,1.0248060133773878e-15,1.0,1.0248060133773878e-15,1.0,1.0,1.0,0.024344258000054075,0.1298605467991477,-12.6629394820227,-1.0632060117938702,7.690877917003403,-0.662998077114176,0.6568136799183533,-73.74601220129233,50.636777995842074,9.39237395376487,-3.8518497074519873,423.15,9.5,0.1
236,0.00014385703565635444,0.19327259280462292,2.7803622274490726e-05,3.0220294303086854e-08,0.6789287613662767,2.0517426979319123e-08,0.9953129512621076,1.0004605781305778,0.9957713706405397,0.0019601838276048665,1.0212489253329573,0.002001835627396513,0.02210312300153652,0.6791318461312759,0.015010934729300162,0.10000086606179547,0.6870171257298817,0.0687023075722736,0.12956660909758846,0.6815100300163199,0.0883009436552103,0.006989374001728808,0.6290362071662003,0.004396569312513536,0.0004464845849968501,1.0,0.0004464845849968501,0.0001855621815093288,0.6811227839405791,0.00012639062966372113,1.1160464568184142e-15,1.0,1.1160464568184142e-15,1.0,1.0,1.0,0.02420716386479774,0.12971049635353915,-12.6694100370331,-1.0763187041500029,7.6878771035382085,-0.6235313411753283,0.7128947657657576,-72.98442967105447,50.29220366310345,9.385411567438565,-3.859936338296325,428.15,9.5,0.1
237,0.00013509639527323447,0.18644612719599216,2.5188199696833512e-05,3.0461426874808025e-08,0.6739230892259094,2.0528658901699764e-08,0.9953150613931815,1.0004685187172582,0.995781385129013,0.0021247394890710914,1.02122511871666,0.0021698373369686006,0.021810461634827836,0.6756997186689689,0.014737322790693506,0.10000060428068412,0.6824867730441045,0.06824908971798456,0.12942946694322485,0.6771474480968976,0.08764283324914648,0.007143425646545226,0.624531022699564,0.0044612909246151845,0.0004292164510675709,1.0,0.0004292164510675709,0.00020481305204809292,0.6768641407392536,0.0001386306104867164,1.2150040874665685e-15,1.0,1.2150040874665685e-15,1.0,1.0,1.0,0.024070297519172165,0.12956459379992497,-12.679782852516153,-1.0897796200758647,7.687639421336453,-0.5870084679113956,0.767359725057263,-72.24706680721575,49.96040713237496,9.3805165833903,-3.867988941653214,433.15,9.5,0.1
238,0.00012582530009090474,0.18183237853081247,2.2879113594882445e-05,3.050537070897883e-08,0.6689602140949045,2.040687932052289e-08,0.9953171855929336,1.0004764326024074,0.9957913871498864,0.0022929225316318277,1.0212008328016184,0.0023415343988520184,0.021511922225546938,0.6722955634230099,0.014462369872936044,0.10000033953264197,0.6779962377768005,0.0677998539795339,0.1292895605466695,0.6728085558887746,0.086987122522899,0.0072996342210414605,0.6200713880445468,0.004526294323658651,0.0004125515649169353,1.0,0.0004125515649169353,0.00022604447262807853,0.6726440198359522,0.0001520474627302486,1.3226242847414284e-15,1.0,1.3226242847414284e-15,1.0,1.0,1.0,0.02393067005726967,0.12941541635213116,-12.694101581168866,-1.103604169045436,7.690223403784622,-0.5534299696410175,0.8202625532677558,-71.53318097854853,49.641097911669,9.377673796830706,-3.8760036514483476,438.15,9.5,0.1
239,0.00011741114370262692,0.17740354285248908,2.0829152863208728e-05,3.036587416516675e-08,0.6640384958715029,2.0164109406460634e-08,0.9953192900658933,1.0004843473191838,0.9958013702957687,0.0024644626791688238,1.0211763754904761,0.0025166510662451673,0.021208180394231217,0.6689095790598384,0.014186355020130319,0.10000007251937724,0.6735360569680662,0.06735365454122201,0.12914866338524444,0.6684948084834899,0.08633521099561768,0.007456242891247073,0.6156475316935421,0.00459041753170378,0.000396474244542776,1.0,0.000396474244542776,0.0002493756588578183,0.6684526230760409,0.00016669581329482462,1.4391801685194122e-15,1.0,1.4391801685194122e-15,1.0,1.0,1.0,0.023790054217102667,0.12926610489482124,-12.712093070099877,-1.1177800769070314,7.6954209548317225,-0.5225917326332371,0.8716547624128479,-70.84186010328953,49.33379297629528,9.376766687354475,-3.883980861094948,443.15,9.5,0.1
240,0.00011102444000829313,0.1711369231581709,1.900038105837823e-05,3.005808933404703e-08,0.6591562813724741,1.981297839059208e-08,0.9953213447595914,1.0004922874992666,0.9958113290153697,0.0026391019807812622,1.021152018296144,0.0026949243141641383,0.020899886883454406,0.665533312112613,0.013909570940324367,0.09999980391990092,0.6690980701826431,0.06690967582144844,0.12900833947991838,0.6642073187333181,0.08568828326019425,0.007611704301535251,0.6112510137415476,0.004652661970614323,0.0003809687548567975,1.0,0.0003809687548567975,0.0002749255531005134,0.6642814998708709,0.00018262795876643773,1.564917361391737e-15,1.0,1.564917361391737e-15,1.0,1.0,1.0,0.02365001330424396,0.12911939397801597,-12.733517570546786,-1.1322969559018874,7.703050234134775,-0.49431467401929907,0.9215855116517716,-70.17225019943737,49.038045736008,9.37769213844136,-3.891921086821192,448.15,9.5,0.1
241,0.00010361018948561777,0.1675647609565181,1.7361416633817075e-05,2.9613646441857598e-08,0.6535126478275091,1.935289249804608e-08,0.9953232901908439,1.0005018852090997,0.995822828228463,0.002812576604149301,1.0211282184837651,0.0028720013371440942,0.02059698583538431,0.6613776018696319,0.013622385097549252,0.09999954265256718,0.6638908981720354,0.06638878618840559,0.12887122353726402,0.6591370060264984,0.08494379244532382,0.007764123719972536,0.6061573721672934,0.004706280831280304,0.0003653073394791193,1.0,0.0003653073394791193,0.0003033805640152277,0.6593440071961778,0.0002000321567832369,1.6991603468375447e-15,1.0,1.6991603468375447e-15,1.0,1.0,1.0,0.023513172629019228,0.1289748633403961,-12.758621442239084,-1.1471871751277458,7.713254115809945,-0.4690606599477482,0.9701024234437251,-69.52416934701648,48.754062699161935,9.380668992841445,-3.900866780365001,453.15,9.5,0.1
242,9.878281069179296e-05,0.1608526891191603,1.5889480738523845e-05,2.903153676964043e-08,0.6479193434754273,1.8810094243868122e-08,0.9953251476695268,1.0005115214924867,0.9958342778745723,0.002988239166624385,1.0211048277838892,0.003051305439613066,0.020291662893623472,0.6572355816673447,0.013336402864888297,0.0999992820809023,0.6587128674416477,0.06587081384161733,0.12873646124470134,0.6541052843722808,0.08420719959154646,0.007913570026801174,0.6010967568058454,0.004756821277866135,0.0003502663386937447,1.0,0.0003502663386937447,0.00033440965352764143,0.6544325020118267,0.00021884854625500242,1.842875540698055e-15,1.0,1.842875540698055e-15,1.0,1.0,1.0,0.02337868487093965,0.12883527308692994,-12.786776419882361,-1.1624045720054164,7.72560902850654,-0.4460586100002367,1.0172496456098965,-68.89623197488717,48.480824874465995,9.385298964873616,-3.9097741304280675,458.15,9.5,0.1
243,9.332426570287382e-05,0.1561193082764706,1.4569719806942218e-05,2.8318688524727498e-08,0.6423776798112129,1.8191293429810893e-08,0.9953269499608983,1.0005211358229704,0.9958456504900908,0.0031651731324536924,1.021081486408769,0.003231899686826916,0.019985978029656466,0.6531269944879979,0.013053381762412688,0.09999902427728084,0.6535840487074378,0.06535776715393857,0.1286019801834616,0.649109146055374,0.08347672153791691,0.008062111081201024,0.5960875711522752,0.004805724212752962,0.00033585315126919194,1.0,0.00033585315126919194,0.0003682465826061201,0.6495664343221683,0.00023920061961478118,1.996783751065833e-15,1.0,1.996783751065833e-15,1.0,1.0,1.0,0.023244475427813036,0.1286953327678531,-12.817985854364357,-1.1779585355492268,7.740136420812315,-0.425279736137726,1.0630700236653532,-68.28782240909322,48.21806658266852,9.391556246493922,-3.918639793530259,463.15,9.5,0.1
244,8.827749167012212e-05,0.15158553243355355,1.3381590576714046e-05,2.749432406714831e-08,0.63688595777777,1.751074891695815e-08,0.995328671583119,1.0005307498949656,0.995856942171018,0.003343265367759898,1.0210584207973934,0.0034136692567115373,0.019680305560113413,0.6490444690847614,0.012773393473689687,0.09999876966637705,0.6484970580910747,0.06484890794137252,0.12846908492087944,0.6441493758497789,0.08275328086777675,0.008208468267440282,0.5911223506338931,0.004852209057353018,0.00032204240741186155,1.0,0.00032204240741186155,0.0004050139379324927,0.644738344978045,0.0002611280160356361,2.1609379391809994e-15,1.0,2.1609379391809994e-15,1.0,1.0,1.0,0.023111848419543432,0.1285573899068736,-12.852063700630968,-1.1938408748953981,7.756695279185148,-0.4065849925249519,1.107604537062015,-67.69824074885463,47.9654210575574,9.3993604974734,-3.9274644588531373,468.15,9.5,0.1
245,8.458496941734074e-05,0.14551155352092873,1.2308090304437491e-05,2.6576995668026426e-08,0.6314424811631135,1.6781844086479904e-08,0.9953302896034604,1.0005403842190461,0.9958681503847007,0.0035224221966447017,1.021035834533425,0.0035965192871301836,0.01937496929870542,0.6449813284540789,0.012496493437036012,0.09999851861760808,0.6434451793536503,0.06434356474700619,0.12833894846480373,0.6392265558228359,0.08203766400508092,0.008351494093572,0.5861943360110169,0.0048955985348813685,0.0003088090973257473,1.0,0.0003088090973257473,0.00044482309307923237,0.6399414722507157,0.0002846607450762411,2.335311132344119e-15,1.0,2.335311132344119e-15,1.0,1.0,1.0,0.022981976464767462,0.12842356001121677,-12.888844190916506,-1.2100445645682503,7.775160318085489,-0.38985123369394536,1.150892390091961,-67.12682755836025,47.72254611136752,9.408639857839216,-3.936249007219878,473.15,9.5,0.1
246,0.01044074512117531,0.28988913051181947,0.0030266585250730313,1.2999929391172934e-10,0.7692349474792574,1.0000000002452967e-10,0.9951088460415602,1.000422778704264,0.9955295568700914,4.7870574817161576e-06,1.023268473849866,4.898445003547272e-06,0.018141353647293145,0.7093710557775471,0.01286895119001419,0.1000040824917291,0.7457008972643345,0.07457313404417892,0.1411878302620075,0.7507988335071338,0.10600365826611845,0.0021454200302782928,0.7031025701160628,0.0015084503372671493,0.0008952578029325876,1.0,0.0008952578029325876,1.548398035570863e-05,0.7408040680055169,1.1470595636426463e-05,1.215932041294992e-16,1.0,1.215932041294992e-16,1.0,1.0,1.0,0.028586885825950172,0.15162857551318218,-15.628299762383687,-0.8470352509003107,9.999999999893468,-4.201825717296839,-2.2117511178663767,-114.98136913101523,70.15345955533162,11.23559272494664,-3.650125933487146,273.15,10.0,0.1
247,0.009875404592195342,0.2887008300136132,0.0028510375024870414,1.644834325879578e-10,0.76776749771023,1.2628503345284585e-10,0.9951182427370906,1.0004183642143691,0.9955345645989178,5.2532659394837705e-06,1.0231760901787048,5.37501610462997e-06,0.01817512047767906,0.710065145646737,0.012905519569130174,0.10000408950497364,0.7461670976554531,0.07461976121960233,0.14065673066852843,0.7504780020520553,0.10555978220729129,0.0027068686905378308,0.7021468366267052,0.0019006192882250093,0.0008649188508369906,1.0,0.0008649188508369906,1.9842975430659612e-05,0.740478005720701,1.4693286874459685e-05,1.5510277610616025e-16,1.0,1.5510277610616025e-16,1.0,1.0,1.0,0.028055778335813884,0.15053213542520721,-15.482763700202304,-0.8545079290780119,9.898648116380464,-4.077598340192348,-2.0591836186778005,-112.80987955737288,69.18241154350092,11.14533987313731,-3.6563865270009606,278.15,10.0,0.1
248,0.009236958440335275,0.28762707175636343,0.0026567993081288606,2.067041188593339e-10,0.7664272467687436,1.5842366871311861e-10,0.995128947087695,1.0004137229095875,0.9955406547310988,5.851521676983199e-06,1.0230708343976886,5.986521164567368e-06,0.018207801367996067,0.7108972247003282,0.012943875460403242,0.10000409766446258,0.7466607946678832,0.07466913903219223,0.1400515728500094,0.7500940147085914,0.10505184654531631,0.003340786888815304,0.7013400780690217,0.0023430277374136893,0.0008361702389072938,1.0,0.0008361702389072938,2.4970254768984636e-05,0.7402845949122059,1.8485094936512377e-05,1.941901635310496e-16,1.0,1.941901635310496e-16,1.0,1.0,1.0,0.027450611330008326,0.14928853149704874,-15.342724462999561,-0.8620006607898295,9.800179933708645,-3.9533533370192617,-1.9124994653790357,-110.72232858976184,68.2428964006325,11.05830957051534,-3.6627373301649504,283.15,10.0,0.1
249,0.008539149212815837,0.2866495839602006,0.002447743569227735,2.58478223904038e-10,0.7651967756195683,1.9778670349924267e-10,0.9951407136470264,1.0004089253852466,0.995547651946729,6.614202309281077e-06,1.0229551069955602,6.766032030980908e-06,0.018239402310563667,0.7118462129413524,0.012983649461088502,0.1000041068790088,0.7471726198205505,0.07472033052960335,0.1393861376209323,0.7496477406743055,0.10449050314884971,0.004033482682807905,0.7006621807621037,0.0028261087726023674,0.0008089229634517294,1.0,0.0008089229634517294,3.084758139847631e-05,0.7402051394781433,2.283353829162253e-05,2.385896869082568e-16,1.0,2.385896869082568e-16,1.0,1.0,1.0,0.026785165725688787,0.14792528709222633,-15.20705942078172,-0.8694656198354436,9.70380290783998,-3.8286663961871463,-1.7713892684546633,-108.71348648369408,67.33292215071624,10.974003186527867,-3.669152143129321,288.15,10.0,0.1
250,0.0078027152587159514,0.2855615581736393,0.0022281555272641576,3.221749507819734e-10,0.764052017263266,2.4615842105666047e-10,0.9951531743406158,1.0004041492664402,0.9955553647660211,7.5850259037652365e-06,1.0228325119395858,7.75821109827502e-06,0.0182698476113924,0.7128528068613892,0.013023712150710923,0.10000411694211406,0.7476536890288227,0.07476844694984136,0.13868113112194458,0.7491427361769418,0.10389196202480683,0.004764332319175036,0.7000548440297313,0.003335293918605889,0.0007830943393463546,1.0,0.0007830943393463546,3.7404054006119004e-05,0.7401824896865768,2.768582581862033e-05,2.8763444067567834e-16,1.0,2.8763444067567834e-16,1.0,1.0,1.0,0.026080147896012117,0.14648384670283549,-15.074740639469974,-0.8768560331377131,9.608785302463305,-3.7031544075306257,-1.6355650659299537,-106.77853143459262,66.45064965398134,10.89197512379066,-3.675603388558712,293.15,10.0,0.1
251,0.007046534776068084,0.28469207716572836,0.0020060926222193634,4.002904139071645e-10,0.7629564888434952,3.0540416871231917e-10,0.995165995403295,1.0003993757795688,0.9955634405985094,8.810752322003914e-06,1.0227063164287677,9.010812052202844e-06,0.018298990459697642,0.7139374507080479,0.013064334599327427,0.1000041276479065,0.7481376490116263,0.07481685294996333,0.1379553312683514,0.748569516253573,0.10326915559215123,0.005514571848135676,0.6995377664925247,0.0038576512738073866,0.0007586701041531784,1.0,0.0007586701041531784,4.4572160765816315e-05,0.7402417795482354,3.299417560359789e-05,3.4072909659004296e-16,1.0,3.4072909659004296e-16,1.0,1.0,1.0,0.025354335988087732,0.1450018664447099,-14.945651517376337,-0.8841749621645567,9.51512503919708,-3.577077812284936,-1.5047585750064039,-104.91361753384486,65.59498464234645,10.812129924258864,-3.682027482334543,298.15,10.0,0.1
252,0.006303838811330083,0.2829930340794959,0.0017839424715663831,4.969064342653922e-10,0.7613090299833475,3.782993554630695e-10,0.9951785706833113,1.0003959856396776,0.9955726471062168,1.035907396841726e-05,1.0225824499799032,1.0593007238147154e-05,0.018327634141534304,0.7144915429270182,0.01309493959598674,0.10000413864694815,0.7480015495292858,0.07480325066725874,0.1372428396916156,0.7473840329009762,0.10257310701550183,0.0062511641430633355,0.6985137490098974,0.004366524101247412,0.0007345852490673608,1.0,0.0007345852490673608,5.222563431608274e-05,0.7397593312832283,3.863440031750776e-05,3.9628614366011046e-16,1.0,3.9628614366011046e-16,1.0,1.0,1.0,0.024641832026832802,0.1435466789998521,-14.818956102068372,-0.8913817356662362,9.422164398646643,-3.4503676253064213,-1.378719001801339,-103.11487117733508,64.76459678287796,10.73423286643245,-3.6890023460361228,303.15,10.0,0.1
253,0.005567834605669034,0.2830625620376624,0.0015760455284826347,6.133742141407715e-10,0.7596497863943678,4.659495907518507e-10,0.9951910398668212,1.0003923480059662,0.9955815010868685,1.2273480093791583e-05,1.0224595410651334,1.2549136823970188e-05,0.018354642163449873,0.7152237698266994,0.013127676361962704,0.10000414996138168,0.747993791189001,0.07480248326424727,0.13653577065363423,0.7461127912008545,0.10187108494114278,0.00698088967643371,0.697677765968473,0.004870411513926647,0.0007119450716506467,1.0,0.0007119450716506467,6.042025440523382e-05,0.7394685200864516,4.4678876108285123e-05,4.551497220314399e-16,1.0,4.551497220314399e-16,1.0,1.0,1.0,0.023934750249212697,0.14210360587267756,-14.696657022003304,-0.8986059259157599,9.331661065375439,-3.324584334555115,-1.2572130403709998,-101.3803226583622,63.95986753107204,10.658884927778427,-3.695819677218554,308.15,10.0,0.1
254,0.004891110507706351,0.28135257712156375,0.001376126546329542,7.569059267614996e-10,0.7579623988712557,5.737062319680177e-10,0.9952024766501367,1.0003896938621348,0.9955903009468687,1.470486088451391e-05,1.0223466800326242,1.5033465705624395e-05,0.018379582345632153,0.7156708837204983,0.013153731939712233,0.10000416061574986,0.7476456306943273,0.07476767373561911,0.13588643011507404,0.7448144141427776,0.10121017183611236,0.007651701423270936,0.6965731109727151,0.005329969464642189,0.0006904892293826253,1.0,0.0006904892293826253,6.87654719143075e-05,0.7388996052684205,5.081078005357844e-05,5.142580086937486e-16,1.0,5.142580086937486e-16,1.0,1.0,1.0,0.023285397714223017,0.14077754137968632,-14.575861548393956,-0.9056808761871622,9.241310432504482,-3.1978968191333235,-1.140021783885766,-99.70486067930301,63.177865313863045,10.58501137756279,-3.7025565600517663,313.15,10.0,0.1
255,0.004268958779780433,0.2793999687608681,0.0011927469497120867,9.305955941934759e-10,0.7562188215086572,7.037339035421379e-10,0.9952129654728886,1.000387543859388,0.995598654146441,1.7741148792858034e-05,1.0222430325447127,1.813576574283817e-05,0.018402292626884986,0.7160173611173013,0.013176361005210553,0.10000417053404685,0.747154993847788,0.07471861542011893,0.1352900361239494,0.7434632821180013,0.10058317429457436,0.008268349302806798,0.6953795527957759,0.005749641040545057,0.0006702496453991443,1.0,0.0006702496453991443,7.730703124551572e-05,0.7382423564473242,5.7071324916636466e-05,5.740428036560112e-16,1.0,5.740428036560112e-16,1.0,1.0,1.0,0.022688992555458275,0.13955899583432543,-14.458313435426883,-0.9127211410162647,9.152591525615232,-3.0718346039278606,-1.0269405996292942,-98.0869627490717,62.41908912260259,10.513234537021784,-3.7091318437632363,318.15,10.0,0.1
256,0.0037040822618998417,0.2775854447413332,0.001028199322027951,1.138534734324144e-09,0.7544058678555486,8.58917284331491e-10,0.9952224597765439,1.0003858303790683,0.9956064468354567,2.1507647626786996e-05,1.0221490519202896,2.198402163075601e-05,0.018422570052831433,0.7162858640609033,0.013195826508514882,0.10000417945691642,0.7465509903663379,0.07465821921433391,0.13474921357767433,0.7420576474120011,0.09999168441806627,0.008828274405278605,0.6941178765123912,0.0061278630834606775,0.0006511599579986031,1.0,0.0006511599579986031,8.602627738297417e-05,0.7375202123846823,6.344611836615473e-05,6.344098051594874e-16,1.0,6.344098051594874e-16,1.0,1.0,1.0,0.022148159962358062,0.13845329697810893,-14.344619432062714,-0.9197752902626987,9.066048657691546,-2.9470721340905333,-0.9177776148437682,-96.52445984606835,61.683247788689634,10.443764341250896,-3.7155247427451115,323.15,10.0,0.1
257,0.003209139059358414,0.2747089254333253,0.0008815791425624623,1.3868749648044577e-09,0.7519633818432422,1.0428791887280877e-09,0.9952307192532961,1.0003857529717866,0.9956146324608613,2.615280840827208e-05,1.022067074686106,2.6729924384668834e-05,0.018441071226681847,0.7159060929881067,0.013202075252409193,0.10000418711971605,0.7452465419136922,0.07452777462785819,0.13427742533779735,0.7400712980044702,0.09937486846244203,0.009318965491210958,0.6922339779481598,0.006450904552342589,0.0006322681634336599,1.0,0.0006322681634336599,9.492476834658468e-05,0.7361485185007633,6.987872758736652e-05,6.944204009226838e-16,1.0,6.944204009226838e-16,1.0,1.0,1.0,0.021676363094448533,0.13748656578403073,-14.234902124984865,-0.9268627768574665,8.981765999059238,-2.824146152368425,-0.8123523819414822,-95.01523616647619,60.969972786596365,10.376755624177708,-3.7223457235978317,328.15,10.0,0.1
258,0.0027936295933637086,0.26912402211250896,0.0007518328324585741,1.6824150854914179e-09,0.7494502580807304,1.2608864200204563e-09,0.9952376005840176,1.0003865486142933,0.995622308299416,3.1919321267042555e-05,1.0219985311284874,3.2621499449535764e-05,0.01845630289634788,0.7152655115083183,0.013201156931708723,0.10000419268970062,0.7436514852432585,0.07436826642424887,0.13388292032592658,0.7380746290112978,0.09881558675050739,0.009731384266637076,0.6901028180891049,0.006715655706314227,0.0006143624330559526,1.0,0.0006143624330559526,0.00010378296892863336,0.73452805522655,7.623150233278657e-05,7.532876222528829e-16,1.0,7.532876222528829e-16,1.0,1.0,1.0,0.02128185181097863,0.13667655160170533,-14.128526691356223,-0.9339534723370491,8.899324032681466,-2.702543855908497,-0.7104962527410897,-93.55630140584034,60.27789909341695,10.311849390910876,-3.72900023180439,333.15,10.0,0.1
259,0.002410039246883097,0.26636977452229665,0.0006419616107821365,2.0212904458973404e-09,0.7468706774405297,1.5096425646314146e-09,0.9952439358300855,1.0003872630593298,0.9956293570414545,3.888086122678725e-05,1.021935235260211,3.973372206491645e-05,0.018468601689089318,0.7147248288567191,0.013199968181457274,0.10000419688158929,0.7421370974801262,0.07421682440953377,0.1335185950320606,0.7360112111010343,0.09827118283405546,0.010112648721228986,0.6880773184657507,0.006958284214689343,0.0005974293179816088,1.0,0.0005974293179816088,0.00011307126767725885,0.7330213424533065,8.288365242568147e-05,8.14509128281084e-16,1.0,8.14509128281084e-16,1.0,1.0,1.0,0.0209175217971992,0.1359286363002341,-14.028384807045109,-0.941251343659211,8.821125867662982,-2.584534823009429,-0.6120504056166195,-92.14760836520837,59.60849513064257,10.25008859060459,-3.735460894795513,338.15,10.0,0.1
260,0.0020790358533443825,0.26339183128813143,0.0005476010607260601,2.4107262718359097e-09,0.7442293715190548,1.7941332981929153e-09,0.9952493665583427,1.0003884070152567,0.9956359283942438,4.733584927851007e-05,1.0218807117697246,4.8371591352948266e-05,0.018477297482260104,0.7140815203974874,0.013194296678968959,0.10000419878190814,0.7404989452527397,0.07405300371884829,0.13320474455943393,0.7339202405502687,0.09776165816949685,0.010442597948466536,0.6859585481260746,0.007163189327394432,0.0005813333040602719,1.0,0.0005813333040602719,0.0001225810508366588,0.7314230967602195,8.965861180707092e-05,8.765192591137998e-16,1.0,8.765192591137998e-16,1.0,1.0,1.0,0.020603669184882996,0.13528378282350462,-13.933177289573687,-0.948686484730915,8.74614529344408,-2.4693132562425832,-0.5168653232838224,-90.78618225436045,58.96020067174827,10.190987832336827,-3.7417617452194962,343.15,10.0,0.1
261,0.0017822648382914642,0.2624327770116782,0.0004677247108830985,2.8492580329408436e-09,0.7415398315893589,2.1128383219015835e-09,0.9952542152919369,1.000389661791031,0.9956420278319987,5.7477122659979123e-05,1.0218317834993491,5.873195075805737e-05,0.01848227023414094,0.7134439683436459,0.013186064219845159,0.10000419841463525,0.7388495655314729,0.07388805854997646,0.1329230871561074,0.731793306521005,0.09727222546294756,0.010739573215087079,0.6838523484657214,0.007344282364656854,0.0005660149110756257,1.0,0.0005660149110756257,0.00013251846491924867,0.7298411697983788,9.671743145654982e-05,9.407939383792412e-16,1.0,9.407939383792412e-16,1.0,1.0,1.0,0.020322012195092384,0.13470535484365692,-13.843780437166696,-0.9563341168593136,8.67513373465258,-2.3576389060578444,-0.42480028875401116,-89.47074990411436,58.33306388554321,10.134852629990144,-3.747904836350997,348.15,10.0,0.1
262,0.0015428420910315929,0.2586367003347072,0.00039903558756191124,3.3460243648694443e-09,0.7382406692003091,2.470171266281754e-09,0.9952580621354047,1.000392604056902,0.9956488044882635,6.963434979236378e-05,1.0217925497710463,7.115185982598828e-05,0.018483679203265938,0.712097448585262,0.01316218080111414,0.10000419505319086,0.7364552025322966,0.07364860972197697,0.13269722682024127,0.729114698354218,0.09675149850548147,0.010980861846293167,0.6810704109087335,0.007478740089786922,0.0005505817677724728,1.0,0.0005505817677724728,0.0001428098814524567,0.7275481255657232,0.00010390106156299803,1.0052604712400927e-15,1.0,1.0052604712400927e-15,1.0,1.0,1.0,0.020096155644089897,0.1342400722572972,-13.759236126669913,-0.9641443963431496,8.607272934423523,-2.249188282814585,-0.3357221985783991,-88.19908036227605,57.72609047302668,10.081454656239085,-3.754555836689932,353.15,10.0,0.1
263,0.0013498036192310019,0.2522426740162647,0.0003404780743116597,3.900445969037971e-09,0.7349044730752345,2.866455189634276e-09,0.9952611247021643,1.000396037966288,0.9956552858939169,8.4178743948452e-05,1.0217609004424628,8.601054921488592e-05,0.018479976179646414,0.7106081964645462,0.013132022543726312,0.10000418793305874,0.7339036744242472,0.07339344098188476,0.13251502170196847,0.7264371688610932,0.0962638371967443,0.011177852091605059,0.6781580836154316,0.007580350753379632,0.0005357863718922153,1.0,0.0005357863718922153,0.00015340215964218908,0.7251219434625743,0.00011123527213110025,1.0707957442388133e-15,1.0,1.0707957442388133e-15,1.0,1.0,1.0,0.01991395854282587,0.1338648292216454,-13.67954172982558,-0.9721315791298961,8.542654843021236,-2.1438000181996566,-0.24950641486500152,-86.96922061703663,57.13848326998887,10.030652193146842,-3.761086554894889,358.15,10.0,0.1
264,0.001172904289350279,0.24851147570457865,0.0002914801758066681,4.501530058645495e-09,0.7315464507893041,3.2930783375234825e-09,0.9952639302742851,1.0003994456954706,0.9956614841670902,0.00010126566463055492,1.0217316315533844,0.00010346633274331474,0.018471294145376255,0.7091645993432775,0.013099187911957577,0.10000417750764491,0.7313880671576167,0.07314186209500362,0.1323465155198644,0.7237336690935399,0.09578362926893655,0.011360537462140342,0.6752997253862875,0.007671767828424007,0.00052159214765592,1.0,0.00052159214765592,0.00016470232753237752,0.7227506033167205,0.00011903870659169404,1.1401985012934676e-15,1.0,1.1401985012934676e-15,1.0,1.0,1.0,0.01974546409935709,0.1335194243107447,-13.606028431553488,-0.9804060209631618,8.482397937933852,-2.0425222422231952,-0.1660348857030418,-85.7805342108826,56.57068968189285,9.982914464120007,-3.7675006507662756,363.15,10.0,0.1
265,0.0010215422384692201,0.24480908791423323,0.000250082823665514,5.150119686553343e-09,0.7281685892468592,3.750155386610028e-09,0.9952663204297385,1.0004030565501099,0.9956674690392916,0.00012131778487308428,1.021706300130204,0.00012395114512267093,0.018456778849344876,0.707677365736881,0.013061444636092562,0.100004162858814,0.7288191232523248,0.07288494629634353,0.13220067379914577,0.7210229203354709,0.09531971589297707,0.011520029328232774,0.6724081500351599,0.0077461616089477825,0.0005079208753542045,1.0,0.0005079208753542045,0.000176623435935391,0.7203439177876911,0.00012722961781482293,1.2127519420774312e-15,1.0,1.2127519420774312e-15,1.0,1.0,1.0,0.019599638872687182,0.1332222211877347,-13.537990877538657,-0.9889345934601921,8.425950737032494,-1.944919824573819,-0.08519606789974876,-84.63100050286185,56.021705696301375,9.937974221388655,-3.7738136214367097,368.15,10.0,0.1
266,0.0008854053657904377,0.24310045339854172,0.00021524244586515712,5.837396648250025e-09,0.7247811413940759,4.230835005488609e-09,0.9952684766458101,1.0004067097357066,0.9956732620249037,0.0001446154188465599,1.0216831067330663,0.00014775113040865705,0.018436103651950163,0.706199555586972,0.013019568205762557,0.10000414382199266,0.7262521366300344,0.07262822312257944,0.13206713792828015,0.7183016039532831,0.09486403700340311,0.01166673110955621,0.6695353043697296,0.0078112883644365074,0.000494727509493785,1.0,0.000494727509493785,0.00018935445059689926,0.7179543979702437,0.0001359478605812831,1.289659443023117e-15,1.0,1.289659443023117e-15,1.0,1.0,1.0,0.01946612443658716,0.13295254913146723,-13.475716520159201,-0.9977548774426931,8.373573910996535,-1.8512650763923317,-0.006884530530691468,-83.51939809490948,55.49126428025528,9.895922494277004,-3.780031696435101,373.15,10.0,0.1
267,0.0007768890859879908,0.23887131789970972,0.0001855765198318523,6.565382975088678e-09,0.7208042511867212,4.732355959112835e-09,0.9952701636153801,1.0004117904181888,0.9956800063322662,0.00017145772848294188,1.021664315325048,0.00017517224277771272,0.01840961015018899,0.7040807492849348,0.012961852108588605,0.10000412012896348,0.7230219738974942,0.07230517633352532,0.13195894377886735,0.7150162457338297,0.09435278857176724,0.01178839623698447,0.6660628261610139,0.007851812513511738,0.00048122236077079145,1.0,0.00048122236077079145,0.00020304565613738523,0.7149228801768978,0.00014516198529314757,1.369647326982146e-15,1.0,1.369647326982146e-15,1.0,1.0,1.0,0.01935795696465992,0.1327358394302383,-13.418842977119796,-1.0068568353832128,8.324922595983178,-1.7616384115510553,0.06899996261522168,-82.44439885014677,54.978935037330444,9.856758937215268,-3.7868502247679086,378.15,10.0,0.1
268,0.000690471473982709,0.23223879027312946,0.00016035425983584886,7.324816038360992e-09,0.7168262204238566,5.250620196078351e-09,0.9952715068610053,1.0004171181681634,0.9956866526887724,0.00020237356466065528,1.021648727247441,0.000206754694764086,0.018375392567696745,0.7018961916999271,0.01289761806425749,0.10000409058836886,0.7197218211793439,0.07197512620364492,0.13186919115891677,0.711742506203003,0.09385690860641031,0.011891207753870394,0.662538498152892,0.007878382926473318,0.0004681208596157215,1.0,0.0004681208596157215,0.00021756462583142255,0.7118339546780967,0.0001548698880036419,1.4535648221934802e-15,1.0,1.4535648221934802e-15,1.0,1.0,1.0,0.019268237606340107,0.13255966995771556,-13.367005981512163,-1.0162288483881154,8.279789395293774,-1.6755523659105225,0.14255138248858967,-81.40418583896417,54.483743480252876,9.820201956772,-3.7935951241769947,383.15,10.0,0.1
269,0.0006095514487274128,0.22817019543946235,0.00013908147318654116,8.096937238169129e-09,0.7128577350463777,5.7719643404139144e-09,0.9952727923431745,1.0004224112887916,0.9956932068060873,0.0002375003121053966,1.021633499059325,0.00024263827488391808,0.018333543125903972,0.6997455305702786,0.012828814861868756,0.10000405557612597,0.7164539273535961,0.07164829836880275,0.13178150901680669,0.7084664317759147,0.09336277546718255,0.011991558112371093,0.6590596363370619,0.007903151928654034,0.00045540214765100957,1.0,0.00045540214765100957,0.00023325740188803365,0.7087868127173168,0.00016532977042694148,1.543569031331489e-15,1.0,1.543569031331489e-15,1.0,1.0,1.0,0.01918059488673678,0.13239106856247132,-13.320791378494347,-1.0259310270370954,8.238676360670937,-1.5934700214092874,0.2138591972543702,-80.39796620292353,54.005690584304624,9.78644895223486,-3.8002699921316316,388.15,10.0,0.1
270,0.000535547185425284,0.22603111633464656,0.00012105032817155487,8.872072433983987e-09,0.708901540703006,6.289425817679911e-09,0.9952739977304709,1.0004277100193881,0.9956996863913365,0.0002771813475433749,1.0216188360878689,0.00028317368566252953,0.018283483139819964,0.6976104444007105,0.012754748798362702,0.10000401459918738,0.7132008372729697,0.07132294694279873,0.13169707966432212,0.7051941125798034,0.0928720052232333,0.012088302737548903,0.6556084498551984,0.00792519341914479,0.0004430277769430846,1.0,0.0004430277769430846,0.00025019368898776474,0.7057628618581471,0.000176577413958852,1.6399148102285657e-15,1.0,1.6399148102285657e-15,1.0,1.0,1.0,0.019096211672788622,0.13223263572181987,-13.27993828629179,-1.0359597541512087,8.201389000913318,-1.5152435948357352,0.2830082366369246,-79.42440464733315,53.544188900880314,9.755394810465143,-3.806880144662446,393.15,10.0,0.1
271,0.0004757044758683566,0.2220598258176462,0.00010563485305200195,9.645106858236181e-09,0.7049532451899253,6.799349379917203e-09,0.9952750029082842,1.0004331786126623,0.9957061347532616,0.0003218876031062419,1.021605915283315,0.00032884227938970455,0.018224273838571333,0.6954338140448101,0.012673776263754719,0.10000396672827082,0.7099057388143496,0.07099338988459873,0.13162268000817565,0.7019338761260773,0.09239041796424108,0.012174711524830252,0.6521295857521856,0.00793948958333991,0.00043094960511789765,1.0,0.00043094960511789765,0.00026832860987342685,0.7027048943004396,0.00018855582743889016,1.7420807611447675e-15,1.0,1.7420807611447675e-15,1.0,1.0,1.0,0.01902186591754593,0.13209839412915086,-13.243945542523381,-1.0462913947356103,8.167532642327625,-1.4405557277620071,0.3500789929158076,-78.48206005417487,53.09850241870008,9.72685225038776,-3.8134351244670897,398.15,10.0,0.1
272,0.0004296823466007941,0.21506878785280245,9.241126144518052e-05,1.0407798429189379e-08,0.700392268242506,7.289541549230747e-09,0.9952757786157864,1.0004400518133605,0.99571375152696,0.0003714245306289326,1.021594928077222,0.0003794454166539805,0.01815755198621281,0.6926054533906206,0.012576019525874687,0.10000391327803072,0.7059479670872645,0.07059755927939688,0.13155941277105399,0.6980685300282784,0.09183748588447316,0.012250395890100895,0.6480517776091436,0.00793889083299563,0.00041845538963204573,1.0,0.00041845538963204573,0.0002881973313064177,0.6989972173217178,0.00020144913262273108,1.850064499087674e-15,1.0,1.850064499087674e-15,1.0,1.0,1.0,0.018958658863442536,0.13198910552545323,-13.213119330593939,-1.056964907459735,8.13729978428835,-1.369960443071177,0.4151483870389505,-77.5704221412772,52.66878717934443,9.70107252175876,-3.8206993156484015,403.15,10.0,0.1
273,0.00038524116797596027,0.21060814835375288,8.11349290570541e-05,1.1137011310826258e-08,0.6958581276634478,7.749779838518212e-09,0.9952765638093878,1.0004468822809605,0.9957213352704095,0.0004261525058228912,1.021583554407612,0.0004353503916182599,0.01808183887602424,0.6898106121309778,0.012473044343523988,0.10000385354397363,0.702028069487111,0.0702055122447476,0.13149391919906786,0.6942147822948542,0.09128502248987803,0.01232798638880168,0.6440218453726538,0.007939492543845015,0.0004062723128950337,1.0,0.0004062723128950337,0.00030976919132766757,0.6953316398177671,0.0002153923197708907,1.966216417635134e-15,1.0,1.966216417635134e-15,1.0,1.0,1.0,0.01889323254982309,0.1318791715040551,-13.187367347039178,-1.067988194321324,8.110710635077535,-1.3031015460178745,0.47828846971416694,-76.68812591026267,52.254305350559214,9.67785281122424,-3.827912645360355,408.15,10.0,0.1
274,0.0003465902215558003,0.20616215306738464,7.145378630804567e-05,1.1825180617499858e-08,0.6913490742886533,8.175327673204654e-09,0.9952772866997773,1.0004537576493524,0.995728901381844,0.00048636326524527883,1.0215724862335864,0.0004968553300893046,0.017996618296899258,0.6870174710301692,0.012363991189430995,0.10000378707101566,0.6981146857523535,0.06981411238512737,0.13143018358682204,0.6903784487038707,0.09073656625753512,0.01240352627433485,0.6400089223858024,0.007938367484621036,0.00039437217056577037,1.0,0.00039437217056577037,0.00033308332664131634,0.6916763348418348,0.0002303858545681915,2.0904502312387757e-15,1.0,2.0904502312387757e-15,1.0,1.0,1.0,0.018829571783700334,0.13177678563355844,-13.166341770139631,-1.0793478441918436,8.087494831473457,-1.2397551580067436,0.5395682336420292,-75.8339905397536,51.854469785079594,9.657058870774673,-3.83507958029741,413.15,10.0,0.1
275,0.00031606120550655624,0.19964517392648226,6.310009434477005e-05,1.2464343930909316e-08,0.6868641821922052,8.561311400666414e-09,0.9952779070000802,1.0004607293611032,0.9957364607542926,0.000552293483046177,1.0215621034182387,0.0005642020922448377,0.017901509578913274,0.68420747041935,0.012248346585676013,0.10000371355987514,0.6941898398440172,0.0694215618999367,0.13137039329972822,0.6865631531552798,0.09019407145511066,0.01247484992278084,0.6359950819731004,0.007933943199241122,0.0003827327895204856,1.0,0.0003827327895204856,0.00035821029148978107,0.6880127551303263,0.00024645324956392155,2.2228713877580115e-15,1.0,2.2228713877580115e-15,1.0,1.0,1.0,0.01876986426746601,0.1316864669695787,-13.149790364388178,-1.091036996417161,8.06745970606457,-1.179762754781156,0.5990532980719097,-75.00694906711142,51.468774947558735,9.638590811055817,-3.842203773436616,418.15,10.0,0.1
276,0.000283705995663635,0.1971088716919994,5.5920968697514354e-05,1.3035224296725325e-08,0.6824108627773976,8.89537865882524e-09,0.9952785841000639,1.000467615015942,0.9957439913110345,0.0006236899736424466,1.021550787647996,0.0006371309838225988,0.017797394264930988,0.6814419552722992,0.012127891146646575,0.100003634160903,0.6903163035826126,0.06903413907878245,0.1313052298661564,0.6827606353552848,0.08965004216888867,0.012551267067658127,0.6320396756883024,0.007932898766919915,0.0003713645669368224,1.0,0.0003713645669368224,0.0003855354165613117,0.6844018740833657,0.0002638611616200728,2.365526872086688e-15,1.0,2.365526872086688e-15,1.0,1.0,1.0,0.01870479023423707,0.13158894889704434,-13.137970439495112,-1.1030905718116988,8.050835560122144,-1.1233064978465264,0.6568060981260548,-74.20632062202469,51.09707125298982,9.622520582338746,-3.8492837852051256,423.15,10.0,0.1
277,0.00025853577721814884,0.19215606608676428,4.967921789292356e-05,1.3543533348538595e-08,0.6772866943711346,9.172854931736932e-09,0.9952791104301241,1.0004760258513898,0.9957528890160372,0.0006998702515362136,1.021540450492136,0.0007149457720403481,0.017686948401446405,0.677968984670216,0.011991202449643114,0.10000355122238191,0.6857344020891171,0.06857587540426845,0.13124570067637437,0.6782841883662761,0.08902188355983778,0.012622463382428877,0.6274434775107777,0.007919882319423633,0.00035957782583968,1.0,0.00035957782583968,0.0004156796592142185,0.6800900405116448,0.00028269959627486447,2.516656937042871e-15,1.0,2.516656937042871e-15,1.0,1.0,1.0,0.018645354430200767,0.13150424999712587,-13.130813205995965,-1.1155168088334246,8.0374954747846,-1.0706866530883854,0.7128867051383272,-73.43158498296754,50.73934285376165,9.608981162767662,-3.8572048681950055,428.15,10.0,0.1
278,0.0002387917417637069,0.1853052683023523,4.4249367775909725e-05,1.3977201800267697e-08,0.6721991074248073,9.395462574436365e-09,0.9952795599312227,1.000484501668799,0.9957617745389311,0.0007816449630637667,1.0215304477759726,0.000798474129120363,0.017567413312198892,0.6744943360561545,0.01184912077823564,0.10000346250720375,0.6811605401033596,0.06811841253361296,0.13118809637314938,0.6738375727499065,0.0883994684337638,0.01269143911570286,0.6228634703001052,0.007905033810709183,0.00034807844843607596,1.0,0.00034807844843607596,0.0004482119317182288,0.6757866078299448,0.0003028956209247686,2.677594718019345e-15,1.0,2.677594718019345e-15,1.0,1.0,1.0,0.018587850017026366,0.13142690209211486,-13.12776256990721,-1.1282817909646383,8.027081833064283,-1.0211747963950708,0.7673511721207941,-72.6812331356994,50.394556354985696,9.597591194695669,-3.8650880416924025,433.15,10.0,0.1
279,0.0002187490211510146,0.18071768501494423,3.953181670169646e-05,1.4325217049278564e-08,0.6671519839368918,9.557096974752785e-09,0.9952800176471598,1.0004929386148023,0.9957706296003992,0.0008686986314804525,1.0215198952118492,0.0008873929350005882,0.017439736059206467,0.6710525505968973,0.01170297936426718,0.10000336916912958,0.6766301284656611,0.06766529252790708,0.1311273249726982,0.6694158062611367,0.08777870396946486,0.012763278860857059,0.6183328365376645,0.007891954421554954,0.0003368754891166238,1.0,0.0003368754891166238,0.0004834571664201111,0.6715258348452081,0.00032465397729216375,2.8497859586384068e-15,1.0,2.8497859586384068e-15,1.0,1.0,1.0,0.018527183711837935,0.13134608831906627,-13.128893801938679,-1.1414042846693653,8.019674007233228,-0.9748145451116154,0.8202535001836699,-71.95456555401911,50.06246438097143,9.58835703148192,-3.8729322468913407,438.15,10.0,0.1
280,0.00020316341545290842,0.17426437775673265,3.540414617683366e-05,1.458941650874861e-08,0.6621416463989793,9.660260267103254e-09,0.9952803998768905,1.0005014312806895,0.9957794646024458,0.0009611522500793171,1.0215096039950013,0.0009818262543574278,0.01730371120792763,0.667611587656614,0.011552158111876114,0.10000327102507936,0.6721112458072906,0.06721332307347022,0.13106805762770393,0.66502367008103,0.08716336071396763,0.012833328417361766,0.6138205319501157,0.007877360475835536,0.0003259517316852171,1.0,0.0003259517316852171,0.000521434735845846,0.667275835204731,0.0003479407988662953,3.0327865264075475e-15,1.0,3.0327865264075475e-15,1.0,1.0,1.0,0.018468026873459855,0.13127123563257334,-13.133875601936104,-1.1548676051586033,8.015011172648265,-0.9313800963741952,0.8716452086738613,-71.25064846703049,49.74256223255825,9.581151315485966,-3.8807406463710206,443.15,10.0,0.1
281,0.00018715799056932584,0.16988702494283509,3.1795714212101966e-05,1.47631332734385e-08,0.6571713277496347,9.7019078950504e-09,0.9952807755666117,1.000509889709194,0.9957882589918317,0.0010586192578302769,1.0214988478011322,0.0010813783521337174,0.017160418371915884,0.6642009884010922,0.011397966844002792,0.10000316934313656,0.6676341072368925,0.06676552668526477,0.13100611188440547,0.6606568764157232,0.0865500886689201,0.012905761007290453,0.609354793170461,0.007864187329304878,0.00031531823669253534,1.0,0.00031531823669253534,0.0005624619440572072,0.663065876618127,0.00037294932200062806,3.2278997698422313e-15,1.0,3.2278997698422313e-15,1.0,1.0,1.0,0.018406195620315487,0.1311932846381081,-13.142747383665698,-1.1686867177325568,8.013142852659989,-0.8908835755289284,0.9215754502077131,-70.568819100947,49.434594514629524,9.575966527752115,-3.8885116580388086,448.15,10.0,0.1
282,0.00017213940488502994,0.16626231349455292,2.8620295699760597e-05,1.4856772690341218e-08,0.6514356269769599,9.678231032386609e-09,0.995281028477591,1.0005200613151426,0.9957986356381975,0.0011591799260906549,1.0214885372496054,0.0011840890071114485,0.017015608323127606,0.6600012108791786,0.011230322097110052,0.10000306985523602,0.6623766514609425,0.06623969854652595,0.13094673189845069,0.6555102246478164,0.08583692164365078,0.012975989124424861,0.604183431029396,0.007839877630195138,0.00030432662145579215,1.0,0.00030432662145579215,0.000607800642664807,0.6580789667430398,0.00039998081891061177,3.4333351500197294e-15,1.0,3.4333351500197294e-15,1.0,1.0,1.0,0.01834692765410329,0.1311188861601084,-13.155766137925326,-1.18289630746809,8.014204014910485,-0.8538609488880411,0.9700918725346817,-69.90896963595677,49.13884188628414,9.573058586402547,-3.8973006740098697,453.15,10.0,0.1
283,0.00016182144803213687,0.15952982627107765,2.5815347491501017e-05,1.4868426226104389e-08,0.6457479900918713,9.601256351336187e-09,0.9952811692568568,1.0005303064189017,0.9958089732495258,0.0012644738313410595,1.0214787412714128,0.0012916331376089064,0.016864329773619225,0.655805395261524,0.011059718453009043,0.10000296782907274,0.6571373342003016,0.0657156836913154,0.13089031441960608,0.6504054658231454,0.08513177592182183,0.013042925104627298,0.5990355185446617,0.007813175403389598,0.00029366097529178657,1.0,0.00029366097529178657,0.0006564636846487334,0.6531077387978717,0.00042874151268385333,3.6499788231506864e-15,1.0,3.6499788231506864e-15,1.0,1.0,1.0,0.01829062505299242,0.13105215073606444,-13.17217043417447,-1.1974394978949543,8.017671934590357,-0.8194051150158265,1.0172386098392905,-69.26957847990276,48.854149307940375,9.571961181610805,-3.9060556604852423,458.15,10.0,0.1
284,0.00015076911851634805,0.1548203238041725,2.3342123748370645e-05,1.4795553138040503e-08,0.6401122466510487,9.470814759636074e-09,0.9952812730979261,1.0005405197324253,0.995819242265349,0.0013739819737405008,1.021468666035568,0.0014034795338736259,0.01670796367910763,0.6516470720086978,0.010887695610718152,0.10000286484040792,0.6519501436644245,0.06519688209955797,0.1308322881765027,0.6453379809445811,0.08443104469418383,0.013111129499936633,0.5939428844258755,0.0077872620732735475,0.0002833342901345942,1.0,0.0002833342901345942,0.0007088067155709985,0.64818532786917,0.00045943811332825704,3.879113906621659e-15,1.0,3.879113906621659e-15,1.0,1.0,1.0,0.01823271477136448,0.1309830720905722,-13.192019279842325,-1.2123317881903561,8.02361265770283,-0.7875315249153662,1.0630585067215887,-68.65007419787086,48.580295337558624,9.572670623938976,-3.9147733945649623,463.15,10.0,0.1
285,0.00014237417102565587,0.1485443695192563,2.1148881470832816e-05,1.4646005400880523e-08,0.6345249491231103,9.293255831850521e-09,0.9952812788701071,1.0005507707714778,0.9958294507079077,0.001487710889055053,1.0214589041976967,0.0015196355344971552,0.01654652466186428,0.6475038235465933,0.010713937984965123,0.10000276090012086,0.6467926035735327,0.06468104608713064,0.13077606609411602,0.6403105244580264,0.08373729146728096,0.0131772045261584,0.5888837512742482,0.007759841632672161,0.00027333144089387634,1.0,0.00027333144089387634,0.0007648423099265334,0.6432894115436932,0.0004920149594763586,4.120034201357698e-15,1.0,4.120034201357698e-15,1.0,1.0,1.0,0.018176609721944986,0.13091845491114706,-13.215065034010207,-1.2275604268307336,8.031832107094981,-0.7580669933163897,1.10759254783442,-68.04972274964608,48.31687907989365,9.575089508641526,-3.9234564023798226,468.15,10.0,0.1
286,0.00013208836831788396,0.1454054120124244,1.9206363617310776e-05,1.4420728063692856e-08,0.6289892973631978,9.070483612247903e-09,0.995281247039365,1.000560969733413,0.9958395696951877,0.001605144911712931,1.0214488105106752,0.0016395733607664361,0.016381359190186306,0.6434035704950453,0.010539824992527695,0.10000265752357913,0.6416929096672213,0.06417099628076015,0.13071793244417748,0.6353192911813568,0.0830476241851273,0.01324485748919418,0.5838844465369086,0.007733466284538374,0.00026366303543915007,1.0,0.00026366303543915007,0.0008248959253101619,0.6384475105684086,0.0005266527499922971,4.373765066462303e-15,1.0,4.373765066462303e-15,1.0,1.0,1.0,0.01811859247021712,0.13085003523322347,-13.241335082758052,-1.2431374999327167,8.042369556982743,-0.7310027740848508,1.1508799259782565,-67.46797909875114,48.06367272353101,9.579203163920962,-3.932101415945142,473.15,10.0,0.1
287,0.017748695483771223,0.2807071824355233,0.004982186301155516,4.168657134973456e-11,0.7585842533549031,3.162277660226431e-11,0.9949701124899573,1.000474630635453,0.995442355786705,7.870298756614316e-07,1.0246170965166286,8.064042660720592e-07,0.009606900073323894,0.6972947861511294,0.006698841332203654,0.10000415133224667,0.7341317249017065,0.07341622011487355,0.1489354113948257,0.7482239594363608,0.11143704321411975,0.0037772743439327804,0.691063176861832,0.0026103352079968794,0.000489906700664204,1.0,0.000489906700664204,4.969471946651465e-05,0.7298568431556406,3.627003107133551e-05,4.041848093405813e-16,1.0,4.041848093405813e-16,1.0,1.0,1.0,0.027356382586970776,0.1666841069202835,-16.324157096099203,-0.8847498903822861,10.499999999992026,-4.985331137112708,-2.2117891605420317,-115.76487455083112,70.93688888979618,11.62730739217892,-3.63520758105133,273.15,10.5,0.1
288,0.01676092558179415,0.2800806081787126,0.00469441023058705,5.281063696179218e-11,0.7576097651131776,4.0009854264100674e-11,0.9949869366595971,1.0004675449185454,0.9954521377458514,8.672275851244442e-07,1.0244503810539554,8.884316300412377e-07,0.009637365516681682,0.698570688462237,0.006732381063950548,0.10000417609942136,0.7351329093188783,0.07351636092000506,0.14797821724435617,0.747988724776162,0.11068603801125583,0.004751302278648879,0.6906451051194864,0.00328146366169191,0.0004731108587961316,1.0,0.0004731108587961316,6.352223882656304e-05,0.7300323669662202,4.6373290365549365e-05,5.132900934285375e-16,1.0,5.132900934285375e-16,1.0,1.0,1.0,0.026399158326060955,0.16473914287896096,-16.17736957208997,-0.8928438642253267,10.397833030535827,-4.85935409698913,-2.0592195782624874,-113.59163531416966,69.96409538112832,11.536181791951016,-3.642262024049194,278.15,10.5,0.1
289,0.015676095753496717,0.2776817436067887,0.0043529656017779455,6.674339382048526e-11,0.7569191002126413,5.051934959573967e-11,0.9950054294368957,1.0004613334842962,0.9954644587585514,9.738597532864338e-07,1.0242670450314648,9.974924517737674e-07,0.009669253495271403,0.6994159787722436,0.006762830397392187,0.10000420456500486,0.7355559369001106,0.07355868638276249,0.1469254166335598,0.7478032542790287,0.10987130469487813,0.005820338093577489,0.6898208138997339,0.004014990360883251,0.00045691926286530756,1.0,0.00045691926286530756,7.942903945599938e-05,0.7297455399475175,5.7962987285330954e-05,6.368496188042557e-16,1.0,6.368496188042557e-16,1.0,1.0,1.0,0.025346323108521408,0.16260151245379995,-16.033636383986966,-0.9008181820113687,10.296542249343934,-4.731618241153131,-1.912532706368939,-111.50059349389572,69.02109482278657,11.447408781592372,-3.6497639178677534,283.15,10.5,0.1
290,0.014473901428139337,0.2773254200865074,0.004013980793849443,8.355377795584372e-11,0.7563071701368169,6.319232136002401e-11,0.9950259475928258,1.00045334399246,0.995477036628509,1.1060678246136653e-06,1.0240635414691515,1.1326837335789501e-06,0.009702442945446577,0.701119868689902,0.00680257552388277,0.10000423750998325,0.7367641497220202,0.07367953701764177,0.1457565840189709,0.7474403017647897,0.10894434514334453,0.007004253032178937,0.6898652860863991,0.004831991021865652,0.0004418874093184599,1.0,0.0004418874093184599,9.784775863718038e-05,0.7303386920739008,7.146200406544109e-05,7.785410495610667e-16,1.0,7.785410495610667e-16,1.0,1.0,1.0,0.02417745044141053,0.160230485530664,-15.896633145409215,-0.9088920881167558,10.19933569060323,-4.604891781099555,-1.7714200745448427,-109.48971186860648,68.10908592344829,11.36208507289389,-3.6571161669854293,288.15,10.5,0.1
291,0.013208354425527848,0.27707054615172266,0.0036596459744465235,1.0421101264377272e-10,0.7558247063345563,7.876525802830622e-11,0.9950475376141311,1.0004451833542927,0.9954905162146068,1.274346240196611e-06,1.0238492646811355,1.3047384609744694e-06,0.009736817027125401,0.7029612062969032,0.006844604642880297,0.10000427413495545,0.7380190185762047,0.07380505625050557,0.14452562390289075,0.7470096018531323,0.10796202876927397,0.008249478820468682,0.6900654197224717,0.005692680064738363,0.0004276778451864065,1.0,0.0004276778451864065,0.00011834517349645365,0.7310694533737961,8.651854129747942e-05,9.34074858095359e-16,1.0,9.34074858095359e-16,1.0,1.0,1.0,0.022946445798893447,0.1577339784326296,-15.76316602036544,-0.9168998364136904,10.103665299943035,-4.477392533329551,-1.635593355954126,-107.55276956039154,67.22483119973191,11.27906589666595,-3.6645465438909004,293.15,10.5,0.1
292,0.011917338636432661,0.27686826785430185,0.0032995329057022584,1.2959855942813535e-10,0.755420580988659,9.790141905849515e-11,0.9950695344025402,1.0004370793129913,0.9955044587110154,1.4879072723341252e-06,1.0236307631809296,1.5230676567218369e-06,0.009772075846414471,0.7048812754713053,0.006888153286622965,0.10000431388525864,0.7392752623108136,0.07393071537973754,0.143270128820143,0.7465062770287729,0.10695205047495765,0.009518439321220285,0.6903624978250691,0.006571173545193991,0.00041427332314941537,1.0,0.00041427332314941537,0.00014062262398278035,0.7318841262103786,0.00010291946627904776,1.100748125709144e-15,1.0,1.100748125709144e-15,1.0,1.0,1.0,0.021690902390119466,0.1551874675861742,-15.632735811010013,-0.9248224192942183,10.009211013152862,-4.349122548367002,-1.5047843054280385,-105.68566226992694,66.36697791758525,11.198126561878261,-3.6719835207494325,298.15,10.5,0.1
293,0.010654411608048267,0.27582278308092434,0.002938729461821579,1.6102182543900589e-10,0.7544532961424883,1.214834469533383e-10,0.9950909858920625,1.0004305725551188,0.9955194447604336,1.7584557983649572e-06,1.023417389884553,1.7996342433900236e-06,0.009808393806163862,0.7062620505865099,0.006927296322501312,0.10000435607588486,0.7399037813773507,0.07399360121475425,0.14204384159285802,0.7453656138178215,0.10587459517790201,0.01075795706286129,0.690149326537851,0.007424596821856838,0.000401107443243013,1.0,0.000401107443243013,0.00016431159287330928,0.7321520056293003,0.00012030106227033831,1.2736861488604534e-15,1.0,1.2736861488604534e-15,1.0,1.0,1.0,0.020464563870010492,0.15269825336192813,-15.504721749258731,-0.932631535493061,9.915482893971616,-4.220202646730866,-1.3787422106577218,-103.88470619875952,65.53438538658965,11.119127168288289,-3.679970400522847,303.15,10.5,0.1
294,0.009437214919800048,0.27474952584665124,0.002592870324528006,1.99468893540485e-10,0.753466796169252,1.5029318815137463e-10,0.9951115981637727,1.000424498282503,0.9955340213280921,2.099334680374239e-06,1.0232120578779749,2.1480645584803255e-06,0.00984488203798006,0.7076031298566567,0.0069662693431442714,0.10000440015502804,0.7404399307403768,0.0740472511245219,0.1408635276040774,0.7441546524603584,0.10482424942855231,0.01195069663442489,0.6899145486693726,0.008244959474823838,0.00038874938804668926,1.0,0.00038874938804668926,0.00018911913651319313,0.7323955367202132,0.0001385100114906434,1.4519245113180366e-15,1.0,1.4519245113180366e-15,1.0,1.0,1.0,0.019284196292460483,0.15030074272334637,-15.379687934574338,-0.9403688672908671,9.823060702815022,-4.091150859331482,-1.2572337525768056,-102.14688918313855,64.7263926314368,11.042147477960807,-3.687815922200327,308.15,10.5,0.1
295,0.008291785698751187,0.27361278711036763,0.002268738595157199,2.4627654139894486e-10,0.7524183245460835,1.8530298265439853e-10,0.9951309175306249,1.0004190139807987,0.9955478912977953,2.5275838947941344e-06,1.023019238611597,2.5857669515792303e-06,0.009881225655211986,0.7088544945575666,0.0070043512174345545,0.10000444552787478,0.7408428460143254,0.07408757803895531,0.1397549254110512,0.7428731182911937,0.10382017723666079,0.013070950940378596,0.6896063083641555,0.009013810224803466,0.00037716678461093207,1.0,0.00037716678461093207,0.00021473213635996594,0.7325672102589746,0.00015730572208616986,1.6331547009110599e-15,1.0,1.6331547009110599e-15,1.0,1.0,1.0,0.018175538937857966,0.14804671135607889,-15.257776888820976,-0.9480521405513919,9.732117590179636,-3.962366549324204,-1.1400402841351673,-100.46933040949389,63.94229804355512,10.967227742408829,-3.6954674271577614,313.15,10.5,0.1
296,0.0072391029052155985,0.27220780580287635,0.0019705403178099648,3.029633523073597e-10,0.7512750586391967,2.2760881027023952e-10,0.9951485797321881,1.000414304573985,0.9955608743405658,3.0643742099826414e-06,1.022842525486381,3.13437225597398e-06,0.0099171314195252,0.7099487845955514,0.007040655397966271,0.10000449162169116,0.7410517789803993,0.07410850642228466,0.13873874121023175,0.7415263684814514,0.10287843493731104,0.014098058801282789,0.6891558310122127,0.009715759428857083,0.00036631373851617156,1.0,0.00036631373851617156,0.00024085386026477138,0.7326005997473216,0.00017644968248142924,1.815290830950017e-15,1.0,1.815290830950017e-15,1.0,1.0,1.0,0.017159298698950783,0.14597784441841072,-15.139120931875262,-0.9556990026974356,9.642810931302911,-3.8342199262275036,-1.0269570800378076,-98.84934807137135,63.181441484085205,10.894410717763094,-3.702893587249849,318.15,10.5,0.1
297,0.006283652271721076,0.2708744648798782,0.0017020809465936775,3.7093238592490063e-10,0.7500149558733845,2.7820483706147363e-10,0.9951645077181566,1.0004102711028025,0.9955727949582078,3.7334512607397267e-06,1.0226826751167992,3.818135922751488e-06,0.009952489991080402,0.7109205645482909,0.007075429803120095,0.10000453822992857,0.7411087912944413,0.07411424245154112,0.13781937488883308,0.740109993197231,0.1020014966114209,0.015027649088742953,0.6885945215701056,0.010347956834586386,0.0003561611745183356,1.0,0.0003561611745183356,0.0002673934065714187,0.7325315768470937,0.0001958741137542773,1.9979496193737317e-15,1.0,1.9979496193737317e-15,1.0,1.0,1.0,0.016239875714062216,0.14410302753148654,-15.024262697663104,-0.9633539355417389,9.555635323334466,-3.707327891106186,-0.9177922944108189,-97.284715603084,62.44347418657117,10.82387754019167,-3.7100580359740443,323.15,10.5,0.1
298,0.005443346717043017,0.2686304084156138,0.0014622484517470555,4.5221551953365146e-10,0.7480617309774764,3.382851243172225e-10,0.9951783717062508,1.0004081985155941,0.9955846020403326,4.562332809121296e-06,1.0225428850875922,4.6651809533686724e-06,0.009987801030441465,0.7111825397367876,0.007103149703215067,0.1000045853643572,0.7404098174230904,0.07404437679109557,0.13701526655826607,0.7380913206549271,0.10112977904387749,0.015841802355380307,0.687350702745257,0.01088887398172212,0.0003461884466168833,1.0,0.0003461884466168833,0.00029438482621653737,0.7317581491793504,0.0002154184955786981,2.178527082289727e-15,1.0,2.178527082289727e-15,1.0,1.0,1.0,0.015435710080293603,0.14245861372752458,-14.913378984446355,-0.9710397540135128,9.470717099371308,-3.58227538896618,-0.8123654816310565,-95.77336540307394,61.728075823814976,10.755807142787013,-3.7175693034457176,328.15,10.5,0.1
299,0.004704897079430105,0.2661113953773714,0.001252026726914065,5.480755950523432e-10,0.7459869502003651,4.088572416323481e-10,0.9951904225979317,1.0004068955312173,0.9955953611335969,5.586885832718416e-06,1.0224207280653093,5.712147880705726e-06,0.010022400214956552,0.7112598490260145,0.007128530863768292,0.10000463268418802,0.739504547036105,0.07395388059463252,0.13631249818679417,0.7360275299734894,0.10032975134494188,0.016553996849788068,0.6859337152624443,0.011354944561617925,0.00033683481587896453,1.0,0.00033683481587896453,0.0003216748270769072,0.7308191522719337,0.00023508612443156612,2.3586181248567046e-15,1.0,2.3586181248567046e-15,1.0,1.0,1.0,0.014732884180219376,0.14101739581429987,-14.806801206191404,-0.9787901953844425,9.388428305669937,-3.4592483336004705,-0.7105080073629984,-94.31300588353233,61.03458006186511,10.690189875134955,-3.7248226398196427,333.15,10.5,0.1
300,0.004037212412100812,0.2654627472336007,0.0010717294980818728,6.58896897698109e-10,0.7438037765411608,4.900900008591075e-10,0.9952011974375505,1.000405746174375,0.9956049965161441,6.8385880153630835e-06,1.0223108781927923,6.991162919584542e-06,0.010056737594523283,0.7113668167533055,0.007154029409539321,0.10000468103564146,0.738614364543972,0.07386489393456294,0.13568046138400136,0.7338977730632447,0.09957558845791213,0.017194853996749266,0.6845520832075868,0.011770773123925011,0.0003280885443156054,1.0,0.0003280885443156054,0.0003497645917825802,0.7299291412764084,0.0002553033681287523,2.54220353343826e-15,1.0,2.54220353343826e-15,1.0,1.0,1.0,0.014100788594639457,0.13971767445499902,-14.705630240933623,-0.9866919402355535,9.309724158160728,-3.339144650177948,-0.6120610318311593,-92.9022181923769,60.363083705382,10.627382877974311,-3.7317984858805553,338.15,10.5,0.1
301,0.003478245734358803,0.26298261231554915,0.0009147181494970935,7.877335101767279e-10,0.7415016665197989,5.841057105695348e-10,0.9952100445096338,1.0004057436064258,0.9956138446222442,8.37822890479753e-06,1.0222198075598177,8.56439153875423e-06,0.01009006753820323,0.7111348010049869,0.007175398170907031,0.10000472896812072,0.7373647384142809,0.0737399608157694,0.13515642256425214,0.7317537474127386,0.0989012186982911,0.01772722563846774,0.6828444067239849,0.01210493687396172,0.00031982915309860117,1.0,0.00031982915309860117,0.0003779097384763636,0.72871473081046,0.00027538839334445466,2.7236303724467893e-15,1.0,2.7236303724467893e-15,1.0,1.0,1.0,0.01357669150146683,0.13863466908634445,-14.6085091929503,-0.9946686922436567,9.233508547814894,-3.2212071174004135,-0.5168749562896359,-91.53807611551828,59.71207526689448,10.566925129909928,-3.738568437691217,343.15,10.5,0.1
302,0.0029985631254447658,0.2602439588551969,0.0007803579386429581,9.34896497295917e-10,0.7390976174336047,6.909797736984341e-10,0.9952174728065051,1.0004063467483126,0.9956218761904438,1.0253531133072589e-05,1.02214247179187,1.0480569656953713e-05,0.010122774314438749,0.7107522397272543,0.007194784516240862,0.1000047772399672,0.735949772667803,0.07359849307544818,0.13471138071980765,0.7295788345870946,0.09828257215117567,0.018180124932986187,0.6809946500879566,0.012380567817294264,0.00031204565367480694,1.0,0.00031204565367480694,0.00040657891642242,0.7273644018971557,0.00029573103036758717,2.906526676250852e-15,1.0,2.906526676250852e-15,1.0,1.0,1.0,0.013131590971016589,0.1377099447801489,-14.516299357216068,-1.0027920038790983,9.16053466507113,-3.1061284421997994,-0.42480907889650343,-90.21923944025632,59.08153584140018,10.50908860791863,-3.745122507670901,348.15,10.5,0.1
303,0.0025935729097085725,0.25667106418965246,0.0006656951187883527,1.1016069716629995e-09,0.7360410843332232,8.108279899318716e-10,0.9952235352851105,1.0004085863988388,0.9956301700854323,1.2513457319339934e-05,1.0220782462413402,1.278973251136682e-05,0.010155822388638342,0.7097054904587053,0.007207642909340075,0.10000482685169272,0.7338401586650675,0.07338755800411877,0.13434175881940727,0.7268301475004726,0.0976436403781827,0.018557588426783716,0.6785110226434293,0.012591528301252888,0.00030428006357191616,1.0,0.00030428006357191616,0.0004363764344823053,0.7253521458726098,0.00031652658315997856,3.090687338408878e-15,1.0,3.090687338408878e-15,1.0,1.0,1.0,0.012761908755666254,0.13693533283072282,-14.429361594585496,-1.0111017789179926,9.091071267794584,-2.9945130778780995,-0.3357303268401108,-88.94440515733959,58.47139901156676,10.45410892550913,-3.752111690686877,353.15,10.5,0.1
304,0.0022658987938033617,0.25053972394044305,0.0005676976582764772,1.28918883444883e-09,0.7329085105370261,9.448574684568552e-10,0.9952282162220691,1.0004116159381053,0.9956378680179182,1.5246390017917772e-05,1.0220273917866902,1.5582228224175118e-05,0.010188016905654323,0.7084204028158819,0.007217399040198652,0.10000487649904145,0.7314799103209781,0.07315155809317933,0.1340490725114752,0.7240864338506285,0.09706311487581837,0.018857716076217865,0.67580160367419,0.012744074765940585,0.0002969147799375967,1.0,0.0002969147799375967,0.0004666667321436533,0.7231142791515129,0.00033745337761804993,3.275434734099608e-15,1.0,3.275434734099608e-15,1.0,1.0,1.0,0.012469162089475603,0.1363149725944674,-14.34699732746482,-1.0195640645849768,9.024633699777826,-2.885722178963191,-0.24951401242784296,-87.71114277780018,57.88039023562673,10.401605675965769,-3.758929168687207,358.15,10.5,0.1
305,0.00196637248046768,0.24695646051877543,0.00048560838783782317,1.494623143063975e-09,0.7297234267732176,1.0906615216912003e-09,0.9952323555930318,1.0004145928086765,0.9956449717706228,1.8501895467941332e-05,1.0219815410584119,1.8908595642828337e-05,0.01022032498609751,0.7072040724175717,0.007227855451599222,0.1000049280225413,0.729182236283464,0.07292181705484355,0.13378517242320292,0.7213028434256077,0.09649962527704148,0.019128654965160637,0.6731665272275889,0.01287677023343196,0.00028995491132768924,1.0,0.00028995491132768924,0.0004985209830912212,0.7209574344367765,0.00035941240898234634,3.4683240876570657e-15,1.0,3.4683240876570657e-15,1.0,1.0,1.0,0.012205199362033133,0.13575154639829376,-14.270471846163337,-1.0282836457638063,8.962310008412055,-2.7806620238234,-0.16604208825355718,-86.5186739924828,57.30881505839203,10.351977152369592,-3.7655748433147895,363.15,10.5,0.1
306,0.0016977697411213572,0.24531876880469278,0.0004164947826057535,1.7176490127132977e-09,0.7264971617274574,1.2478671325801784e-09,0.995235905526089,1.000417646839602,0.9956515626566903,2.2366367427347613e-05,1.0219411635979758,2.2857111554163464e-05,0.010252591279277431,0.7059961830545477,0.00723829030958821,0.10000498122282213,0.726886717788952,0.07269229256360296,0.13355276512669542,0.7184980759218381,0.09595740477757182,0.019367739941807845,0.6705467527145561,0.012986975125399257,0.00028335873201375006,1.0,0.00028335873201375006,0.0005319149181943515,0.7188197994207153,0.00038235097480535,3.66894931470551e-15,1.0,3.66894931470551e-15,1.0,1.0,1.0,0.011972727387826137,0.13525053658546585,-14.199425624341002,-1.037251637573044,8.903831653963815,-2.6791490198094694,-0.08520300606895376,-85.36522969809751,56.75592101519861,10.305081880837276,-3.772067339255546,368.15,10.5,0.1
307,0.0014784032710902836,0.24191908000605974,0.0003576539592201108,1.959546292762072e-09,0.7232223171824377,1.4171876104776416e-09,0.9952385561844029,1.0004212402956556,0.995657790768058,2.695645762786586e-05,1.0219093525337777,2.7547056161096612e-05,0.010284196149415564,0.7046323954268379,0.007246577767802151,0.1000050350892026,0.7244274959217595,0.07244639714923874,0.13336965910450646,0.7156961850629876,0.09545215622424642,0.019557219085005274,0.6677821854705593,0.013059962502311357,0.0002770681322707073,1.0,0.0002770681322707073,0.0005664041982487362,0.7165358230564662,0.0004058488983747961,3.8739247218116605e-15,1.0,3.8739247218116605e-15,1.0,1.0,1.0,0.011789555878133713,0.13484806433514301,-14.133075792578376,-1.0464263836521945,8.848572653068125,-2.580720694049603,-0.0068912788626340205,-84.24885371256676,56.22070640124866,10.260643554773697,-3.778436182247532,373.15,10.5,0.1
308,0.0013067221490554671,0.23530850073157394,0.0003074828297669824,2.2201892869086092e-09,0.7193285492705371,1.5970455388579599e-09,0.9952402995098771,1.0004264833486838,0.9956647529255571,3.234797629424866e-05,1.0218860411997732,3.3055945436153866e-05,0.010316233989761704,0.7025603229970334,0.007247776683959959,0.1000050909769401,0.7212389952019541,0.07212757133128828,0.13323547528643176,0.7123343701525946,0.09490820837014197,0.019697891356214282,0.6643501892069797,0.013086297849479489,0.0002706652970445584,1.0,0.0002706652970445584,0.0006028168855940543,0.7135442967462952,0.00043013655069800143,4.082359428960483e-15,1.0,4.082359428960483e-15,1.0,1.0,1.0,0.01165530411511142,0.13454219965567651,-14.071653680979898,-1.055839219372175,8.796682700021346,-2.4858541200668243,0.06899330935206233,-83.16861455866254,55.70313743931989,10.218860138209994,-3.7853692704851065,378.15,10.5,0.1
309,0.001147136396539713,0.23123411635350505,0.00026525707099080457,2.4937537291399173e-09,0.7154228511173973,1.7840884028859228e-09,0.9952417713094732,1.000431672095768,0.9956713894106902,3.864261565160259e-05,1.0218649980341965,3.948753636686108e-05,0.010348324356380995,0.7005380262838818,0.007249394719964563,0.10000514912911461,0.7180991263222851,0.07181361021734706,0.13311434523780655,0.7089600994354702,0.09437275943608285,0.01982521185604471,0.6609766631330444,0.013104002378514102,0.00026456393277975274,1.0,0.00026456393277975274,0.0006413895969405477,0.7106121826576063,0.0004557792614158051,4.301326294097608e-15,1.0,4.301326294097608e-15,1.0,1.0,1.0,0.01153410336857231,0.1342614841281,-14.015545722286262,-1.0655341898245103,8.748583629817334,-2.3945477074562787,0.14254472496411955,-82.12318118050993,55.2027255067497,10.179692970020406,-3.792190390810267,383.15,10.5,0.1
310,0.0010019977952883661,0.22907956750587027,0.00022953722158649436,2.778214790885699e-09,0.7115104347123609,1.9767288135873962e-09,0.9952429309350196,1.0004368848215939,0.9956777374653437,4.5963288391575954e-05,1.0218466167695153,4.696743073853345e-05,0.010380260152362666,0.6985308518775681,0.00725093196694067,0.10000520934360006,0.7149736356563298,0.07150108810896608,0.13300853631042425,0.7055840479356685,0.0938487014599075,0.019936940949628498,0.6576277959383691,0.0131110865344576,0.0002587360129013424,1.0,0.0002587360129013424,0.0006821330524710917,0.7077041912737555,0.0004827484202401523,4.530544178829719e-15,1.0,4.530544178829719e-15,1.0,1.0,1.0,0.011428221236042608,0.13401053688392742,-13.96445517772012,-1.0755042576240108,8.704052907237122,-2.306632527751988,0.213852449893369,-81.11112870926621,54.7188395959253,10.143023458045208,-3.7989087075765946,388.15,10.5,0.1
311,0.0008843005623962257,0.22507676781737493,0.00019903551236322937,3.073169734545709e-09,0.707583637224598,2.1745246185784053e-09,0.9952435608782492,1.00044242624297,0.9956838827477286,5.4469211880648534e-05,1.0218330742639385,5.565844222873698e-05,0.010411421276249808,0.6964337677034852,0.007250865346566884,0.10000527071750949,0.7117569980676924,0.07117945127684147,0.13293058073961364,0.7022210134164857,0.09334664712101345,0.02002058538309026,0.6542015965916468,0.013097498922317038,0.0002531411727671122,1.0,0.0002531411727671122,0.0007247053111413196,0.7047149497199164,0.0005107106669027114,4.767327259761378e-15,1.0,4.767327259761378e-15,1.0,1.0,1.0,0.011350191050526683,0.13381488437517958,-13.917811971453332,-1.0857198849450092,8.662635671166163,-2.2217654414278596,0.2830013435046134,-80.13092649392526,54.250696961207815,10.108648840628893,-3.8055408874338714,393.15,10.5,0.1
312,0.0007904993646553511,0.21879531768550056,0.00017295755961995382,3.375708052285382e-09,0.7036483312237845,2.3753113376892973e-09,0.9952437223886882,1.000448248440851,0.9956898388355158,6.430688141944508e-05,1.0218237531333907,6.571029892432132e-05,0.010441653621559709,0.6942601767238836,0.007249224288593625,0.10000533320403077,0.7084637272043649,0.07085015110204207,0.1328769255240732,0.6988731967557356,0.09286412171608284,0.020079716460328256,0.6507112988253084,0.01306609837794412,0.0002477610380658166,1.0,0.0002477610380658166,0.0007692268845518516,0.701657565856941,0.0005397338634063705,5.0122072052744675e-15,1.0,5.0122072052744675e-15,1.0,1.0,1.0,0.011296459867634504,0.13366742826443662,-13.875527356280898,-1.0961872973338396,8.624279458300677,-2.13990993497486,0.35007188511077986,-79.18141426138772,53.79784241030288,10.076522246189159,-3.8120912337569806,398.15,10.5,0.1
313,0.0007039088123595117,0.2141685311233577,0.00015075511638782394,3.6808493581274027e-09,0.6990901934069724,2.5732456896752183e-09,0.9952436405735386,1.0004553127950118,0.9956967877372458,7.54906544880296e-05,1.0218161407105701,7.71375692286735e-05,0.010473160259579704,0.6915023402035007,0.007242214828825667,0.10000540010037373,0.7045767623229525,0.0704614810175328,0.1328331067114136,0.6949058691870525,0.09230650547611136,0.020129190120859803,0.6466853371833916,0.013017252100536817,0.0002422086728709562,1.0,0.0002422086728709562,0.000817542286730683,0.6980181876557815,0.0005706593853157148,5.267575340035888e-15,1.0,5.267575340035888e-15,1.0,1.0,1.0,0.011252559726427244,0.13353701920462246,-13.838305433281644,-1.1069757909338889,8.589518746018108,-2.061843805329519,0.4151409879817275,-78.26230550353554,53.36065574348832,10.047006803830708,-3.8193249113648,403.15,10.5,0.1
314,0.0006283049370336964,0.20970506269212796,0.0001317587262104248,3.985192579885145e-09,0.6945433644036586,2.7678890622299267e-09,0.995243300510093,1.0004624702947498,0.9957035709726277,8.826051297175271e-05,1.0218105837011917,9.018552627743322e-05,0.010503924220882574,0.6887343253282276,0.007234413161568388,0.10000546889083382,0.7006837046017639,0.07007220242286588,0.13280112028717558,0.6909547249300596,0.09175956153842915,0.020166626159523665,0.6426623050239701,0.012960330452236171,0.0002368644428382005,1.0,0.0002368644428382005,0.0008684951270607312,0.6943776995496219,0.0006030636483984871,5.5337056977154696e-15,1.0,5.5337056977154696e-15,1.0,1.0,1.0,0.011220489670888024,0.13342942920940187,-13.805429682240547,-1.1180424060513046,8.557851320511121,-1.9868036416217087,0.47828072155707607,-77.37182800586652,52.937991949848865,10.019696110869067,-3.826486287125466,408.15,10.5,0.1
315,0.0005683855424813353,0.20306150812509777,0.00011541722545276176,4.286404281691695e-09,0.6900058686637927,2.9576441098328806e-09,0.9952426252443042,1.0004698285086697,0.9957102186026874,0.00010280062197654327,1.0218078507640194,0.00010504248259905612,0.010533489370313133,0.6859185608569313,0.007225115869686969,0.10000553904199339,0.6967472552314453,0.06967858483545004,0.13278539143661633,0.6870265700494625,0.0912270920313738,0.020187622735049867,0.6386058518668066,0.012891934013882236,0.0002317041868046643,1.0,0.0002317041868046643,0.0009219734907015191,0.6906984500177529,0.0006368056609849965,5.809415362433934e-15,1.0,5.809415362433934e-15,1.0,1.0,1.0,0.011204675534771011,0.13335378126550193,-13.77661319360507,-1.1293765580737196,8.529054085387962,-1.9146201337904805,0.5395600849340767,-76.50885551553732,52.52931846344742,9.99448320995859,-3.8335819882583793,413.15,10.5,0.1
316,0.0005102869325048536,0.19873492675976526,0.00010141183615781731,4.577926887399069e-09,0.6854875483972179,3.1381118787848937e-09,0.9952418423543783,1.0004771425675376,0.9957167146023601,0.00011923119961326127,1.021805619707589,0.00012183110980930764,0.010562229860714766,0.6831382752220403,0.007215463489547417,0.10000561144265344,0.6928521792776124,0.06928910582803258,0.13277255191504314,0.6831096729750598,0.09069821451874928,0.020205550389001202,0.6345966650599828,0.012822374892561597,0.00022672696950982828,1.0,0.00022672696950982828,0.0009785909355909711,0.6870630906614049,0.0006723537127003684,6.098153332739884e-15,1.0,6.098153332739884e-15,1.0,1.0,1.0,0.01119174799283288,0.13328284342547492,-13.752077052223598,-1.1410086720613277,8.503331577169481,-1.845439246791678,0.59904468562254,-75.67262555912193,52.13443421467051,9.97142044461171,-3.8406124513867748,418.15,10.5,0.1
317,0.00045554030025453244,0.19616022977097797,8.935888996786937e-05,4.856425862834665e-09,0.680989395844277,3.3071745142942998e-09,0.99524092565319,1.000484447533047,0.9957230676644101,0.00013772685159480744,1.0218041372571303,0.00014072986677097295,0.010589860532476096,0.6803788456623827,0.007205117084811715,0.10000568586384671,0.6889842257320022,0.06890234004370027,0.1327640220833435,0.6792082537704294,0.09017441960276647,0.020219004966553673,0.6306204793854182,0.012750518604704232,0.00022191623412125825,1.0,0.00022191623412125825,0.0010383949763837917,0.6834568377404328,0.0007096981468848179,6.399690109593859e-15,1.0,6.399690109593859e-15,1.0,1.0,1.0,0.011183127684325436,0.13321956724002387,-13.731633816027875,-1.1529357496874648,8.48054288745844,-1.779148946866191,0.6567969721661437,-74.86216307104435,51.752895450089675,9.950432680888667,-3.8475808692700824,423.15,10.5,0.1
318,0.00041707439432755474,0.18912160487607171,7.887777880794273e-05,5.123767896165589e-09,0.675803088665864,3.4626581698356967e-09,0.9952395885533617,1.0004934575618378,0.9957306970541736,0.00015830858435238835,1.021805955698542,0.00016176065432947536,0.010618121918528088,0.6768618642299226,0.007187001796395526,0.10000576472545859,0.68435706227915,0.0684396513584947,0.13277449517142748,0.6746388943030794,0.0895748386141014,0.020213715056238157,0.6259530604556245,0.012652836802630213,0.00021685386937094422,1.0,0.00021685386937094422,0.00110274980631545,0.6790995198827106,0.000748876864019574,6.708084099429299e-15,1.0,6.708084099429299e-15,1.0,1.0,1.0,0.011193504897208032,0.13319157468952295,-13.715253322858342,-1.1651674103528222,8.460590379453,-1.7160868604775814,0.7128770260762975,-74.07698519035672,51.38472370302678,9.931671587400233,-3.855379184611249,428.15,10.5,0.1
319,0.000378828163493919,0.18431016396263694,6.982188092722885e-05,5.37113440121669e-09,0.6706496147345622,3.602149216863525e-09,0.9952381616459429,1.000502428104352,0.9957381972688775,0.00018124806086133226,1.021808011357308,0.00018520072063108627,0.010645168758892562,0.6733821229731423,0.0071682663382704424,0.10000584594093975,0.6797766790777804,0.06798164184209614,0.1327863339943612,0.6700928992423235,0.088979179526041,0.02020689941489996,0.6213370769160507,0.012555295815990596,0.0002119551068325491,1.0,0.0002119551068325491,0.0011707689237755686,0.6747889971093829,0.0007900219879213478,7.029586353102384e-15,1.0,7.029586353102384e-15,1.0,1.0,1.0,0.011205244983247813,0.13316516752898958,-13.702768440177838,-1.1777013816732103,8.4434383007563,-1.6557929737561679,0.7673408889388433,-73.31585131306052,51.02915396598289,9.914890000194267,-3.863122167641296,433.15,10.5,0.1
320,0.00034481222818055356,0.17968366601013425,6.195712524460478e-05,5.596588959610908e-09,0.6655265875477995,3.7246787521975327e-09,0.9952365795652481,1.0005114419130525,0.9957455852654409,0.00020674093674889814,1.0218109553294625,0.00021125015408509967,0.01067054357832559,0.6699111570830591,0.007148316195261302,0.10000592900589662,0.67521470224961,0.0675254735769121,0.13280328673974373,0.6655750387199099,0.08839055271393623,0.020194827281126884,0.6167449426372202,0.012455057593067167,0.0002072017476074574,1.0,0.0002072017476074574,0.0012423680146225267,0.6704968065403067,0.0008330037863522254,7.363006360285782e-15,1.0,7.363006360285782e-15,1.0,1.0,1.0,0.011222096743255042,0.13314810456451326,-13.693955244638257,-1.1905297907118861,8.428911178530262,-1.598133477778206,0.8202425772332094,-72.57788448668569,50.6857614677371,9.900005574864755,-3.870813886580473,438.15,10.5,0.1
321,0.0003181008989785139,0.17320542405196848,5.5096801098885845e-05,5.798417590576861e-09,0.6604318174322555,3.8294594675758435e-09,0.9952347935930792,1.0005205653654103,0.9957528783570752,0.00023498676593213452,1.021815275910058,0.0002401130670661562,0.010693784052434412,0.6664270607617002,0.007126627074484208,0.10000601341677562,0.670649370160626,0.06706896991023567,0.13282816433550013,0.6610887252986652,0.08781120184431741,0.020174703737541152,0.6121555165384133,0.01235005618746396,0.00020257700972312482,1.0,0.00020257700972312482,0.0013174671292095679,0.6662010653275067,0.0008776980050133861,7.70721636946429e-15,1.0,7.70721636946429e-15,1.0,1.0,1.0,0.01124687171734506,0.13314627103289625,-13.688625865961725,-1.2036470460710733,8.416862522850161,-1.542998942202624,0.8716336133214693,-71.86226731285893,50.3541578876819,9.88694914304779,-3.8784584234404296,443.15,10.5,0.1
322,0.000288538662661087,0.1702710467976174,4.912978013288784e-05,5.971418342922968e-09,0.6553736360772437,3.913510151939774e-09,0.99523296505943,1.0005296035417421,0.9957600439625841,0.00026607909025097907,1.0218192973395135,0.00027188474903699255,0.010715304074308797,0.6629922358720318,0.007104163406274684,0.10000610009447601,0.6661438995223479,0.06661845349295649,0.13285131982290743,0.6566258270993163,0.08723360775995238,0.02015617333445342,0.6076287555355777,0.012247470519573327,0.0001980847123749343,1.0,0.0001980847123749343,0.0013966709657653223,0.6619635769413738,0.000924545308308176,8.065192450797344e-15,1.0,8.065192450797344e-15,1.0,1.0,1.0,0.011269921827220863,0.13313986445698683,-13.686930119505375,-1.2170768386737547,8.407433535250075,-1.4904763995488273,0.92156314457446,-71.1684119249669,50.03416272738291,9.875750634128813,-3.8860530737454697,448.15,10.5,0.1
323,0.0002687114307960831,0.16330117428000218,4.38808921914599e-05,6.121028504909286e-09,0.6495340995263523,3.975816738111383e-09,0.9952307798332505,1.0005405632136455,0.995768764981916,0.000299835211903323,1.0218256947933708,0.0003063793237266303,0.010738095714422266,0.6587136241673393,0.0070733299447028625,0.10000619332864502,0.6608022315255837,0.06608431571794757,0.13288815370129964,0.6513901288404756,0.08656203156086248,0.020124270070379043,0.6023428856566713,0.012121710905926297,0.00019329692929132504,1.0,0.00019329692929132504,0.0014821778472895537,0.6568942306557604,0.0009736340766902825,8.428030644880796e-15,1.0,8.428030644880796e-15,1.0,1.0,1.0,0.011306642357121671,0.13315687125312414,-13.688910475566955,-1.2308338020793508,8.400573642247874,-1.4409858444950625,0.9700788449452658,-70.4960945315638,49.72594072671233,9.86660800661664,-3.894667317640815,453.15,10.5,0.1
324,0.0002481224004233329,0.15833750970737948,3.928708298564776e-05,6.239679309453319e-09,0.6437424590351811,4.016746502258422e-09,0.9952285096086693,1.0005514937174549,0.9957773718791504,0.0003366959709759501,1.021832158545216,0.00034404677079583225,0.010758923283729611,0.6544755508700968,0.007041452242888048,0.10000628885954474,0.655514513799131,0.06555557381861991,0.13292536914002506,0.64619211007255,0.08589532476676542,0.020091854241007,0.5971139210784541,0.011997125867584457,0.00018864366967693313,1.0,0.00018864366967693313,0.0015720641945764092,0.6518761907411087,0.0010247912187609585,8.802540596816471e-15,1.0,8.802540596816471e-15,1.0,1.0,1.0,0.011343741655128895,0.13317349778012774,-13.694247607504154,-1.2448998485955785,8.396125575822287,-1.3939268072965518,1.0172248275588398,-69.84410017218349,49.4286434356602,9.859208245470716,-3.903237235019941,458.15,10.5,0.1
325,0.00022952091870888917,0.15358017042248412,3.5249861810836346e-05,6.327252670110562e-09,0.6379964554242309,4.036764776104043e-09,0.9952261116630876,1.0005624516278697,0.9957858782096909,0.00037683164146003813,1.021839121763724,0.000385061313562308,0.010777361307889049,0.6502594618320521,0.0070080811640375155,0.10000638620280136,0.6502621640776496,0.06503036911381879,0.13296545969702692,0.6410343591692648,0.08523542824853036,0.020056445252146962,0.5919238839162625,0.011871888971204711,0.00018411122773672473,1.0,0.00018411122773672473,0.0016662314240244737,0.6468909081931287,0.0010778699591471221,9.187341609734315e-15,1.0,9.187341609734315e-15,1.0,1.0,1.0,0.011383713868057976,0.1331949869429885,-13.702784952105993,-1.2592705810821947,8.393966556365339,-1.3492077205640165,1.0630439558197866,-69.21175039351952,49.14194243140367,9.853494170861499,-3.9117660179742724,463.15,10.5,0.1
326,0.0002151686106050705,0.14727360977268178,3.1688657993581244e-05,6.383970944250397e-09,0.6322939599784652,4.036546268727539e-09,0.9952235524301102,1.0005734855474935,0.9957942987539541,0.0004204065299209936,1.0218469311326182,0.00042959112242788044,0.010792980092186152,0.6460501590664518,0.006972806505357912,0.1000064848575248,0.6450299799188872,0.06450718091940771,0.1330104210001564,0.6359187346224267,0.08458381861401569,0.020016059396163022,0.586758107484326,0.011744585130586476,0.00017968691591058067,1.0,0.00017968691591058067,0.0017645658170432248,0.6419232021933583,0.0011327157397573269,9.581021780167684e-15,1.0,9.581021780167684e-15,1.0,1.0,1.0,0.011428555232712216,0.13322559599473238,-13.714386362372348,-1.2739428775710397,8.393990065071337,-1.306751135395381,1.10757721732871,-68.59840689172508,48.86553256096122,9.84941624917531,-3.920256996057861,468.15,10.5,0.1
327,0.000198182593700151,0.1440743692925825,2.8553032192117376e-05,6.4077093776211805e-09,0.6266409376055412,4.015333012296351e-09,0.9952209389912074,1.0005844569341988,0.9958026027700606,0.0004674630345115205,1.0218544635819564,0.0004776791883751634,0.010806154131404268,0.6418897772837718,0.006936359868701199,0.10000658558157949,0.6398604151917608,0.06399025537213981,0.1330537879813037,0.6308398959702853,0.08393563776857804,0.019977159054929885,0.5816567083774673,0.01161984857862363,0.00017537458145327136,1.0,0.00017537458145327136,0.001867530433699137,0.6370146475977501,0.001189644241100929,9.985444096801067e-15,1.0,9.985444096801067e-15,1.0,1.0,1.0,0.011471799759615939,0.1332519769827132,-13.729134528399895,-1.2889336209079632,8.396278430608143,-1.2665973081076831,1.150863804074615,-68.00357363277398,48.599235013746565,9.846984309028738,-3.9287071725826594,473.15,10.5,0.1
328,0.022684455948716136,0.2732629018151263,0.006198820258643575,1.3301503636404704e-11,0.7517947051028049,1.0000000003754777e-11,0.9948730270318884,1.0005109797367426,0.9953813869893335,9.783921678655274e-08,1.0255469098854268,1.0033870644105961e-07,0.0038241680049569426,0.6892103778181856,0.002635656275536592,0.10000434901934951,0.7263775249972124,0.0726409115296325,0.15427108471944484,0.7466197887003286,0.11518184467580239,0.004914921650490555,0.6830039444454853,0.0033569108739255624,0.0001992309975205439,1.0,0.0001992309975205439,0.0001587341605170442,0.7225217538966818,0.0001146888840600922,1.3210152642160142e-15,1.0,1.3210152642160142e-15,1.0,1.0,1.0,0.026508721792889864,0.17695554068146246,-17.05041487540868,-0.924112197841756,10.99999999983693,-5.890415455904775,-2.2118157610006324,-116.66995886962319,71.84192000767104,12.079822951116352,-3.625463867286732,273.15,11.0,0.1
329,0.021390142380791347,0.27296925337104333,0.0058388511951849255,1.70140329899074e-11,0.7511307791903862,1.2779763856880066e-11,0.9948945095749987,1.000501953309035,0.9953939001662205,1.09962355941346e-07,1.0253295422764919,1.1274765208498503e-07,0.0038714634216140903,0.6908690805006878,0.002674674374282573,0.1000044247553623,0.7277327971814453,0.07277649975774118,0.15302417544922767,0.7464316976972173,0.11422209506928382,0.00616721804866759,0.6829390445493856,0.004211834001684769,0.00019396457633459718,1.0,0.00019396457633459718,0.0002007844790149665,0.7230303141267848,0.00014517326493397402,1.6582075713218645e-15,1.0,1.6582075713218645e-15,1.0,1.0,1.0,0.02526171576476138,0.174414317847033,-16.89713013595921,-0.9325681098944568,10.893477170950812,-5.755870603052155,-2.059244986816437,-114.4881518202327,70.86056107008343,11.984414636428577,-3.6329975817050935,278.15,11.0,0.1
330,0.019942578386338526,0.2728929171144398,0.005442188390631297,2.1639687963037903e-11,0.7507111100247074,1.6245154171320462e-11,0.9949185128865524,1.000492247352951,0.9954082588909228,1.258039064052619e-07,1.0250865140098457,1.289598878657909e-07,0.003924478398488051,0.6927889883704251,0.0027188354195701245,0.10000451164186268,0.7292253900037668,0.07292582900417355,0.15162975327661724,0.74618350851025,0.11314362129448981,0.007566578755481731,0.6831547300661277,0.005169144067225216,0.0001891645203629022,1.0,0.0001891645203629022,0.0002490277297474116,0.723789777031547,0.00018024372498855122,2.0393514706673136e-15,1.0,2.0393514706673136e-15,1.0,1.0,1.0,0.023867182588732983,0.17157233168459546,-16.748471780440727,-0.9409797964355278,10.789276162716288,-5.620073212237754,-1.9125572255581211,-112.38904846498035,69.90950075549283,11.891611747945499,-3.640770715008501,283.15,11.0,0.1
331,0.018398852815516228,0.2717202265576036,0.004999340455432073,2.7480086465463022e-11,0.7505372527918645,2.0624828602271484e-11,0.99494405739989,1.0004832933631127,0.9954249072594997,1.466459527807747e-07,1.0248276175235356,1.5028682240779034e-07,0.003982227824813293,0.6944016235449492,0.002765265466876223,0.10000460760297038,0.7302791567421325,0.07303128051062507,0.150143920571013,0.745933616657017,0.11199739769059963,0.009057066587499964,0.6830920269415425,0.006186809973399872,0.00018466233513627302,1.0,0.00018466233513627302,0.00030231295217705037,0.7242185701994392,0.00021894065397843484,2.452087557232862e-15,1.0,2.452087557232862e-15,1.0,1.0,1.0,0.0223812272862823,0.16854277341400936,-16.602192680064054,-0.9492325471861227,10.68560965186395,-5.482079545235457,-1.771442817500498,-110.36689963274239,68.98622820167289,11.800656212006185,-3.648950900633793,288.15,11.0,0.1
332,0.016761147451503804,0.2718878364432583,0.004557152116895802,3.470087595123505e-11,0.7504720125027117,2.6042036210730307e-11,0.994971104876644,1.0004728624108588,0.9954415893120308,1.7335852665916979e-07,1.0245532258196268,1.7761503771199006e-07,0.004044601210130646,0.69673454718126,0.002818013392669151,0.1000047127899226,0.7319862736482022,0.07320207706235413,0.1485687496883827,0.7455451109224683,0.11076470496603773,0.010636415857619702,0.6837640647084647,0.007272798940735621,0.00018065159282900032,1.0,0.00018065159282900032,0.00036072496240301957,0.7253897413387947,0.00026166618717197277,2.8983475159724082e-15,1.0,2.8983475159724082e-15,1.0,1.0,1.0,0.020805922020161106,0.16532989717458743,-16.460326046783113,-0.9574517098984126,10.584325061558866,-5.3434362680895005,-1.6356147014171403,-108.4188132951515,68.09083224356583,11.71206641858291,-3.6569788973609527,293.15,11.0,0.1
333,0.015098031155664942,0.2721118995059987,0.004108353936568735,4.370806633374151e-11,0.7504973550545412,3.280278817802148e-11,0.9949984857391618,1.0004625116943182,0.9954586841746452,2.0786506566693809e-07,1.0242750466612731,2.1291099983525145e-07,0.004110196938166823,0.6991612218257076,0.0028736903132329976,0.10000482436647988,0.7337095533473039,0.07337449501850551,0.1469714061737652,0.7450772864150711,0.10950505649255621,0.012237631206912777,0.6845513360254029,0.008377286792478306,0.0001769575869797742,1.0,0.0001769575869797742,0.00042269139458393367,0.7266618768587564,0.0003071537221204065,3.363498748322014e-15,1.0,3.363498748322014e-15,1.0,1.0,1.0,0.019208435958897433,0.16206943737313828,-16.321234326516304,-0.9655535408642865,10.484089240469231,-5.20364364415045,-1.5048042752889903,-106.54018336571038,67.22145907364678,11.625367139909036,-3.665018245682428,298.15,11.0,0.1
334,0.013477951229068757,0.2714794900948224,0.0036589873271904703,5.50098954811168e-11,0.7499480377670025,4.1254563173831486e-11,0.9950250173415282,1.0004539395089616,0.9954766985093045,2.523550260777319e-07,1.0240048366342607,2.5841276725256233e-07,0.0041780858228284935,0.7010396676760123,0.0029290038967575466,0.10000494015471297,0.7347971925708116,0.07348334926889509,0.14541940754913996,0.743955396918182,0.10818555306282729,0.013793473616337227,0.6848225159948447,0.009446081306248574,0.00017329834350466263,1.0,0.00017329834350466263,0.0004870055521335765,0.7273811050712129,0.0003542386366867372,3.8323608754102365e-15,1.0,3.8323608754102365e-15,1.0,1.0,1.0,0.017656289406923327,0.1588973588332185,-16.184475108725998,-0.9735196874798473,10.384528007075037,-5.063072927719306,-1.3787608590725413,-104.72757647974797,66.37721837074845,11.540543660367689,-3.67359811569944,303.15,11.0,0.1
335,0.011922168636592852,0.27080061968927244,0.0032285306548293534,6.902242777874903e-11,0.749368768652994,5.172325171400128e-11,0.995050356434904,1.000445919930653,0.9954940692208417,3.0944941025374093e-07,1.023746093827519,3.1679762498449654e-07,0.004247142007570772,0.7028685593227432,0.0029851825841003704,0.10000505853222383,0.7357849363678256,0.073582215628593,0.1439328894711178,0.7427553741222116,0.10690692716761102,0.01528358220293006,0.6850646666676852,0.010470242147338448,0.00016989650300495374,1.0,0.00016989650300495374,0.0005527695242298252,0.7280699793314243,0.00040245489608105,4.302532614263966e-15,1.0,4.302532614263966e-15,1.0,1.0,1.0,0.016169620093573877,0.1558550581767331,-16.050749050656805,-0.9813999326998597,10.286314179904254,-4.922416270718039,-1.2572511817429806,-102.97815459452511,65.55762318449099,11.45776275448791,-3.6820079168703033,308.15,11.0,0.1
336,0.010462643128248725,0.27003174380551304,0.00282524576873577,8.629760421761198e-11,0.7487074789478966,6.461166169301152e-11,0.9950739634798214,1.0004386465775124,0.9955104492682735,3.8251181371376133e-07,1.023504222738195,3.915024565832802e-07,0.004316515233293538,0.7045874648370409,0.003041362525156761,0.10000517792063822,0.7366221917137431,0.07366603334262335,0.14254296277772524,0.7414762990786826,0.10569222850013814,0.016676872875002,0.6852149911476613,0.011427243299415166,0.00016672280355741557,1.0,0.00016672280355741557,0.000619110578591622,0.7286709579302878,0.00045112789836713183,4.7680827015914246e-15,1.0,4.7680827015914246e-15,1.0,1.0,1.0,0.014779540873355977,0.15300560599227156,-15.920303943325882,-0.98921870084215,10.18968908956151,-4.782221438807673,-1.140056618028036,-101.28918529897736,64.76212026525285,11.377138853257694,-3.69018425054858,313.15,11.0,0.1
337,0.009121128173616362,0.2691420933900397,0.0024548795307259767,1.0744745944455134e-10,0.7479244102524563,8.036257773819071e-11,0.9950954730842908,1.0004322508727996,0.9955256039710505,4.7571264304272256e-07,1.023282885541481,4.867886060613217e-07,0.004385569960364729,0.7061495666962566,0.003096868327227674,0.1000052971412181,0.73726989848541,0.07373089527130915,0.14127074806339884,0.740119667227093,0.10455725904560524,0.017952246109153226,0.6852241509656959,0.012301312598071743,0.00016375429547277226,1.0,0.00016375429547277226,0.0006853786128774852,0.7291387089364433,0.00049973607692614,5.2251152956208636e-15,1.0,5.2251152956208636e-15,1.0,1.0,1.0,0.013507173846624133,0.1503918763444627,-15.793450990713344,-0.9970054026846275,10.094946141118447,-4.643030097235152,-1.0269724663377229,-99.65815824237899,63.990220882493034,11.298800416967001,-3.698082299615373,318.15,11.0,0.1
338,0.007909489218177586,0.2681137499969515,0.0021206428148460485,1.3313395203346369e-10,0.7469931285954868,9.945014735175856e-11,0.9951146879542688,1.0004268031833312,0.9955394060708673,5.941874240797637e-07,1.0230840622938908,6.079036835914674e-07,0.004453897591130663,0.7075231747382308,0.003151235763635724,0.10000541543526748,0.7377022488732178,0.07377421986609722,0.1401277063422066,0.7386891131532874,0.10351081112612885,0.019098257373588164,0.6850580124101141,0.013083414236847115,0.0001609732872815301,1.0,0.0001609732872815301,0.000751157638999079,0.7294417826740379,0.0005479257672607094,5.671636396442887e-15,1.0,5.671636396442887e-15,1.0,1.0,1.0,0.012363980996732329,0.14803719569351811,-15.670518813096184,-1.0047918007267778,10.002394569060327,-4.5053445012537,-0.9178068597472431,-98.08273221323152,63.241461666045836,11.222871279929004,-3.7056759163370523,323.15,11.0,0.1
339,0.006816718007529439,0.2678040693773652,0.0018255448222143484,1.639812073620417e-10,0.7453341894931137,1.2222080028128958e-10,0.9951317613673912,1.0004228557425208,0.9955525585472502,7.432629765477786e-07,1.0229060483397012,7.602881942176928e-07,0.0045227711420567735,0.7084022107096759,0.003203941075566944,0.10000553480764353,0.737603583540047,0.07376444084795676,0.13910411026437242,0.7366120145206091,0.10246575888993631,0.020124802659292014,0.6844194988476993,0.013773807350481483,0.00015821433308221117,1.0,0.00015821433308221117,0.0008175658043024042,0.7292628155613312,0.0005962203403522358,6.1092298511631006e-15,1.0,6.1092298511631006e-15,1.0,1.0,1.0,0.01134023241256276,0.14592082843588305,-15.552482334684424,-1.0126530437080632,9.912854876919496,-4.370165635867116,-0.8123794598868045,-96.56125564997487,62.51593811420442,11.149738287981734,-3.7135146283432756,328.15,11.0,0.1
340,0.005881955394825311,0.26572874866067675,0.0015630046467448476,2.0103223226415514e-10,0.7435157116481232,1.4947062323609418e-10,0.9951460705753495,1.0004205723175397,0.995564601464542,9.318716745560382e-07,1.022755259577393,9.530766564033803e-07,0.004590008788341407,0.7087896024533887,0.003253350504346065,0.10000565152229926,0.7369877994262545,0.07370294504560818,0.13823692301756768,0.734516769222093,0.10153733808206701,0.020994813815582374,0.6833067298343823,0.014345897571807301,0.00015557644143730017,1.0,0.00015557644143730017,0.0008825383027262712,0.7286112352750338,0.0006430273229269205,6.529141791023802e-15,1.0,6.529141791023802e-15,1.0,1.0,1.0,0.010472896054841275,0.14411887861342526,-15.43822824847738,-1.0205301086502248,9.82544415463129,-4.23691994351069,-0.71052142542562,-95.09067749344254,61.81222483565007,11.079012262027442,-3.721102727889599,333.15,11.0,0.1
341,0.0050697242769647596,0.26334874216288495,0.0013351055114513106,2.44814566354598e-10,0.7415452608063929,1.8154108145662422e-10,0.995158215798852,1.000419184823052,0.9955753710194503,1.168622411065619e-06,1.0226256703555072,1.1950632765084472e-06,0.004656485518590453,0.7089603449323357,0.003301263579432315,0.10000576724546634,0.7361393606978377,0.07361818156617435,0.1374915532249152,0.7323761241145629,0.10069553084935452,0.021742843546400624,0.6819874231591295,0.014828345842361873,0.0001531009408944031,1.0,0.0001531009408944031,0.0009470086053428545,0.7277640864599109,0.0006891988525370166,6.9399386771407705e-15,1.0,6.9399386771407705e-15,1.0,1.0,1.0,0.009727378417966278,0.14256127774669455,-15.328714333616125,-1.0284985165105038,9.741025081751442,-4.106303171462685,-0.6120739550097398,-93.66937671366165,61.13021638030958,11.0109492154381,-3.728394164486448,338.15,11.0,0.1
342,0.0043642051989601265,0.26104504435915576,0.0011392541397550046,2.9595059393716753e-10,0.7394339339336579,2.1883591192496235e-10,0.9951684656930544,1.0004185023917687,0.9955849460761597,1.4642903776079666e-06,1.0225145872618435,1.4972582710912998e-06,0.0047225608053734925,0.7089717122691703,0.0033481620204809186,0.1000058826437829,0.7351182594956234,0.07351615038842126,0.13685255253086412,0.7301901343699287,0.0999283837213794,0.02238434146675619,0.6805166348945096,0.01523291672928655,0.00015078763447167216,1.0,0.00015078763447167216,0.001011357512981831,0.726777009033195,0.0007350313883481857,7.345064967141088e-15,1.0,7.345064967141088e-15,1.0,1.0,1.0,0.009088230294711227,0.1412167580257748,-15.22422569723182,-1.036591788024168,9.659881406876718,-3.978606910320411,-0.5168875622425504,-92.29547590843828,60.46944984790864,10.94561242041701,-3.735401362820412,343.15,11.0,0.1
343,0.0037591319219710665,0.25846000654754403,0.000971585261165724,3.551265741413901e-10,0.7371920336986967,2.6179648141174217e-10,0.9951769291058022,1.0004185676441,0.9955934779684807,1.832110026978768e-06,1.0224209291399933,1.8731876360703295e-06,0.004788301912524485,0.7087968866597052,0.003393933487984068,0.10000599783426684,0.733898179806082,0.0733942197802594,0.136313735344359,0.7279697645795944,0.09923227782759814,0.02292550889650776,0.6788676136436841,0.015563385516139276,0.00014862097986675433,1.0,0.00014862097986675433,0.0010756632122442874,0.7256207983606638,0.0007805235988358962,7.745329567056585e-15,1.0,7.745329567056585e-15,1.0,1.0,1.0,0.00854926594452253,0.14007286762145657,-15.12474559459276,-1.0448237233013329,9.582036194736116,-3.85393204849638,-0.4248214664979434,-90.96704304655287,59.82931467249389,10.882978023465478,-3.7421531252740157,348.15,11.0,0.1
344,0.0032753741066366216,0.2525157731664955,0.000827083624946866,4.2364080308960835e-10,0.7342594496171201,3.110622629119306e-10,0.9951832188222124,1.0004209426058936,0.9956021338396851,2.2876311771557196e-06,1.0223484078633802,2.338756091743781e-06,0.004854207805899155,0.707729898651298,0.0034354679985013487,0.10000611335027176,0.7317539643682437,0.07317986990512129,0.13589648652310807,0.7252017187264617,0.0985523655954454,0.02334518027993348,0.6763606844987702,0.015789762113883,0.00014638252514320913,1.0,0.00014638252514320913,0.0011402372973712718,0.723575947715948,0.0008250482830664893,8.13106324572271e-15,1.0,8.13106324572271e-15,1.0,1.0,1.0,0.008131869543712932,0.13917186105338547,-15.029906017312733,-1.0531834420711734,9.50715267292602,-3.7323896079634302,-0.33574255643963835,-89.6822816874249,59.20925108245304,10.823034960952267,-3.7493194034804773,353.15,11.0,0.1
345,0.0028350148347095682,0.2490366200004297,0.000706022512087148,5.007225331587967e-10,0.7312419868164886,3.6614933999082396e-10,0.995188672894852,1.0004232491773069,0.9956098856819198,2.8467916665344728e-06,1.0222837077667994,2.910228740104485e-06,0.004921582315639488,0.7067557763774749,0.003478356730495437,0.10000623203107802,0.7296978368775222,0.0729743311873492,0.13552421254421868,0.7223779503329516,0.09789970287817996,0.023719697345423004,0.6739501335864471,0.015985893194577928,0.00014432859000126797,1.0,0.00014432859000126797,0.0012066716833815936,0.7216398309569768,0.0008707823496160637,8.524951915127805e-15,1.0,8.524951915127805e-15,1.0,1.0,1.0,0.007759443942015591,0.13835922787965077,-14.940874877848207,-1.061767753295195,9.43634174437187,-3.614424614907265,-0.24952621841686906,-88.43984521374423,58.609068259592746,10.765944687948778,-3.756255476673273,358.15,11.0,0.1
346,0.0024411837494852317,0.24746145135130262,0.0006040988736628302,5.867218123414489e-10,0.7281562013110742,4.272251261008983e-10,0.9951932407872393,1.00042566692411,0.9956168616329403,3.530851742964746e-06,1.0222273455691562,3.609333204809082e-06,0.0049902568893595055,0.7057895105496365,0.003522070967457996,0.10000635356684316,0.7276437439927297,0.07276899753243844,0.1351998953630031,0.7195239730853568,0.09727956587231247,0.024046102345912874,0.6715527010914554,0.016148224981119372,0.00014243447237030383,1.0,0.00014243447237030383,0.0012748156486388417,0.7197250574257191,0.0009175167659237954,8.925583384802921e-15,1.0,8.925583384802921e-15,1.0,1.0,1.0,0.007434971490587703,0.1376410796992101,-14.85730699431366,-1.070569072069776,9.369343213362267,-3.499894322592731,-0.16605434990340795,-87.23790629125213,58.02802283386166,10.711581040104408,-3.762989936105455,363.15,11.0,0.1
347,0.0021188133389580957,0.24412230699098647,0.0005172496003897254,6.825427737304738e-10,0.7249935204489016,4.948390883838142e-10,0.9951965151454324,1.0004288426971681,0.9956232979031997,4.367035527761107e-06,1.022183471954108,4.463911537913788e-06,0.005059168103046061,0.7046008097928887,0.0035646939422846083,0.10000647599490327,0.7253583830291085,0.0725405357201024,0.13494742876012703,0.7166732211459995,0.09671320845489054,0.024300551650053858,0.6689440141612526,0.016255708567119876,0.00014064689487316862,1.0,0.00014064689487316862,0.001343607016750409,0.7175992190993252,0.0009641713459964674,9.32483226673641e-15,1.0,9.32483226673641e-15,1.0,1.0,1.0,0.0071823484775319175,0.13706624278162788,-14.77845024980662,-1.079548717528854,9.305536001850314,-3.388454788155525,-0.08521533508160739,-86.07453546644356,57.465202125519355,10.65972243599765,-3.769567648994437,368.15,11.0,0.1
348,0.0018430476589335384,0.24077633289856584,0.00044376225667530406,7.877807354761236e-10,0.7217745852149785,5.686001135886299e-10,0.9951989090525108,1.000432370397547,0.9956292036004563,5.382951089187546e-06,1.0221479103776072,5.502172207477916e-06,0.005129116173371407,0.7033270828914306,0.003607446316028569,0.10000660083535365,0.7229822305074628,0.0723029953374135,0.13474278655816185,0.7138135327078883,0.09618122447998648,0.024507057876097207,0.666258306207163,0.016328030870649442,0.00013898183938965337,1.0,0.00013898183938965337,0.001413917143253171,0.715399029215809,0.0010115149516749082,9.728898463461625e-15,1.0,9.728898463461625e-15,1.0,1.0,1.0,0.006977546783394133,0.13658583500487614,-14.704575216492957,-1.0887407449563553,9.245193057887029,-3.280261709654708,-0.006903748435504728,-84.94839472817186,56.92022247770803,10.61040159300338,-3.775992126756074,373.15,11.0,0.1
349,0.0016269714433045045,0.23423573773223513,0.00038109485629170996,9.033180462148437e-10,0.7179182544114766,6.485085149169469e-10,0.9952001500712968,1.0004376866035782,0.9956357358448621,6.6094907529038844e-06,1.0221231377713522,6.755713427428852e-06,0.005201243167702954,0.7013071121294874,0.0036476688254249864,0.10000672984464021,0.7198391271131649,0.07198875711680791,0.1346002286946725,0.7103948172146475,0.09561930486060163,0.02465156184199774,0.6628669772053672,0.016340706281596222,0.00013724134979340477,1.0,0.00013724134979340477,0.0014867518570406528,0.7124539861384853,0.0010592422869474083,1.012842711619282e-14,1.0,1.012842711619282e-14,1.0,1.0,1.0,0.006834824101760363,0.13622720104129507,-14.635443561178544,-1.0981420986566102,9.18808431725582,-3.1754324830320644,0.0689806523391196,-83.85819292162778,56.392690488259255,10.563636662679672,-3.782964096842548,378.15,11.0,0.1
350,0.0014265572977094406,0.23018999108845428,0.0003283792116469056,1.0271721554787393e-09,0.7140395549823249,7.334415487882755e-10,0.9952010177724505,1.0004429368554764,0.9956418289818295,8.083247250905287e-06,1.0221015107818736,8.261899227173722e-06,0.005275555319832246,0.6993448626072891,0.0036894325103252364,0.10000686348244348,0.7167532061383766,0.0716802400368843,0.1344757711890944,0.7069599204973691,0.09506898050866457,0.024777835916368698,0.6595404837670051,0.016341985886981283,0.00013563777066714463,1.0,0.00013563777066714463,0.0015624029022032774,0.7095769378420718,0.0011086450670209677,1.0539804120150033e-14,1.0,1.0539804120150033e-14,1.0,1.0,1.0,0.006710195864792592,0.13590232951397602,-14.5714351733983,-1.1077957776113352,9.1346344912961,-3.073927852228857,0.14253183102958464,-82.80256132528251,55.88207986365321,10.519370148472161,-3.789805517180167,383.15,11.0,0.1
351,0.0012445649674163825,0.22803826682194264,0.00028380843811693946,1.158826633039351e-09,0.7101450809372221,8.229350331119391e-10,0.9952014681551303,1.0004482180028171,0.9956475353695876,9.84765241240427e-06,1.0220834808639039,1.0065122856007978e-05,0.005351849227664891,0.6973978492910095,0.0037323681411032448,0.10000700143084962,0.7136820918981021,0.07137320598562524,0.13437201341027374,0.7035216740316368,0.09453362381739736,0.024883296727137277,0.6562374158708297,0.01632935034256364,0.00013415459855164625,1.0,0.00013415459855164625,0.0016407372486158347,0.7067245699180198,0.0011595493263765013,1.0961671313842529e-14,1.0,1.0961671313842529e-14,1.0,1.0,1.0,0.006606261847493677,0.1356165795365168,-14.512274563087473,-1.1176958128170542,9.084634448961088,-2.975610251831471,0.21383927615052709,-81.7801064333457,55.38779097251911,10.47749914634211,-3.796528115024985,388.15,11.0,0.1
352,0.0010969027063427864,0.22405148839970776,0.00024576268398576886,1.2983203500771745e-09,0.7062258003073464,9.169073282885669e-10,0.9952012461335791,1.0004539061348858,0.995652974084645,1.1955583597738315e-05,1.0220716702902477,1.221946329703508e-05,0.005429258763908413,0.6953377140214005,0.0037751683777267303,0.10000714216266561,0.7104964965723753,0.0710547241387894,0.13430404841110277,0.7000980652650391,0.0940260044498752,0.02495288328361566,0.6528332497758976,0.016290071885321486,0.00013275733722807874,1.0,0.00013275733722807874,0.0017209600865478755,0.7037680280045142,0.0012111566863842768,1.1388056856250893e-14,1.0,1.1388056856250893e-14,1.0,1.0,1.0,0.006538117053848938,0.13540095241576594,-14.457463844318333,-1.1278177930442925,9.037674556202067,-2.8802443578009647,0.2829878616451534,-80.78940541029837,54.909148913862005,10.437874816955986,-3.803153307216995,393.15,11.0,0.1
353,0.0009791070992657572,0.2178005943049182,0.00021325010810824635,1.444729487093082e-09,0.7022889788527659,1.01461759620908e-09,0.9952004286491624,1.0004599422282987,0.9956581633519191,1.4463787048347443e-05,1.0220653120427743,1.4782935022889467e-05,0.005507777278108418,0.6931811224527072,0.0038178872358587113,0.10000728575756893,0.7072141558061216,0.07072656817150069,0.13426746297393902,0.6966915612116605,0.09354300839924239,0.024991014796274885,0.64934443246037,0.016227776319495825,0.00013144012085650696,1.0,0.00013144012085650696,0.001803172388184824,0.7007236144664677,0.0012635254733550023,1.1819435340339266e-14,1.0,1.1819435340339266e-14,1.0,1.0,1.0,0.006501348164422523,0.1352465715179343,-14.406906793544591,-1.1381670631644474,8.993697610114179,-2.7877827101638344,0.35005806885392965,-79.8292870365767,54.44568755297815,10.400444817526797,-3.8096860516919295,398.15,11.0,0.1
354,0.0008702663007143114,0.2132540400980249,0.00018558780458848947,1.596802061948598e-09,0.6977200228978333,1.114120771226084e-09,0.9951992689280745,1.0004672326017363,0.995664258471742,1.7417369885287173e-05,1.0220613658184499,1.7801620853921758e-05,0.005590766875686736,0.6904439232986848,0.003860111015897482,0.10000743807499772,0.7033419379161884,0.0703394253017021,0.13424475995168564,0.6926624132450254,0.0929862993936337,0.025015352383241533,0.6453223692718021,0.016142966468122445,0.00013004831708060305,1.0,0.00013004831708060305,0.001890671613133072,0.6971009177159407,0.0013179889166145423,1.2255533021220826e-14,1.0,1.2255533021220826e-14,1.0,1.0,1.0,0.006478450546286335,0.135115027849202,-14.361048922306468,-1.1487919215294085,8.953067728880296,-2.698650207738048,0.4151267994140266,-78.89911190594407,53.997433768761454,10.365395816467272,-3.8168912085486744,403.15,11.0,0.1
355,0.0007758679763394057,0.20871053140117482,0.00016193181763895156,1.7528850231308882e-09,0.6931555382677976,1.2150219617298535e-09,0.9951977607696286,1.0004746540180574,0.9956701353855397,2.0897705309338013e-05,1.0220603177829095,2.135871532939562e-05,0.0056754622963988725,0.6876862113155435,0.0039029371640747546,0.10000759456466324,0.6994530701701032,0.06995061905858062,0.13423873730964606,0.6886501874408728,0.09244353161011383,0.025022932807391374,0.6412920661195546,0.0160470082804228,0.0001287399455478328,1.0,0.0001287399455478328,0.0019810134413987563,0.6934668358843734,0.001373767123051209,1.2699634577409171e-14,1.0,1.2699634577409171e-14,1.0,1.0,1.0,0.006472227978047616,0.13501460703887047,-14.319377371030901,-1.1596648201148716,8.915415872047653,-2.6123653580150163,0.47826613776406224,-77.99738972225981,53.56352449865614,10.332462385272706,-3.824015293965133,408.15,11.0,0.1
356,0.0007007144133326548,0.20207896839645278,0.00014159964578678853,1.9119694078953858e-09,0.6885941407189324,1.316570931510607e-09,0.995195831313661,1.0004823197824428,0.9956758339505083,2.4985645221528572e-05,1.0220629343671166,2.5536901872171227e-05,0.005761392444173903,0.6848685801213825,0.003945796662763441,0.10000775449274578,0.695508348698455,0.06955622818429012,0.13425380615333743,0.6846624587811585,0.09191854102167304,0.0250093608923688,0.637215466670014,0.015936351572149583,0.0001274979075473086,1.0,0.0001274979075473086,0.002073871409353052,0.6897818229055325,0.0014305188012152142,1.3149171038594834e-14,1.0,1.3149171038594834e-14,1.0,1.0,1.0,0.0064870925027280864,0.13495452247863948,-14.281656539650408,-1.1707789047767165,8.880555737899495,-2.5288169036707653,0.5395450872748485,-77.12305228541761,53.14348523800925,10.301566597239503,-3.831065995387382,413.15,11.0,0.1
357,0.0006229010343970818,0.1994324310776912,0.00012422666761061855,2.070984173887197e-09,0.6840518977267283,1.4166606543095557e-09,0.9951938303334847,1.0004898315222235,0.9956813076423043,2.9758831968848596e-05,1.0220656010986222,3.041547848423416e-05,0.005849579090162568,0.6821238201050466,0.003990137234988295,0.1000079198755938,0.6916425506868688,0.06916973279164369,0.13426916389498303,0.6806810439708956,0.09139447465313631,0.02499542257328636,0.6332211031604246,0.015827629055817367,0.00012634206936532882,1.0,0.00012634206936532882,0.00217044235813021,0.6861778544617914,0.0014893094805347778,1.3611522025989064e-14,1.0,1.3611522025989064e-14,1.0,1.0,1.0,0.006502238956528498,0.1348920670003642,-14.248137807844971,-1.1821667910773759,8.848734167826331,-2.4481027943924687,0.5990292421529733,-76.27528910672272,52.73706687533218,10.272736774942537,-3.838040107077005,418.15,11.0,0.1
358,0.0005597067717039962,0.19514540727728585,0.00010922420592003116,2.2295571254257224e-09,0.6795169474691866,1.5150218520774624e-09,0.9951914871917664,1.000497545650061,0.9956866403871965,3.5320410724588984e-05,1.022071130841854,3.609997213107941e-05,0.005938831591487889,0.6793333711007317,0.004034446485444991,0.10000808869341721,0.6877363572606936,0.06877919861461512,0.13430099938863085,0.6767228117997499,0.09088454993379076,0.024964959466130185,0.6291943599746538,0.015707811693084956,0.0001252387418602297,1.0,0.0001252387418602297,0.002269708323744708,0.682536603951372,0.001549159011248874,1.4079524139216502e-14,1.0,1.4079524139216502e-14,1.0,1.0,1.0,0.006533858773916474,0.134860708389892,-14.21838393957145,-1.193804274592574,8.819581103024237,-2.3700283570674583,0.6567810837576256,-75.45304248124562,52.3437430834739,10.245856497580784,-3.844951024332192,423.15,11.0,0.1
359,0.0005115018499052534,0.1881083096570713,9.621774837214217e-05,2.3878803818704616e-09,0.6742891606793966,1.6101218584942292e-09,0.9951886837806783,1.0005069468676568,0.9956931915666485,4.174486636798424e-05,1.0220801410615272,4.266659890598391e-05,0.006032252098828963,0.6757995767079323,0.004076593414984152,0.1000082663231046,0.683085195781649,0.0683141661811012,0.13435286636383267,0.672093921917663,0.09029774487534796,0.0249146183313731,0.6244893796673935,0.015558914546409059,0.00012399600460179214,1.0,0.00012399600460179214,0.0023747282985957996,0.6781581738256505,0.001610441406307822,1.454199141656136e-14,1.0,1.454199141656136e-14,1.0,1.0,1.0,0.0065854988151022005,0.13486437060161824,-14.192492235088688,-1.2057108268244872,8.793141254111687,-2.294871730667327,0.7128606675035514,-74.65577006054647,51.963475856071035,10.221047663922358,-3.852685331406095,428.15,11.0,0.1
360,0.0004635621582050473,0.18335006787911223,8.499415317308319e-05,2.541561687588346e-09,0.6690911351449657,1.700536394589444e-09,0.9951857636793765,1.0005163024152826,0.995699580492819,4.9160523236131265e-05,1.0220896513155884,5.024646205290929e-05,0.006127287673992367,0.6723069524404665,0.004119418102827842,0.10000844875558101,0.6784844296862947,0.06785417531774143,0.1344076109740699,0.6674878640416075,0.08971544916001722,0.024861347448475457,0.6198386218216213,0.015410023339091508,0.00012281303505219204,1.0,0.00012281303505219204,0.0024834053211725804,0.6738302378702367,0.0016733935982939311,1.5013001709375053e-14,1.0,1.5013001709375053e-14,1.0,1.0,1.0,0.006640010355433545,0.13487117567383664,-14.170370082815205,-1.2178899831963885,8.769414068935477,-2.2223301586596014,0.7673240457786501,-73.88238849796394,51.59565746456594,10.19814174948579,-3.8603584012621552,433.15,11.0,0.1
361,0.00042128420925796226,0.17863710896982615,7.525699319648168e-05,2.6893321831433253e-09,0.6639196991850954,1.7855006140413101e-09,0.9951826460275804,1.0005257242696604,0.9957058376973419,5.769241657993375e-05,1.0221005147841167,5.8967448685489987e-05,0.006223327981238651,0.6688178420340543,0.004162272790682184,0.10000863508680985,0.6738963860821126,0.06739545776200594,0.13447014327654028,0.662910781211344,0.08914170772905267,0.024800251849177803,0.6152057024709605,0.015257256360330167,0.00012167330343491269,1.0,0.00012167330343491269,0.002595362630130267,0.6695151523841937,0.001737634606803908,1.5489655450705323e-14,1.0,1.5489655450705323e-14,1.0,1.0,1.0,0.006702304607076547,0.13489143017513042,-14.151821568468378,-1.230335930643366,8.74823999611544,-2.1523181740671453,0.8202252409835808,-73.13206918297463,51.239911491526776,10.177080586759594,-3.8679757976054434,438.15,11.0,0.1
362,0.0003878740247611844,0.17215514041422358,6.677450719579172e-05,2.8298467176000827e-09,0.6587728892114967,1.8642262981790772e-09,0.9951792858580186,1.0005352825427116,0.9957119879566066,6.747474283624691e-05,1.0221132185467403,6.896682657096992e-05,0.006319836654099924,0.6653093701442169,0.0042046465437535555,0.1000088245680614,0.6692983149325256,0.06693573776178607,0.13454326616635698,0.6583664392454557,0.08857877107039801,0.024728540894052714,0.6105686174272016,0.015098471024673783,0.0001205633607516524,1.0,0.0001205633607516524,0.0027103188304673158,0.665190045046227,0.0018028771049281912,1.5969756459841786e-14,1.0,1.5969756459841786e-14,1.0,1.0,1.0,0.006775185421697355,0.13493114302096487,-14.136699683723721,-1.243046378951673,8.72950136983338,-2.0847744945466262,0.8716157787358935,-72.40404286520292,50.89589777085475,10.157819084634214,-3.875542275727424,443.15,11.0,0.1
363,0.00035112501967841144,0.1691904315628122,5.940699361189136e-05,2.960238199379536e-09,0.6536606841015914,1.9349913265100916e-09,0.995175875103205,1.0005447434707382,0.9957179906634037,7.863515136614028e-05,1.022125755619691,8.037501350838486e-05,0.006417340557062957,0.6618554772930779,0.004247351997347131,0.1000090183959113,0.6647650255535871,0.06648249766954713,0.1346154291010383,0.6538451139543444,0.08801764058058135,0.024657757323560906,0.60599839143209,0.014942561274400749,0.0001194929161053342,1.0,0.0001194929161053342,0.0028290657453845258,0.6609281646706449,0.0018698092308295842,1.6457722065649462e-14,1.0,1.6457722065649462e-14,1.0,1.0,1.0,0.006847100728107509,0.13496655708095492,-14.125124337819353,-1.256042189508027,8.713320977341322,-2.0197401878229995,0.9215448029051443,-71.69767571324105,50.56338983231846,10.140364186596583,-3.883054404884812,448.15,11.0,0.1
364,0.00032631557170753595,0.16221514755084673,5.293332861267683e-05,3.083583427578926e-09,0.647759657234668,1.9974209441030276e-09,0.9951720193075546,1.0005562027622543,0.9957255367336116,9.126569657399141e-05,1.0221413864332056,9.328644562993177e-05,0.006519225748787258,0.6575441129855673,0.004286678512338987,0.1000092224164238,0.6593815722342931,0.06594423831487062,0.134705396040091,0.6485516108170234,0.08736340158754609,0.02456937945668499,0.6006556753296712,0.014757737209986074,0.00011822900836475051,1.0,0.00011822900836475051,0.0029549403583633213,0.6558204431294835,0.001937910295243028,1.6930356587726598e-14,1.0,1.6930356587726598e-14,1.0,1.0,1.0,0.006936807017068785,0.13503171469538194,-14.116968033728835,-1.2693224540989243,8.69953040060934,-1.957426751676835,0.9700599909724598,-71.01253543874556,50.24234392594849,10.124809606234722,-3.8915867638010697,453.15,11.0,0.1
365,0.00030056778678528396,0.15729203134504402,4.727691774034141e-05,3.1944581806879147e-09,0.6419047452900647,2.0505378648142398e-09,0.9951680755274562,1.0005676316564378,0.995732964430602,0.00010556142959504876,1.0221572175428426,0.00010790037715471963,0.0066215307506632,0.6532758104171573,0.004325685867341632,0.1000094302408256,0.6540541809814958,0.06541158598658922,0.13479651449988472,0.6432958958419813,0.08671404455158,0.024479829575068737,0.5953715978718879,0.014574595249740169,0.0001169916571978488,1.0,0.0001169916571978488,0.003084591554214783,0.6507662072730986,0.002007347946722986,1.740665078827028e-14,1.0,1.740665078827028e-14,1.0,1.0,1.0,0.007027659967043532,0.1350970854811282,-14.112143185129227,-1.2828893867012816,8.688132206709072,-1.8975213305279248,1.0172054594345459,-70.34769469541486,49.932199222642986,10.11098613896211,-3.9000722617743393,458.15,11.0,0.1
366,0.00028057118344849464,0.15078609280030034,4.230623250455481e-05,3.292338664423682e-09,0.6360907068445929,2.094226028225043e-09,0.9951639478712271,1.0005791661715857,0.9957403131650158,0.00012168917919944235,1.022174284227319,0.00012438754964639993,0.006723358572692158,0.6490077629540665,0.004363511906800984,0.10000964052167408,0.6487398647010304,0.06488024066082952,0.13489474211627803,0.6380839174885745,0.08607416549816571,0.024383165700132603,0.5901050656033068,0.014388629595093048,0.0001157630577942536,1.0,0.0001157630577942536,0.0032174382472208584,0.6457228660280889,0.002077573446263844,1.788267797749826e-14,1.0,1.788267797749826e-14,1.0,1.0,1.0,0.007125618935340095,0.13517531659206516,-14.1104731502224,-1.2967366696135993,8.678976447053842,-1.839960695994446,1.063024082972964,-69.70250336894996,49.632655661140454,10.098850785729894,-3.908517111590165,463.15,11.0,0.1
367,0.00025734375589595324,0.14745838951172396,3.794749579531547e-05,3.375080811416244e-09,0.6303252877889042,2.1273987837667554e-09,0.9951597769717608,1.0005906268948497,0.995747545100713,0.00013979795165830318,1.0221911077358974,0.0001429002230648103,0.006825031121419726,0.644794350424983,0.004400741508566125,0.100009854119547,0.6434934317635855,0.06435568423756287,0.1349915688957332,0.6329086954816537,0.08543733777082024,0.024287892400168237,0.5849079760478988,0.01420618198625155,0.00011455000697444461,1.0,0.00011455000697444461,0.003354107117887131,0.6407441419046451,0.0021491244871068515,1.836169985566203e-14,1.0,1.836169985566203e-14,1.0,1.0,1.0,0.007222172828973983,0.13524891602670994,-14.112042792958968,-1.3108815756710193,8.672151093380744,-1.7847735267013818,1.107556826239586,-69.07642928303108,49.34351417008897,10.088407053739187,-3.916917727375502,468.15,11.0,0.1
368,0.00023861528921487863,0.14291326467555537,3.4101289983200136e-05,3.4426881424948824e-09,0.624601419516473,2.150307900754833e-09,0.9951554529542456,1.000602177329991,0.9957547130078315,0.00016006422910944479,1.0222088811195464,0.00016361907654522835,0.00692550961019675,0.6405861308227275,0.004436385405171553,0.10001006944673849,0.6382652021066169,0.06383294718811934,0.1350938602904237,0.6277759596543044,0.08480867778722528,0.024187160724888683,0.5797330319391019,0.01402209602103808,0.00011333347239307478,1.0,0.00011333347239307478,0.0034938933728581815,0.6357809246727628,0.002221350759303812,1.8839150489553898e-14,1.0,1.8839150489553898e-14,1.0,1.0,1.0,0.007324189128521073,0.13533247902232676,-14.116670600084248,-1.3253167061691125,8.66749934937521,-1.731899690098395,1.1508429176463748,-68.46887601476467,49.06449562288079,10.079614613595854,-3.9252822218262846,473.15,11.0,0.1
369,0.024813035806655507,0.2701603675857937,0.006703498874445513,4.223408187522488e-12,0.7487501846759611,3.162277660369434e-12,0.9948204206504782,1.000527651627594,0.9953453392645981,1.0576181625286178e-08,1.0260010908906962,1.0851173885001743e-08,0.0013143189554765194,0.6857731817849475,0.0009013246919774016,0.100004971331388,0.723123842296495,0.07231597911790412,0.15687564533893564,0.7458133315444967,0.11699994768842449,0.0054262146769219295,0.6795743433960283,0.0036875162761951124,6.92071626305348e-05,1.0,6.92071626305348e-05,0.0005040687660617027,0.7194751710147059,0.00036266496166541517,4.243202377325984e-15,1.0,4.243202377325984e-15,1.0,1.0,1.0,0.02612736533831365,0.18168868114981462,-17.791904955153818,-0.96430007785982,11.499999999972387,-6.856407230838438,-2.2118314892547755,-117.63595064455684,72.80788032609641,12.56280311032904,-3.6206092439177437,273.15,11.5,0.1
370,0.02334957612244191,0.27002568281677924,0.006304985235944741,5.729625837495635e-12,0.7482324960714116,4.2870922419446144e-12,0.9948430898403585,1.0005176554086808,0.9953580757466031,1.3357125830112695e-08,1.0257624209514888,1.3701237728450071e-08,0.0014090369284711882,0.6876147861572208,0.0009688746262583429,0.10000514579483458,0.7246525280482266,0.07246898171805835,0.1555071345052765,0.7456389493485104,0.11595217638871184,0.006792889937067454,0.6796762864354837,0.004616966206590974,7.132600022159717e-05,1.0,7.132600022159717e-05,0.0006009096057490959,0.7201481812813125,0.0004327439596946819,5.0177849792148546e-15,1.0,5.0177849792148546e-15,1.0,1.0,1.0,0.024758626408038928,0.17885671063344802,-17.600319247983677,-0.9713777619372884,11.36783717202084,-6.671218307968796,-2.059260617440388,-115.40349952514934,71.77587751375219,12.442072858262948,-3.6283078038876675,278.15,11.5,0.1
371,0.021725115345396846,0.27011726036945827,0.005868328638309075,7.714073049212376e-12,0.7479707337844015,5.76990087908585e-12,0.994868417534985,1.0005069375453581,0.9953727536885245,1.7106679727478984e-08,1.0254967762957305,1.7542844913653207e-08,0.0015096954283382923,0.6897297361345828,0.0010412818294313559,0.10000533105354875,0.7263286666366805,0.07263673876068388,0.15398357818819283,0.7454031980118769,0.11477985162279085,0.008314577564601308,0.6800719887973834,0.005654511300368516,7.349548136843796e-05,1.0,7.349548136843796e-05,0.0007037434586249099,0.7210838630789244,0.0005074580517617732,5.824620821316304e-15,1.0,5.824620821316304e-15,1.0,1.0,1.0,0.023234827880414866,0.17570869354130378,-17.414608175367903,-0.9784053536752567,11.238831647509054,-6.486427835023099,-1.9125727166778241,-113.25540308776569,70.77582439603876,12.324773568218468,-3.636260168501869,283.15,11.5,0.1
372,0.019979160679097333,0.2703906250385613,0.005402177743766976,1.0311525639529617e-11,0.7479239421895678,7.712236906305805e-12,0.9948957663887578,1.0004957323204005,0.9953889683755862,2.214928046047856e-08,1.0252107454016541,2.2707680330997524e-08,0.0016144736518920858,0.6920732173739563,0.0011173339746304372,0.10000552366063922,0.7281235386220019,0.07281637576953098,0.15234265860598636,0.7451003113012131,0.11351056235177488,0.009953682535301912,0.680718409581844,0.006775654944913295,7.562281551537633e-05,1.0,7.562281551537633e-05,0.0008106574102699811,0.7222430286808695,0.0005854916632159813,6.6459737758599865e-15,1.0,6.6459737758599865e-15,1.0,1.0,1.0,0.02159365648026988,0.17232181929539528,-17.234581853578124,-0.9853894812463153,11.112819638140357,-6.302827672517412,-1.771458497579044,-111.18764776002435,69.80694496879774,12.211014595568619,-3.6444024133036463,288.15,11.5,0.1
373,0.018158403486275027,0.2709245765478024,0.004919557775303201,1.3685846570965251e-11,0.7480307633773812,1.0237434257944859e-11,0.9949243685158298,1.0004842048042828,0.9954061156749633,2.891168960109262e-08,1.0249121717586611,2.9631942578268184e-08,0.001721602687363117,0.6946384961017998,0.0011958915016347324,0.10000572030873563,0.7300490482240557,0.07300908092835358,0.15062929431226574,0.7447159617606486,0.11217603978308678,0.011665348266106004,0.6816086930260501,0.007951202785354213,7.764066217115278e-05,1.0,7.764066217115278e-05,0.0009198160911967763,0.7236272938245621,0.0006656040288890098,7.466507424445717e-15,1.0,7.466507424445717e-15,1.0,1.0,1.0,0.019880035085327746,0.1687876978122266,-17.06023202356212,-0.9923465838889304,10.98980887414517,-6.121155877262633,-1.6356301782462246,-109.19653290432464,68.86852089908079,12.100910746340393,-3.6526267113015862,293.15,11.5,0.1
374,0.016322315990984677,0.27138263321053757,0.004429593093727884,1.8045055714952718e-11,0.7482308606190703,1.3501867567518137e-11,0.9949532351139548,1.000472951106654,0.995423799347571,3.7959144846912055e-08,1.0246110821213252,3.889336047799472e-08,0.0018291156207641758,0.6972328988839759,0.0012753195866593698,0.1000059173232701,0.7319231399596333,0.07319664502179137,0.14890098637814092,0.7442568469203816,0.11082057862512985,0.013392141017121877,0.6825517602379498,0.009140829424591386,7.947572397919922e-05,1.0,7.947572397919922e-05,0.001029180453060436,0.7250466488897637,0.0007462038385943179,8.269499136795097e-15,1.0,8.269499136795097e-15,1.0,1.0,1.0,0.0181514695708937,0.16522330238717062,-16.891324290949804,-0.9992796900487061,10.869606156084878,-5.941966275273991,-1.5048194949596914,-107.27850599683393,67.95975126542893,11.994513235800104,-3.660885955625677,298.15,11.5,0.1
375,0.014542469909752517,0.27097014347067355,0.003940575157863591,2.3670615394594046e-11,0.7478453082316883,1.7701958665803954e-11,0.9949811411588451,1.000463594833656,0.9954424092754716,5.0025423045518146e-08,1.024319702793684,5.124202646611346e-08,0.0019356426847899804,0.6992666225629441,0.0013535303226817584,0.10000611198950311,0.7331493290377811,0.07331941390478139,0.14722793393731085,0.7431369626264166,0.1094105196399359,0.015063995086722595,0.6829674968011471,0.010288219016203713,8.099016113503894e-05,1.0,8.099016113503894e-05,0.0011372443804606917,0.7259017421935023,0.0008255276770761865,9.032166185645365e-15,1.0,9.032166185645365e-15,1.0,1.0,1.0,0.016478162619965542,0.16177040387073394,-16.72759021699989,-1.0061888501756033,10.751978677667084,-5.765760598440107,-1.378775818620605,-105.43026415046874,67.07987612237312,11.891872536180026,-3.669678262556725,303.15,11.5,0.1
376,0.01284059122652642,0.27049888805355127,0.0034733656487255828,3.082778437655059e-11,0.7474202319164397,2.3041309748191438e-11,0.9950077324549226,1.0004548739690537,0.9954603355714235,6.604915934873783e-08,1.0240416348176835,6.763708911781517e-08,0.0020401915711841007,0.7012403257149931,0.0014306646018981226,0.1000063027187414,0.7342659227270313,0.07343122014429546,0.14563086952701634,0.7419362563485189,0.10804882214565409,0.016660065826355742,0.6833446416936562,0.01138456671270379,8.229350550043916e-05,1.0,8.229350550043916e-05,0.0012431269885099954,0.7267175709758243,0.0009034022255044753,9.7611795677958e-15,1.0,9.7611795677958e-15,1.0,1.0,1.0,0.014880848846869868,0.15847146078437052,-16.56956960213519,-1.0131224680592519,10.637492837738183,-5.593013279093695,-1.257265898642333,-103.64875160290077,66.22819075906796,11.793046541776384,-3.678285842828942,308.15,11.5,0.1
377,0.011249981403385054,0.269921532528782,0.003036612221321991,3.985428838985888e-11,0.7469008743183894,2.976720284372278e-11,0.995032442438325,1.0004469886624434,0.9954772106588583,8.72426028313608e-08,1.0237825278932922,8.931745246668095e-08,0.002141984977370433,0.7030917283664994,0.0015060119198744546,0.10000648812213694,0.7352207376743074,0.07352684396937438,0.1441423167032043,0.7406536913969436,0.10675953895273557,0.018147822244329096,0.6836183226430138,0.012406183802291835,8.33909378452969e-05,1.0,8.33909378452969e-05,0.0013460585924519926,0.7274348500845449,0.000979169930405329,1.0453598047909783e-14,1.0,1.0453598047909783e-14,1.0,1.0,1.0,0.013392053623358317,0.15539229814644362,-16.41731911751193,-1.0201010700894575,10.526261973099661,-5.424019602779822,-1.1400711187152563,-101.93098346294951,65.40388942785057,11.698023434556548,-3.686641976292157,313.15,11.5,0.1
378,0.009792735015746134,0.26920480950232306,0.0026362513644206664,5.1133463285114996e-11,0.7462457813231038,3.815813126095684e-11,0.9950548916380899,1.0004400710586223,0.9954927864976403,1.1515171427534638e-07,1.0235461378171606,1.1786309240955596e-07,0.0022405949333819193,0.70477300760169,0.0015791108300166829,0.10000666746147417,0.7359738319416274,0.0736022902713332,0.14278394265213007,0.7392907750017599,0.10555885162110007,0.019505579294229154,0.6837379758653839,0.013336705304717983,8.429911973895522e-05,1.0,8.429911973895522e-05,0.0014456309826860279,0.7280072430507185,0.001052429826173956,1.1109353583217824e-14,1.0,1.1109353583217824e-14,1.0,1.0,1.0,0.012033445100842328,0.15257667771900962,-16.270901236801063,-1.027145773851288,10.418412902388468,-5.258992670071995,-1.0269867830790274,-100.27412081521584,64.60615482184727,11.606767386644119,-3.694700011395614,318.15,11.5,0.1
379,0.00848028111189559,0.26832955749642584,0.0022755100782002415,6.509112183864017e-11,0.7454277461069624,4.852072824375124e-11,0.995074879696849,1.000434187893838,0.9955069291630758,1.517352066303454e-07,1.0233344162829108,1.5527585910663124e-07,0.0023358997140252016,0.7062522121331527,0.0016497343403514978,0.10000684056370147,0.7364991516185531,0.07365495323121804,0.14156705642934841,0.73785126368988,0.10445543148325127,0.020722003929328908,0.683669009700112,0.014166991905366124,8.504176138189701e-05,1.0,8.504176138189701e-05,0.0015417500635927792,0.7284029594081368,0.001123015308988663,1.1730530384457082e-14,1.0,1.1730530384457082e-14,1.0,1.0,1.0,0.01081633256112742,0.15004733760633515,-16.130372558008165,-1.034277568105131,10.314072689465208,-5.098075335627529,-0.9178210277167114,-98.67546304760535,63.83416416448073,11.519222529146449,-3.702433268358471,323.15,11.5,0.1
380,0.007330713948518785,0.2664766802037561,0.0019534643165246544,8.228692358887489e-11,0.7438566738718068,6.12096772839641e-11,0.9950920552527825,1.000430618420761,0.9955205602221274,1.994415058142742e-07,1.023150638898289,2.040587040967115e-07,0.0024287211347904254,0.706959962086569,0.0017170086013702872,0.10000700878946497,0.7362113044876216,0.07362629039879703,0.1405105783343937,0.7357922903097563,0.10338660024541199,0.02177824706867907,0.6828566773924815,0.01487142143275074,8.554985337479435e-05,1.0,8.554985337479435e-05,0.0016351735267086088,0.7280379427394159,0.0011904683704068908,1.2307873737394704e-14,1.0,1.2307873737394704e-14,1.0,1.0,1.0,0.009759634524815024,0.14784129236519944,-15.995606168820114,-1.0415057174948295,10.213179910227376,-4.941388759179386,-0.8123934188880093,-97.13247877328715,63.08713331951427,11.435335890636662,-3.7104432702420493,328.15,11.5,0.1
381,0.006323757980347528,0.2643025439545912,0.0016713853215589993,1.031597860426438e-10,0.7421170515884712,7.655663626046439e-11,0.9951067869417678,1.000428072743077,0.9955327650337085,2.6136060267909376e-07,1.0229912182210796,2.6736960132968155e-07,0.0025187901600996886,0.7074278906526421,0.0017818624099559532,0.10000717188398889,0.7356659920071714,0.07357187531186637,0.13959396654331238,0.7336811555864048,0.10241746268638734,0.022694725596012686,0.6818162407475203,0.015473632490669896,8.594792227667083e-05,1.0,8.594792227667083e-05,0.0017257630456758194,0.7274570831997145,0.001255418551501187,1.2857704875942566e-14,1.0,1.2857704875942566e-14,1.0,1.0,1.0,0.008842809501049896,0.14591772462681965,-15.866798257809988,-1.048860341313521,10.116017156809214,-4.788935746935346,-0.7105353136326658,-95.64269329686721,62.364212862660644,11.355006275532723,-3.718127504998048,333.15,11.5,0.1
382,0.005444091665776093,0.2621753767085468,0.0014273067833107077,1.2820175777376422e-10,0.7402152612034958,9.48968976172542e-11,0.9951193240008191,1.000426347028695,0.9955435901678039,3.4130859441765936e-07,1.0228535916120858,3.4910872164817545e-07,0.0026067508748939183,0.7077168082038476,0.0018448414089625117,0.10000733107886947,0.7349274902574621,0.07349813683714064,0.13880254902574757,0.7315168961997269,0.10153640984792528,0.02348607781957994,0.68060566523671,0.01598475761819634,8.627168985063946e-05,1.0,8.627168985063946e-05,0.0018142060490537592,0.7267197695379143,0.001318419401862638,1.3386784753103297e-14,1.0,1.3386784753103297e-14,1.0,1.0,1.0,0.00805118384926443,0.14424664081972538,-15.744037855876288,-1.0563651475416351,10.022747985357014,-4.640733373742735,-0.6120878188207635,-94.20380691594168,61.664618854967586,11.2781504527671,-3.7254913126616667,338.15,11.5,0.1
383,0.004686163931750825,0.2597453884024678,0.0012172094705702543,1.5795324701757573e-10,0.7381595628855633,1.1659469977484894e-10,0.9951297569686156,1.0004255083050437,0.995553192944802,4.440294928782692e-07,1.022736824197639,4.54125313396409e-07,0.0026928226329317804,0.707788724233721,0.001905949495950474,0.10000748680078819,0.7339582812725634,0.07340132312669506,0.13813099936426707,0.7293119286285782,0.10074058554974652,0.024157618109404654,0.6791868545782677,0.01640753665782954,8.65338962778545e-05,1.0,8.65338962778545e-05,0.0019007441155940161,0.7257852932224319,0.0013795321252772145,1.389751598862809e-14,1.0,1.389751598862809e-14,1.0,1.0,1.0,0.007379430594175484,0.1428171634539711,-15.62718880865493,-1.0640288649885363,9.933321191522584,-4.496727920620437,-0.5169014138276952,-92.81359691873831,60.98754315503838,11.20465907398188,-3.732564623964939,343.15,11.5,0.1
384,0.00406353408813144,0.2549220846220869,0.0010358845806793776,1.9308972490634715e-10,0.7359588172346437,1.42106085562238e-10,0.9951378670983279,1.00042598156659,0.9955617774859273,5.754388627954306e-07,1.0226431537698126,5.884686134508336e-07,0.0027763548047610755,0.707469436983,0.001964186170589365,0.10000763785428618,0.7325820177195124,0.07326379712665526,0.13759223059187903,0.7271052702193599,0.10004403600459266,0.024696450342772788,0.677389145681193,0.01672910739904887,8.671569028152085e-05,1.0,8.671569028152085e-05,0.0019847196068857854,0.7244762926489794,0.0014378823027443536,1.4385184799738018e-14,1.0,1.4385184799738018e-14,1.0,1.0,1.0,0.006840464331755312,0.14165576487310014,-15.51580430359458,-1.0718382217478235,9.847387323413079,-4.356790026787229,-0.4248352949973632,-91.46990102484374,60.3321449937859,11.134393184111483,-3.739387316384987,348.15,11.5,0.1
385,0.003510914976156245,0.2515169670509876,0.0008830546863767094,2.339522844453852e-10,0.7330681085063149,1.715029586391099e-10,0.9951446624287105,1.0004276694501948,0.9955702553993557,7.423281844235153e-07,1.022561985294514,7.590765820041822e-07,0.002861706093880453,0.7066808870024904,0.002022313000763871,0.10000779214061524,0.7307127617564951,0.07307696999223849,0.1371253313750379,0.7242760660030939,0.09931659555768309,0.025163478421808633,0.6751462504568624,0.016989028104936264,8.683733199201143e-05,1.0,8.683733199201143e-05,0.0020705250003733525,0.7227043867534837,0.0014963775006525798,1.486154341485095e-14,1.0,1.486154341485095e-14,1.0,1.0,1.0,0.006373363398221122,0.14063624658514648,-15.410649609452548,-1.0798631063654447,9.76572838343721,-4.221088946174811,-0.335756462448784,-90.17098102563631,59.69792260864613,11.067370724048814,-3.7465757339766825,353.15,11.5,0.1
386,0.003037360494275853,0.24807067521170495,0.0007534800686763685,2.809785953783562e-10,0.7300786493197575,2.051364734015927e-10,0.9951500525489103,1.0004299117580786,0.9955778792575537,9.534601937123116e-07,1.0224945373590393,9.749078396601291e-07,0.002946845849815597,0.7057559512863277,0.0020797539960307728,0.1000079461162219,0.7286985771894594,0.07287564804253101,0.13673732909155095,0.7214272734787771,0.09864603850928788,0.02555161425168894,0.6727753310528829,0.017190495737115584,8.695378500557144e-05,1.0,8.695378500557144e-05,0.0021562021662514287,0.7208112387842842,0.0015542147545250498,1.533174625166763e-14,1.0,1.533174625166763e-14,1.0,1.0,1.0,0.005985159804285162,0.1397746898668054,-15.311224158431925,-1.088086488094512,9.687957114918001,-4.089388176722766,-0.249540180147383,-88.91480877555973,59.08400389794721,11.003412507126015,-3.753544894777611,358.15,11.5,0.1
387,0.0026142551798320843,0.2465087004350096,0.0006444366469858995,3.3434647047854154e-10,0.7270149552325916,2.4307488426713154e-10,0.9951545049842977,1.000432273491553,0.995584683896802,1.2191121769359973e-06,1.0224360387270333,1.2464642249503314e-06,0.003032941985491927,0.7048383136469503,0.002137733714443163,0.10000810196776243,0.7266861577827888,0.07267450336610262,0.1364007893278452,0.7185472205532559,0.09801040805279335,0.025888260237213922,0.670416512549576,0.017355917144208817,8.710060841580626e-05,1.0,8.710060841580626e-05,0.002242975112059173,0.7189392876871027,0.001612562929363721,1.580483069094007e-14,1.0,1.580483069094007e-14,1.0,1.0,1.0,0.005648416277500947,0.1390150448420237,-15.217653464829887,-1.0965344631538954,9.614259912352425,-3.9616414811574243,-0.1660683862658018,-87.69965344981682,58.48974191970157,10.94244058302436,-3.7603036820820215,363.15,11.5,0.1
388,0.0022679872286839793,0.24319185129333978,0.0005515560128533079,3.946824508815169e-10,0.7238682340215773,2.856980887189116e-10,0.9951575944437029,1.0004354435850826,0.9955909294343496,1.5519898480911913e-06,1.0223908553523553,1.5867402282881248e-06,0.0031187250477695575,0.7036844536764477,0.0021945983314067734,0.10000825734981325,0.7244286381337328,0.07244884567405309,0.136140840465905,0.7156712916403947,0.09743209114124314,0.026148329318096256,0.6678326549043159,0.017462708189816586,8.723267242542011e-05,1.0,8.723267242542011e-05,0.002329554687540413,0.716842678744593,0.0016699242224984935,1.6270458994516094e-14,1.0,1.6270458994516094e-14,1.0,1.0,1.0,0.0053882642663016286,0.13840882808927138,-15.129302289960549,-1.1051780537304299,9.544092664978146,-3.837664535244757,-0.08522945455425479,-86.52374521353278,57.9143836336633,10.88431319006962,-3.766900704811999,368.15,11.5,0.1
389,0.0019902357638495244,0.23742161971615272,0.00047252499867016847,4.622576403184631e-10,0.7206527284543772,3.3312722974438277e-10,0.9951594618068159,1.0004393309448745,0.9955966661534722,1.967099665053912e-06,1.022357574211446,2.0110792417966634e-06,0.003204380469903729,0.7023173875788884,0.0022504921204315985,0.10000841263486106,0.7219504313421298,0.07220111663957965,0.1359493625554574,0.7128064987428575,0.0969055891294789,0.026339935732763862,0.6650465651189188,0.017517283784527677,8.735629366023986e-05,1.0,8.735629366023986e-05,0.002416162652487342,0.7145436351240848,0.001726453644759357,1.6730341691553427e-14,1.0,1.6730341691553427e-14,1.0,1.0,1.0,0.005196583333418307,0.13793959878156456,-15.046041177593038,-1.11402320972612,9.477389866725215,-3.7173667054485047,-0.006917941535242819,-85.38549972396567,57.35729908730235,10.828939897800538,-3.773345977513867,373.15,11.5,0.1
390,0.0017399468796592866,0.23335281049140846,0.00040602149447425094,5.371049389207591e-10,0.7168086573270486,3.850014701115161e-10,0.9951606966013373,1.000444379409704,0.9956029255242537,2.481440574222016e-06,1.022329756144188,2.5368505371306864e-06,0.0032938929328630495,0.7004361743722534,0.002307161764686396,0.1000085749803762,0.7189407900132286,0.07190024390448888,0.13578931272855208,0.7093423774119356,0.09632111391800394,0.026500162746271372,0.6617807587344687,0.017537297808814366,8.744269609916985e-05,1.0,8.744269609916985e-05,0.002506788846827831,0.711732075950637,0.0017841620299226754,1.7185291542815327e-14,1.0,1.7185291542815327e-14,1.0,1.0,1.0,0.005036321253096558,0.1375292601453163,-14.968233784437656,-1.1231123670775514,9.414537612153575,-3.600808821423488,0.06896634030162724,-84.28356926001919,56.81803820257568,10.77631051983789,-3.7803224944787424,378.15,11.5,0.1
391,0.0015135937041176628,0.23118569048806079,0.0003499212056048234,6.188261643266502e-10,0.7129397004160976,4.4118574020468414e-10,0.9951614285233519,1.00044946957309,0.9956087233057858,3.1161600468745294e-06,1.0223064539448243,3.1856705274448386e-06,0.0033853246418404184,0.6985698097086549,0.0023648855908524817,0.1000087410739181,0.7159448298175547,0.0716007411084342,0.13565524313511385,0.7058718103420576,0.09575521205417481,0.02663437482234411,0.6585375081808894,0.017539734827462305,8.756988791432604e-05,1.0,8.756988791432604e-05,0.002599615807602033,0.7089456799558783,0.0018429863963444724,1.7647603036270848e-14,1.0,1.7647603036270848e-14,1.0,1.0,1.0,0.004902034506004956,0.13716883745805766,-14.895641753652903,-1.1324436366867086,9.35537853306435,-3.4878068882642306,0.1425173902427036,-83.21644036131788,56.295930018114824,10.726295225702968,-3.787163864953625,383.15,11.5,0.1
392,0.001329927068359321,0.22716489274621765,0.0003021127398441368,7.076419852366993e-10,0.7090361103913904,5.017437207618716e-10,0.9951613597651767,1.0004550517734332,0.9956142097067902,3.89615035126459e-06,1.0222907478488086,3.982998456325675e-06,0.0034776280045418113,0.6965647247620435,0.002422392993808441,0.10000890901269266,0.7128076201145142,0.07128711242358643,0.1355648794185046,0.70241652723068,0.0952230118155919,0.026724876714164986,0.6551677892099734,0.017509278393728574,8.770438312728994e-05,1.0,8.770438312728994e-05,0.0026936122580285093,0.7060301029639778,0.001901771339880902,1.8109291190201612e-14,1.0,1.8109291190201612e-14,1.0,1.0,1.0,0.004811451223252397,0.13689480719450592,-14.827803135735216,-1.1419969630564206,9.299518053928734,-3.3782191928638476,0.2138247394865297,-82.18271537437808,55.7903708402235,10.678789080194301,-3.793896689326986,388.15,11.5,0.1
393,0.0011833119404208096,0.2208536402504326,0.00026133874959373887,8.032662413795929e-10,0.705106753157525,5.66388451380214e-10,0.9951605859081487,1.0004610531491256,0.9956194078301674,4.850225752626755e-06,1.0222816796787833,4.958296929216567e-06,0.0035708974867743855,0.694441644265463,0.002479779922219013,0.10000907902201511,0.7095510587662347,0.07096154790630686,0.1355127101214146,0.698979316801703,0.09472058153861361,0.026777178458705746,0.6516920591808125,0.01745047456880604,8.784796790478672e-05,1.0,8.784796790478672e-05,0.0027889320763439815,0.7030056360834473,0.0019606349683237304,1.857130462443406e-14,1.0,1.857130462443406e-14,1.0,1.0,1.0,0.004759059652947822,0.13669602286510163,-14.764597477903143,-1.1517770974236303,9.246885610461257,-3.2719639577836066,0.2829732201132037,-81.18112501028101,55.300839230780745,10.633719975415358,-3.8005268103851146,393.15,11.5,0.1
394,0.0010454254913084904,0.21695291953339035,0.00022680811249400603,9.046368546910346e-10,0.7011698332834015,6.343040725857339e-10,0.9951595609363089,1.0004669936678032,0.9956242941497201,6.011286492358591e-06,1.0222745713646357,6.1451853223259e-06,0.0036665024041352265,0.692365719042901,0.0025385605734116108,0.10000925368790389,0.7063430811929168,0.0706408443977181,0.13547181801169514,0.6955361262862869,0.09422554352081525,0.026818168277867645,0.6482709244011337,0.017385438740238415,8.803385123118122e-05,1.0,8.803385123118122e-05,0.0028870435638082294,0.7000366562517432,0.0020210363228614285,1.9043385720977423e-14,1.0,1.9043385720977423e-14,1.0,1.0,1.0,0.004717939181936076,0.13651724440764046,-14.706210717718493,-1.1618125183098396,9.197702500180915,-3.1690083931272013,0.35004329525155436,-80.21051271954006,54.826883688736764,10.591042885406106,-3.8070554370475396,398.15,11.5,0.1
395,0.0009288669565361899,0.21241012219073252,0.00019730074373678586,1.0123376501336285e-09,0.6965911847914383,7.05185483115565e-10,0.9951579885307428,1.0004744183177015,0.9956301097095086,7.417020219278582e-06,1.0222719673504812,7.582211851440216e-06,0.0037664429864884643,0.6896341796027595,0.0025974678190075393,0.10000943647808268,0.7024692832001971,0.07025355715601439,0.13545684477613662,0.6914806381922305,0.09366578547330884,0.026833323200563308,0.6442437090010174,0.01728719966355395,8.814894770341001e-05,1.0,8.814894770341001e-05,0.0029899092102674634,0.6964144429262822,0.002082215957068576,1.9503305868601178e-14,1.0,1.9503305868601178e-14,1.0,1.0,1.0,0.0047027269632439325,0.13638571274501046,-14.652336290168593,-1.172093045065295,9.151696636627532,-3.0693138393915507,0.41511190395784553,-79.26977553759758,54.36806760950259,10.550712736837843,-3.81425969025543,403.15,11.5,0.1
396,0.0008278103709602264,0.20786995425096097,0.0001720769039399732,1.1248116603459564e-09,0.6920155220818848,7.783871283780977e-10,0.9951560575620659,1.000481982279029,0.9956357051466792,9.112487104676222e-06,1.0222724297160604,9.315444333253627e-06,0.0038682315610736825,0.686880216652945,0.0026570117327340517,0.10000962315643662,0.698576842469161,0.06986440676115419,0.13545951629863442,0.6874424848111904,0.09312062647565518,0.026830819195207193,0.6402062345187094,0.01717725772601591,8.82845271288704e-05,1.0,8.82845271288704e-05,0.0030952227688080844,0.6927789289635643,0.002144305114678502,1.9967976126176886e-14,1.0,1.9967976126176886e-14,1.0,1.0,1.0,0.004705154419138585,0.13628732779440625,-14.602851231292025,-1.1826221495188747,9.108804354292356,-2.972736908718416,0.4782511196162271,-78.35776127296322,53.92386601306387,10.51263314247657,-3.8213815199686274,408.15,11.5,0.1
397,0.0007473482371466334,0.20125194585834932,0.000150405286959567,1.2413968674683988e-09,0.6874414281079368,8.533876354211957e-10,0.9951536919418349,1.0004898062289047,0.9956411244188654,1.1148590382348685e-05,1.0222767683137084,1.1396944947320708e-05,0.003971385727442227,0.6840622895323643,0.002716675213330285,0.10000981292164667,0.6946243959160087,0.06946925588637187,0.13548449253688075,0.683429646880296,0.09259411889223651,0.026806008294071294,0.6361184188269347,0.01705179561108633,8.842729849758391e-05,1.0,8.842729849758391e-05,0.0032025903608241648,0.6890884240857866,0.002206867944732655,2.0434378419549284e-14,1.0,2.0434378419549284e-14,1.0,1.0,1.0,0.004729882554971209,0.13623184201542426,-14.557541825059138,-1.1933953758701148,9.068853653845169,-2.879196660720261,0.5395299473866454,-77.4734320424671,53.49383471528234,10.476741335876048,-3.828429090947722,413.15,11.5,0.1
398,0.0006641311478782097,0.19859893362875142,0.00013189573775825112,1.3602543062246992e-09,0.6828859196689244,9.288985128898671e-10,0.9951512608873364,1.0004974659052612,0.9956463147102055,1.358189471716735e-05,1.0222811487083754,1.3884514933102065e-05,0.004077131247795026,0.6813205703550274,0.002777833387160011,0.10001000813340763,0.6907541746038633,0.06908233062031764,0.13550970949563124,0.6794227895930688,0.09206838484246814,0.026780930850726876,0.632115884953262,0.016928651804579333,8.860473475378718e-05,1.0,8.860473475378718e-05,0.003313378328199626,0.6854822735277442,0.0022712621094718366,2.0911229828582856e-14,1.0,2.0911229828582856e-14,1.0,1.0,1.0,0.004754844290390403,0.13617384200376378,-14.516568726149314,-1.204438481707928,9.032031732399853,-2.7886667352046666,0.5990139787305729,-76.61585304753491,53.07760028929957,10.443003481926237,-3.83539864059964,418.15,11.5,0.1
399,0.0005965492501792981,0.19431357982025244,0.00011591762034142675,1.480941216975982e-09,0.6783364971567124,1.0045764776184855e-09,0.9951484796950826,1.000505340944289,0.9956513689675194,1.6478114962069314e-05,1.0222885526869032,1.6845388295582247e-05,0.004184172627953552,0.6785299666050767,0.0028390865135151993,0.1000102065178358,0.6868402623061761,0.0686910364780052,0.13555232456966868,0.6754397747094785,0.09155743156868311,0.0267384581654341,0.6280777748264633,0.016793831306836326,8.878444890897246e-05,1.0,8.878444890897246e-05,0.0034263902390279026,0.6818356135350513,0.0023362348908381016,2.1390061073329833e-14,1.0,2.1390061073329833e-14,1.0,1.0,1.0,0.00479719999309492,0.1361488753007892,-14.47956859970623,-1.2157338669465352,8.99801699515924,-2.7010541972480686,0.6567656989431295,-75.78406832142623,52.67473815402552,10.411354032856593,-3.842304526001719,423.15,11.5,0.1
400,0.0005449851570870204,0.18728813497779687,0.00010206925366140968,1.604012206211241e-09,0.6730912743167625,1.0796466198983661e-09,0.9951452157172646,1.0005149358106735,0.9956576516256578,1.9907229443825346e-05,1.0222996630821448,2.0351153953321586e-05,0.00429597823545318,0.674990960001585,0.002899746473294456,0.10001041425131912,0.6821763015114115,0.06822473450658906,0.135616266793012,0.670785474635715,0.09096942188907431,0.026674781245130664,0.6233568080758781,0.01662790649308695,8.885642817508187e-05,1.0,8.885642817508187e-05,0.003545124350947141,0.6774466056114588,0.0024016324580196655,2.1847614791831402e-14,1.0,2.1847614791831402e-14,1.0,1.0,1.0,0.004860870621984026,0.13616125355411124,-14.446436347644196,-1.2272844279119355,8.966718370570257,-2.616370715739098,0.7128451656643711,-74.97726904561826,52.284943837464446,10.381781654619063,-3.8500357184174856,428.15,11.5,0.1
401,0.0004937474817016275,0.18253070538572974,9.012407611742576e-05,1.7260897245280708e-09,0.6678754196871546,1.1528128991868692e-09,0.9951418408865097,1.0005244821615795,0.9956637750302961,2.3951654256732336e-05,1.0223112873773126,2.4486046498016336e-05,0.004409792456950472,0.6714943953753175,0.0029611509196105926,0.10001062673488034,0.677563972522156,0.06776359754491608,0.13568316556872728,0.6661540950375114,0.09038589637126035,0.026608142777914647,0.6186912032851974,0.01646222387245235,8.894111435038651e-05,1.0,8.894111435038651e-05,0.0036671103616682642,0.6731093295233517,0.002468366196830662,2.2310661865277728e-14,1.0,2.2310661865277728e-14,1.0,1.0,1.0,0.004927491592908832,0.1361769147765186,-14.417236082472451,-1.239107186869773,8.938241172709041,-2.534516975950516,0.7673084282222095,-74.19457531525488,51.90781304674397,10.354219540574807,-3.8577050897695297,433.15,11.5,0.1
402,0.00045335766366582996,0.17589795099324873,7.974468410590588e-05,1.8463461752349724e-09,0.6626821751148478,1.223540699419691e-09,0.9951381970851889,1.0005341913989776,0.995669791350866,2.8701906604187795e-05,1.0223251040306724,2.9342679655004922e-05,0.004524662904152325,0.6679709980267887,0.0030223435958214168,0.10001084237779803,0.6729337204555174,0.06730066824718194,0.13576267838563022,0.6615565012028206,0.08981468250672131,0.02652890378349467,0.6140141895044218,0.016289123355063266,8.90174161678878e-05,1.0,8.90174161678878e-05,0.0037915558391996788,0.6687547231248263,0.0025356208754562996,2.277372163310982e-14,1.0,2.277372163310982e-14,1.0,1.0,1.0,0.0050067224744223425,0.13621603789564218,-14.3917334323109,-1.2511934707730936,8.912381579855788,-2.455430739573054,0.8202095184557573,-73.43518174848056,51.54299261197704,10.328621146984727,-3.8653206593933147,438.15,11.5,0.1
403,0.00041286658586107657,0.17134774978733364,7.074376044967442e-05,1.9628507968990446e-09,0.6575197683245366,1.2906132012326914e-09,0.9951344567287427,1.0005438616911368,0.9956756722372878,3.4255745013456014e-05,1.0223393124623508,3.502099480494224e-05,0.004641078882925712,0.6644854352982938,0.003083929321774612,0.1000110622564711,0.6683510881965294,0.06684250229080331,0.1358444445982995,0.6569835302610306,0.0892475627785398,0.026447416239682095,0.6093879801136206,0.016116737561524038,8.909574891092816e-05,1.0,8.909574891092816e-05,0.003919156010349248,0.6644468684389112,0.0026040709380000956,2.3240833250378064e-14,1.0,2.3240833250378064e-14,1.0,1.0,1.0,0.005088201213800244,0.1362573131470114,-14.369972231985424,-1.2635581393280637,8.889203896959259,-2.379086258973368,0.8715999388099741,-72.69835462962966,51.19017785542966,10.304959126921666,-3.8728809162908555,443.15,11.5,0.1
404,0.0003736362926742333,0.16837640517445465,6.291153580319784e-05,2.0742770746357393e-09,0.652388473864849,1.353234455094452e-09,0.9951306030103488,1.0005535208617498,0.9956814285592807,4.072081135599649e-05,1.0223541042240516,4.1631088617136356e-05,0.0047586733508158206,0.6610268446664641,0.003145610829888171,0.10001128589018275,0.6638053593413625,0.0663880275685245,0.13592956622204103,0.652437995845985,0.08868561376212256,0.02636258478068911,0.6048020046550654,0.01594414412324989,8.916868255528532e-05,1.0,8.916868255528532e-05,0.004049751689281934,0.6601747848949412,0.0026735439503496267,2.3710636118330527e-14,1.0,2.3710636118330527e-14,1.0,1.0,1.0,0.00517303045484605,0.1363032045889923,-14.351848162736037,-1.2762030520003673,8.868626953045677,-2.305443479292801,0.9215288556070617,-71.98337900471087,50.84906122919209,10.283199885033401,-3.8803885128577535,448.15,11.5,0.1
405,0.0003471316878954872,0.16141235405933071,5.603134291179945e-05,2.182832398753303e-09,0.6464655747990748,1.4111260013500963e-09,0.9951262851153253,1.0005652166411203,0.9956887470516886,4.820807415978392e-05,1.0223721876264982,4.928659423999877e-05,0.004881444021978348,0.6567054525518436,0.003205670905559783,0.10001152041553343,0.6584042318600275,0.06584800827634275,0.1360336261738471,0.6471195999161872,0.0880300257447681,0.026258985441940642,0.5994389383742365,0.01574065835610143,8.908885188195933e-05,1.0,8.908885188195933e-05,0.004187415101436082,0.6550514520858899,0.0027429723426820895,2.414655383176667e-14,1.0,2.414655383176667e-14,1.0,1.0,1.0,0.0052767837840336194,0.13638076004457497,-14.337136249942313,-1.2891188055428722,8.850434205772299,-2.2345164887806774,0.9700439445315131,-71.28962517584941,50.51940157017044,10.263338428345696,-3.8889196834061517,453.15,11.5,0.1
406,0.00031964877400575544,0.15649076058351635,5.002207976374915e-05,2.2838783945572236e-09,0.6405887357532984,1.4630267733836838e-09,0.9951218888178485,1.0005768806710882,0.9956959554008842,5.6846517339805785e-05,1.0223904694802488,5.8119337551361114e-05,0.00500517705184897,0.6524280180849205,0.0032655177441019484,0.1000117587252182,0.6530600682154442,0.06531368597543753,0.1361388263033323,0.6418392559978552,0.08737924298695204,0.026154265027464693,0.5941353693544038,0.015539173912285702,8.89960636152392e-05,1.0,8.89960636152392e-05,0.004328330234667302,0.6499824750605575,0.002813338798808497,2.4582917787142573e-14,1.0,2.4582917787142573e-14,1.0,1.0,1.0,0.0053816723431945315,0.1364584773612164,-14.325926210431394,-1.3023237114965436,8.83474772621481,-2.166223637718928,1.0171893174399917,-70.61639700260585,50.20086924584488,10.245321150563058,-3.8974039125774556,458.15,11.5,0.1
407,0.00029829551448857014,0.14999620074025494,4.474319387114515e-05,2.376649681330388e-09,0.6347524350209623,1.508584172416257e-09,0.9951173129309702,1.0005886576033163,0.9957030963034187,6.677019631535815e-05,1.0224100502063582,6.826651976707373e-05,0.005128963326238275,0.6481495078364979,0.003324335055612785,0.10001199939396019,0.6477276498425852,0.0647805373235079,0.13625149765177758,0.6366032605579133,0.08673814766102048,0.026042106252178208,0.5888481008179094,0.015334844807893341,8.887424743481479e-05,1.0,8.887424743481479e-05,0.0044718400270735035,0.644923051784887,0.0028839927173540543,2.501541153829517e-14,1.0,2.501541153829517e-14,1.0,1.0,1.0,0.005494029037042204,0.13654979554291588,-14.318061327363946,-1.3158137904593623,8.82143045307529,-2.1005298455386345,1.0630078504477989,-69.96307251849413,49.893192345634326,10.229119127976821,-3.9058476952987293,463.15,11.5,0.1
408,0.0002735242879467641,0.14666330809156874,4.0115976913663243e-05,2.4593637643970968e-09,0.628964873400614,1.5468534187200751e-09,0.9951127060942431,1.0006003567632806,0.9957101287375734,7.811792045791857e-05,1.022429363147279,7.987005566417953e-05,0.0052531965492263735,0.6439271184568202,0.00338267571663065,0.10001224339825833,0.642464616761391,0.06425432762630899,0.13636262638792973,0.631404230235556,0.08609993914736948,0.02593151501821462,0.5836316986878453,0.015134454159629971,8.873291793373166e-05,1.0,8.873291793373166e-05,0.004618625305700607,0.6399297009568504,0.0029555955107087297,2.5447870554135655e-14,1.0,2.5447870554135655e-14,1.0,1.0,1.0,0.005604838757631056,0.13663615313524025,-14.313596608270553,-1.3296041083953374,8.81055083850305,-2.037422446316469,1.107540506816623,-69.32907820264616,49.59613045085814,10.214715194123768,-3.9142471188991204,468.15,11.5,0.1
409,0.00025632751555091954,0.140558149593745,3.6028921275799146e-05,2.5317965460733923e-09,0.6232162430010816,1.5778567314869757e-09,0.9951079112363981,1.0006122084032887,0.995717124661836,9.103795350818241e-05,1.0224501178755676,9.308176629559161e-05,0.005376574278281827,0.6396920976180686,0.003439352078073453,0.10001248861911179,0.6372018902101991,0.06372814679272407,0.13648204798374886,0.6262504484459369,0.0854719437546426,0.02581267442999273,0.5784204948951488,0.014930579918363749,8.855005825950137e-05,1.0,8.855005825950137e-05,0.004767658157057226,0.6349342010549869,0.003027149222854421,2.5873864106990557e-14,1.0,2.5873864106990557e-14,1.0,1.0,1.0,0.005723939747340929,0.13673837803109634,-14.312337816944998,-1.3436865497888695,8.801932433033667,-1.9768690115534784,1.15082652332842,-68.71384533621976,49.309432155699966,10.202082880005442,-3.9226125406354284,473.15,11.5,0.1
410,0.025547535073559818,0.26841270437011155,0.006857282979084468,1.3384425315028862e-12,0.7471370464072564,9.999999997729185e-13,0.99476745854296,1.0005368314970466,0.9953014810469428,1.0815835655483032e-09,1.0263283156302798,1.110059839042584e-09,0.0004262120443612164,0.684078720953929,0.00029156259016178016,0.1000069402248741,0.7216130688093172,0.07216631503790134,0.15875153355366164,0.7451847497296584,0.11829922180038481,0.005626393582268827,0.6778765150573948,0.003814000073889684,2.263590149780595e-05,1.0,2.263590149780595e-05,0.001596917556376393,0.7181314829153665,0.0011467967728541625,1.3566594026140533e-14,1.0,1.3566594026140533e-14,1.0,1.0,1.0,0.025973748199504598,0.18429906862856002,-18.539427969934454,-1.0048149357781773,12.00000000009862,-7.846537563183383,-2.2118506261320148,-118.62608097690179,73.7979723846869,13.057849139624274,-3.616712764537841,273.15,12.0,0.1
411,0.02403935275202625,0.268320542500758,0.0064502521717907735,2.0460823901459237e-12,0.7466529061030714,1.5277133627287729e-12,0.9947911102798658,1.000526497390079,0.9953148652031018,1.7347937473493544e-09,1.026080717151318,1.7800384123898509e-09,0.0005149122411399633,0.6859714406547116,0.00035321509186552705,0.10000710660764243,0.723187849025471,0.07232392431484189,0.15733227298614025,0.7450145272323357,0.11721482897715806,0.007042277645819035,0.678015817536651,0.004774775635350077,2.628592069380838e-05,1.0,2.628592069380838e-05,0.0016892709895323745,0.7188425686754568,0.0012143198973043824,1.4233699646536842e-14,1.0,1.4233699646536842e-14,1.0,1.0,1.0,0.02455426672795996,0.18137162574021257,-18.270013378374852,-1.0083387952228888,11.815958122633836,-7.557548735350813,-2.059279471467307,-116.28982995253135,72.66217023308036,12.885219217927038,-3.6244743262186665,278.15,12.0,0.1
412,0.022362542460644123,0.2685827860978506,0.006006193958311282,3.046726985123134e-12,0.7464252732809131,2.2741540224828703e-12,0.9948175279764179,1.000515270111577,0.9953301277150569,2.7192040790379106e-09,1.0258049506878792,2.7893730062077688e-09,0.0006103584317642058,0.6882081159084574,0.0004200536263532848,0.10000728519386817,0.7249823107602688,0.07250351271271177,0.15575114697617176,0.7447745279305185,0.11599948696381512,0.0086200200009134,0.6785191950990638,0.005848849032757594,2.996315195298413e-05,1.0,2.996315195298413e-05,0.0017883984313844296,0.7198893458982499,0.001287448976974793,1.493440575840169e-14,1.0,1.493440575840169e-14,1.0,1.0,1.0,0.022972903611612406,0.17811368943986258,-18.01859571140508,-1.0123392000679514,11.643180125026836,-7.2850212660341835,-1.912591315359962,-114.0539965187768,71.57438062968558,12.724051685041873,-3.6324670479110632,283.15,12.0,0.1
413,0.02056223068665145,0.26891203847323986,0.005529431369504448,4.433405951498292e-12,0.7464234831054951,3.3091983123379876e-12,0.9948459804252731,1.0005036860585874,0.9953470704760551,4.172998524978114e-09,1.0255085591101336,4.279445704519016e-09,0.0007105646432145707,0.6906109282761386,0.0004907237078506178,0.10000747220689567,0.7268286318022793,0.07268829419414245,0.15405129116194724,0.7444742868966,0.11468722513329117,0.010316589201482956,0.679212260320151,0.007007153870333701,3.3557194741169314e-05,1.0,3.3557194741169314e-05,0.0018922037414845336,0.7210943710724976,0.0013644574669068165,1.564864289949065e-14,1.0,1.564864289949065e-14,1.0,1.0,1.0,0.021272799502864544,0.17461352185303203,-17.783226595968753,-1.0167583164571665,11.480277205830967,-7.027612927250473,-1.7714767782814735,-111.91243301475743,70.53169366212596,12.57338894223272,-3.640688225618623,288.15,12.0,0.1
414,0.018688113953921375,0.2693662773503667,0.005033947686467244,6.320250828458005e-12,0.7465822636672526,4.718587170455007e-12,0.9948756497960385,1.000491909404878,0.9953650384848575,6.283387419438945e-09,1.0251998964101594,6.441728131513703e-09,0.0008136691798926538,0.6931822013468472,0.0005640209932860734,0.10000766414973368,0.728749042598782,0.07288048950165896,0.1522805359160464,0.744098266404508,0.11331168278227954,0.01208422862543334,0.6800974001678057,0.008218452471190593,3.698854989853771e-05,1.0,3.698854989853771e-05,0.001998746059464222,0.7224695416413793,0.00144403314943863,1.636263745058456e-14,1.0,1.636263745058456e-14,1.0,1.0,1.0,0.01950178941720145,0.17096864987628804,-17.562291638525902,-1.021550005221642,11.326188017451743,-6.783913608753886,-1.6356481005442849,-109.85929063581588,69.53124278597592,12.432271689787958,-3.6490177262906913,293.15,12.0,0.1
415,0.016796080054582642,0.26987648854560753,0.004532867106461678,8.84751398033383e-12,0.7468314786723599,6.60760194850709e-12,0.9949056064141613,1.0004802769213827,0.9953834366158764,9.300915867856729e-09,1.0248883907665298,9.532400696462578e-09,0.0009178377758951545,0.6958446355715175,0.0006386724926815362,0.1000078576026181,0.7306822272627653,0.07307396413685845,0.15049293047486792,0.7436387937980684,0.11191238129346734,0.013868947541825534,0.6810970135354625,0.009446098751617367,4.019309024429037e-05,1.0,4.019309024429037e-05,0.002106127454211401,0.7239443624793207,0.0015247190971392675,1.706354612400858e-14,1.0,1.706354612400858e-14,1.0,1.0,1.0,0.017713927131393664,0.16728901053829812,-17.354333751825095,-1.0266710267244799,11.17995612742705,-6.552639454231371,-1.5048371052148026,-107.88917917579131,68.57038922387608,12.299832215023683,-3.6573567400419966,298.15,12.0,0.1
416,0.014959226154009884,0.26966457852119585,0.004033973415824324,1.2203679077271771e-11,0.7464906267311877,9.109932042818881e-12,0.9949346008059718,1.0004704628490693,0.9954026805729047,1.3559886122881307e-08,1.024586521231927,1.3893276550944025e-08,0.0010216064265109596,0.6979938684486817,0.0007130750216724187,0.10000804975648563,0.7320163564194982,0.0732075281953625,0.14876010460382444,0.7425087129482484,0.11045567380743249,0.015599207069732649,0.6816164218109587,0.010632675705959379,4.30753134973244e-05,1.0,4.30753134973244e-05,0.002212789055279156,0.7249039622348102,0.001604059553761683,1.77177969149799e-14,1.0,1.77177969149799e-14,1.0,1.0,1.0,0.015980846140406967,0.163719330770038,-17.157793137192076,-1.032066180741153,11.040484862712933,-6.332582212942988,-1.3787931519193029,-105.99708576497163,67.6466630702786,12.175266010132768,-3.6662125551928155,303.15,12.0,0.1
417,0.013206631586292395,0.26924865022333644,0.003555867728606108,1.6586183920316456e-11,0.7461117201342274,1.2375146215249982e-11,0.9949621582071123,1.0004614386561108,0.9954212722082765,1.950098731009899e-08,1.0242991251272406,1.997484424085182e-08,0.0011237265853243606,0.7000280590443189,0.0007866401404211125,0.1000082384235673,0.733183705120902,0.07332441079000564,0.1471098866266091,0.7413031862465775,0.10905302768467809,0.01724714150614299,0.6820436423608264,0.011763303213162357,4.5669002521312165e-05,1.0,4.5669002521312165e-05,0.0023175169555758376,0.7257683328154249,0.0016819804171197541,1.8342552586041853e-14,1.0,1.8342552586041853e-14,1.0,1.0,1.0,0.014330377672604066,0.16031651822948761,-16.971943280877962,-1.0377250271044445,10.907449661073091,-6.1227147876758234,-1.257282941346423,-104.17845311148288,66.75785818224189,12.05788025336336,-3.6749003149388777,308.15,12.0,0.1
418,0.011569219979571716,0.2687233804828667,0.0031089199024604344,2.223590194265968e-11,0.7456360752273671,1.657989065366536e-11,0.9949877526327925,1.0004532794731373,0.9954387601570839,2.7704306078062182e-08,1.024031446949937,2.8370080639861898e-08,0.001223471455594305,0.7019374286419368,0.0008588004075566737,0.1000084223130459,0.7341868528650141,0.07342486883801042,0.14557247224090933,0.7400146670301339,0.10772576457410991,0.01878254328398105,0.6823652561432232,0.012816554958994903,4.7983904740691665e-05,1.0,4.7983904740691665e-05,0.0024195952513805254,0.7265323128782457,0.0017579141342147142,1.8937309732489682e-14,1.0,1.8937309732489682e-14,1.0,1.0,1.0,0.012792719139472098,0.15714169224271696,-16.795986034337723,-1.0436297914535586,10.780418337999638,-5.922095360204824,-1.1400878937484482,-102.4290592203745,65.90193163520917,11.947044538235858,-3.68333182627684,313.15,12.0,0.1
419,0.010069594952114208,0.2680548456831024,0.002699203720980321,2.943198771682566e-11,0.7450214252405658,2.19274614364523e-11,0.9950109975603931,1.0004461201686607,0.9954548920344441,3.8925659575033067e-08,1.0237873211436639,3.985159674007331e-08,0.0013203578370562714,0.7036732947553577,0.0009291005494574439,0.10000860058584486,0.7349850832710716,0.07350482962941052,0.14416998150651417,0.738644768855207,0.10649040266573864,0.02018327424999959,0.6825297597674094,0.013775685325171962,5.0036734262802524e-05,1.0,5.0036734262802524e-05,0.002518558958817071,0.727148705031165,0.0018313668854484724,1.9502343941613066e-14,1.0,1.9502343941613066e-14,1.0,1.0,1.0,0.011389991714830055,0.15423957648806041,-16.62922473795511,-1.0497659388025402,10.659011644107068,-5.729924773927214,-1.0270033152626092,-100.74505291907104,65.07705386133532,11.842216906388147,-3.691459652167243,318.15,12.0,0.1
420,0.00871936394962895,0.26722354339243365,0.0023300193307480926,3.849017084233038e-11,0.7442400636791021,2.864592719871547e-11,0.9950316911357506,1.000440028158119,0.9954695330980711,5.414460091374984e-08,1.0235687214511253,5.542071993076842e-08,0.0014142171739089287,0.7052031475940558,0.000997310402422147,0.10000877298639343,0.7355518253035287,0.07356163551650793,0.142913853953567,0.7371973777925444,0.10535571838479625,0.021437868732660615,0.6825019314192463,0.014631386815553139,5.185321235184383e-05,1.0,5.185321235184383e-05,0.002614267199836304,0.727585130024788,0.0019021019405124357,2.0039775236341268e-14,1.0,2.0039775236341268e-14,1.0,1.0,1.0,0.010133635268138791,0.15163321794168613,-16.471086770782534,-1.0561241228663338,10.542937116134953,-5.545507112029576,-0.9178373422286953,-99.12289482400739,64.28156331185882,11.74292210283549,-3.6992567646128274,323.15,12.0,0.1
421,0.0075404638853360665,0.2652333478674824,0.0019999824807815296,4.983126450485184e-11,0.7426989626015599,3.700962845287742e-11,0.9950494200562237,1.0004363833399759,0.9954836430455888,7.463533273627171e-08,1.023379555986638,7.638027367656076e-08,0.001505667534440803,0.7059252713165123,0.001062888762762588,0.10000894058201776,0.7352684892768379,0.07353342265591724,0.14182664725485267,0.7351318499146042,0.10426128556364588,0.02252379773656552,0.6816954462236299,0.015354370348678814,5.340641618986644e-05,1.0,5.340641618986644e-05,0.0027073136809877127,0.7272245676240391,0.0019688250210789355,2.0527266124547394e-14,1.0,2.0527266124547394e-14,1.0,1.0,1.0,0.009046206055109605,0.14936711119002002,-16.320796957462203,-1.0626795362343522,10.431685274852876,-5.368162671175033,-0.812409524254369,-97.55925268528279,63.51387502077719,11.648706741268125,-3.7073325874599634,328.15,12.0,0.1
422,0.006501638245187612,0.26327182341036054,0.0017116981559650785,6.378980915677427e-11,0.740986969390101,4.726741736505108e-11,0.9950647353807247,1.0004336280996746,0.9954962234109812,1.0201639891758306e-07,1.0232143928668997,1.0438464768092234e-07,0.0015948297859960535,0.7064630587479758,0.001126688328797151,0.1000091037707944,0.7347848787489161,0.07348517718801095,0.14087722791073187,0.733006196951318,0.10326388106788964,0.023472096949286484,0.6807151522008534,0.015977812047306736,5.479481223874358e-05,1.0,5.479481223874358e-05,0.0027979209780695127,0.7267049621782772,0.0020332630585458136,2.099630692048248e-14,1.0,2.099630692048248e-14,1.0,1.0,1.0,0.008096570047582583,0.14737886621970933,-16.17833010633145,-1.0694538722616704,10.325438126378037,-5.197411145613935,-0.7105512549627057,-96.05116869554578,62.77265637867915,11.559228033541979,-3.715065154239448,333.15,12.0,0.1
423,0.005600164769370695,0.2609934092441765,0.0014616060954871853,8.078485349458851e-11,0.739107354368402,5.970867933942435e-11,0.9950776803900429,1.0004318646508183,0.9955074192650215,1.3834194264010694e-07,1.0230727697364594,1.415338744275365e-07,0.0016818321477578932,0.7067647079200646,0.0011886596066806824,0.10000926282375767,0.7340499332876516,0.07341179270392655,0.14006300429456647,0.7308337521018358,0.10236277095925356,0.02428533827901909,0.6795088917095747,0.01650210329876837,5.603856449199528e-05,1.0,5.603856449199528e-05,0.002886241586075192,0.7259716735078434,0.0020953296343909395,2.1448418772794813e-14,1.0,2.1448418772794813e-14,1.0,1.0,1.0,0.007282135259071228,0.145663169144722,-16.043269591138394,-1.0764424605577059,10.223962534611948,-5.032833676922749,-0.6121035982492257,-94.59590721912171,62.05668759929067,11.474184824928646,-3.7224815827229536,338.15,12.0,0.1
424,0.004853893705648864,0.2563316067456218,0.0012442063725414333,1.0131817324525462e-10,0.7370669961305648,7.467828160731601e-11,0.9950879641568665,1.0004316043875787,0.9955174484882233,1.8616231217095435e-07,1.0229576471182724,1.904361608404967e-07,0.0017659038125232638,0.706621667807316,0.001247825897192486,0.10000941633126942,0.7328524607531832,0.0732921468568604,0.13940105652570867,0.7286591378952607,0.10157585366971138,0.02494645345340162,0.677871975442712,0.01691050168274702,5.712350866675643e-05,1.0,5.712350866675643e-05,0.0029714956185347505,0.7248124146118667,0.002153776914278755,2.1877217859772612e-14,1.0,2.1877217859772612e-14,1.0,1.0,1.0,0.0066199836804842985,0.14425495033267569,-15.915022077568958,-1.083626945627257,10.126805683988177,-4.874154213406547,-0.5169170070667598,-93.19102321152442,61.36493826134637,11.393356627135871,-3.7296250592843956,343.15,12.0,0.1
425,0.00418039224797629,0.2538054083900197,0.0010610061617280944,1.256599552865695e-10,0.734887084160859,9.234587813633095e-11,0.995096939628463,1.0004313636221098,0.9955261882486917,2.4885184742490893e-07,1.0228552432602798,2.5453941693357515e-07,0.0018502608526474896,0.7065795520790669,0.001307356484493096,0.10000957031568344,0.7317499064435694,0.07318199372196293,0.13881217924060102,0.7263991956535506,0.10083305534728906,0.025534534471399372,0.676336904456066,0.01726994800111296,5.8172909451739684e-05,1.0,5.8172909451739684e-05,0.0030570292305780525,0.7237746747606422,0.002212600337095406,2.231037161940399e-14,1.0,2.231037161940399e-14,1.0,1.0,1.0,0.006030901952471204,0.1429925716142372,-15.793983766596067,-1.0910549748800606,10.03458248455072,-4.720758285780509,-0.42485082038811767,-91.83386928383702,60.69608220199766,11.31636178821737,-3.7364607799049825,348.15,12.0,0.1
426,0.0036121793883196825,0.25042147486479654,0.0009045672898992334,1.5448101361162955e-10,0.7320086785047938,1.1308144262792993e-10,0.9951040167112377,1.0004330198078895,0.9955349164613841,3.30533299954258e-07,1.0227712632317132,3.3805996073436297e-07,0.0019352137197794605,0.7058175338606443,0.0013659077751880231,0.10000972520128028,0.7298989421281206,0.07299699262693853,0.13832920656892198,0.7235564888049817,0.10008899500418818,0.026016826978663476,0.6741118942592633,0.017538252517202344,5.910768898867794e-05,1.0,5.910768898867794e-05,0.0031430820470404026,0.7220218020417871,0.0022693737635692997,2.2713982093161552e-14,1.0,2.2713982093161552e-14,1.0,1.0,1.0,0.005547723641399097,0.14194138611172266,-15.679345141317151,-1.0986912803269013,9.946608659668254,-4.572380802276626,-0.33577187851617774,-90.52227288173812,60.04918363261315,11.243001236032326,-3.7436867931884104,353.15,12.0,0.1
427,0.0031047490918022173,0.24890463269157306,0.0007727864322945257,1.8796602400750473e-10,0.7290409690905573,1.3703493229852997e-10,0.9951099799343446,1.0004348166716384,0.9955426703437337,4.3631088038917896e-07,1.0226980016168548,4.4621426545770403e-07,0.0020209689048141027,0.7050638697130717,0.0014249121565980195,0.10000988153978277,0.7280504066782908,0.07281223492688653,0.13790784480341473,0.7206759718747227,0.09938687008284933,0.026437530950573197,0.6718999245008749,0.01776337504967967,6.002248612751948e-05,1.0,6.002248612751948e-05,0.003229965412606253,0.7202933282736121,0.0023265225372548094,2.3122629681476823e-14,1.0,2.3122629681476823e-14,1.0,1.0,1.0,0.0051261543074967095,0.14101259408318298,-15.571283101860894,-1.1065674808306392,9.863168710429871,-4.428808288088494,-0.24955553937512148,-89.25422888692547,59.42339329085747,11.173107203581141,-3.750673598202341,358.15,12.0,0.1
428,0.0026884116440711557,0.24562547169124835,0.0006603423781752223,2.2665295773991906e-10,0.7259748011167562,1.6454433591776225e-10,0.9951143378346262,1.0004375577513904,0.9955497578266654,5.723302628603017e-07,1.0226404885658984,5.852880996325079e-07,0.0021061605373557768,0.7040344739797267,0.0014828096260341335,0.10001003680286051,0.7259159078338963,0.07259887665824985,0.13757704114817682,0.7177988595533467,0.09875264323688517,0.026767738654114897,0.6694241205913775,0.017918969908750682,6.0873673483323355e-05,1.0,6.0873673483323355e-05,0.003316282092356331,0.7183020739634088,0.0023820923047872655,2.3523844178089022e-14,1.0,2.3523844178089022e-14,1.0,1.0,1.0,0.004795144511689792,0.14026545301890098,-15.46918052652559,-1.1146586826469076,9.783717062758841,-4.289951603135641,-0.16608362200199092,-88.02796357179506,58.8180215702074,11.106580408277281,-3.757479322349414,363.15,12.0,0.1
429,0.002332506385761712,0.242323923828661,0.0005652220997531865,2.7077614429068576e-10,0.7228341923701765,1.9572625557146853e-10,0.9951175940398728,1.0004407411141987,0.9955561832770287,7.463300634671423e-07,1.022593598182561,7.631923450326837e-07,0.0021919679545781817,0.7028976758332012,0.0015407291807738597,0.1000101932011103,0.7236674297021001,0.07237411945785796,0.13730732495461118,0.7149098228557142,0.09816235536009307,0.02703688445457668,0.6668488541064597,0.018029515417143215,6.17011683465672e-05,1.0,6.17011683465672e-05,0.00340326684359877,0.716215724611492,0.0024374732284343586,2.392686733749948e-14,1.0,2.392686733749948e-14,1.0,1.0,1.0,0.004525220670403361,0.13963983161114907,-15.373020915315296,-1.1229814177498105,9.70835091228286,-4.1555363619561465,-0.08524461171094878,-86.84161704024419,58.232225146061296,11.04323394626862,-3.7641059353392596,368.15,12.0,0.1
430,0.0020470010915875528,0.23657840895642504,0.0004842762613798486,3.2072144164690467e-10,0.7196229901384427,2.3079852283945776e-10,0.9951195919125386,1.000444661039935,0.995562082825138,9.67542577815873e-07,1.0225589590750164,9.89369331232157e-07,0.0022777926461451637,0.7015434806916583,0.0015979705812705406,0.1000103496430261,0.7211941019647324,0.07212687429798109,0.13710807327021393,0.712032423484481,0.09762539368987821,0.02723560607369853,0.6640672845019147,0.018086274967124834,6.248840716362342e-05,1.0,6.248840716362342e-05,0.003490323044890463,0.7139229115127034,0.002491821590328084,2.43265658970674e-14,1.0,2.43265658970674e-14,1.0,1.0,1.0,0.004325761280310533,0.1391550746825229,-15.282428427482802,-1.1315255467031515,9.636766975086172,-4.0254374443929715,-0.006933027573629578,-85.69357046291013,57.66533965417004,10.982960181234386,-3.7705788077586635,373.15,12.0,0.1
431,0.0017897566638882454,0.2325218378608113,0.0004161575088109292,3.7679135469780894e-10,0.7157807706785922,2.697000062506287e-10,0.99512094035107,1.0004497550623013,0.9955685010315949,1.2478997919851486e-06,1.0225299387862796,1.276014897909985e-06,0.002367605106654141,0.6996745165733878,0.00165655295843492,0.1000105133234398,0.7181887526720623,0.07182642581785391,0.1369411389763835,0.7085540114596655,0.09703019335557207,0.02740205138805941,0.6608055941006699,0.01810742884706368,6.32464594802203e-05,1.0,6.32464594802203e-05,0.003581456207245034,0.7111170014680573,0.0025468343989852506,2.471204688274165e-14,1.0,2.471204688274165e-14,1.0,1.0,1.0,0.004158609670334371,0.13873089601706312,-15.197417490591972,-1.1403087215988306,9.5691190434818,-3.8992479563562497,0.06895132364659777,-84.58200839495197,57.11644730419839,10.925515070649242,-3.777583201808884,378.15,12.0,0.1
432,0.001557099729373593,0.23035816045358246,0.0003586906293012719,4.3875808864505046e-10,0.7119128150308696,3.123575060048614e-10,0.9951217715993474,1.0004548912203657,0.9955744437564428,1.6008876608321524e-06,1.022505568543545,1.6369165478135251e-06,0.002459498975625023,0.6978205225384331,0.0017162888603533945,0.10001068090665735,0.7151972905456495,0.07152736801006684,0.13680095139655124,0.7050691059955433,0.09645412450050615,0.027541744195311097,0.6575665803650578,0.018110530547799895,6.40167206940739e-05,1.0,6.40167206940739e-05,0.0036748282989686777,0.7083365380530156,0.002603015155230725,2.5107222670249658e-14,1.0,2.5107222670249658e-14,1.0,1.0,1.0,0.004018199592659448,0.13835805156468292,-15.117897376731545,-1.149340657321051,9.505348053421095,-3.776981206419686,0.14250243690303158,-83.50561467947334,56.58507442959093,10.870867431441024,-3.784450756877636,383.15,12.0,0.1
433,0.0013683005383916718,0.22634811827616302,0.0003097122521012157,5.068317299143518e-10,0.7080090670606902,3.5884146025341584e-10,0.9951217787395019,1.0004605325889933,0.9955800647486284,2.0426646123509256e-06,1.0224890192872083,2.0886021362153826e-06,0.0025524345327861725,0.6958249643058991,0.0017760476676690832,0.10001085049380093,0.7120617705780666,0.0712139032796342,0.1367057546981086,0.7015998914227819,0.09591274265306243,0.02763646761823333,0.6541983711757146,0.018079732100898624,6.47687790848428e-05,1.0,6.47687790848428e-05,0.0037694014833365387,0.7054241723236528,0.0026590269215382265,2.550352931240374e-14,1.0,2.550352931240374e-14,1.0,1.0,1.0,0.003922777735790195,0.13807405574333198,-15.043463624210657,-1.1586065457866277,9.445097384694167,-3.658573613003645,0.21380984494097277,-82.46306979451786,56.070695471272174,10.81895139571864,-3.7912085260977983,388.15,12.0,0.1
434,0.0012175778700711387,0.22005657966484699,0.0002679360215634643,5.809043272845343e-10,0.7040785656896402,4.0900228555740023e-10,0.995121060077,1.0004666044890398,0.99558538803077,2.5926436407685734e-06,1.0224793072574463,2.6509244737784754e-06,0.0026465158838139494,0.6937089120188508,0.0018359116544011819,0.10001102231413417,0.7088044398607631,0.07088825665127216,0.13664989148324483,0.6981491813536288,0.0954020098710896,0.027691875697198904,0.6507217629116855,0.018019706172012536,6.550636897491371e-05,1.0,6.550636897491371e-05,0.0038653224288598283,0.7024005342060572,0.0027150045389097983,2.590176730643538e-14,1.0,2.590176730643538e-14,1.0,1.0,1.0,0.003866686397525857,0.1378674699342203,-14.973962506994436,-1.1681095335682443,9.388274265092429,-3.543899133605675,0.28295838024220227,-81.45306018610307,55.57274472686081,10.769672723455392,-3.797862426290545,393.15,12.0,0.1
435,0.0010758182889720764,0.2161650976248369,0.00023255436546223382,6.603675381158895e-10,0.7001400178468828,4.6234973992196057e-10,0.9951200835986052,1.000472613297141,0.995590390582366,3.2742411264331843e-06,1.022471617021742,3.3478186190632287e-06,0.0027431274049257845,0.691640762515135,0.0018972587300190322,0.10001119896716158,0.7055965160624798,0.07056755355846069,0.13660565956044285,0.6946923482645452,0.09489890642627105,0.027735639832226964,0.6473004874425253,0.017953293182930836,6.626455516584453e-05,1.0,6.626455516584453e-05,0.003964057438551879,0.6994332492309052,0.0027725935743842796,2.6311694251361457e-14,1.0,2.6311694251361457e-14,1.0,1.0,1.0,0.003822219935024294,0.13768147850978246,-14.909473471561013,-1.1778705781631398,9.335029382331701,-3.432781457253338,0.3500285061558992,-80.4742857836662,55.09062717467159,10.722914628373518,-3.8044137008333156,398.15,12.0,0.1
436,0.0009559917687515229,0.21163089541636526,0.00020231739403155964,7.458517541256967e-10,0.6955578523777146,5.187830442918211e-10,0.9951185459842141,1.0004801257750915,0.9955963280474127,4.115570139414465e-06,1.022468557381945,4.208041063251321e-06,0.002844275479197675,0.6889146608964015,0.0019594630772474158,0.10001138398506614,0.7017204723306771,0.07018003560844532,0.13658806808913454,0.6906220880007169,0.0943307367797022,0.027752830626625976,0.6432712015899272,0.017852596704711426,6.69693814428548e-05,1.0,6.69693814428548e-05,0.004067595206593516,0.6958103724055775,0.002830274935494977,2.669828307701866e-14,1.0,2.669828307701866e-14,1.0,1.0,1.0,0.003804382818088612,0.1375440606037379,-14.849575499132811,-1.1878709183315714,9.285014226672065,-3.325029785278388,0.4150971681255351,-79.5254914834844,54.623754083724805,10.678555973948951,-3.811642177710247,403.15,12.0,0.1
437,0.0008608237149605073,0.2049058522943174,0.00017638781698914332,8.363137356988076e-10,0.6909730025700078,5.778702130463443e-10,0.9951165021135007,1.0004879444284147,0.9956020636663306,5.147341270735426e-06,1.0224700915650002,5.2630025004051575e-06,0.002946999273675809,0.6861105635149821,0.0020219673323399524,0.10001157216446063,0.6977696831291048,0.0697850430184393,0.13659690544404546,0.6865780486967321,0.09378443679778475,0.02774360917209897,0.6391779132989165,0.0177331022180029,6.766282757330081e-05,1.0,6.766282757330081e-05,0.004173078240202769,0.6921189142518822,0.0028882663806972957,2.7087541973482828e-14,1.0,2.7087541973482828e-14,1.0,1.0,1.0,0.0038129703299070515,0.13745772999531972,-14.794201731647394,-1.1981188040048738,9.238169691141866,-3.2207069091863607,0.478236445015828,-78.60573127343115,54.171806664331015,10.636603468110144,-3.8187902594718297,408.15,12.0,0.1
438,0.0007693621809184437,0.20049837104539509,0.00015425586401808048,9.30741334487934e-10,0.686399619033172,6.388604974109431e-10,0.9951142862338522,1.0004957035843938,0.9956075679524198,6.406919937265303e-06,1.0224727649300485,6.5509011429411065e-06,0.003052335996453107,0.6833507113517234,0.0020858159744607018,0.10001176548516627,0.6938683711737169,0.06939500081540008,0.13661229688058496,0.6825423809990069,0.09324368238661766,0.027727829139222684,0.6351390893565523,0.01761102814931997,6.836922218229042e-05,1.0,6.836922218229042e-05,0.004281642828647366,0.6884804049077393,0.002947827188337456,2.748673264558052e-14,1.0,2.748673264558052e-14,1.0,1.0,1.0,0.003828105097308816,0.13738165999224472,-14.743396668593784,-1.2086313486409783,9.194593964719374,-3.1196840655296394,0.5395153099500799,-77.71391944727648,53.73429284521858,10.596970400844173,-3.8258575397401557,413.15,12.0,0.1
439,0.0006837827706958859,0.19784635718440124,0.0001352839302876378,1.028386551655808e-09,0.6818395449301017,7.01194618393233e-10,0.9951118664770637,1.0005034566206736,0.9956128621345525,7.936844174657454e-06,1.0224769187610243,8.115239976390135e-06,0.003160031375557237,0.6806134941985907,0.0021507599962951895,0.10001196355288594,0.6899951996448491,0.06900777475854691,0.13663620574538443,0.678521257833396,0.09271057018794093,0.027703533653346928,0.6311337171937496,0.01748463417403898,6.908144510707537e-05,1.0,6.908144510707537e-05,0.00439311265058908,0.6848729564898648,0.0030087240492019697,2.789416749411725e-14,1.0,2.789416749411725e-14,1.0,1.0,1.0,0.0038517509904277803,0.13731998954446686,-14.696998460061215,-1.2194087214985718,9.154161425737243,-3.0218960803615786,0.5989993866883301,-76.84908239269183,53.310800450372,10.55960356246245,-3.8328488705058263,418.15,12.0,0.1
440,0.0006207206569012169,0.19149584205111392,0.00011886542487181916,1.1288191702450275e-09,0.6772808653940887,7.645276244969888e-10,0.9951089862747917,1.0005115526721928,0.9956180369358437,9.785093055382822e-06,1.0224852471014456,1.0005113290643742e-05,0.0032689036513728078,0.6777862809086583,0.002215618048512708,0.10001216427485186,0.686036905625889,0.06861203570406747,0.13668413065197127,0.6745304303935433,0.09219760547664148,0.027655248471949168,0.6270531480908531,0.017341310615570475,6.97716850593293e-05,1.0,6.97716850593293e-05,0.004506374068814191,0.6811841743431227,0.0030696706993464523,2.830175379130387e-14,1.0,2.830175379130387e-14,1.0,1.0,1.0,0.0038994094013294076,0.13730485243769167,-14.654715906181194,-1.2304395890624826,9.116606817707698,-2.927313212465907,0.656751159556961,-76.01032733664407,52.900968090471025,10.524469001079343,-3.8397782497414905,423.15,12.0,0.1
441,0.0005612570959632377,0.18655963859423533,0.00010470792098135167,1.232191553879065e-09,0.6720331915177429,8.280736225145552e-10,0.9951058123312346,1.0005211483522933,0.9956244100856886,1.2011616633498615e-05,1.0224952921734265,1.2281821459144364e-05,0.0033836608024244894,0.6742875288878931,0.0022815602810616355,0.10001237616194537,0.681406312835949,0.06814906447847316,0.13674193208512872,0.6698550498343425,0.09159727373132819,0.027597171059340016,0.6223643654086876,0.01717549585342115,7.039598391121945e-05,1.0,7.039598391121945e-05,0.004626211101683917,0.6768294957834349,0.0031311561273404545,2.86806719175742e-14,1.0,2.86806719175742e-14,1.0,1.0,1.0,0.003956929515021226,0.13730319041328354,-14.616473341130725,-1.2417297727189966,9.081931049168736,-2.835696975435268,0.7128306658427157,-75.19659530531442,52.504241097517315,10.491430284645494,-3.847530561428225,428.15,12.0,0.1
442,0.0005085598490268205,0.18180962585643326,9.246107587717039e-05,1.3362207743587427e-09,0.6668105853822022,8.91006156750014e-10,0.9951024249288386,1.0005308154660144,0.9956306406862592,1.467671076857702e-05,1.022506928305664,1.500703844560834e-05,0.003500360259333943,0.6707918733990872,0.00234801321593033,0.10001259231842682,0.6767877245685882,0.06768729478339394,0.13680888637710784,0.6652088320352432,0.0910064795189582,0.02752995895671234,0.6176930310868263,0.017005063793667567,7.100913237073259e-05,1.0,7.100913237073259e-05,0.0047488564808018776,0.6724874981893528,0.0031935466140347495,2.9063490313899645e-14,1.0,2.9063490313899645e-14,1.0,1.0,1.0,0.004023596819129341,0.13731744756235542,-14.582262896850354,-1.2532906205426448,9.05011929502786,-2.7471406505141958,0.767293975248644,-74.40719898981854,52.120407815360515,10.460516924883082,-3.855222741816187,433.15,12.0,0.1
443,0.0004670199733516969,0.17519259063003662,8.181843900745448e-05,1.4399553928181392e-09,0.6616103204052459,9.526893488116717e-10,0.9950987610028919,1.0005406502256216,0.9956367613725436,1.7850781683763006e-05,1.022520839310139,1.82527962696234e-05,0.0036184751460159293,0.6672684314543377,0.002414494234938555,0.10001281190235806,0.6721503545804937,0.0672236469827622,0.13688892699747698,0.6605967565578182,0.09042838118321327,0.027449688157913134,0.6130094392459358,0.016826917945158136,7.160028296744577e-05,1.0,7.160028296744577e-05,0.004873913284441851,0.6681273091609486,0.003256394567817936,2.944720828622098e-14,1.0,2.944720828622098e-14,1.0,1.0,1.0,0.004103345901051389,0.1373559484107841,-14.551935930363031,-1.2651212106459258,9.02104869022292,-2.6616011053326725,0.820195111093611,-73.64135211424018,51.74913416301237,10.431691922502388,-3.862860548661896,438.15,12.0,0.1
444,0.0004217393062655382,0.1721493038915636,7.260212799732333e-05,1.5417115426462243e-09,0.6564442031134825,1.0120476050432595e-09,0.9950950542298784,1.0005503694432445,0.9956427241408503,2.1614029028897674e-05,1.0225345834589592,2.2101092169933724e-05,0.0037387743571825707,0.6638060528017123,0.002481821048357622,0.10001303647369796,0.6675841178543672,0.06676711472823031,0.13696800694906094,0.6560068499677909,0.08985195078501997,0.02737039146103148,0.6083989832635439,0.016652118336416735,7.218619919073979e-05,1.0,7.218619919073979e-05,0.005002327586329345,0.6638370260520121,0.003320730268246812,2.983758232388582e-14,1.0,2.983758232388582e-14,1.0,1.0,1.0,0.004182127692477007,0.13738974779703797,-14.525538893367978,-1.2772371860252096,8.994799058522561,-2.5790010015954974,0.8715855672494024,-72.8982693722518,51.39006385493064,10.40490212667216,-3.87043986128328,443.15,12.0,0.1
445,0.00038499837766942574,0.16767948770080404,6.455633073324995e-05,1.6407403163018846e-09,0.651302446402304,1.0686181819183073e-09,0.9950911206109495,1.0005602278665373,0.9956485983864597,2.6052839193240252e-05,1.022550119085772,2.6640333819570276e-05,0.003860158961528345,0.6603251897475569,0.0025489601987269367,0.10001326416801085,0.6630090680872243,0.06630970107239424,0.13705739174145973,0.6514496935621058,0.08928599585039543,0.027280822602121304,0.6037852110855649,0.01647175723340966,7.274457045641139e-05,1.0,7.274457045641139e-05,0.005133150895200714,0.6595374556713558,0.0033855052809978205,3.0228009094401223e-14,1.0,3.0228009094401223e-14,1.0,1.0,1.0,0.004271210178391011,0.13744239175986944,-14.50286101666746,-1.2896315012769535,8.971177440821636,-2.4993215841708225,0.9215145355669838,-72.17725710958888,51.04291069398995,10.380124617432333,-3.8779710375157355,448.15,12.0,0.1
446,0.00035773891488652854,0.1607312779895148,5.749983297629402e-05,1.7385966346520833e-09,0.6453707405558974,1.1220393976334067e-09,0.9950867679127369,1.0005720745699094,0.995656031747513,3.1273094711084777e-05,1.022568463430298,3.197888040542417e-05,0.003987421591791894,0.6560012143042939,0.0026157534061586425,0.10001350364646376,0.6575986942161409,0.06576874940189581,0.1371629331165775,0.6461161024404816,0.08862317974458751,0.0271752352074093,0.5984138441652147,0.01626203696655969,7.318426665321875e-05,1.0,7.318426665321875e-05,0.005271296579736122,0.6544061844887228,0.0034495690820535697,3.0571382219272806e-14,1.0,3.0571382219272806e-14,1.0,1.0,1.0,0.004376433601389507,0.13752067377006066,-14.48365319136716,-1.3022928272741754,8.949991893637437,-2.4223820428257823,0.9700296747011656,-71.47749072989451,50.70723858455485,10.357256935537901,-3.8865262435559638,453.15,12.0,0.1
447,0.00032946304786639054,0.1558173804914438,5.1336069087268104e-05,1.8312938681457786e-09,0.6394851339647482,1.1710852046000234e-09,0.9950823356252957,1.000583888605228,0.9956633528623311,3.737385546636036e-05,1.0225870333571427,3.821801998646405e-05,0.004116110656642604,0.6517215668870658,0.002682558086627667,0.10001374723595136,0.6522457797879042,0.06523354455542343,0.13726977048544461,0.6408207679532035,0.08796531973924263,0.0270683836790696,0.5931023948762798,0.016054323185486188,7.359886082354588e-05,1.0,7.359886082354588e-05,0.005412604649342129,0.6493297309448116,0.003514565120667962,3.0916206224788595e-14,1.0,3.0916206224788595e-14,1.0,1.0,1.0,0.004482947559975355,0.13759923536460486,-14.468095997815801,-1.315247907981258,8.931411505831612,-2.3482761099887117,1.0171750968997484,-70.79844947487564,50.38289327703417,10.336333166157706,-3.8950339215067906,458.15,12.0,0.1
448,0.000307495645288696,0.14933829208149804,4.592087448991198e-05,1.918010650304395e-09,0.633639928583311,1.2153281314809057e-09,0.9950777190866144,1.0005958191661146,0.9956706054634197,4.446766889150923e-05,1.0226069671224258,4.547294802015049e-05,0.004245338083438967,0.6474402269970683,0.002748602652421023,0.10001399351184385,0.6469041131052415,0.06469946377089271,0.13738445130007096,0.635570145542784,0.08731745570810164,0.026953733438935548,0.5878067291063747,0.01584358588994582,7.397313718709741e-05,1.0,7.397313718709741e-05,0.005556396893285905,0.6442623079243261,0.003579777086211933,3.1257943781431554e-14,1.0,3.1257943781431554e-14,1.0,1.0,1.0,0.004597301397619173,0.1376919488633703,-14.456043900792604,-1.3284942343273818,8.91530644926574,-2.276984498026517,1.062993678730546,-70.13952717098202,50.069618654687694,10.31733228250351,-3.9035006307543125,463.15,12.0,0.1
449,0.00028199837530054714,0.14600724679250832,4.117380637759334e-05,1.997193225155035e-09,0.6278435578348922,1.2539249001650811e-09,0.9950730720800408,1.0006076697151665,0.9956777478503215,5.267801241594896e-05,1.0226266486566857,5.386993929481718e-05,0.004375521061400211,0.6432156422180827,0.0028144035895472826,0.10001424346652009,0.6416325873796366,0.06417239781024019,0.13749767921281983,0.6303566542420681,0.08667257703464228,0.026840572310409597,0.5825825883329431,0.015636850088935943,7.431725134176859e-05,1.0,7.431725134176859e-05,0.005703347621082051,0.6392616724661665,0.0036459315389088445,3.160049047036235e-14,1.0,3.160049047036235e-14,1.0,1.0,1.0,0.004710197449116707,0.1377796795853136,-14.447526556559342,-1.3420449934052627,8.901728473410067,-2.2084599472410464,1.1075263831586282,-69.50011570357073,49.76713970446673,10.300219820928062,-3.9119223700933454,468.15,12.0,0.1
450,0.0002643017853194833,0.13991732268260085,3.698039818213363e-05,2.068410289560541e-09,0.622085917252656,1.2867289122361e-09,0.9950682320564266,1.0006196777649348,0.9956848537144249,6.213150767397795e-05,1.0226478458267023,6.353865248075882e-05,0.004505374124298438,0.6389775378940433,0.0028788328652357476,0.1000144949738374,0.6363605948954458,0.06364528351971874,0.13761962310366557,0.6251887992512989,0.08603824692159698,0.026718749190411256,0.5773628674908026,0.015426413648343405,7.460993124528228e-05,1.0,7.460993124528228e-05,0.005852403312889834,0.6342580885144785,0.0037119341384493076,3.1937116093520006e-14,1.0,3.1937116093520006e-14,1.0,1.0,1.0,0.0048318074172919,0.13788392695739538,-14.442367940513579,-1.3558941800405553,8.890512940524493,-2.1426956271458204,1.1508124477228538,-68.87967195181211,49.475230620081184,10.284982112196046,-3.920309632336325,473.15,12.0,0.1
