,mCO3-2,gCO3-2,aCO3-2,mH+,gH+,aH+,mH2O,gH2O,aH2O,mCO2(aq),gCO2(aq),aCO2(aq),mHCO3-,gHCO3-,aHCO3-,mCl-,gCl-,aCl-,mNa+,gNa+,aNa+,mNaCO3-,gNaCO3-,aNaCO3-,mNaHCO3,gNaHCO3,aNaHCO3,mOH-,gOH-,aOH-,mNaOH,gNaOH,aNaOH,mNaCl,gNaCl,aNaCl,mDIC,I,pE,Eh,pH,logSI_CO2g,logSI_H2Og,logSI_O2g,logSI_CH4g,logSI_H2g,logSI_NaCl,T,pH_bo,salt_lvl
0,1.6621597300939177e-05,0.31189787898230525,5.184240943460941e-06,1.4489604449013234e-07,0.7866217528870252,1.1397838050322428e-07,0.9951608444623334,1.0003414478917267,0.9955006400346041,0.008203563180193291,1.0213424016857484,0.008378646920839389,0.03007873293606099,0.7304146303558263,0.021969946599064604,0.09998928370705874,0.7660220330315115,0.07659399438664573,0.1301043231942386,0.7566940508290932,0.09844916734822597,3.1936371492665665e-06,0.7240678299358483,2.3124099202719536e-06,0.0015244384702474373,1.0,0.0015244384702474373,1.4615412229706094e-08,0.7602535165701649,1.1111418543756637e-08,9.998928370705856e-17,1.0,9.998928370705856e-17,1.0,1.0,1.0,0.03829891771355522,0.13012108968758404,-11.73462614016839,-0.6360027736851424,6.943177518124689,-2.906090398270745,-4.177821344686641,-113.56610502364416,64.68652620597501,7.561890444440834,-3.6966868034951843,273.15,7.0,0.1
1,1.7218387137840354e-05,0.3099479735334909,5.3368042008887394e-06,1.6671958553707255e-07,0.7844232607199433,1.3077872091286787e-07,0.995160139298045,1.0003406024570436,0.9954990932866418,0.008205397581260451,1.021349260239064,0.008380576749587764,0.030115805820279746,0.7301340998475481,0.0219885767737735,0.09998928041292876,0.7655762557180587,0.07654941891047302,0.13014382424484788,0.7562791601755205,0.09842506210192409,4.447387403415918e-06,0.7221989201423117,3.2118983802014974e-06,0.0014836793327915557,1.0,0.0014836793327915557,2.056954583966124e-08,0.7590646343843398,1.5613614792234352e-08,9.99892804129291e-17,1.0,9.99892804129291e-17,1.0,1.0,1.0,0.03833842178867804,0.13016120935157127,-11.64190470610923,-0.6425273984392704,6.883462914589097,-2.8226433301059575,-4.0258651751551175,-111.44054750316145,63.76533933220979,7.493992289554277,-3.6993025018377383,278.15,7.0,0.1
2,1.791731041817141e-05,0.3077778980606867,5.514552139405636e-06,1.8796467277599402e-07,0.7822306160409723,1.4703172177950566e-07,0.995159449219528,1.0003399840109386,0.995497787520597,0.008207780288744942,1.0213559719812135,0.008383065414619334,0.030151383306914588,0.7298541427064175,0.02200611201488073,0.09998927613514348,0.7650332097557172,0.07649511686281954,0.13018247943458855,0.7557912062075562,0.09839077315895806,6.144496103704808e-06,0.7203344515968563,4.426092231201225e-06,0.0014433214028147195,1.0,0.0014433214028147195,2.8840263212719073e-08,0.7578773912641343,2.1857383447026516e-08,9.99892761351432e-17,1.0,9.99892761351432e-17,1.0,1.0,1.0,0.0383770809060777,0.1302005847096795,-11.562036097912705,-0.6495901546372506,6.832588957037175,-2.7456583397303103,-3.8797594268197577,-109.40445895899879,62.88033221351388,7.432114793693086,-3.7023449311536414,283.15,7.0,0.1
3,1.889297702525587e-05,0.3024629149755853,5.714424903625657e-06,2.0804340472050813e-07,0.7800443476301399,1.622830819139619e-07,0.9951587845259281,1.0003395728716318,0.9954967134521192,0.008211023791661146,1.0213624367758471,0.008386431268275481,0.030184402078986143,0.7295740997575613,0.022021757973496578,0.0999892703122314,0.7644007337175854,0.07643187159055567,0.13021971202986243,0.7552375822135133,0.09834682046997328,8.421463022494669e-06,0.7184738218534448,6.050600723369203e-06,0.0014038041749875546,1.0,0.0014038041749875546,4.026497660236111e-08,0.7566909607911907,3.046814383147549e-08,9.998927031223138e-17,1.0,9.998927031223138e-17,1.0,1.0,1.0,0.038414318847672546,0.13023881305029242,-11.493876870306837,-0.6571639197842948,6.789726753213718,-2.6745661827620206,-3.739197961429465,-107.45267828436103,62.02978857952567,7.375790393886541,-3.7056963711423916,288.15,7.0,0.1
4,1.9744054436121212e-05,0.30057261483552783,5.9345220693199515e-06,2.2642807712606893e-07,0.7778646530238125,1.761303976485187e-07,0.9951581535170532,1.0003393439712462,0.9954958544368857,0.00821490076070116,1.0213685736364126,0.008390441472522029,0.030215024047032486,0.7292965257055484,0.022035712061610393,0.09998926335576008,0.7636894192422929,0.0763607424626251,0.1302550556572585,0.7546239808744896,0.0982935886291086,1.1450613675211415e-05,0.7166196073634093,8.205734276000088e-06,0.0013654222390181864,1.0,0.0013654222390181864,5.5959995580479455e-08,0.7555079189893326,4.227821980766035e-08,9.998926335576002e-17,1.0,9.998926335576002e-17,1.0,1.0,1.0,0.03844966886216977,0.13027502613977174,-11.4364316811234,-0.6652256484535392,6.754165684397578,-2.6088857809719843,-3.6038954433904187,-105.58043482434522,61.212064305124215,7.324596441206482,-3.70927429709021,293.15,7.0,0.1
5,2.0679566800334708e-05,0.2984681890456038,6.172192853143492e-06,2.427169046808146e-07,0.7756918872890918,1.8827353386882775e-07,0.995157561969213,1.0003392825174535,0.9954952015321007,0.008219834308268295,1.021374326347074,0.008395527729292095,0.030242294000119838,0.7290203685763493,0.022047248318561682,0.09998925450609236,0.7629053646033856,0.07628233866539111,0.1302881865449331,0.7539565322234025,0.09823162931709355,1.544423022041005e-05,0.7147708397658534,1.1039085404179653e-05,0.0013282860845592194,1.0,0.0013282860845592194,7.739180453252682e-08,0.7543271149824344,5.8378736636305534e-08,9.99892545060923e-17,1.0,9.99892545060923e-17,1.0,1.0,1.0,0.038482807875188464,0.13030910882863816,-11.388735594486937,-0.6737501440904278,6.725210725668762,-2.5481529774200213,-3.4735856876861297,-103.78326531950432,60.42555082317078,7.278126704408858,-3.713021182186476,298.15,7.0,0.1
6,2.15426814825097e-05,0.2978876288302761,6.417298305470711e-06,2.5694399944877936e-07,0.7729937631678364,1.9861610905730653e-07,0.9951569851105494,1.000340330288429,0.9954956671743243,0.008225904790247393,1.021379935680433,0.008401774105576252,0.030267675236634234,0.7282453121739009,0.022042292601480946,0.09998924362193208,0.7615325164553105,0.07614506031387303,0.1303204913847904,0.752721769482251,0.09809507087495589,2.063761906082465e-05,0.712438010272623,1.4703024260458281e-05,0.0012907735272930417,1.0,0.0012907735272930417,1.0648819769457575e-07,0.7526318539725471,8.014640965706361e-08,9.99892436219319e-17,1.0,9.99892436219319e-17,1.0,1.0,1.0,0.03851512270836414,0.1303422910102724,-11.349669769117995,-0.682699123227913,6.701985530307024,-2.4919663937130543,-3.3480197427770957,-102.0570427964311,59.66873977071191,7.236017935004712,-3.7174865278136684,303.15,7.0,0.1
7,2.2625873863303294e-05,0.2949896664569408,6.674398984232651e-06,2.6863265466172494e-07,0.7703063881275237,2.0692944994558174e-07,0.9951564599127324,1.000341517051003,0.9954963228122083,0.008233729762556855,1.0213850417469608,0.008409808417262327,0.03028818601845659,0.7274718238498993,0.022033801923951636,0.09998922959516031,0.760100592780092,0.07600187268690607,0.1303498974525882,0.7514448044941235,0.0979507532070892,2.735299373140924e-05,0.7101130776446033,1.9423718561404558e-05,0.0012546336191318725,1.0,0.0012546336191318725,1.4573016793361458e-07,0.7509401045775543,1.0943462754817308e-07,9.998922959516034e-17,1.0,9.998922959516034e-17,1.0,1.0,1.0,0.03854454165487675,0.13037279195910612,-11.318693249008962,-0.6920651963201182,6.684177696677472,-2.4399359473270734,-3.226965702160448,-100.39790636466391,58.94017800732464,7.197924119139844,-3.7220483828610673,308.15,7.0,0.1
8,2.3743428258657157e-05,0.29234506743952426,6.9412741355226285e-06,2.7768773963715703e-07,0.7676300363966762,2.1316144968458153e-07,0.9951559925145544,1.0003428263695644,0.9954971582306186,0.00824349595308006,1.0213895843365375,0.008419820904996371,0.030303478900873607,0.7267011699922115,0.02202157357209914,0.09998921209514028,0.7586166169969565,0.0758534778158065,0.13037605801223762,0.7501298744446037,0.09779897602730218,3.595952576429283e-05,0.7077973782250526,2.5452058058182685e-05,0.0012198434893622727,1.0,0.0012198434893622727,1.9832168169102208e-07,0.7492531513025178,1.4859314497861322e-07,9.998921209514013e-17,1.0,9.998921209514013e-17,1.0,1.0,1.0,0.03857071828221233,0.1304000791282359,-11.295107221525447,-0.701829018549252,6.671291334838174,-2.391729098480016,-3.1102062259271595,-98.80228864674979,58.238520085327146,7.163540919244791,-3.7266831696933673,313.15,7.0,0.1
9,2.5183517243254574e-05,0.28648440731306957,7.214685011492257e-06,2.8413424766723135e-07,0.7649651337106601,2.173527927585414e-07,0.9951555890391699,1.0003442496673343,0.9954981710196424,0.008255924829272163,1.0213935034636947,0.0084325479857032,0.030312199932830318,0.7259318327075936,0.0220045908506385,0.09998918982940312,0.7570841627636435,0.07570023206740868,0.13039862756602985,0.7487815934042277,0.09764009212661628,4.688657403276879e-05,0.7054895500667504,3.3077988018549443e-05,0.0011863175753350993,1.0,0.0011863175753350993,2.6832952487427775e-07,0.7475693938606722,2.0059494026518606e-07,9.998918982940341e-17,1.0,9.998918982940341e-17,1.0,1.0,1.0,0.038593308279345734,0.13042409521752082,-11.278228168602881,-0.7119694374218047,6.662834775202467,-2.347016215630899,-2.9975377741978204,-97.26684303330208,57.562473730223246,7.132577504568442,-3.731374293525678,318.15,7.0,0.1
10,2.6410516417004282e-05,0.2837015210884035,7.492703680234369e-06,2.880344205431374e-07,0.7623118911244314,2.195720638331688e-07,0.9951552578194792,1.0003457677606242,0.9954993504244489,0.008270991812842106,1.0213967170972793,0.008447963884775403,0.03031443688451485,0.7251671197104709,0.0219830328811885,0.09998916285155421,0.755511488703256,0.07554296128017003,0.1304171337306802,0.7474028870346896,0.09747414226909956,6.064006635888098e-05,0.703192941878819,4.264166665862828e-05,0.001154022403082792,1.0,0.001154022403082792,3.6092983874745823e-07,0.7458922179862089,2.6921475796074644e-07,9.998916285155446e-17,1.0,9.998916285155446e-17,1.0,1.0,1.0,0.03861183921377396,0.13044383228151774,-11.26750546874466,-0.7224711092639223,6.6584229160201165,-2.3055347642765356,-2.8887695524725046,-95.78849083588193,56.910863262873335,7.104787898528955,-3.7361076694122852,323.15,7.0,0.1
11,2.7703556941302693e-05,0.28017835237101124,7.761936938630676e-06,2.8993784626542654e-07,0.7591498415536577,2.201062700528074e-07,0.9951549791222813,1.0003483303352296,0.9955016217897643,0.008289452808226664,1.0213994164042155,0.008466842260632998,0.03031025687062718,0.7239092309715289,0.021941874741765222,0.09998912981141482,0.753385223573112,0.07533033291785365,0.13043267741681652,0.7454862584840141,0.09723576867151493,7.7690964909285e-05,0.7004258450737669,5.441675975118234e-05,0.0011213843223533372,1.0,0.0011213843223533372,4.825938288913145e-07,0.7437104814460908,3.5891008882767166e-07,9.998912981141493e-17,1.0,9.998912981141493e-17,1.0,1.0,1.0,0.03862741323579515,0.13046067091160407,-11.262090330028935,-0.733297090830636,6.657367585749468,-2.2670059777576554,-2.7837221311906584,-94.36432213832325,56.282545406402896,7.079928860852062,-3.7414646185741907,328.15,7.0,0.1
12,2.8784821455392715e-05,0.2789188793168294,8.028630141673164e-06,2.8965261797328614e-07,0.7560044068472705,2.1897865564265307e-07,0.9951547914262718,1.0003509660670395,0.9955040569895142,0.008311727231159959,1.0214012257150877,0.008489608381716258,0.03029735543543695,0.722657881781193,0.02189462270254478,0.0999890899678114,0.7512301663058811,0.07511482068529268,0.13044309508657168,0.7435483415395095,0.09699074701690091,9.872835311509305e-05,0.6976742304531455,6.888022778347892e-05,0.0010898768118571245,1.0,0.0010898768118571245,6.413399154490191e-07,0.7415384011778137,4.7557817551357945e-07,9.998908996781152e-17,1.0,9.998908996781152e-17,1.0,1.0,1.0,0.0386378674880523,0.13047216956064506,-11.261769234978853,-0.7444490647493984,6.6595982147871515,-2.231191544842934,-2.682227779083299,-92.99163790445056,55.6764613490185,7.057786113873771,-3.7468476036269736,333.15,7.0,0.1
13,3.0088860292449184e-05,0.27546025347835756,8.288285083032941e-06,2.8743175644204796e-07,0.7528761725384169,2.1640052065608344e-07,0.9951547043712956,1.0003536720344892,0.995506662760222,0.008338934151364063,1.0214020499670666,0.008517404436743634,0.030273633227503843,0.7214107099119369,0.02183972323826715,0.09998904132225782,0.7490475036205632,0.07489654179185054,0.13044783917364572,0.7415927732526207,0.09673917481759582,0.00012442738130689768,0.6949360039089308,8.646906714226828e-05,0.0010593696566352556,1.0,0.0010593696566352556,8.469537487001854e-07,0.7393735039943456,6.262151608976027e-07,9.998904132225798e-17,1.0,9.998904132225798e-17,1.0,1.0,1.0,0.038642656239160356,0.13047821546569463,-11.266029506092368,-0.7559077938173114,6.66474169865885,-2.197836916025986,-2.584128439989053,-91.66787990583539,55.09158005013515,7.03814632654566,-3.752253009692312,338.15,7.0,0.1
14,3.138258023629155e-05,0.27204801841829523,8.537568766136266e-06,2.8351113893442687e-07,0.74976574246837,2.1256693958122368e-07,0.9951547295433326,1.0003564354766685,0.9955094379937163,0.00837159077256991,1.0214017745094839,0.008550757670570128,0.03023814664785074,0.7201694319972176,0.021776588896031235,0.09998898296450764,0.74684242739145,0.07467601474961523,0.13044624935383117,0.7396220196137406,0.09648091839811822,0.0001555266964511145,0.6922130395841101,0.00010765760728690124,0.0010297833356250896,1.0,0.0010297833356250896,1.111395688058972e-06,0.7372175208303596,8.193403738123868e-07,9.998898296450732e-17,1.0,9.998898296450732e-17,1.0,1.0,1.0,0.03864112000065694,0.13047791544520643,-11.27445690275487,-0.7676587087087858,6.672504280141643,-2.166737754405996,-2.4892754069374825,-90.39068492683806,54.52696135123276,7.020829084921967,-3.757677181238048,343.15,7.0,0.1
15,3.299440273202879e-05,0.265857767556907,8.771818252210681e-06,2.7816269889992745e-07,0.7466738794865606,2.0769682151606096e-07,0.9951548781358512,1.0003592525549412,0.9955123900683837,0.008410792487662343,1.0214002883717592,0.008590785872333343,0.03018883445944082,0.7189324437911909,0.021703732533133503,0.0999889129468034,0.7446163369742086,0.07445337809648175,0.13043768641608294,0.7376391523415579,0.09621594444135334,0.00019277943495156068,0.6895040419053408,0.00013292219959532887,0.0010010013593218878,1.0,0.0010010013593218878,1.4489321220347708e-06,0.7350687781846706,1.0650647646166218e-06,9.998891294680333e-17,1.0,9.998891294680333e-17,1.0,1.0,1.0,0.038632621349835194,0.13047095898151387,-11.286617820177101,-0.7796842585287882,6.682570149630513,-2.1376768440898277,-2.397528640766614,-89.15781047808863,53.98169039143459,7.005654564964685,-3.7631191892056797,348.15,7.0,0.1
16,3.428605150842663e-05,0.26183167186658046,8.977174188155032e-06,2.7196307635707e-07,0.7430748927923805,2.020889338075157e-07,0.9951551349075262,1.000363093078544,0.9955164688490887,0.00845643178473776,1.021397736721411,0.008637380285670149,0.030127278264001585,0.7171965021028321,0.021607178588820622,0.09998883149414153,0.7418519739999108,0.07417691202187336,0.13042298638053476,0.7351251646527567,0.09587721933749487,0.0002366995442489278,0.6863274196533476,0.0001624533874374901,0.0009716740563502623,1.0,0.0009716740563502623,1.8769382022323935e-06,0.7324136330799246,1.3746951277635288e-06,9.99888314941416e-17,1.0,9.99888314941416e-17,1.0,1.0,1.0,0.03861799610024777,0.13045754439511958,-11.301937623891781,-0.7919552893473275,6.694457467374922,-2.110514837857123,-2.30875574531696,-87.967215314674,53.45496672930288,6.9924885856994905,-3.7691857878394535,353.15,7.0,0.1
17,3.523726998136857e-05,0.2599755940097592,9.160830194688554e-06,2.647685490757393e-07,0.7395004823903417,1.957964697633e-07,0.9951555397859617,1.000366961624899,0.9955207236798687,0.008509463161182554,1.02139372793918,0.00869151230096137,0.030050289830318218,0.7154715618693386,0.02150012779952408,0.09998873692309723,0.7390804660506016,0.07389972228493369,0.13039989371113342,0.732605765724474,0.09553171398263494,0.0002882416804307163,0.6831738327688113,0.0001969191735835752,0.0009431000905133855,1.0,0.0009431000905133855,2.415505873596026e-06,0.729773801059868,1.7627729028566095e-06,9.998873692309731e-17,1.0,9.998873692309731e-17,1.0,1.0,1.0,0.038594990261482144,0.1304353957496639,-11.320346734843756,-0.8044762584149769,6.708195142850245,-2.0850720608001074,-2.222832641842844,-86.81693189172452,52.9459813228085,6.981181603512943,-3.775268077193352,358.15,7.0,0.1
18,3.639144296504804e-05,0.2560499672297137,9.318027778642538e-06,2.5682166171914583e-07,0.7359513291326717,1.8900824329226666e-07,0.9951561025161818,1.0003708600838093,0.9955251661917643,0.008571128177025315,1.0213881636851525,0.008754448869441957,0.029955519644208423,0.7137545961130144,0.021380889825007448,0.09998862703871166,0.7363010914235356,0.07362173521854425,0.13036784182323258,0.730083562193052,0.09517941835372601,0.00034808121951232095,0.6800406570874136,0.00023670938123694697,0.0009151677808652617,1.0,0.0009151677808652617,3.087856531831139e-06,0.727146198434073,2.2453231384308338e-06,9.998862703871137e-17,1.0,9.998862703871137e-17,1.0,1.0,1.0,0.03856303926419879,0.13040449008785937,-11.34148706370281,-0.8172305577536182,6.723519254354403,-2.0611679962419953,-2.139641800872034,-85.70509730383148,52.453956283433826,6.971589095425455,-3.7813682587862316,363.15,7.0,0.1
19,3.785417158864137e-05,0.2495198314068902,9.445366512845285e-06,2.4831948299507484e-07,0.7324281514482228,1.818761798986612e-07,0.9951568324372282,1.0003747834817298,0.9955298007797563,0.00864217729360108,1.0213809487417085,0.008826955243332319,0.029841564238378995,0.7120452983743424,0.021248545512073676,0.09998850053724344,0.7335158201777134,0.07334314697991588,0.13032628211497002,0.7275604342487588,0.09482024640959386,0.00041683652160366864,0.6769278859376663,0.0002821682653507817,0.00088780565283416,1.0,0.00088780565283416,3.920794049582014e-06,0.7245305547883334,2.840735087954454e-06,9.998850053724378e-17,1.0,9.998850053724378e-17,1.0,1.0,1.0,0.038521595703568716,0.13036438460604163,-11.365072259408901,-0.8302053987310463,6.74022417623048,-2.0386603335730378,-2.0590721881821326,-84.62998451348008,51.978180967973834,6.963590106415386,-3.7874877368965834,368.15,7.0,0.1
20,3.885637078521218e-05,0.2455697339359979,9.541948635443042e-06,2.393982796761398e-07,0.7289313493421852,1.745049110345265e-07,0.9951577395871669,1.0003787150610317,0.9955346208112509,0.008722479590947413,1.0213719799525733,0.008908896249901873,0.029708729061082823,0.7103483920501249,0.021103547918392997,0.09998835771068153,0.7307317296908072,0.07306466557886945,0.13027462029765946,0.7250366514692963,0.09445387447204905,0.0004951147121751693,0.6738402925229601,0.0003336282424845373,0.0008610012540276894,1.0,0.0008610012540276894,4.945470429161824e-06,0.7219317429351568,3.5702920865590737e-06,9.998835771068138e-17,1.0,9.998835771068138e-17,1.0,1.0,1.0,0.03847006502281545,0.13031371606672434,-11.390921526658152,-0.8433946718000468,6.758192346325528,-2.0174627517832384,-1.9810188278000296,-83.59001297369812,51.51802776790302,6.957095636401996,-3.793626338881913,373.15,7.0,0.1
21,3.9455342810304944e-05,0.24315059145177864,9.59358994025832e-06,2.3051738731987376e-07,0.7249118852803974,1.6710479383196122e-07,0.9951587960999841,1.000383705226861,0.9955406437316044,0.008811831036812483,1.021361522156773,0.009000065160747094,0.029558685499100724,0.7081276939044576,0.02093132379732533,0.09998819899114944,0.7274003838139886,0.07273145432303157,0.13021438142484076,0.72196672582699,0.09401045061287912,0.0005826190574743966,0.6702701745300389,0.0003905121773378905,0.0008335268335321204,1.0,0.0008335268335321204,6.197708882926846e-06,0.7188058380492903,4.454949327577764e-06,9.998819899114974e-17,1.0,9.998819899114974e-17,1.0,1.0,1.0,0.03840997187872351,0.1302540672850384,-11.418565595104706,-0.8567699047753838,6.777011091070673,-1.997502016350545,-1.9053819465974353,-82.58369915988091,51.072908233573905,6.9520271828696805,-3.8004368117487624,378.15,7.0,0.1
22,4.0214342216666786e-05,0.2389752452814956,9.610232295061943e-06,2.214768727578018e-07,0.7209254254127986,1.596683087120146e-07,0.99516003560936,1.0003887032168437,0.9955468575164756,0.00891155184563522,1.021349242112307,0.00910180672358406,0.029387632533354864,0.7059189841360675,0.020745287704109914,0.09998802206860283,0.7240751809103013,0.0723988451681868,0.13014364582545496,0.7189036762718619,0.09356074542734276,0.0006800685103306674,0.666727459441862,0.0004534203501391777,0.0008065800684947091,1.0,0.0008065800684947091,7.715505606026e-06,0.715697836240519,5.521970667734401e-06,9.998802206860264e-17,1.0,9.998802206860264e-17,1.0,1.0,1.0,0.03833939872120675,0.1301840816445444,-11.448034720450769,-0.8703387397567958,6.796781274952907,-1.9786393450034696,-1.8320679341663324,-81.60957190923183,50.64219000838541,6.948275675250908,-3.8072708286606654,383.15,7.0,0.1
23,4.127501242216167e-05,0.2323765940943886,9.591346807865507e-06,2.1237670140400917e-07,0.716972228323202,1.522681968495638e-07,0.99516145785776,1.0003937073516442,0.9955532602397917,0.009021883378045461,1.0213351350194457,0.009214366478045757,0.02919515944447166,0.7037214763270431,0.02054526070586701,0.0999878265855936,0.7207570723746182,0.07206693316293346,0.13006238545598428,0.7158485986781312,0.09310497636940131,0.000787519962479012,0.6632115685349668,0.0005222923495683036,0.0007801316401317912,1.0,0.0007801316401317912,9.541815297096039e-06,0.7126070666929671,6.7995650097896944e-06,9.99878265855939e-17,1.0,9.99878265855939e-17,1.0,1.0,1.0,0.03825831783493928,0.13010387284510785,-11.47916466818597,-0.8840939598057956,6.817390795121213,-1.9607988915627939,-1.760987673413951,-80.6662953651822,50.22532629733179,6.9457666626958705,-3.8141303118585337,388.15,7.0,0.1
24,4.1765168715000525e-05,0.22840401098774105,9.539332054085842e-06,2.0326435450789345e-07,0.7130522328190002,1.4493810183436625e-07,0.9951630636447945,1.0003987015492952,0.995559836700071,0.00914207265229089,1.0213191843300773,0.009336974184324038,0.02898279441155632,0.7015402524230017,0.020332596907407186,0.09998761398672648,0.7174529910708051,0.07173641272480999,0.12997050465543722,0.7128009110545086,0.09264309412860987,0.0009050436823977637,0.6597274338592468,0.0005970821461187997,0.0007542088427218318,1.0,0.0007542088427218318,1.1725501681149079e-05,0.709538811795887,8.31969853055319e-06,9.998761398672681e-17,1.0,9.998761398672681e-17,1.0,1.0,1.0,0.03816663223256221,0.13001247308850672,-11.511897180162684,-0.8980359633813806,6.838817430669586,-1.9439601849986397,-1.692056669825516,-79.75265631687004,49.82184583686633,6.944455738771156,-3.821015062075297,393.15,7.0,0.1
25,4.1763684871948676e-05,0.22639843581401445,9.4552329288386e-06,1.9420528356702456e-07,0.7091654624214357,1.3772367972549504e-07,0.9951648480231425,1.000403684242165,0.995566580390646,0.009272038970086063,1.0213014291133324,0.009469546650943406,0.028750763580507425,0.6993747645674812,0.02010755851025269,0.09998738451188205,0.7141638899536186,0.07140737946929389,0.1298682279654505,0.7097613327717679,0.09217544656546592,0.0010324276935660844,0.6562746009475745,0.0006775560726023064,0.0007287994269421593,1.0,0.0007287994269421593,1.431901503466307e-05,0.7064926534683886,1.0116278926892867e-05,9.998738451188209e-17,1.0,9.998738451188209e-17,1.0,1.0,1.0,0.03806456623546544,0.12991018585560607,-11.546121747279878,-0.9121607898462332,6.860991382256005,-1.9280760299188178,-1.6251947486297138,-78.86747739715432,49.431269319411136,6.944287180331967,-3.8279268649680622,398.15,7.0,0.1
26,4.205480113142898e-05,0.221799415742909,9.327730320135166e-06,1.855266720317209e-07,0.7047183881512247,1.3074405727325523e-07,0.9951667550932823,1.0004098346724888,0.9955746089344277,0.009410663631213467,1.0212824023665978,0.009610945161149659,0.028502468987532868,0.6966347713784764,0.019855810966852072,0.0999871402853152,0.7102897086582779,0.07101983674283091,0.12975862491264303,0.7061377186111252,0.09162745936593046,0.0011677088154502292,0.6522996901968842,0.0007616960985583553,0.0007027998432058059,1.0,0.0007027998432058059,1.738274875388795e-05,0.7028734957967352,1.2217873383201556e-05,1.091125264185158e-16,1.0,1.091125264185158e-16,1.0,1.0,1.0,0.037955187419877766,0.12980086524044648,-11.581478425934197,-0.9264440868531992,6.883578042055997,-1.9131526289945264,-1.5603252968146244,-78.0096928607828,49.0531890647251,6.945234197657979,-3.8355900424499114,403.15,7.0,0.1
27,4.266605969274131e-05,0.21497177181236743,9.171998448400825e-06,1.7697119055084882e-07,0.7003109459369816,1.2393486185825886e-07,0.9951688159912933,1.0004159823072316,0.9955827886114543,0.009558664270837531,1.0212617913255886,0.009761898595915438,0.028235364579027263,0.6939094273130827,0.019592785665008907,0.09998688012011259,0.7064338851660996,0.07063412018888818,0.12963989353100544,0.7025297562756254,0.09107588280593527,0.0013115181564211055,0.6483572627429771,0.0008503323219349038,0.0006773793866262775,1.0,0.0006773793866262775,2.097552724953966e-05,0.6992770705563454,1.4667705248432904e-05,1.3000032348960898e-16,1.0,1.3000032348960898e-16,1.0,1.0,1.0,0.03783669490955754,0.12968273656188875,-11.618151809761656,-0.9409041733750007,6.906806512969793,-1.8991151808734297,-1.4973764841643138,-77.17821016077346,48.68713030896826,6.94722998260115,-3.8432843558908405,408.15,7.0,0.1
28,4.268022239590378e-05,0.2107005753946102,8.992747416786864e-06,1.6854285622859906e-07,0.6959425620559504,1.1729614717995903e-07,0.9951710230247469,1.0004221119530046,0.9955910966088494,0.00971479437874546,1.0212396583081829,0.00992113329188427,0.027951970465282847,0.6912038348988355,0.019320509178582496,0.09998660638701509,0.7026028944989196,0.07025087905864096,0.12951239235915885,0.6989363842608923,0.0905209232324885,0.001463456856044575,0.6444520015984164,0.0009431277001308519,0.0006525815000036768,1.0,0.0006525815000036768,2.5166748880784278e-05,0.6957086482385472,1.7508724844409388e-05,1.5397613589623347e-16,1.0,1.5397613589623347e-16,1.0,1.0,1.0,0.03770944506642421,0.12955524112441102,-11.656162033606591,-0.9555466189596463,6.930716252896951,-1.8859831650445722,-1.436279563374091,-76.37208150194385,48.33272810839007,6.950256554853689,-3.851009655002128,413.15,7.0,0.1
29,4.258883817273873e-05,0.2064457717117762,8.792285562878992e-06,1.602756625541809e-07,0.6916125588492418,1.1084866110035461e-07,0.9951733602157984,1.0004282312158825,0.9955995245138574,0.009878803148014021,1.021216146475929,0.010088393282609152,0.027652869467763196,0.6885146295975468,0.01903940517890629,0.09998631966524857,0.698794360294536,0.06986987628868235,0.12937694549239315,0.6953583201356736,0.08996333548187509,0.0016227118455969807,0.6405805587911796,0.00103947766080958,0.00062839591929994,1.0,0.00062839591929994,3.002711310145373e-05,0.6921649645758386,2.0783715676182414e-05,1.813226160793273e-16,1.0,1.813226160793273e-16,1.0,1.0,1.0,0.03757426145394995,0.1294196946062284,-11.695442386438968,-0.9703698674639682,6.955269548198924,-1.8737326188320773,-1.3769691319344144,-75.59036264677889,47.989587382830116,6.954275170883232,-3.8587688974313044,418.15,7.0,0.1
30,4.284444370841484e-05,0.20010215895748368,8.573265685386183e-06,1.5219462490601967e-07,0.6873201260274909,1.0460642877111223e-07,0.9951758099571986,1.0004343476821544,0.9956080622635897,0.01005031220734007,1.021191414084584,0.010263292535005158,0.027338897769208864,0.6858386243079667,0.018750072036130345,0.09998602077104621,0.6950060035399132,0.06949088470594358,0.12923446402825722,0.6917961380205115,0.08940390311389908,0.0017883774864312844,0.6367397210733186,0.0011387309818840588,0.0006048182601518786,1.0,0.0006048182601518786,3.563130877899153e-05,0.688642938061567,2.4537249164543655e-05,2.1232316361014055e-16,1.0,2.1232316361014055e-16,1.0,1.0,1.0,0.03743205442025735,0.12927746066659057,-11.735942169398594,-0.9853734424210219,6.98044162432128,-1.862347817838678,-1.319382938011138,-74.83216135710886,47.65733333089166,6.959251913743646,-3.8665651752245163,423.15,7.0,0.1
31,4.264732544556257e-05,0.195318034030353,8.32979176267993e-06,1.4451141176829528e-07,0.6824019090014061,9.861486326317292e-08,0.9951782994940814,1.0004417891179633,0.9956179584372311,0.010225617336363768,1.0211661494418678,0.010442054281040595,0.027018517845671296,0.6825191993503001,0.01844065716765937,0.09998571656383747,0.6905748277568367,0.06904761899421595,0.12908891280688753,0.6875828740960915,0.0887593256816995,0.0019574457325714834,0.6323199015506408,0.0012377318929103222,0.0005809007585681097,1.0,0.0005809007585681097,4.2082525327903134e-05,0.6844844364699361,2.8804833634301608e-05,2.4693369051087996e-16,1.0,2.4693369051087996e-16,1.0,1.0,1.0,0.037286782507480624,0.12913170464374488,-11.777497439733454,-1.0005470456327903,7.006057623124687,-1.8519559364544118,-1.2634611436324432,-74.09676902209303,47.3357459511051,6.9652253335596495,-3.8752284701819057,428.15,7.0,0.1
32,4.200006302746274e-05,0.1923047649787757,8.076812249589996e-06,1.369951156054429e-07,0.6775288113870143,9.281813784198238e-08,0.9951808706399521,1.0004492118008461,0.99562791763102,0.010406126591136055,1.021139933245606,0.010626111412618,0.026687905475122058,0.6792230692528148,0.018127041068741405,0.09998540464356198,0.6861777957242448,0.06860776456291602,0.12893787603832832,0.6833925263228487,0.08811518084453548,0.002131246152650483,0.6279419967331841,0.0013382989646252602,0.0005577264762862694,1.0,0.0005577264762862694,4.9456636054453636e-05,0.6803594511054053,3.364828975952785e-05,2.857129569167139e-16,1.0,2.857129569167139e-16,1.0,1.0,1.0,0.037136032129285575,0.12898001309647136,-11.820313525728688,-1.0159114657622095,7.032367148835152,-1.8424628992537277,-1.2091478092612555,-73.383293658552,47.02439133506812,6.9721224747399155,-3.8839314824321085,433.15,7.0,0.1
33,4.209141627974588e-05,0.1856843978669078,7.815719287269973e-06,1.2967667353935697e-07,0.6726994503402851,8.723342701188203e-08,0.9951834991570274,1.0004566374647788,0.9956379372270722,0.010591874067435551,1.021112986574022,0.010815500162415054,0.026347110871829078,0.6759423472858412,0.017809127966904457,0.09998508510231338,0.6818074950216894,0.0681705804131387,0.1287826268770078,0.6792262336254103,0.08747253861005656,0.002308538892501332,0.6235982350280708,0.0014396007788574875,0.0005352622342828043,1.0,0.0005352622342828043,5.783885447807874e-05,0.6762601294900379,3.9114111218901004e-05,3.2889731225687644e-16,1.0,3.2889731225687644e-16,1.0,1.0,1.0,0.03698107635554438,0.1288248479699611,-11.86430943764131,-1.0314634142876,7.059317065697798,-1.8338371423891167,-1.1563890578305125,-72.69094097887967,46.72290751738668,6.979902185898017,-3.8926803116835402,438.15,7.0,0.1
34,4.1642494635768283e-05,0.18133297888066743,7.551157600326078e-06,1.2254581668431655e-07,0.6679130492277089,8.184995009172172e-08,0.9951861770408079,1.0004640450464573,0.9956479882565663,0.010781309832961522,1.0210853687994286,0.011008637726930419,0.02599930200376794,0.6726842915608627,0.017489322049481552,0.09998476091737625,0.6774719061668671,0.06773686656633336,0.12862350720163543,0.6750824039054201,0.08683146644042615,0.0024889500107311588,0.6192950375619062,0.0015413943903854598,0.0005135440147191587,1.0,0.0005135440147191587,6.733182630521533e-05,0.6721937383744928,4.526003203568473e-05,3.767935350834187e-16,1.0,3.767935350834187e-16,1.0,1.0,1.0,0.03682225433136523,0.1286652722420879,-11.909548353369333,-1.0472119580109864,7.086981581064458,-1.826113035622084,-1.105133498728872,-72.0190152537714,46.43100545198672,6.9885560014536905,-3.9014767857608046,443.15,7.0,0.1
35,4.115308405975635e-05,0.17702179052228942,7.284992625772359e-06,1.1562029315899423e-07,0.6631684425554394,7.66757297420535e-08,0.9951888848547569,1.000471444074904,0.9956580607579321,0.010974056873914414,1.0210572521812733,0.01120514035696007,0.025645347446322124,0.669445318782571,0.01716815779649291,0.09998443294103,0.6731678345541147,0.06730630421203426,0.12846150914228163,0.6709614687101876,0.08619272284683249,0.00267150660130839,0.6150286362726968,0.001643053061796206,0.0004925537155486022,1.0,0.0004925537155486022,7.803160579478994e-05,0.6681566910432452,5.2137339524637726e-05,4.296328684222776e-16,1.0,4.296328684222776e-16,1.0,1.0,1.0,0.036660557404296294,0.12850277784663458,-11.955988504445271,-1.06315708235207,7.11534208203685,-1.819275718675895,-1.0553320665749584,-71.36680170001617,46.14835253605557,6.998050310504034,-3.9103270488739024,448.15,7.0,0.1
36,4.119862821772015e-05,0.170137033363307,7.009412383600736e-06,1.0909895933040462e-07,0.6576938410762024,7.17537136194302e-08,0.9951915178797968,1.000480454080519,0.9956696617054599,0.011166101548611126,1.0210296265745582,0.011400920494472019,0.025294381457923273,0.6654442145706277,0.016831999802317605,0.09998410868434923,0.6681116517353206,0.06680054800038439,0.12830233565567264,0.6660863138769673,0.08546042981869238,0.002851463691308146,0.6100806897254727,0.0017396229355204167,0.0004713432410039872,1.0,0.0004713432410039872,9.009366461586831e-05,0.6633704366645738,5.976547363694023e-05,4.868130623415638e-16,1.0,4.868130623415638e-16,1.0,1.0,1.0,0.03650168163475212,0.12834364338284968,-12.00339947827406,-1.0792816451018141,7.144155617065185,-1.813451787130803,-1.0069372355956476,-70.73375480454263,45.87476316895241,7.00842206256514,-3.9202358071039782,453.15,7.0,0.1
37,4.040137490595645e-05,0.16679165117989497,6.738612030502454e-06,1.0276484062321264e-07,0.6522713936408664,6.703056581058453e-08,0.9951941522753319,1.0004894389538745,0.9956812390601237,0.011359434446062373,1.0210017386425598,0.011598002319425873,0.024941454155755508,0.6614750371461879,0.016498149314158314,0.0999837846993846,0.6631029575319767,0.06629954333940233,0.12814164653005627,0.6612440629928573,0.08473290299012896,0.003032112924424706,0.6051833581288282,0.001834984281829165,0.00045095662005342296,1.0,0.00045095662005342296,0.00010359476552019058,0.6586280498622359,6.823041839049875e-05,5.492102675272328e-16,1.0,5.492102675272328e-16,1.0,1.0,1.0,0.03634128997672383,0.12818215066980287,-12.052038301523742,-1.0956119012053922,7.173727114674936,-1.80852950069112,-0.9599048917895009,-70.1191162322549,45.609813423711785,7.0195865561580835,-3.9302086583000033,458.15,7.0,0.1
38,4.0375829252488304e-05,0.1603053075139036,6.472459724449006e-06,9.66455753175267e-08,0.6468992633414925,6.25199514781227e-08,0.9951967611953958,1.0004984294440777,0.9956927965638263,0.011554403749005902,1.0209738336177072,0.01179674389078936,0.024586016033517937,0.6575271933758399,0.01616597411881245,0.09998346052542054,0.6581311676639086,0.06580223162267333,0.1279808545239905,0.6564360634699693,0.08401124834325112,0.0032120955866111276,0.600326241936688,0.0019283052722516801,0.00043133920167220924,1.0,0.00043133920167220924,0.00011862736551119148,0.653918894515657,7.75726757143831e-05,6.168776577476545e-16,1.0,6.168776577476545e-16,1.0,1.0,1.0,0.036180795611776326,0.12802132699881827,-12.101798735671599,-1.1121417419359545,7.20398136770966,-1.804464826876088,-0.9141922039522138,-69.52221860334542,45.35314942519941,7.031492116002451,-3.9402572959545243,463.15,7.0,0.1
39,3.988690940648493e-05,0.15578108190346224,6.213625901127606e-06,9.07367358351999e-08,0.6415767152264362,5.8214576927516515e-08,0.9951993406984653,1.000507404556157,0.9957043093782202,0.011749791090346559,1.0209459286066833,0.011995901375668397,0.024230617024706386,0.6536077038197602,0.015837317955654327,0.09998313857153464,0.6532035266402486,0.06530933871948709,0.12782005833392537,0.6516607898215889,0.08329532016892739,0.003391309370341901,0.5955154129531087,0.002019577000130904,0.0004124977683913258,1.0,0.0004124977683913258,0.0001353102852653589,0.6492498333444775,8.785018015832792e-05,6.899713766996024e-16,1.0,6.899713766996024e-16,1.0,1.0,1.0,0.03602029502445943,0.12786003598006768,-12.152713894907485,-1.1288775815776206,7.234968254413402,-1.80127332389817,-0.8697582058340654,-68.94247511339758,45.10447596947791,7.044114936848792,-3.9503893759101993,468.15,7.0,0.1
40,3.937235550888101e-05,0.15144598376137863,5.962785113045218e-06,8.505056492885993e-08,0.6363024408666494,5.411788206132111e-08,0.9952018744181546,1.000516373492147,0.9957157702854391,0.011945351058977356,1.020918165226558,0.012195225886118278,0.023875880237765816,0.6497133258476189,0.015512477556818267,0.09998281946062453,0.648316798695083,0.06482054143722052,0.12766007396925502,0.6469184410747237,0.08258565603967437,0.003568970749812739,0.5907473517643452,0.0021083600189762855,0.000394400656641344,1.0,0.000394400656641344,0.0001537438605991672,0.6446175164932962,9.910598559552678e-05,7.685009801455071e-16,1.0,7.685009801455071e-16,1.0,1.0,1.0,0.035860603652252056,0.12769953137532883,-12.204728058602601,-1.1458176257382116,7.2666592081401875,-1.7989325059521664,-0.8265636735823927,-68.37927960468389,44.863456804407875,7.057409817326681,-3.9606173791662247,473.15,7.0,0.1
41,5.251112128694642e-05,0.31183131572484707,1.6374612041095535e-05,4.58131203087167e-08,0.786559482002869,3.603474417895935e-08,0.9952599433373189,1.0003443589176175,0.9956026699741547,0.0025896326664981966,1.0213509092077202,0.002644923678441945,0.03003941366990541,0.7303354013461227,0.021938847238812568,0.09999939782124319,0.7659904893868467,0.07659858767548404,0.13015391643925814,0.7559525000606092,0.09839017852493681,1.0082280809433324e-05,0.7239883492711875,7.2994538401102e-06,0.0015213684441793022,1.0,0.0015213684441793022,4.623784650809198e-08,0.7601817788976036,3.5149168410915694e-08,9.999939782124318e-17,1.0,9.999939782124318e-17,1.0,1.0,1.0,0.03268155745769055,0.13020647337366537,-12.359939619575977,-0.6698940202042433,7.443278556775363,-3.406851143143627,-4.177776835655339,-114.06686576851703,65.1873759689105,7.812315325908576,-3.6969210587208385,273.15,7.5,0.1
42,5.4262925449079013e-05,0.30988258185063744,1.6815135436929254e-05,5.2830025883430637e-08,0.7843615216951375,4.143783949312109e-08,0.995259280676648,1.0003435078755512,0.9956011600777758,0.0025953193156314377,1.021357354900253,0.0026507484713348597,0.03006910767598901,0.7300551998880767,0.021952108414850256,0.09999938760985333,0.7655439907952165,0.07655393026792484,0.13019103894529452,0.7555406533289709,0.0983646226223053,1.4005707808169776e-05,0.7221194911943428,1.01137945962522e-05,0.0014803090641568744,1.0,0.0014803090641568744,6.493077181678674e-08,0.7589923559891302,4.9281959477415524e-08,9.999938760985323e-17,1.0,9.999938760985323e-17,1.0,1.0,1.0,0.03271868991706953,0.13024535470076953,-12.266043297265194,-0.6769741797319011,7.382602896136276,-3.322548718197412,-4.025820649979513,-111.94045289125295,64.26533377065246,7.743989508775607,-3.6995436752849082,278.15,7.5,0.1
43,5.6287540028133775e-05,0.3077145223755611,1.7320493495452463e-05,5.973150363934161e-08,0.7821699643910519,4.6720188074607805e-08,0.9952586479073574,1.000342881821541,0.9955999040054564,0.002602645779163435,1.021363509289259,0.0026582474264432434,0.030095213808839075,0.7297757711901739,0.021962757866478704,0.09999937445706725,0.7650000893037157,0.07649953038997213,0.13022648333584763,0.7550565297836461,0.09832835659349293,1.92889410182892e-05,0.7202553565149925,1.3892963089924556e-05,0.001439564119994755,1.0,0.001439564119994755,9.07803704121207e-08,0.7578045842166847,6.879378085519384e-08,9.99993744570674e-17,1.0,9.99993744570674e-17,1.0,1.0,1.0,0.032754147128030646,0.13028283060737939,-12.184666695015764,-0.6845714245821763,7.3304954176165475,-3.244465792691658,-3.8797148799086605,-109.90326641196013,63.37922876029742,7.6815630670848565,-3.702595467080599,283.15,7.5,0.1
44,5.910063425773202e-05,0.30240639296051897,1.7872409627559606e-05,6.636459154903782e-08,0.7799857268112776,5.1763434173909785e-08,0.9952580590123633,1.0003424653627409,0.9955989004245638,0.0026125228072710373,1.0213692363076272,0.0026683504244986783,0.030115523529379056,0.7294944335920148,0.021969106779391366,0.09999935672653336,0.7643643951410405,0.07643594781876979,0.13025946589625112,0.7545083076751533,0.09828184917204977,2.632447649342852e-05,0.7183933887208377,1.8911329874416136e-05,0.001399522675456911,1.0,0.001399522675456911,1.2625992136137292e-07,0.7566154857517069,9.553021173180754e-08,9.999935672653306e-17,1.0,9.999935672653306e-17,1.0,1.0,1.0,0.03278714697090782,0.1303186328951004,-12.114482906849078,-0.6926471514404041,7.285976918712927,-3.1719005115301715,-3.7391533837226127,-107.95001261312918,62.52721206370753,7.624502135977467,-3.705960214883731,288.15,7.5,0.1
45,6.145582075498284e-05,0.3005197336176173,1.8468686882539498e-05,7.255341659280252e-08,0.7778089633831687,5.6432697749955017e-08,0.9952575291352711,1.000342220980364,0.9955981271426065,0.0026242094568063278,1.0213743877239252,0.002680300327204897,0.03013116927926161,0.729218820968069,0.021972215736212455,0.09999933575911785,0.7636528352360331,0.07636477627417039,0.13028913304460857,0.753900424528209,0.09822503271374271,3.561422777798056e-05,0.7165412176306468,2.551906213700941e-05,0.0013605381646304708,1.0,0.0013605381646304708,1.7469035779815397e-07,0.7554328681405574,1.3196683802795966e-07,9.999933575911748e-17,1.0,9.999933575911748e-17,1.0,1.0,1.0,0.03281683455682292,0.13035066141878018,-12.054657830404254,-0.7011861562861617,7.248469187902665,-3.1044871339152387,-3.603850828246991,-106.07603617728847,61.70775488835431,7.572441732821537,-3.70955436479061,293.15,7.5,0.1
46,6.396810834909304e-05,0.29842057463088034,1.9089399651586767e-05,7.82088316669049e-08,0.7756405255705894,6.066193929837994e-08,0.9952570694399305,1.0003421389742044,0.9955975856727385,0.0026389021664741767,1.021378854713687,0.002695318872494863,0.030139714883667495,0.7289454902748999,0.021970209242620695,0.09999930940683624,0.7628688602899176,0.07628635919697199,0.13031485795993134,0.7532399438540927,0.0981583562930927,4.7735416052025374e-05,0.7146955775914209,3.411629074686905e-05,0.001322657358726054,1.0,0.001322657358726054,2.402455089789858e-07,0.7542530278271037,1.812059025692636e-07,9.999930940683622e-17,1.0,9.999930940683622e-17,1.0,1.0,1.0,0.03284258515849076,0.130378904277112,-12.003990372329548,-0.7101482140767438,7.217083709865736,-3.0415908255793083,-3.4735410239038713,-104.2767031676636,60.91907799889459,7.524890292270761,-3.713322363100476,298.15,7.5,0.1
47,6.61412942524057e-05,0.2978438320950822,1.9699776539864938e-05,8.335167548299373e-08,0.7729483096531881,6.442653667134103e-08,0.9952566622384597,1.0003431550158703,0.9955981895541851,0.0026567301079144776,1.0213828084833414,0.0027135384590039396,0.03014251364265449,0.7281765440187224,0.021949071412345342,0.09999927744674508,0.7614988668554366,0.07614933646205879,0.1303376266938195,0.7520134482295179,0.09801564808407086,6.330801809212037e-05,0.712369404431616,4.509869514402977e-05,0.0012842739357808897,1.0,0.0012842739357808897,3.283494984784316e-07,0.7525617179803247,2.471032626729067e-07,9.999927744674534e-17,1.0,9.999927744674534e-17,1.0,1.0,1.0,0.03286538504482137,0.1304038513397474,-11.96135056977662,-0.71949261191965,7.190935214066541,-2.98280141318844,-3.347975018713754,-102.54787781590649,60.15966423831397,7.481480168805747,-3.7178139088924738,303.15,7.5,0.1
48,6.881654613096486e-05,0.29495472387838895,2.0297765362323173e-05,8.788178839246426e-08,0.7702690766868402,6.769262400265176e-08,0.9952563513069118,1.0003443068044204,0.9955990248408093,0.0026793264394411875,1.0213858226598134,0.002736626039522827,0.030134638386433356,0.7274088253789159,0.02192020191189388,0.09999923694837505,0.7600686429857998,0.07600628432696686,0.13035498354604932,0.7507467975087152,0.09786358643649781,8.311743277749579e-05,0.7100512017933966,5.9017633033642745e-05,0.0012470543381172818,1.0,0.0012470543381172818,4.455679898673731e-07,0.7508730854925056,3.345650113484078e-07,9.999923694837473e-17,1.0,9.999923694837473e-17,1.0,1.0,1.0,0.03288278137200551,0.13042388797396864,-11.925889266145166,-0.7291913222393761,7.169458650804726,-2.927506594592576,-3.226920899761213,-100.88547701192942,59.427838259388615,7.44175424517183,-3.722409826812661,308.15,7.5,0.1
49,7.139935604325946e-05,0.2923211155478543,2.0871539407964015e-05,9.17744863762179e-08,0.7676035259039784,7.044641933041145e-08,0.9952561516929201,1.0003455707300537,0.9956000830878511,0.0027069679398420868,1.021387749493833,0.0027648638920272665,0.030115556420920835,0.7266461904824421,0.02188335434752117,0.09999918742804503,0.7585878664741069,0.07585817024018501,0.13036607762192542,0.7494438884881752,0.09770206013992709,0.00010802662865542507,0.707744954401123,7.645530137184087e-05,0.001210985854942097,1.0,0.001210985854942097,6.002067040286898e-07,0.7491910383518897,4.496694838170194e-07,9.999918742804524e-17,1.0,9.999918742804524e-17,1.0,1.0,1.0,0.032893923716806175,0.1304375687524551,-11.896886687132561,-0.739220986898632,7.152141076430619,-2.875358195519579,-3.110161326364588,-99.28591774378935,58.722238981491856,7.405400367327145,-3.7270868906808965,313.15,7.5,0.1
50,7.468160871605803e-05,0.2864786559243613,2.139468688724537e-05,9.508330023101797e-08,0.7649527312950085,7.273423021226047e-08,0.9952560760648866,1.000346945014629,0.9956013751987565,0.002741313188358495,1.0213884647328875,0.002799945668809499,0.030082104446659527,0.7258840692962392,0.021836120388735707,0.09999912591519455,0.7570567953598304,0.07570501780414136,0.13037019319046586,0.748110394735519,0.0975312966894653,0.00013889269531966336,0.7054464587392884,9.798136005801145e-05,0.0011759232158266744,1.0,0.0011759232158266744,8.019991602257236e-07,0.7475107801634909,5.995030179507953e-07,9.999912591519467e-17,1.0,9.999912591519467e-17,1.0,1.0,1.0,0.03289809924373408,0.13044496988248216,-11.873379361450583,-0.7495400073391879,7.138261153190059,-2.8258254326549923,-2.997492752837011,-97.74565225032617,58.04137298996895,7.372027134441298,-3.7318310207482397,318.15,7.5,0.1
51,7.706801203043757e-05,0.2837129044383234,2.1865189532443083e-05,9.77888724226616e-08,0.7623170300881215,7.454612280090955e-08,0.9952561430096778,1.000348394575553,0.9956028848511881,0.0027818061650916534,1.021387785128814,0.002841302837620644,0.03003537749399035,0.725132182382144,0.021779618830888758,0.0999990534337775,0.7554904221519505,0.07554832709348004,0.1303662749680717,0.7467476672970369,0.09735071172661164,0.00017674252166021917,0.7031654468472014,0.00012427923422010914,0.0011418961638852618,1.0,0.0011418961638852618,1.063283455249895e-06,0.7458422783421219,7.930417547870652e-07,9.999905343377726e-17,1.0,9.999905343377726e-17,1.0,1.0,1.0,0.03289425167111244,0.1304434407689746,-11.854988705768433,-0.760140464482244,7.127574939601442,-2.7787692877887156,-2.888724387106845,-96.26172535939412,57.384188117116835,7.341450325650704,-3.7366271138850435,323.15,7.5,0.1
52,7.934076518039152e-05,0.28021008514826723,2.223208256692618e-05,1.000979198248542e-07,0.7591763738452743,7.599197580208783e-08,0.9952563352640238,1.000350875559655,0.9956055463876599,0.0028298731327373533,1.0213858768208712,0.002890392450972769,0.029974126242664215,0.7238899682743309,0.021697969294852983,0.09999896743939643,0.753372454202647,0.07533646751754867,0.13035527961628468,0.7448494514339652,0.0970950585137108,0.00022220647818848847,0.7004176390654937,0.0001556373368378391,0.0011073143164456799,1.0,0.0011073143164456799,1.3980235946079884e-06,0.7436715691909329,1.039670400368072e-06,9.999896743939668e-17,1.0,9.999896743939668e-17,1.0,1.0,1.0,0.03288334014058196,0.1304347204793849,-11.84066883927055,-0.7709694878023369,7.119232263625216,-2.7337706323048754,-2.7836767957309068,-94.83108679287048,56.74940073186962,7.313356523585424,-3.742058176766669,328.15,7.5,0.1
53,8.070290100346423e-05,0.2789720050356431,2.2513850105129428e-05,1.0191830548555748e-07,0.7560566882737075,7.705601651987873e-08,0.9952566987662363,1.000353408570186,0.9956084310131154,0.002885836079179886,1.0213822900921505,0.0029475418633833034,0.02989623612362634,0.7226600357632648,0.021604815066286812,0.09999886738185373,0.7512307515010893,0.07512222429252775,0.13033461705047789,0.7429314081420869,0.09682968057497118,0.0002763868477359687,0.6976919556738642,0.00019283288031944268,0.0010736647507690474,1.0,0.0010736647507690474,1.8228135604329753e-06,0.7415158324232121,1.3516451146167775e-06,9.9998867381854e-17,1.0,9.9998867381854e-17,1.0,1.0,1.0,0.03286277510380969,0.13041542186978686,-11.830244150639562,-0.7820275846486212,7.113193445986808,-2.6906192199066696,-2.6821822476903523,-93.45106557951428,56.13598008686813,7.287545482798585,-3.747526605056404,333.15,7.5,0.1
54,8.233575007458175e-05,0.27554115102130544,2.268688734575277e-05,1.0335166328728743e-07,0.752958766186528,7.781954087212156e-08,0.9952572416622216,1.000356003635157,0.9956115568581698,0.0029515246944714275,1.021376943384264,0.003014619270762401,0.029798229290021773,0.7214351023096066,0.021497488596491976,0.0999987499968878,0.7490614003202061,0.07490520370293897,0.13030381726265164,0.7409980689706189,0.09655487697112526,0.0003399143519429629,0.6949816566767089,0.00023623423944151012,0.0010407824546341282,1.0,0.0010407824546341282,2.355475313212403e-06,0.7393676014772252,1.7415621326686716e-06,9.999874999688798e-17,1.0,9.999874999688798e-17,1.0,1.0,1.0,0.03283208973456778,0.1303862563643895,-11.822990721964237,-0.7932777761792288,7.108911335820792,-2.6489117145913856,-2.5840826818542353,-92.11895470440078,55.542746364970185,7.263729483963178,-3.7530309494445095,338.15,7.5,0.1
55,8.358951895122923e-05,0.2721602744532464,2.274974641918138e-05,1.0442370059282614e-07,0.7498832567121864,7.830558467848668e-08,0.995257975361795,1.0003586420452837,0.9956149167176636,0.0030269969627241366,1.0213697220367353,0.003091683046423595,0.029680037091035526,0.7202193332978555,0.021376136525961233,0.09999861521828192,0.7468723037718032,0.07468619612206834,0.13026221972811705,0.7390511129925174,0.09627043847094077,0.0004134755660955261,0.6922910852297457,0.0002862454483682553,0.001008641290245313,1.0,0.001008641290245313,3.017238502262556e-06,0.737231207573931,2.224402384561584e-06,9.999861521828187e-17,1.0,9.999861521828187e-17,1.0,1.0,1.0,0.03279062357271089,0.13034591367076886,-11.818635301069113,-0.8047108958039402,7.1062072633755236,-2.6085473885918393,-2.489229393912025,-90.8324945610239,54.96886301146951,7.241779915040346,-3.7585664523066975,343.15,7.5,0.1
56,8.530406588753543e-05,0.26600707715827765,2.269148523646043e-05,1.0520488303048423e-07,0.7468308724622821,7.857025458094887e-08,0.9952589030997634,1.0003613292198006,0.99561851922272,0.0031134179042566906,1.0213605912359849,0.003179922351456316,0.02953945580175907,0.7190077083962455,0.02123909642329497,0.0999984609873451,0.7446614771407609,0.07446500167063916,0.13020962359387184,0.7370940333187739,0.09597673663172637,0.0004973734558366088,0.6896157081266978,0.00034299654795018575,0.0009771364339510398,1.0,0.0009771364339510398,3.83042203899242e-06,0.7351016144174357,2.8157494247634517e-06,9.999846098734504e-17,1.0,9.999846098734504e-17,1.0,1.0,1.0,0.03273817777190329,0.1302950328646424,-11.816716753350867,-0.8163037135545104,7.1047418396650555,-2.569293223005168,-2.3974823441560535,-89.58942685700397,54.41339936357105,7.221509051032915,-3.7641324610219336,348.15,7.5,0.1
57,8.588556331080827e-05,0.26201782661000445,2.250354863587393e-05,1.057918548563066e-07,0.7432753181222213,7.86324745730611e-08,0.9952600017612809,1.0003650195784717,0.9956232911475936,0.003209158170975275,1.0213497701840435,0.0032776729604098425,0.02938096803700193,0.7173031312332581,0.021075060371605756,0.0999982902916196,0.7419184111078733,0.07419057264666226,0.1301472912111043,0.7346063691774319,0.09560702905486723,0.0005915435982388982,0.6864797978320746,0.00040608272972789686,0.0009450738916698215,1.0,0.0009450738916698215,4.823949477112718e-06,0.7324716700416123,3.533406329697116e-06,9.999829029161963e-17,1.0,9.999829029161963e-17,1.0,1.0,1.0,0.03267601177128801,0.13023328256626998,-11.817105618783202,-0.8280544107576462,7.104398056821147,-2.5313312605779084,-2.308709146543974,-88.3880317373948,53.875876349569644,7.202943395832869,-3.7703314214279895,353.15,7.5,0.1
58,8.537711583561487e-05,0.2602001057788083,2.221513457151655e-05,1.0608586928748445e-07,0.7397481560787685,7.847682619142997e-08,0.9952613044035519,1.0003687213094357,0.9956282784549423,0.003314871190093358,1.0213369326159691,0.0033856003733069968,0.02920199887561125,0.7156145309771604,0.020897374728966106,0.09999810200557757,0.7391733177331083,0.07391592882647657,0.13007334309340454,0.7321131899300745,0.09522841013698143,0.0006965675563223213,0.6833730398775743,0.00047601548844407787,0.000913750104627317,1.0,0.000913750104627317,6.026510091458678e-06,0.7298621161807756,4.398521408536826e-06,9.999810200557728e-17,1.0,9.999810200557728e-17,1.0,1.0,1.0,0.03260224718154023,0.13015882629510941,-11.819798533936263,-0.8399696159952572,7.105258569280256,-2.4945317160495546,-2.2227857237615627,-87.22639154697397,53.35553481422051,7.185958349218947,-3.776553880882099,358.15,7.5,0.1
59,8.51441513562684e-05,0.2563158471326308,2.182379528327088e-05,1.0614248423566662e-07,0.7362493135123249,7.814733115300233e-08,0.9952628019843145,1.0003724526476312,0.9956334902500024,0.003431562322949847,1.0213221618397832,0.0035047306501630854,0.02900065851659066,0.713933235678916,0.02070453397156888,0.0999978943717007,0.7364198692370457,0.07364043629718775,0.12998825851590462,0.7296175277366163,0.09484171181316246,0.000812055534064257,0.6802872884069822,0.0005524310573044572,0.0008830732793057596,1.0,0.0008830732793057596,7.467933320601432e-06,0.727264296693701,5.431161274162658e-06,9.999789437170046e-17,1.0,9.999789437170046e-17,1.0,1.0,1.0,0.03251736499089678,0.13007350880974505,-11.824470825867659,-0.8520327919864767,7.107085849190741,-2.458742160143532,-2.1395945474393208,-86.10267146773302,52.85162495420079,7.1704234308089365,-3.782801617614201,363.15,7.5,0.1
60,8.541855219348003e-05,0.24982816923750206,2.1339960513415122e-05,1.0597034288226998e-07,0.73277882817404,7.765282367847098e-08,0.9952644872703205,1.0003762124175162,0.9956389181291444,0.0035591418831383407,1.0213055223554843,0.0036349712600958857,0.028777175573482375,0.7122578880956765,0.02049677029932704,0.09999766761300308,0.7336592248505961,0.07336421130782338,0.12989240850543915,0.7271209221898305,0.09444748785793308,0.0009376518654946261,0.6772214029788838,0.000634997911856038,0.0008530283485190151,1.0,0.0008530283485190151,9.182319415036228e-06,0.7246770480959079,6.654216128362201e-06,9.999766761300315e-17,1.0,9.999766761300315e-17,1.0,1.0,1.0,0.0324217360088142,0.1299779330279755,-11.831042115325603,-0.8642439583810044,7.109842747460441,-2.4239702766370548,-2.0590245889382137,-85.0152944565441,52.36358610952569,7.156292677191314,-3.7890736930540583,368.15,7.5,0.1
61,8.446502938218956e-05,0.24611629734880844,2.0788220287002823e-05,1.0552180688712079e-07,0.7293363135704253,7.696088563634298e-08,0.9952663623955054,1.000379970499948,0.9956445342528064,0.0036960105266874575,1.0212869854412128,0.0037746874489596213,0.02853471601350077,0.710598946179036,0.02027673912871171,0.09999742468722646,0.730904636144467,0.07308858130640097,0.12978562727928444,0.7246217518084777,0.09404548859867724,0.001073449986621762,0.6741855166439881,0.0007237044338220745,0.0008236915539193276,1.0,0.0008236915539193276,1.1212054978002818e-05,0.7221111848161454,8.096350304389383e-06,9.999742468722668e-17,1.0,9.999742468722668e-17,1.0,1.0,1.0,0.03231519156957042,0.12987019783047354,-11.83971882277124,-0.8766240507729608,7.113729943247223,-2.3904056560215214,-1.9809708815355438,-83.96295587793642,51.89106656467028,7.143615034785623,-3.7953660178416113,373.15,7.5,0.1
62,8.276989621338834e-05,0.2435433182668228,2.0158055176409122e-05,1.0492643709294758e-07,0.7253720637939487,7.611070622065729e-08,0.9952683753140726,1.000384780354376,0.9956513350322252,0.0038409549434110057,1.0212670487208289,0.003922640719327036,0.02827687040099956,0.7084181437842412,0.020031848041503663,0.0999971678661649,0.7276058503743831,0.07275852436029086,0.12967078061928353,0.7215755298348786,0.09356726222946182,0.0012177026693558088,0.6706695503981778,0.0008166761017755211,0.0007939473333918512,1.0,0.0007939473333918512,1.3604816773559813e-05,0.7190208992072911,9.782147590075409e-06,9.999716786616462e-17,1.0,9.999716786616462e-17,1.0,1.0,1.0,0.03220059524062396,0.12975365544193404,-11.850299675325617,-0.8891642334428776,7.118554248281816,-2.3581691378524474,-1.9053336613274892,-82.94436628138281,51.433671925615705,7.132409028890577,-3.802327413174694,378.15,7.5,0.1
63,8.1361227151504e-05,0.23940878843676655,1.9478592818070114e-05,1.0408654907011967e-07,0.7214407759971676,7.509228073201435e-08,0.9952705465018024,1.0003896058913007,0.9956583097701576,0.003995081720826354,1.021245506462373,0.004079959255343879,0.028000320348419348,0.7062471786831542,0.019775147248295682,0.09999689522998052,0.7243120911214145,0.07242896028967617,0.1295466829285362,0.7185346358264704,0.09308377864058297,0.0013704474194904809,0.6671794418860415,0.000914334344469825,0.0007649412498821021,1.0,0.0007649412498821021,1.6401562891912956e-05,0.7159470577046548,1.1742650694222927e-05,1.0707721304861586e-16,1.0,1.0707721304861586e-16,1.0,1.0,1.0,0.0320767632963972,0.12962814824223678,-11.862800404611674,-0.9018713697375645,7.1244047049105435,-2.3271111280354297,-1.832019317278816,-81.95804369226379,50.99075902519241,7.122560183654404,-3.8093098850994607,383.15,7.5,0.1
64,8.057433368332237e-05,0.23284684843166836,1.8761479662643232e-05,1.0300552462671294e-07,0.7175419528173573,7.391078529162804e-08,0.9952728604945136,1.000394449984305,0.9956654458587147,0.004157965538322674,1.0212225003637048,0.004246207963472,0.027705970690624467,0.7040838618670174,0.019507326840629273,0.09999660763477652,0.7210229967998123,0.07209985370664156,0.12941414986725172,0.7155001025312432,0.09259583749901229,0.001530873716756762,0.663713054430857,0.0010160608704965492,0.0007366692908193799,1.0,0.0007366692908193799,1.9652163251914727e-05,0.7128876513450411,1.4009784504506805e-05,1.269401752314871e-16,1.0,1.269401752314871e-16,1.0,1.0,1.0,0.031944510562630465,0.12949482720645963,-11.877206579871988,-0.9147500624093635,7.131292183379575,-2.2972631123047798,-1.7609387369559417,-81.00275958592417,50.561888390989786,7.114047709524871,-3.8163133993389096,388.15,7.5,0.1
65,7.874912667054068e-05,0.22891081588881484,1.8026526836685107e-05,1.0164838103645416e-07,0.7136750148357629,7.254390984422266e-08,0.995275315344656,1.0003992846693937,0.9956727135198989,0.004327906009074242,1.021198037876631,0.004419649124581097,0.027397221348949525,0.7019380982673707,0.019231153451491834,0.09999630825652903,0.7177505181823407,0.07177240206744478,0.1292732239765182,0.7124700930933148,0.09210330592102284,0.0016988786708796134,0.6602797555752551,0.001121735193560405,0.0007091959877115839,1.0,0.0007091959877115839,2.3419095199951042e-05,0.709852842857029,1.6624111304824646e-05,1.4964542977974124e-16,1.0,1.4964542977974124e-16,1.0,1.0,1.0,0.03180387648469431,0.1293520747515697,-11.893708001112191,-0.9278207888584251,7.139399041283684,-2.2687785509017826,-1.6920074322012781,-80.07747468277317,50.14676267801796,7.106914159346965,-3.8233350685845466,393.15,7.5,0.1
66,7.615101346124282e-05,0.22694228487157894,1.7281884990180795e-05,1.0002738560096939e-07,0.7098394699045545,7.100338637093053e-08,0.9952778955849654,1.0004041119817513,0.9956800993077435,0.004504436086375433,1.0211722586983616,0.004599805172486408,0.027075077198551897,0.6998080921067876,0.01894735811796259,0.09999599804727567,0.7144943470119289,0.07144657532859436,0.12912470942011461,0.7094454766702321,0.0916069410244584,0.0018736684226194403,0.6568776927803814,0.0012307709904857147,0.0006825122897211583,1.0,0.0006825122897211583,2.7763752130673513e-05,0.7068409634928768,1.9624557306222693e-05,1.754706318949782e-16,1.0,1.754706318949782e-16,1.0,1.0,1.0,0.03165566429838857,0.1292009604609614,-11.912273499438452,-0.9410873228209292,7.148720937940959,-2.2416657805559668,-1.625145231269716,-79.18106714779148,49.74495810476828,7.101131573010538,-3.83037541308333,398.15,7.5,0.1
67,7.42665780630916e-05,0.22237441501869074,1.6514986852219935e-05,9.828606198477176e-08,0.7054412838483546,6.933504575093637e-08,0.9952805239843333,1.0004101158589,0.9956887043112737,0.0046858942114732655,1.021145899839509,0.004784981661127614,0.02674395535011735,0.6971000111476872,0.018643211572700054,0.09999568014154771,0.7106509015985489,0.07106202024855099,0.12897285138930129,0.7058360900722345,0.0910336931500918,0.0020520165925980794,0.6529495556966247,0.0013398633224190183,0.0006556035127096873,1.0,0.0006556035127096873,3.2764434973970905e-05,0.7032534286047853,2.3041701231743565e-05,2.044419662300779e-16,1.0,2.044419662300779e-16,1.0,1.0,1.0,0.03150411613965371,0.12904721625342638,-11.932693917350864,-0.9545390763931867,7.159047193540575,-2.2160384505792385,-1.5602755284165448,-78.3125786823675,49.356174423105976,7.096726876848415,-3.8381556447030034,403.15,7.5,0.1
68,7.307114523346756e-05,0.21557018179059384,1.5751960061625497e-05,9.631459748837672e-08,0.701079822615482,6.752422092243262e-08,0.9952832336892942,1.000416132984418,0.9956974038716704,0.0048731627398123705,1.0211186289605547,0.004976077255578869,0.026401084716004546,0.6944022823915829,0.018332973484407093,0.09999535305706937,0.7068226712078596,0.07067898255617076,0.1288157350318212,0.7022403697963981,0.09045960940434097,0.002234770538898886,0.649049316281187,0.0014504762903176619,0.0006295351988989898,1.0,0.0006295351988989898,3.848074397894475e-05,0.6996850857280529,2.6924402649787202e-05,2.370170845954183e-16,1.0,2.370170845954183e-16,1.0,1.0,1.0,0.03134731860105038,0.12888890249165216,-11.955072507238945,-0.9681899323789795,7.170540417892682,-2.191762358548616,-1.4973264894169174,-77.47085733844864,48.97987747613824,7.09360356618614,-3.8459572882211863,408.15,7.5,0.1
69,7.102789586916158e-05,0.21124518584869093,1.500430106332251e-05,9.410134190298185e-08,0.6967544701288917,6.556553061602975e-08,0.9952860220946642,1.0004221376788192,0.9957061698257924,0.005064702208089254,1.0210904556091218,0.005171519085182383,0.026049593475473518,0.6917239703425159,0.018019128224663037,0.09999501972476423,0.7030200922904654,0.07029850799549066,0.1286534151013851,0.6986565713471531,0.08988455388683574,0.002421840150115641,0.645185343252294,0.0015625357685545471,0.000604346565605121,1.0,0.000604346565605121,4.500006063530232e-05,0.696145114126557,3.132657234666454e-05,2.735570236741658e-16,1.0,2.735570236741658e-16,1.0,1.0,1.0,0.031185323579431934,0.12872453709859613,-11.979531085456973,-0.982055705164946,7.183324419733682,-2.168926317766483,-1.4362293692980659,-76.65502465466577,48.615771649264026,7.091778325290669,-3.8537792177160393,413.15,7.5,0.1
70,6.892676507854006e-05,0.20709020171998105,1.4274057684020598e-05,9.167596790482809e-08,0.6924642436930717,6.348232978004707e-08,0.9952888678187368,1.0004281427694222,0.9957149935509798,0.0052602959578956976,1.0210615738254387,0.005371086069556577,0.02569002530088955,0.6890597982235142,0.01770196365018793,0.09999468067906596,0.699238751801205,0.06992015570479015,0.1284870090679867,0.6950858479133605,0.08930950164387318,0.0026121388633687397,0.6413523344338238,0.0016753013578868566,0.0005800074094891271,1.0,0.0005800074094891271,5.240237047330664e-05,0.6926282805876469,3.629536375964323e-05,3.1434897912324836e-16,1.0,3.1434897912324836e-16,1.0,1.0,1.0,0.03101924802386379,0.1285560275090332,-12.005985137267894,-0.9961355732839696,7.197347143164011,-2.147492511289791,-1.37691876564094,-75.8641225392366,48.263448007874786,7.091205483405564,-3.861624367975688,418.15,7.5,0.1
71,6.755900456958011e-05,0.20075897592341868,1.3563076571794477e-05,8.906737444117133e-08,0.6882080344810144,6.129688270054309e-08,0.9952917488810582,1.0004341619565191,0.9957238666940597,0.00545969929745998,1.0210321828723692,0.005574528691512302,0.0253229807345026,0.686404404557943,0.01738180551269852,0.09999433651075372,0.695474058698716,0.0695434670600191,0.12831766460966212,0.6915292377814214,0.08873541680141174,0.002804547521790465,0.6375449057393539,0.0017880249854214404,0.0005564899873571537,1.0,0.0005564899873571537,6.077090085060122e-05,0.6891292706761487,4.1879006581507376e-05,3.5967345722957784e-16,1.0,3.5967345722957784e-16,1.0,1.0,1.0,0.030850239036532157,0.12838531268160616,-12.034357049877908,-1.01042895937937,7.212561611295237,-2.127426370562007,-1.319332425864511,-75.09723990983218,47.922512907908235,7.091841702251937,-3.8694961632591998,423.15,7.5,0.1
72,6.564461215872627e-05,0.1959889622497561,1.286561941427648e-05,8.638354750070257e-08,0.6833233442982142,5.902789457052363e-08,0.9952945959313406,1.0004415012448622,0.9957340197344489,0.005658935282452193,1.0210029285160345,0.0057777894956664005,0.02495743013504658,0.6831058501034969,0.01704856652879963,0.09999399466444066,0.6910677808597282,0.06910262799205451,0.1281491023951155,0.6873213730203062,0.0880796170095306,0.0029962138243182267,0.6331575053005767,0.0018970752703524286,0.0005329357350926838,1.0,0.0005329357350926838,7.026093054005767e-05,0.6849946502404739,4.812836154085705e-05,4.0942794080533597e-16,1.0,4.0942794080533597e-16,1.0,1.0,1.0,0.0306820100296575,0.12821483339082174,-12.0646638920395,-1.0249430216820252,7.228942707083914,-2.108980167947018,-1.2634105199541037,-74.35379325358564,47.592871429954386,7.0937880729842915,-3.878221189934488,428.15,7.5,0.1
73,6.320178999049834e-05,0.19299191798214435,1.2197434670170961e-05,8.353598763560607e-08,0.6784805636519889,5.66775439762316e-08,0.9952974581625408,1.0004488286892927,0.9957441762161442,0.00585995279899836,1.0209733216318568,0.005982855473799255,0.02458859149014856,0.6798294145546437,0.01671604775747099,0.09999365174854538,0.6866951556300257,0.06866515624948195,0.12797850419437012,0.6831346170138514,0.08742654644882658,0.0031890021045138366,0.6288099938792618,0.0020052763938202996,0.0005102940828673802,1.0,0.0005102940828673802,8.093880716894718e-05,0.6808927867107103,5.511064996630526e-05,4.642961258199207e-16,1.0,4.642961258199207e-16,1.0,1.0,1.0,0.03051174607913742,0.12804178952034823,-12.096927172237853,-1.039685367737253,7.246588977420345,-2.091928752504744,-1.2090971000420125,-73.63275951180303,47.27395860675762,7.096906110584666,-3.8869757525924644,433.15,7.5,0.1
74,6.200457715266472e-05,0.18637351771950011,1.1556011158652277e-05,8.056750446895926e-08,0.6736778988573725,5.4276547126830447e-08,0.995300305143085,1.0004561771399068,0.9957543383896335,0.006063056601726917,1.0209436427933412,0.006190039093429293,0.0242160027602341,0.6765633597972552,0.016383660188323594,0.09999330737493597,0.6823447634260624,0.06822990966494023,0.12780748638324413,0.6789707660226193,0.08677754693305675,0.0033813538132619636,0.6244908722854415,0.002111624592349668,0.0004885066928622969,1.0,0.0004885066928622969,9.28938480112596e-05,0.6768119318775286,6.287166473203815e-05,5.24466141722592e-16,1.0,5.24466141722592e-16,1.0,1.0,1.0,0.030341063939113684,0.12786957152790132,-12.130993849823419,-1.0546485154325451,7.2653877883421005,-2.07619035872905,-1.1563382869369383,-72.93329419521959,46.965362275513755,7.101129564961558,-3.895766868633878,438.15,7.5,0.1
75,6.015717248881368e-05,0.1819589812130677,1.0946137818723315e-05,7.748208839584141e-08,0.6689150830022391,5.1828937590491136e-08,0.9953031412505713,1.0004635135256774,0.9957644777186901,0.006266843341400654,1.020913826380156,0.0063979070149943465,0.023842582436274885,0.6733191198512475,0.01605366662097342,0.09999296430420673,0.6780287012387012,0.0677980997201891,0.12763567099314832,0.6748277900994748,0.08613209779416992,0.003573632384483621,0.6202105730625507,0.0022164045890954763,0.0004675917350665074,1.0,0.0004675917350665074,0.00010625500529384493,0.672763437592594,7.148448262290637e-05,5.903210273706098e-16,1.0,5.903210273706098e-16,1.0,1.0,1.0,0.03016958295016435,0.12769590564772554,-12.166943784236517,-1.0698448543344852,7.285427693404654,-2.0618086918797833,-1.1050826898366672,-72.25471091002912,46.666802726028834,7.1064546384747445,-3.904596477913838,443.15,7.5,0.1
76,5.8331367727035983e-05,0.17772005480155545,1.0366653869098518e-05,7.431158470997417e-08,0.6641909406503032,4.9357081349732505e-08,0.9953059473853954,1.0004708501666015,0.9957745873565413,0.006471167613745634,1.0208840394520435,0.006606311733491885,0.023468766246015207,0.6700920587737483,0.015726233890672178,0.0999926229910938,0.6737426110069885,0.06736929089545697,0.1274640205825257,0.6707064514637758,0.0854909409342115,0.0037649136399869215,0.6159643092729465,0.0023190524297268386,0.0004475114280532344,1.0,0.0004475114280532344,0.0001211292815604145,0.6687426115664045,8.100431208787398e-05,6.620735953298339e-16,1.0,6.620735953298339e-16,1.0,1.0,1.0,0.029998265227487875,0.1275224262618375,-12.204686923730321,-1.085271981988713,7.306650529509303,-2.0487339566182783,-1.0552812420001214,-71.59625993795855,46.37791242314762,7.1128302540500625,-3.9134713201578357,448.15,7.5,0.1
77,5.740293968226044e-05,0.1708284656213649,9.806056108076305e-06,7.118682900403369e-08,0.6587345586807526,4.689322438785437e-08,0.9953086155895169,1.0004797949483573,0.9957861596353331,0.00667220083478737,1.0208552898054197,0.006811351516836822,0.02310330741958228,0.6661009231678136,0.01538913440041355,0.09999229075056944,0.6687028045621559,0.06686512525950032,0.127298342704463,0.6658326574241376,0.08475939380860117,0.003950261484576126,0.6110332057721144,0.0024137409385586632,0.00042740394673773614,1.0,0.00042740394673773614,0.00013774835719957302,0.663970884995817,9.146089863652043e-05,7.388735000221656e-16,1.0,7.388735000221656e-16,1.0,1.0,1.0,0.02983291119405191,0.12735581683097422,-12.244085826935226,-1.1009228775548994,7.328889904055607,-2.0371584105013274,-1.0068864241163138,-70.95746142791313,46.098571415281604,7.120326185729737,-3.9233934005606272,453.15,7.5,0.1
78,5.5399241388067943e-05,0.16748654024292323,9.278627272170056e-06,6.800586427064377e-08,0.6533277628465883,4.4430119164388505e-08,0.9953112380455439,1.0004887165010927,0.9957976630712997,0.00687231194463537,1.0208266731557316,0.007015439339330524,0.022740603198539183,0.6621419723779404,0.015057507854944837,0.09999196340641452,0.6637109098802243,0.06636575701318148,0.12713342682298245,0.6609905728297052,0.08403399662152657,0.004133966630042533,0.6061520678145678,0.0025058124210767013,0.00040818361580369054,1.0,0.00040818361580369054,0.00015616311107428984,0.6592433659128041,0.00010294949497602992,8.218409308852232e-16,1.0,8.218409308852232e-16,1.0,1.0,1.0,0.02966831438456262,0.1271888940702347,-12.285241177683991,-1.1168116219600295,7.35232252195231,-2.0268578182060835,-0.9598541131389042,-70.33744454976986,45.82824329852794,7.128801493566161,-3.9333722096497428,458.15,7.5,0.1
79,5.394739144840738e-05,0.16277148301312447,8.781096910746815e-06,6.480463354600784e-08,0.6479685942011065,4.1991367296524486e-08,0.9953137875227764,1.0004976465413944,0.9958091019867393,0.007071859244618064,1.0207984372811671,0.0072189428655784925,0.022380096478301397,0.6582043093442732,0.01473067594555857,0.09999164049056039,0.658755978109481,0.0658700909341307,0.12697070079719153,0.656181561258418,0.0833158326831766,0.0043146618127847544,0.601310159943093,0.002594449984745956,0.0003897892233633248,1.0,0.0003897892233633248,0.00017647203728182067,0.6545490777684586,0.00011550960925473687,9.109582746793261e-16,1.0,9.109582746793261e-16,1.0,1.0,1.0,0.02950590311436787,0.1270247129932735,-12.328004851968846,-1.1329298305259459,7.376839983907714,-2.0177533731946538,-0.9141414776099698,-69.73550714966399,45.56653942420246,7.138187115503979,-3.943419554428639,463.15,7.5,0.1
80,5.3129737043338897e-05,0.1564592776044978,8.312640277117737e-06,6.160456737987413e-08,0.6426560077544375,3.9590545331789176e-08,0.9953162526204385,1.0005065872724035,0.9958204671660325,0.007270552258478602,1.0207706727816928,0.007421566520381661,0.022022516996705908,0.654287018379204,0.014409046982980055,0.09999132273427386,0.6538371381567718,0.06537804029708776,0.12681068694863806,0.651405594801651,0.08260519095898355,0.004491858789938463,0.5965061733865946,0.0026794214981791316,0.0003721876537106665,1.0,0.0003721876537106665,0.00019879055820056226,0.6498869660851498,0.00012919139275533687,1.0062565858001086e-15,1.0,1.0062565858001086e-15,1.0,1.0,1.0,0.02934619899222785,0.1268638782902488,-12.37231381345044,-1.1492764346324347,7.402408516106958,-2.009810626010324,-0.8697075444645173,-69.15101241550973,45.313114594329164,7.148434249274417,-3.9535460261821687,468.15,7.5,0.1
81,5.176119948316639e-05,0.15211715910330142,7.873766617158547e-06,5.8418354775858815e-08,0.6373895636347141,3.723524965884252e-08,0.9953186357909957,1.0005155179781413,0.9958317404417251,0.007467634442445982,1.0207433318421981,0.0076225380617618655,0.021669529576002468,0.6503970134355589,0.014093797318785517,0.0999910117448004,0.6489613817411091,0.06489030514359713,0.12665311004374044,0.6466613240895038,0.08190166784093882,0.004665850491187169,0.5917461698907301,0.002760999157442789,0.0003553633272635005,1.0,0.0003553633272635005,0.00022325425113881034,0.6452637241788407,0.000144057869528587,1.1078211474976621e-15,1.0,1.1078211474976621e-15,1.0,1.0,1.0,0.029188925217931618,0.12670492966157834,-12.418162433779973,-1.1658555051438306,7.429045729907245,-2.0030227532840317,-0.8265130946243442,-68.58336985201575,45.06764820965583,7.159505519950662,-3.9637620943306424,473.15,7.5,0.1
82,0.00016567355884275432,0.3116495255494971,5.1632086009441034e-05,1.4466257727061883e-08,0.7863725133369694,1.1375867447410009e-08,0.9952893563459789,1.000345997548671,0.995633724023493,0.0008137487377447266,1.0213723163691921,0.0008311404332128377,0.029911498994653386,0.7301084220198732,0.021838637331235405,0.10000259743437938,0.7657858344506222,0.07658057252351586,0.1302773954409483,0.7556793796880027,0.09844794137418443,3.1819850584421834e-05,0.7237619932447388,2.302999848373093e-05,0.001515308385264949,1.0,0.001515308385264949,1.4650990331577012e-07,0.7599736579111126,1.1134366714308933e-07,1.0000259743437932e-16,1.0,1.0000259743437932e-16,1.0,1.0,1.0,0.030890921291240866,0.13044308346604877,-12.986367996448095,-0.7038456928392977,7.944015477021638,-3.909589877426762,-4.177763289697351,-114.56960450280016,65.6901417951096,8.063698239008131,-3.6967683215163363,273.15,8.0,0.1
83,0.00016839851934312368,0.3097057904337623,5.2153996541037326e-05,1.6949928867361466e-08,0.7841782863002884,1.3291766172119301e-08,0.9952888190533955,1.0003451226876285,0.9956323158055937,0.0008281843650727286,1.0213775400812932,0.0008458889095317711,0.029924447290464506,0.7298320214241066,0.02183981985599884,0.1000025715280012,0.7653406486075001,0.07653603295565836,0.13030747857782068,0.7552738865713505,0.09841783579478364,4.3477183781496854e-05,0.7218963215938028,3.1386019045120326e-05,0.0014735337651228606,1.0,0.0014735337651228606,2.02486816095966e-07,0.7587858391997089,1.536441286782547e-07,1.0000257152800092e-16,1.0,1.0000257152800092e-16,1.0,1.0,1.0,0.03092103017488036,0.13047589404709267,-12.88387830086364,-0.7110730602457151,7.87641730740623,-3.8186039068702464,-4.02580705964886,-112.43650807992574,64.76141613998661,7.992030693442678,-3.699410338983851,278.15,8.0,0.1
84,0.00017266609633878193,0.3043793269318651,5.2555990187551e-05,1.9573798984411883e-08,0.7819932315217438,1.5306578320977276e-08,0.9952883437270506,1.0003444898399412,0.9956312104492764,0.0008476225666752597,1.0213821597968722,0.0008657465678433449,0.029927380096127044,0.7295476637378986,0.02183345023092557,0.10000253664269651,0.7647880362946943,0.07648074362345608,0.13033408249170764,0.7548003741071185,0.09837621422364895,5.857595841769705e-05,0.7200269719207194,4.217626996684839e-05,0.0014317850904074412,1.0,0.0014317850904074412,2.7717558778948037e-07,0.7575901548250527,2.0998549646715734e-07,1.0000253664269672e-16,1.0,1.0000253664269672e-16,1.0,1.0,1.0,0.030947668759141084,0.1305067681618454,-12.791101143341923,-0.7186427459073763,7.815121881960153,-3.7316704162705014,-3.8797012238185147,-110.390471035539,63.866460696056556,7.925179034964423,-3.7024908091996074,283.15,8.0,0.1
85,0.00017523972322817762,0.30225876377245137,5.2967742106775475e-05,2.2248653982917918e-08,0.7798167514291668,1.7349873072630672e-08,0.9952879599649941,1.0003440262537406,0.9956303651532539,0.0008697893346234361,1.0213858854711668,0.0008883905497177357,0.02992413377028439,0.7292767759080232,0.021822975797833395,0.10000249688655234,0.7641591751266212,0.07641782553143035,0.13035553704949884,0.7542603757869485,0.09832201636086449,7.807238283175212e-05,0.7181752652633223,5.606965424993319e-05,0.0013907817012157064,1.0,0.0013907817012157064,3.768120279967607e-07,0.7564086516791372,2.850238780335113e-07,1.0000249688655228e-16,1.0,1.0000249688655228e-16,1.0,1.0,1.0,0.030969162828136002,0.130530799021381,-12.708626282053768,-0.7266173769586597,7.760703698052227,-3.6495394447130125,-3.7391396585747536,-108.42765154631202,63.0048784471861,7.863335327716748,-3.7058857372433165,288.15,8.0,0.1
86,0.0001772306642704961,0.30038358986117625,5.323718316705253e-05,2.4983686520401128e-08,0.7776507542357628,1.9428582666179767e-08,0.9952876831832176,1.0003437306036618,0.9956297940193753,0.0008965578529489319,1.021388566834462,0.0009157339405076921,0.029910861636882457,0.729011347161943,0.02180535753667816,0.10000244889594545,0.7634532685543403,0.07634719647304791,0.1303709766805315,0.7536630623119324,0.09825578952164687,0.00010272224275292857,0.7163334544513992,7.358337900020048e-05,0.0013506289485161452,1.0,0.0013506289485161452,5.075600961740819e-07,0.7552328045244373,3.8332603489824487e-07,1.0000244889594512e-16,1.0,1.0000244889594512e-16,1.0,1.0,1.0,0.030984650154101886,0.1305482323284885,-12.634357966691589,-0.7349057123349997,7.711558880445442,-3.5709012822400656,-3.6038370149113157,-106.54245032561329,62.17419666335049,7.805662620319625,-3.7095183868795,293.15,8.0,0.1
87,0.00017866952168628042,0.29829953383534524,5.329703502960154e-05,2.7773784854983693e-08,0.7754962778709451,2.1538466777428273e-08,0.995287529505279,1.000343586842942,0.9956294972053613,0.0009287789808873496,1.0213900460770449,0.000948645606083921,0.02988577485066875,0.7287506344461722,0.021779277383340307,0.10000239115132163,0.7626766371334708,0.07626948738859593,0.13037949249081698,0.7530147061906235,0.09817767523125513,0.00013333838724977542,0.7145010220932922,9.527041397423575e-05,0.0013114208741356462,1.0,0.0013114208741356462,6.768319891063639e-07,0.7540617121606894,5.103730885506696e-07,1.000023911513217e-16,1.0,1.000023911513217e-16,1.0,1.0,1.0,0.03099322335324238,0.13055818978628808,-12.567075376233424,-0.743459954380825,7.66678521532782,-3.4950969783002876,-3.4735271038415663,-104.73020932038457,61.37261199174018,7.751657288693555,-3.713332957275412,298.15,8.0,0.1
88,0.00017836682660145016,0.29773299103768014,5.310568878594898e-05,3.0618527204100274e-08,0.7728209255500887,2.36626385328533e-08,0.9952874855789474,1.0003445180465254,0.9956303800792101,0.0009660657032288969,1.0213904512666123,0.0009867302845741597,0.02985118682032492,0.7280021844758012,0.02173172921439179,0.10000232436724082,0.7613214433492325,0.0761339139255459,0.13038182211511062,0.7518005343204348,0.09802112353181207,0.00017071365514426852,0.7121963204335924,0.00012158163704151726,0.0012716279464377463,1.0,0.0012716279464377463,8.942377249450575e-07,0.7523867662721756,6.728126301499986e-07,1.0000232436724085e-16,1.0,1.0000232436724085e-16,1.0,1.0,1.0,0.030995619350155268,0.13056021956023928,-12.50619358671085,-0.7522657108312983,7.625936830444833,-3.4221389367006574,-3.347960976963246,-102.98721533941873,60.59902984532721,7.701162972312364,-3.7178776152139394,303.15,8.0,0.1
89,0.00017833481482053075,0.2948649752367366,5.258469075590383e-05,3.3543786319723733e-08,0.770162220435539,2.5834156953813674e-08,0.9952875887394524,1.0003455862330013,0.9956315464279979,0.0010109435366409576,1.0213894188303034,0.0010325670313599592,0.029800470164819105,0.727252922461764,0.0216724790180993,0.10000224400818576,0.7599031214322927,0.07599201737205413,0.1303758714172789,0.7505484621783644,0.09785340979740285,0.00021535335851700002,0.7098981936870923,0.00015287896021566716,0.0012328330107066476,1.0,0.0012328330107066476,1.1677999023024557e-06,0.7507119475041727,8.766813389526589e-07,1.0000224400818544e-16,1.0,1.0000224400818544e-16,1.0,1.0,1.0,0.030989748516280592,0.1305542397758858,-12.450067714792512,-0.7612414585041488,7.587805706221303,-3.3508037952071894,-3.2269067136131455,-101.30877421254402,59.85116383229935,7.653417031627204,-3.722536518591295,308.15,8.0,0.1
90,0.00017723634257677575,0.2922546066482504,5.179813758355012e-05,3.6509030018614346e-08,0.7675206009366589,2.802143265950144e-08,0.9952878544538901,1.0003467540702748,0.9956329745685172,0.0010628981646833382,1.0213867960213026,0.0010856301509228376,0.029734595736356118,0.7265122294709883,0.02160254744083863,0.10000215102192277,0.7584372936920405,0.07584536078444983,0.13036076073124678,0.7492609526745647,0.09767422777687491,0.00026806852554325263,0.7076161014736221,0.0001896896049726984,0.0011951059541981692,1.0,0.0011951059541981692,1.5092713010107057e-06,0.7490469450399747,1.1305150572585775e-06,1.0000215102192267e-16,1.0,1.0000215102192267e-16,1.0,1.0,1.0,0.030974730243616234,0.13053803358285346,-12.398760413779632,-0.7704052455426859,7.5525096641890705,-3.2813500559886055,-3.110146978884266,-99.69190960425838,59.128259536921526,7.608410645041981,-3.7272839670904125,313.15,8.0,0.1
91,0.0001769272362168773,0.2864470975669737,5.068029329487085e-05,3.955928029348515e-08,0.7648971189247247,3.0258779523222415e-08,0.9952882807125103,1.0003480391441935,0.9956346799939552,0.0011238411369821559,1.0213826015658656,0.0011478717842375744,0.029649907140737373,0.7257681186819042,0.021518957324626123,0.10000204198180647,0.7569166558675744,0.07569321119679773,0.13033659763325464,0.7479449475624261,0.09748459968226966,0.0003289053971939498,0.7053386169006973,0.00023198967794795493,0.001158288442659059,1.0,0.001158288442659059,1.9282003633966915e-06,0.7473794997877067,1.4410974230858946e-06,1.0000204198180618e-16,1.0,1.0000204198180618e-16,1.0,1.0,1.0,0.030950675513936404,0.1305135644287518,-12.351088121281588,-0.7796966979029754,7.51914859306826,-3.2130816562158873,-2.99747822508804,-98.13290847388706,58.4286582690278,7.565669773970717,-3.732106742244938,318.15,8.0,0.1
92,0.0001741016625851011,0.28370881559333594,4.939417648484966e-05,4.2585312906565e-08,0.7622910215043354,3.246240167662722e-08,0.995288890856,1.000349376644049,0.9956366215485465,0.0011916551021382087,1.0213766044372445,0.0012171286418822416,0.029550493316365913,0.7250427713174082,0.02142537156789449,0.1000019207340965,0.7553694193438014,0.07553839279817932,0.1303020516997135,0.7465983172784163,0.09728329253693128,0.00039903476049310896,0.7030876505207425,0.000280556412231207,0.0011225451828364332,1.0,0.0011225451828364332,2.442148900668614e-06,0.7457324562672157,1.8211896982658846e-06,1.0000192073409675e-16,1.0,1.0000192073409675e-16,1.0,1.0,1.0,0.03091625008108922,0.13047619594761153,-12.308085738462198,-0.7891929922775491,7.488619352768506,-3.146950330343474,-2.888709670985098,-96.62990640194886,57.752398591915075,7.52555556304983,-3.736985095756626,323.15,8.0,0.1
93,0.00017074848814833948,0.28023439420495283,4.784959913766148e-05,4.566743459744322e-08,0.759181673574093,3.466987942552236e-08,0.995289645958218,1.0003517422738222,0.995639731401399,0.001267729221180761,1.0213691816202546,0.0012948195571534772,0.029435149532157624,0.723828362358436,0.02130599608163733,0.10000178480064875,0.7532719952914952,0.0753285439694954,0.13025929376415907,0.7447159333095618,0.09700617152782011,0.0004778433686309442,0.7003717530976789,0.0003346679977941549,0.0010863153212872804,1.0,0.0010863153212872804,3.0647538596910216e-06,0.7435846147673576,2.2789038181151223e-06,1.0000178480064882e-16,1.0,1.0000178480064882e-16,1.0,1.0,1.0,0.030873627241486724,0.13043008791974203,-12.268678590800352,-0.7988380536232914,7.460047668724951,-3.0825181961603483,-2.783661884094458,-95.17983435672593,57.098178118997986,7.487745217149608,-3.742501619153148,328.15,8.0,0.1
94,0.00016549654628410931,0.2790210225944873,4.617701558004807e-05,4.870083818088148e-08,0.7560947919513997,3.6822450112232416e-08,0.995290588992433,1.0003541464835541,0.9956430676546392,0.0013516193952229439,1.021359911582232,0.0013804898659977355,0.02930326234772237,0.7226313525558615,0.021175456104633866,0.100001635015613,0.751156401487697,0.07511686830121395,0.13020589594970255,0.742812396489828,0.09671855360750375,0.0005662392732599602,0.6976835544333028,0.0003950558288277392,0.0010511197828334741,1.0,0.0010511197828334741,3.814921377183643e-06,0.7414571649697957,2.8286007889092516e-06,1.000016350156129e-16,1.0,1.000016350156129e-16,1.0,1.0,1.0,0.03082037828922942,0.13037144119682484,-12.233302265586522,-0.8086713766187097,7.433887317547892,-3.0200459790346486,-2.682167139099301,-93.78049233864225,56.465437063178214,7.452273970953626,-3.748056276078703,333.15,8.0,0.1
95,0.00016089226891598192,0.2756197638579909,4.434508916519931e-05,5.1721895403180603e-08,0.7530302356108116,3.8948151081694803e-08,0.9952917035021769,1.0003566252497142,0.9956466496544768,0.0014451402622759214,1.02134895282864,0.0014759924935660183,0.029151386332369637,0.721435179955906,0.021030835644657225,0.10000146813503337,0.7490093179976508,0.07490203144658514,0.13014277067161842,0.7408932966596555,0.0964219063993169,0.0006634766960172498,0.6950071772656804,0.0004611210656805088,0.0010167876543450082,1.0,0.0010167876543450082,4.706692261635624e-06,0.7393333418245717,3.479814518734916e-06,1.0000146813503348e-16,1.0,1.0000146813503348e-16,1.0,1.0,1.0,0.03075741886356154,0.1303037146624298,-12.201137273125457,-0.8186499736400402,7.409513154013913,-2.9590600368048343,-2.584067374338875,-92.42910302661423,55.85292530221436,7.418818952585262,-3.753647843283588,338.15,8.0,0.1
96,0.00015584142894211814,0.2722677955450393,4.2430602312659375e-05,5.466410654153716e-08,0.7499880377217205,4.099742599889854e-08,0.9952929951418439,1.000359150724859,0.9956504553424961,0.0015475370746660905,1.0213362460631674,0.00158055570648304,0.028981027322192102,0.7202477808081734,0.020873520614349904,0.10000128556042094,0.7468427327694777,0.07468523338840569,0.13006957618410026,0.7389592345956434,0.09611611446118244,0.0007698718630450601,0.6923505392167907,0.0005330211995070822,0.0009833463029734887,1.0,0.0009833463029734887,5.763244664459774e-06,0.7372214163602231,4.248787394363532e-06,1.0000128556042115e-16,1.0,1.0000128556042115e-16,1.0,1.0,1.0,0.03068440582580031,0.13022547227714892,-12.172525487390262,-0.828806680266039,7.3872434093672545,-2.8999325459617236,-2.4892138919815667,-91.12387971839378,55.26027917270031,7.387487995655746,-3.7592687944819723,343.15,8.0,0.1
97,0.0001519511103037044,0.26614567546460577,4.04411308893762e-05,5.752722747511525e-08,0.7469682134694127,4.297101033293528e-08,0.9952944490432472,1.0003617415308117,0.9956544883808525,0.0016597143347090333,1.0213219330478311,0.0016951026526322243,0.028790491331514057,0.7190593425834434,0.020702071769492826,0.10000108569700716,0.7446498690885484,0.07446579537298909,0.129987128502786,0.7370142919254357,0.09580237147290145,0.0008847028957290116,0.6897043254403564,0.000610183413913908,0.0009506994894538284,1.0,0.0009506994894538284,7.003885155847399e-06,0.7351115949403078,5.1486371876937255e-06,1.000010856970072e-16,1.0,1.000010856970072e-16,1.0,1.0,1.0,0.030602156776526796,0.1301391371403172,-12.147112321610654,-0.8391275769796819,7.3668244350789465,-2.842513734856646,-2.397466654487346,-89.86264736885545,54.686651254759944,7.358134996627361,-3.7649175514824496,348.15,8.0,0.1
98,0.00014658780046277194,0.2621813797651868,3.84325917820734e-05,6.026136694036801e-08,0.7434439087710072,4.4800946186031075e-08,0.9952960459192336,1.0003653304774927,0.9956596578989357,0.0017791515375099722,1.0213061937962682,0.0018170584849610876,0.028585964492104113,0.7173810247538881,0.020507028500923907,0.10000087315432656,0.7419288801240018,0.07419353583081185,0.12989646432314642,0.7345363681756611,0.0954136771427833,0.0010080446500560772,0.6866006746606499,0.0006921241368165616,0.0009177417386674597,1.0,0.0009177417386674597,8.466687101055356e-06,0.7325051672589016,6.2018920510873375e-06,1.0000087315432636e-16,1.0,1.0000087315432636e-16,1.0,1.0,1.0,0.03051170383007686,0.13004311238497612,-12.125477485362747,-0.8496628056144109,7.348712813702016,-2.787527972945458,-2.3086932835251686,-88.64422844976235,54.1321047879748,7.3310576150354505,-3.7711932654531726,353.15,8.0,0.1
99,0.00014000232690762325,0.26038541913951246,3.64545645723485e-05,6.278722869517303e-08,0.7399466248286839,4.645919795534003e-08,0.9952978140733053,1.0003689310071056,0.9956650102982213,0.0019064905002779318,1.0212887485182267,0.0019470772970907367,0.028364943296479105,0.7157198376998358,0.020301352612521067,0.10000064682584196,0.7392079469897418,0.07392127283777687,0.12979597168267587,0.7320507901340259,0.09501724362651649,0.001140260423013828,0.6835273454905134,0.0007793991801105319,0.0008857202574828756,1.0,0.0008857202574828756,1.0179270754434706e-05,0.7299208832255051,7.430062299668535e-06,1.0000064682584168e-16,1.0,1.0000064682584168e-16,1.0,1.0,1.0,0.03041143612366466,0.12993603679681223,-12.107539393053855,-0.860417813842726,7.332928291879233,-2.734784217020991,-2.222769701574436,-87.46664404794542,53.5958193595662,7.306100621891792,-3.7774865891721885,358.15,8.0,0.1
100,0.0001344683738686937,0.2565225993104165,3.449417678984222e-05,6.511931623093742e-08,0.736475579501092,4.7958786157894456e-08,0.9952997288451466,1.0003725785718218,0.9956705561966545,0.002042779747371563,1.0212698331067802,0.002086229331672067,0.02812546546150717,0.7140609412543446,0.020083296340660372,0.10000040486981945,0.7364744309010798,0.07364774126637785,0.1296870086764448,0.7295614252946129,0.0946146388921819,0.001280098833015354,0.6804700926480739,0.0008710689715006496,0.0008545259046227253,1.0,0.0008545259046227253,1.2167883681675095e-05,0.7273438763622768,8.850235684154848e-06,1.0000040486981944e-16,1.0,1.0000040486981944e-16,1.0,1.0,1.0,0.03030271358274743,0.12982154216962974,-12.092848028294933,-0.8713711776493168,7.319131817474764,-2.6840347596572367,-2.139578379605857,-86.32796406724673,53.07694988938142,7.283085898399252,-3.783799586549518,363.15,8.0,0.1
101,0.0001302552564502567,0.2500547155649483,3.257094110250833e-05,6.722715575922361e-08,0.7330306473740673,4.927956550730096e-08,0.9953017799843674,1.0003762717422109,0.9956762839191479,0.0021878056393876857,1.021249541156318,0.002234295505363879,0.02786801352130275,0.7124029901930918,0.019853256163317595,0.10000014773464709,0.7337294964894809,0.07337305804621631,0.1295701139598943,0.7270699240217005,0.09420653291230342,0.0014270416484654712,0.6774277042943888,0.0009667175478524445,0.0008241388473112374,1.0,0.0008241388473112374,1.4467769734171293e-05,0.7247729880946986,1.0485848701301364e-05,1.0000014773464734e-16,1.0,1.0000014773464734e-16,1.0,1.0,1.0,0.030186074417140694,0.12970043644350027,-12.081380740155106,-0.8825309057140757,7.307333129955105,-2.635330646226912,-2.059008290407078,-85.22665482613394,52.57497907617782,7.261989160517379,-3.790130716322833,368.15,8.0,0.1
102,0.0001247279228967034,0.24635916565276797,3.072786701843464e-05,6.902999568506745e-08,0.7296115800523829,5.0365084222791193e-08,0.9953039820442545,1.0003799642619307,0.9956821619871886,0.0023397858442542638,1.0212277214353027,0.002389454166374357,0.027596130191866387,0.7107625565818232,0.019614296046935792,0.09999987872453786,0.7309925884185822,0.07309917019039423,0.12944441614905258,0.7245736220783469,0.09379200946693589,0.0015818897764188274,0.6744161971676835,0.0010668520873508226,0.000794633918115237,1.0,0.000794633918115237,1.713064043176224e-05,0.7222251302805687,1.2372179017619064e-05,1.1389324898304025e-16,1.0,1.1389324898304025e-16,1.0,1.0,1.0,0.030060643959017357,0.129569213101945,-12.07351309443318,-0.8939344011739876,7.297870435465469,-2.588987948635548,-1.9809544688419949,-84.16153817055044,52.089681682671404,7.242922593786185,-3.796475229445993,373.15,8.0,0.1
103,0.00011870264745050832,0.24380043697818418,2.893975731890127e-05,7.058554003962069e-08,0.7256687686824944,5.1221721927340406e-08,0.9953062778750369,1.0003847104022836,0.9956891825535936,0.0024975386963994976,1.0212049197184283,0.0025504988039503178,0.027313321992098627,0.7086000365180629,0.019354220961030698,0.09999960006935059,0.7277120999858858,0.07277091896421585,0.12931305858761147,0.7215290550659322,0.09330312897040483,0.0017425892763223152,0.6709240369067356,0.0011691450319405547,0.0007649246533205596,1.0,0.0007649246533205596,2.021254047894598e-05,0.7191531619259847,1.4535912395990944e-05,1.3299390367223947e-16,1.0,1.3299390367223947e-16,1.0,1.0,1.0,0.029929563335948633,0.129431831820602,-12.069037859055484,-0.9055768284649112,7.290545825887655,-2.545122545900583,-1.9053171528804995,-83.13131968943095,51.62065835055782,7.225902241361634,-3.8034811502331243,378.15,8.0,0.1
104,0.00011358995570053684,0.23967804179973815,2.7225018150423653e-05,7.184059232610947e-08,0.721756565957757,5.185141921366403e-08,0.9953086846668437,1.0003894856490367,0.9956963431158831,0.002662427751905214,1.0211809632676865,0.0027188205363211865,0.027015821668083796,0.7064436035159789,0.019085154411146183,0.09999930937669385,0.7244335051709123,0.07244285020642882,0.12917504572567423,0.7184887242183758,0.09281081380429004,0.0019090575100650555,0.667453779480912,0.0012742076503393402,0.0007360860872581405,1.0,0.0007360860872581405,2.3749100022781682e-05,0.7160943082781561,1.70065953530426e-05,1.5462256432574852e-16,1.0,1.5462256432574852e-16,1.0,1.0,1.0,0.029791839375689546,0.12928870752196708,-12.067712167389727,-0.9174498205138364,7.285239352134577,-2.503386412390198,-1.8320027278961517,-82.13431897661856,51.167067488312505,7.210714415214453,-3.81050203108867,383.15,8.0,0.1
105,0.00010975468195906847,0.23312508717280983,2.5586569799331872e-05,7.278645074531218e-08,0.7178745299992491,5.225153911910448e-08,0.9953111879006712,1.0003942929420686,0.9957036320772223,0.0028341317890053634,1.0211559840614963,0.0028940906359617396,0.026704344768407412,0.7042909151164216,0.018807627414526084,0.09999900732061082,0.7211562163163646,0.07211490575472412,0.12903113739426306,0.7154538875123109,0.0923158288588606,0.002080555494648382,0.664003108437042,0.0013814953157222933,0.000708098260435625,1.0,0.000708098260435625,2.7793233129001146e-05,0.7130463626938143,1.9817863790135475e-05,1.790231470706293e-16,1.0,1.790231470706293e-16,1.0,1.0,1.0,0.029648231239371846,0.1291409648626728,-12.069445919579994,-0.9295558121294571,7.281900912468786,-2.463752244728788,-1.760922081013889,-81.16924871834819,50.72841083529791,7.197308931678928,-3.8175380333078435,388.15,8.0,0.1
106,0.0001048952432792699,0.22919701070502363,2.404167619678486e-05,7.337956234920521e-08,0.7140224437556698,5.2394654430301045e-08,0.9953137978312754,1.0003990926755193,0.9957110202778332,0.003011028277772658,1.0211298689039223,0.0030746509105479985,0.02638216003585979,0.7021561281959744,0.018524395344225876,0.09999869695723076,0.717896423359199,0.07178870688617638,0.1288806812605942,0.7124221427215677,0.0918174510990879,0.002257688408898149,0.6605855072059177,0.0014913962427049047,0.0006810123554339658,1.0,0.0006810123554339658,3.2418751609293575e-05,0.7100236837279514,2.3018081439492068e-05,2.0655901662626826e-16,1.0,2.0655901662626826e-16,1.0,1.0,1.0,0.029498083556911716,0.1289856498834358,-12.07442832734946,-0.9419186694888,7.280713019692744,-2.4263705290113986,-1.6919907238056937,-80.2350666608828,50.30438807291874,7.1857268567973565,-3.8245864059288786,393.15,8.0,0.1
107,9.939187614374566e-05,0.22723615066984862,2.2585427342759105e-05,7.362755272678203e-08,0.7101999192680419,5.229028200246404e-08,0.9953164995126856,1.0004038885050202,0.9957184964056958,0.0031928189218466004,1.0211027517228912,0.00326019618685048,0.02604995594504371,0.7000366762307869,0.01823592457572683,0.09999837894216003,0.7146529556794862,0.07146413707417197,0.12872444839095976,0.7093947041510638,0.09131644198331376,0.0024397121175966045,0.657198358417334,0.0016033747986953666,0.0006548023054064286,1.0,0.0006548023054064286,3.7691261424647875e-05,0.7070237815833437,2.664861818510093e-05,2.375198257746626e-16,1.0,2.375198257746626e-16,1.0,1.0,1.0,0.029342166743034054,0.12882391389465622,-12.082513876896254,-0.9545365658277607,7.2815790160058045,-2.391161482693014,-1.6251284835951927,-79.33056284992853,49.894487302254376,7.175896171753585,-3.831648075313635,398.15,8.0,0.1
108,9.516296351147154e-05,0.22267294674175409,2.1190217505777392e-05,7.363101541588348e-08,0.7058129989284536,5.196972780483192e-08,0.9953192106999679,1.0004098673578055,0.9957271595550304,0.0033779882790499157,1.021075415960107,0.003449180787139258,0.025711839749709628,0.6973364931817916,0.017929804164314708,0.09999805617030019,0.7108199610021045,0.07108061438725903,0.1285669518569577,0.7057826113984933,0.090740319021148,0.0026231014702977414,0.6532820568826684,0.0017136251239280595,0.0006284840052920279,1.0,0.0006284840052920279,4.370217064269024e-05,0.7034458467284054,3.0742110431616506e-05,2.7188630097855e-16,1.0,2.7188630097855e-16,1.0,1.0,1.0,0.029184990992271016,0.12866218845148467,-12.093445747957773,-0.9673981931172749,7.284249557819608,-2.358202769923886,-1.5602587555259906,-78.45474300171215,49.498372288231735,7.167825809411293,-3.839443881958745,403.15,8.0,0.1
109,9.206822187051793e-05,0.21586978059301834,1.9874746854778048e-05,7.332442095170481e-08,0.7014609673625555,5.143421925208206e-08,0.9953219689774937,1.000415868751718,0.9957358922822899,0.003567603071852404,1.021047487062682,0.0036426921513520016,0.02536472877957029,0.6946439550189091,0.01761945551742265,0.09999772681825556,0.7069997372572859,0.07069836658683254,0.1284060336150972,0.7021837303153151,0.0901646276788427,0.0028090087940859207,0.6493906397144654,0.0018241440177550155,0.000603060767877226,1.0,0.000603060767877226,5.050610386537336e-05,0.6998845826616793,3.534844342568424e-05,3.1015969068716505e-16,1.0,3.1015969068716505e-16,1.0,1.0,1.0,0.029024400073293214,0.12849817516138867,-12.107154492302193,-0.9805063986108061,7.2887478481708925,-2.327227002876686,-1.4973097022070394,-77.60632198277673,49.11537569488606,7.161352675560052,-3.847256711823457,408.15,8.0,0.1
110,8.81349660011461e-05,0.21154652493271067,1.8644645782605078e-05,7.269575475087856e-08,0.6971435712505398,5.0679378081780966e-08,0.9953247812254954,1.00042185897564,0.9957446679181322,0.0037602552564955575,1.0210188801813114,0.003839291611182984,0.025011512104085514,0.691970994740733,0.01730724091063393,0.09999739360275561,0.7032055617313853,0.07031872334010021,0.1282412047058512,0.6985959839604136,0.08958879058575293,0.002997898791690438,0.6455352674932177,0.0019352493984114805,0.00057856043118225,1.0,0.00057856043118225,5.820297107210711e-05,0.6963519865159978,4.052975452719495e-05,3.527585683846633e-16,1.0,3.527585683846633e-16,1.0,1.0,1.0,0.02885990232658222,0.12832941236760714,-12.123725542768039,-0.9938764507722099,7.295168723254025,-2.298293349569906,-1.4362125780132886,-76.78439168646918,48.745172263637016,7.156478632477158,-3.8550857415211333,413.15,8.0,0.1
111,8.434225823542733e-05,0.20739220202341108,1.749192665907244e-05,7.177470384909437e-08,0.692859815582431,4.972980807236712e-08,0.9953276249146416,1.0004278542529403,0.9957534800720304,0.003955869661280808,1.0209897999687236,0.004038902574173436,0.02465246432808846,0.6893110352828715,0.01699321570826872,0.09999705680912663,0.6994316501076657,0.06994110644991743,0.12807364390825474,0.6950208416743885,0.08901385178542115,0.0031886340549539256,0.6417093810864838,0.0020461763859157696,0.0005549420004497087,1.0,0.0005549420004497087,6.687597431869833e-05,0.6928414968420766,4.633445014973923e-05,3.999676280828488e-16,1.0,3.999676280828488e-16,1.0,1.0,1.0,0.028692676247604697,0.128158057941194,-12.142979288047284,-1.0075019664089766,7.303383216884258,-2.2712912458131567,-1.3769019795517368,-75.98792127375997,48.38728031457655,7.15312163675645,-3.8629343281178015,418.15,8.0,0.1
112,8.1619031254222e-05,0.20105801080512822,1.6410160067815475e-05,7.059072954937473e-08,0.6886085810465801,4.860938211003786e-08,0.9953304775506416,1.0004338708596048,0.9957623224405274,0.004154325189298212,1.0209604501449934,0.004241401715314586,0.0242879507842503,0.6866577497650772,0.016677509631918254,0.09999671681107393,0.6956723878028063,0.06956495475640082,0.1279045247621528,0.6914595771692679,0.0884408086100743,0.0033800782486292868,0.6379066690214874,0.0021561744566150915,0.0005321687637041854,1.0,0.0005321687637041854,7.661144642035285e-05,0.6893468109283292,5.28118562704768e-05,4.520632069850073e-16,1.0,4.520632069850073e-16,1.0,1.0,1.0,0.028523895004802735,0.12798621438413652,-12.16475841176229,-1.0213777214814403,7.3132798993514285,-2.2461251179483765,-1.319315653347,-75.21593865721854,48.041245200329634,7.151207848462634,-3.870806283624512,423.15,8.0,0.1
113,7.839846430804075e-05,0.1962862866957497,1.5388543441674578e-05,6.922312561859383e-08,0.6837280834555723,4.7329795010005575e-08,0.9953332771606895,1.0004412031381842,0.9957724213261119,0.004351809513055053,1.0209313982769082,0.004442898971198045,0.02392661392041785,0.683361911730471,0.016350536629893643,0.09999638082325057,0.691272283943331,0.06912472655775553,0.12773711773735302,0.6872475022593294,0.08778701511080175,0.003569793647322488,0.6335240817544295,0.002261550242472775,0.0005094174869670299,1.0,0.0005094174869670299,8.760164087164298e-05,0.6852172000897007,6.0026151081330705e-05,5.089460655118359e-16,1.0,5.089460655118359e-16,1.0,1.0,1.0,0.02835682189778094,0.12781558542478666,-12.189118756442578,-1.035515976380621,7.324865376500021,-2.2230754451699712,-1.263393771226594,-74.46788853080861,47.70700020463236,7.150852460323277,-3.8795274625576566,428.15,8.0,0.1
114,7.469070582603525e-05,0.19328881321096034,1.443687788700331e-05,6.762068448522159e-08,0.6788884231928014,4.590689986539001e-08,0.9953360743082817,1.0004485250753585,0.9957825074960179,0.004550366173318437,1.0209021443932287,0.004645478584115204,0.023563522755718373,0.6800879977891469,0.01602526901179551,0.099996045258671,0.6869056681378565,0.06868785027955075,0.12756854197729312,0.683056223150264,0.08713648647579576,0.003759761073479682,0.6291808529706733,0.00236556967917788,0.00048758347595068065,1.0,0.00048758347595068065,9.989909845644897e-05,0.6811201665782107,6.804329058166957e-05,5.713491110235513e-16,1.0,5.713491110235513e-16,1.0,1.0,1.0,0.028188579634862845,0.12764330030380364,-12.215938100603317,-1.0499139091726652,7.33812203454424,-2.2018068020425177,-1.2090803821506855,-73.7426375613408,47.38387009207805,7.1518618532448786,-3.8882755195332357,433.15,8.0,0.1
115,7.25692328585977e-05,0.18666451601088957,1.3546100728831682e-05,6.582708529592641e-08,0.6740875994748857,4.4373221907559543e-08,0.9953388347014355,1.000455875526913,0.995792585317162,0.00475038537192745,1.0208730067979404,0.004849540198088528,0.023198048113487597,0.6768221877148162,0.015700953674884242,0.0999957095730306,0.6825589891299325,0.06825297044349808,0.12740063144324706,0.6788878414214072,0.08649073967623028,0.003948209220015512,0.6248634802218656,0.00246709175386295,0.00046660335895802173,1.0,0.00046660335895802173,0.00011359189808150106,0.6770418773274322,7.690647192628577e-05,6.394220776687546e-16,1.0,6.394220776687546e-16,1.0,1.0,1.0,0.028021002718273645,0.12747326650319102,-12.244991645176139,-1.0645592949712783,7.3528790363302425,-2.1821831869897976,-1.1563216060047656,-73.03928702348036,47.071388465638854,7.154142660024104,-3.8970578657110027,438.15,8.0,0.1
116,6.978465232380761e-05,0.1822460687199019,1.2717978542999094e-05,6.384881457617654e-08,0.6693257185224155,4.2735653693003816e-08,0.9953415703004979,1.0004632145058598,0.9958026269541462,0.0049505703717758875,1.0208438435150464,0.005053759285915411,0.022832915653076137,0.6735783024629598,0.015379756565878965,0.0999953763624696,0.6782467220098489,0.06782153623398617,0.12723256824452275,0.6747400705649302,0.0858489120754666,0.004135946451266396,0.620584723923456,0.002566705186621354,0.00044649008460557137,1.0,0.00044649008460557137,0.0001288243218775593,0.6729960360958076,8.669825797632788e-05,7.136029181555655e-16,1.0,7.136029181555655e-16,1.0,1.0,1.0,0.027853270677175832,0.12730241674566112,-12.276339901101238,-1.0794641042289024,7.369209648599819,-2.164232063458362,-1.1050660516803026,-72.35713428160769,46.76925937392014,7.157682962420399,-3.9058766054222156,443.15,8.0,0.1
117,6.711627542456937e-05,0.17800276233261722,1.1946882423050099e-05,6.171943982877932e-08,0.6646015886377509,4.1018837760038755e-08,0.995344261308497,1.000470556358959,0.9958126268800092,0.005150854197659255,1.0208148278030822,0.005258068340822314,0.022468411113542728,0.6703509690773053,0.015061721163590664,0.09999504594642437,0.6739637415262654,0.06739303530014298,0.12706535077364547,0.6706138274952933,0.08521178122434643,0.004322016180555092,0.6163390968145264,0.0026638275491410956,0.0004272022681296298,1.0,0.0004272022681296298,0.00014570670171397266,0.6689772056177137,9.74744621523871e-05,7.940878000352222e-16,1.0,7.940878000352222e-16,1.0,1.0,1.0,0.027686381586626556,0.1271325287685099,-12.309844547100615,-1.0946228668618352,7.3870166492224705,-2.147866793133412,-1.0552646518603364,-71.69539277447369,46.477078439942325,7.162413262447414,-3.9147387327869945,448.15,8.0,0.1
118,6.556028026101316e-05,0.17110325853778463,1.1217577583309762e-05,5.954771112268805e-08,0.6591447553862221,3.9250561481773634e-08,0.9953467998318687,1.000479504141099,0.9958240727442177,0.005347587662310231,1.020786958586788,0.00545874774558589,0.022112937332855336,0.6663589655579748,0.014735154046569802,0.09999472540146799,0.6689263972972888,0.06688911141153568,0.12690473589238987,0.6657362282068199,0.08448508021458226,0.004501494356981162,0.6114076021890253,0.002752247871069279,0.00040791642707253064,1.0,0.00040791642707253064,0.00016451778827446332,0.664206861674253,0.00010927384383937046,8.79919668934409e-16,1.0,8.79919668934409e-16,1.0,1.0,1.0,0.02752608527542658,0.126970355720362,-12.345393382626899,-1.1100319125050444,7.406154126264159,-2.1332986786459336,-1.006869889300702,-71.05360169605774,46.194744753057435,7.168412854617652,-3.9246454577312315,453.15,8.0,0.1
119,6.284183856604182e-05,0.1677577852940108,1.0542207661642937e-05,5.7262581574392315e-08,0.65373686710338,3.743466068069498e-08,0.9953492833843353,1.0004884278168604,0.9958354396618322,0.005543138737899153,1.0207592838151356,0.005658210328185873,0.02176091924582223,0.6623996969235991,0.014414426313211564,0.09999441051207822,0.6639374155553995,0.0663900304853749,0.12674523748991728,0.6608901456914286,0.08376467847040614,0.004678995640663787,0.6065263368572382,0.0028379340861027923,0.0003894984552058846,1.0,0.0003894984552058846,0.00018528567680252975,0.6594812049759246,0.00012219242140251198,9.723300877559701e-16,1.0,9.723300877559701e-16,1.0,1.0,1.0,0.027366899822287422,0.12680813659106488,-12.382996937415609,-1.1256982825475412,7.426726099097172,-2.1202336048487176,-0.9598376380514061,-70.43082033641251,45.921652035345566,7.175505861974977,-3.934607487295832,458.15,8.0,0.1
120,6.080966982697611e-05,0.16303666447153217,9.91420573620536e-06,5.4901310274565256e-08,0.6483757887508552,3.559668035272664e-08,0.9953516816139636,1.0004973636696466,0.9958467333789199,0.005737907597334509,1.0207320820916246,0.005856866368676604,0.02141171412180773,0.6584607297482458,0.014098772905806333,0.09999410072951678,0.6589842884993257,0.06589454132337053,0.12658846118263045,0.6560771409828959,0.08305179569412449,0.00485297593654399,0.6016830949949747,0.002919953581435923,0.00037188610783324416,1.0,0.00037188610783324416,0.0002081059564182847,0.6547877303467624,0.00013626522687477078,1.071240298443281e-15,1.0,1.071240298443281e-15,1.0,1.0,1.0,0.027210431388969215,0.12664932575376772,-12.422465647434922,-1.1416106717718542,7.4485905012326095,-2.108561662592535,-0.9141250660335485,-69.82631543906187,45.65738053675319,7.18360767177934,-3.9446368903201896,463.15,8.0,0.1
121,5.9538152554018034e-05,0.15671551330917216,9.330552138982744e-06,5.248727869023863e-08,0.6430605392467987,3.375249773814184e-08,0.9953539840595738,1.0005063136809842,0.9958579453991253,0.005931657079318824,1.0207054342181623,0.006054474614779357,0.021065950024517582,0.6545412141514909,0.01378853250630237,0.09999379669590462,0.6540662010791111,0.06540256273636733,0.12643487288961264,0.6512972132481263,0.0823466803703858,0.005023004468547254,0.5968766461973567,0.002998114061020821,0.0003550450883966531,1.0,0.0003550450883966531,0.00023309788281381053,0.65012544333963,0.00015154286440585758,1.1766557032516066e-15,1.0,1.1766557032516066e-15,1.0,1.0,1.0,0.027057145256390424,0.12649446352944535,-12.463712333270214,-1.1577665332973228,7.471694083166155,-2.098229747823957,-0.8696911998681984,-69.23943153732337,45.40156640533544,7.192660154777552,-3.9547444018923703,468.15,8.0,0.1
122,5.769076972805309e-05,0.15236689033633824,8.790163184573212e-06,5.003553477778434e-08,0.6377908750437109,3.191220750920313e-08,0.9953561966533919,1.00051525406627,0.9958690579811047,0.006123695580274728,1.020679256806341,0.006250329053783082,0.020725173331768234,0.6506490911096966,0.013484815191405928,0.09999349991988518,0.649191168516495,0.0649148970570443,0.12628399236743235,0.6465489088395894,0.08164877746907041,0.005189580368559005,0.5921140586439982,0.003072823494686689,0.00033895849715258726,1.0,0.00033895849715258726,0.0002604072432985922,0.6455020482614903,0.00016809340893136942,1.2886657589594125e-15,1.0,1.2886657589594125e-15,1.0,1.0,1.0,0.026906559681771015,0.12634173317269518,-12.506717173634463,-1.1741692980674194,7.496043152688162,-2.089219473156675,-0.8264968202909243,-68.6695665718884,45.15387747819531,7.202620154220404,-3.9649405974111356,473.15,8.0,0.1
123,0.0005198038920999425,0.31109148027121725,0.00016170656224411125,4.5555927772235236e-09,0.7857932817555171,3.579754198756199e-09,0.9952926791569806,1.0003487562470499,0.9956397936964796,0.00025235123616852646,1.021437193162047,0.0002577609383629524,0.029507395480994052,0.7294093328132248,0.021522969650847844,0.10000360942367709,0.7651158097060998,0.07651434259772925,0.1306510856892001,0.755473997071728,0.09870349792738087,0.00010001157504654742,0.723065299977023,7.23148995122063e-05,0.0014972819474109657,1.0,0.0014972819474109657,4.659808752917441e-07,0.7593314562042944,3.5383393659863145e-07,1.0000360942367712e-16,1.0,1.0000360942367712e-16,1.0,1.0,1.0,0.03027955060926252,0.1311708941368928,-13.615614962605662,-0.7379501296597647,8.446146792850175,-4.418047183659086,-4.177760642119847,-115.0780618090325,66.19860439649695,8.3179295397018,-3.696018174501451,273.15,8.5,0.1
124,0.0005053670583691656,0.3089454105228399,0.00015613083331258193,5.583616653010402e-09,0.7836256719394433,4.3754653515675426e-09,0.9952924813435964,1.000347770892789,0.9956386150984193,0.0002686471899544861,1.0214390987091413,0.0002744067435778538,0.02951653768777491,0.7291657802675929,0.0215224492339042,0.1000035803344677,0.7647008732838606,0.07647282521328018,0.13066205781980397,0.755074267611125,0.09865955761285096,0.00013059564937387513,0.7212302963151969,9.418953889539546e-05,0.0014556872738603617,1.0,0.0014556872738603617,6.156150657660749e-07,0.7581723124663928,4.667422980010154e-07,1.0000358033446774e-16,1.0,1.0000358033446774e-16,1.0,1.0,1.0,0.030290551936098562,0.13116743046178977,-13.488667755976197,-0.7444519449734913,8.358975750899857,-4.307522457821126,-4.0258043119081375,-112.92542663087664,65.25034018641892,8.23649271665884,-3.6987037987901785,278.15,8.5,0.1
125,0.0004905468052054809,0.30391616937992266,0.0001490851059396089,6.803761056251642e-09,0.7814743079899803,5.316964463163431e-09,0.9952923816510935,1.0003470435930986,0.9956377914954052,0.0002901070891895472,1.0214400459205748,0.00029632699850365516,0.029515389142055426,0.7289060108716986,0.021513944558861464,0.10000354200192399,0.7641692483149921,0.07641963152044698,0.1306675104465819,0.7546102543652677,0.09860304329537144,0.00016669392647041992,0.7193837780740675,0.0001199169066062914,0.0014140856776477127,1.0,0.0014140856776477127,7.985694822037644e-07,0.7569964122974049,6.045142329984461e-07,1.0000354200192411e-16,1.0,1.0000354200192411e-16,1.0,1.0,1.0,0.030296043036450452,0.13115806405554842,-13.366721827911658,-0.7509828567957654,8.274336242357178,-4.197289972501554,-3.8796983531747036,-110.85609059177003,64.33208599357525,8.157991683723761,-3.701837758345754,283.15,8.5,0.1
126,0.0004711531060696804,0.3018303727174601,0.0001422083176120007,8.169925351206294e-09,0.7793326163155713,6.367089299058507e-09,0.9952924272789863,1.0003464353678968,0.9956372317771957,0.00031447858147464175,1.0214395723608827,0.0003212208677781151,0.029507725270413263,0.7286792738282049,0.021501667822366906,0.10000349850676803,0.7635811368256687,0.07636078507634199,0.13066478071290907,0.75407641246041,0.09853122907491665,0.0002102313472404613,0.7175746149841357,0.00015085667805367014,0.0013732204709879128,1.0,0.0013732204709879128,1.0275462732854388e-06,0.7558545166157074,7.766754916944367e-07,1.0000349850676832e-16,1.0,1.0000349850676832e-16,1.0,1.0,1.0,0.030293356957957585,0.13113594198890408,-13.254433185456103,-0.7578239583526042,8.196059059070288,-4.09133962378361,-3.739136663360158,-108.86945172538262,63.44668461668588,8.084238412466643,-3.7052869043010555,288.15,8.5,0.1
127,0.00044959066023365885,0.299765117126332,0.0001347715969238477,9.728228826286463e-09,0.7772046315685482,7.560824500748499e-09,0.9952926116894935,1.0003459862738955,0.9956369692716477,0.0003437111824575239,1.0214377420264518,0.00035107957411865503,0.029489563709200972,0.7284608370543324,0.021481992263971607,0.10000344634142626,0.7629185014922604,0.07629447942686259,0.1306542369495791,0.7534854681343334,0.09844606889168771,0.00026075016709102767,0.7157785285088222,0.00018663937090884517,0.0013331764291382743,1.0,0.0013331764291382743,1.3051396223341276e-06,0.7547209999961929,9.850162809026655e-07,1.0000344634142625e-16,1.0,1.0000344634142625e-16,1.0,1.0,1.0,0.030282865551892156,0.13110383733804157,-13.148322430797673,-0.7648016058663166,8.121430842514565,-3.987265030443534,-3.603833885072034,-106.95881407381675,62.59056667123253,8.013847624260642,-3.708978137822311,293.15,8.5,0.1
128,0.0004261564289225164,0.2979448039206779,0.0001269710936548555,1.1490234220095947e-08,0.7750901384906217,8.90596723294385e-09,0.9952929404080664,1.000345676256744,0.9956369895460704,0.0003782898033045077,1.0214345002308904,0.0003863982561807818,0.029459808424133344,0.7282519669612629,0.021454163431177092,0.10000338464407095,0.7621899849879754,0.07622157824061117,0.13063556412969973,0.7528427210629652,0.09834803356699864,0.00031843180115294925,0.7139969651803195,0.00022735933964010887,0.0012940860241481941,1.0,0.0012940860241481941,1.6378927317235982e-06,0.7535971909558007,1.2343113617138273e-06,1.0000338464407067e-16,1.0,1.0000338464407067e-16,1.0,1.0,1.0,0.030264254656360366,0.1310617320488565,-13.048127912798632,-0.7719187076056141,8.050318907068915,-3.8851658200474852,-3.4735238356881095,-105.12027816213178,61.762687369794286,7.94669497772061,-3.712852911102756,298.15,8.5,0.1
129,0.0004003504635495091,0.29740058350673554,0.0001190644614668161,1.3457791687708386e-08,0.7724544505642852,1.039553108393739e-08,0.9952933913362669,1.000346425382883,0.9956381862304415,0.00041801757712280475,1.021430060042004,0.0004269757188991597,0.029420382844300628,0.7275629576837496,0.021405180758387606,0.10000331378885438,0.7608907096513905,0.07609159239629211,0.13060998924241066,0.7516319033448816,0.09817063481012761,0.00038356852345581915,0.7117509438877712,0.0002730052586153179,0.001254430487641028,1.0,0.001254430487641028,2.0366164925307337e-06,0.7519773754350675,1.5314895248210337e-06,1.0000331378885441e-16,1.0,1.0000331378885441e-16,1.0,1.0,1.0,0.03023875088497294,0.13101035316375187,-12.954360598006792,-0.7792236075715125,7.9831533186526915,-3.7859342159813583,-3.347957571929427,-103.35101061869942,60.96283193467555,7.883064016986534,-3.7174571759741006,303.15,8.5,0.1
130,0.0003761444402154375,0.29457167212965296,0.00011080149671653372,1.568487275582158e-08,0.7698356171108192,1.2074773697282594e-08,0.9952939652179552,1.0003473430265901,0.9956396736361808,0.0004653333653027923,1.021424415552093,0.00047530286069129345,0.02936484647413377,0.7268618374609509,0.0213441862649476,0.10000322937913446,0.7595168140870836,0.07595413417646005,0.13057747791681604,0.7503842375929539,0.0979832812134208,0.0004546291053538296,0.7095006595839768,0.0003225596501146154,0.0012157696048802698,1.0,0.0012157696048802698,2.4997626358366935e-06,0.7503464413292775,1.8756879979679576e-06,1.0000322937913475e-16,1.0,1.0000322937913475e-16,1.0,1.0,1.0,0.030206324279652003,0.13095363804190424,-12.864621736120437,-0.7865887670532805,7.918120999950561,-3.6877516214542982,-3.2269031685393936,-101.64572203879115,60.18811874869397,7.821894489824509,-3.7221770599674713,308.15,8.5,0.1
131,0.0003518755739894549,0.2919973129199542,0.00010274672208708736,1.8131209705367914e-08,0.7672324604851264,1.3910852633821207e-08,0.9952946811340313,1.0003483655550776,0.9956414075180904,0.0005195838452571848,1.021417378380939,0.0005307119690716811,0.02929442928638133,0.7261681111131629,0.02127268038102965,0.10000313261754887,0.7580945142621908,0.07581182624639818,0.13053694522520862,0.7491002519426383,0.09778525855602614,0.0005326087572684651,0.7072654784756012,0.0003766957875497764,0.0011781946835631258,1.0,0.0011781946835631258,3.0415472406744393e-06,0.7487245021539166,2.277280943551588e-06,1.0000313261754882e-16,1.0,1.0000313261754882e-16,1.0,1.0,1.0,0.030165888705627968,0.13088883893040776,-12.780604588381516,-0.7941313879372329,7.856646250107504,-3.592173069139734,-3.1101433004525028,-100.00273261740952,59.43908990693618,7.763825830049307,-3.726982627969168,313.15,8.5,0.1
132,0.00033106173694452847,0.2862388785585113,9.47627403166347e-05,2.083766850733511e-08,0.7646454700590292,1.5933428830725494e-08,0.9952955070628516,1.0003495415323629,0.9956434041795443,0.0005826449025332709,1.021409260704134,0.0005951188991495406,0.029205538385612292,0.725458104793387,0.021187394526696813,0.10000302012682684,0.756604631243433,0.07566274816628742,0.1304901886400813,0.7477887223379478,0.0975790914408042,0.0006158642308586381,0.7050224228379368,0.00043419809217917955,0.001141547033312919,1.0,0.001141547033312919,3.6632605630200073e-06,0.7470875492284915,2.736776356212001e-06,1.0000302012682719e-16,1.0,1.0000302012682719e-16,1.0,1.0,1.0,0.03011924502509009,0.1308212712146944,-12.70095459573538,-0.8017829895851265,7.797690755145231,-3.4983712945229284,-2.9974744196269234,-98.4181981121941,58.713955518257066,7.708318398585355,-3.731860803478221,318.15,8.5,0.1
133,0.0003084556808540617,0.28353013809825106,8.745648178974217e-05,2.368494690220653e-08,0.7620725912636392,1.8049648859706244e-08,0.995296498610147,1.0003507566843488,0.9956456055099434,0.0006522729818328919,1.0213995155573181,0.0006662313076552433,0.02910251053127918,0.7247734415202957,0.021092726714635864,0.10000289600094267,0.755095357437427,0.07551172250060965,0.13043405822639875,0.7464436736950998,0.09736167759747362,0.0007073702597997388,0.7028124452795376,0.0004971486220078762,0.0011060072695092522,1.0,0.0011060072695092522,4.393757615917052e-06,0.7454781152431658,3.2754501463491495e-06,1.0000289600094262e-16,1.0,1.0000289600094262e-16,1.0,1.0,1.0,0.030063239193966133,0.1307425375921997,-12.62842744904822,-0.8097332646237733,7.743531242499337,-3.4086617755767517,-2.888705752218779,-96.89161784718215,58.014117874681,7.656415204432788,-3.736788671312022,323.15,8.5,0.1
134,0.0002875301352208156,0.28008174467818786,8.053194192020128e-05,2.671646607337447e-08,0.758992705053339,2.0277602854496284e-08,0.9952975906807263,1.0003530176988185,0.9956489483458281,0.0007298482643115263,1.0213887754401272,0.0007454588249422524,0.028984137554162116,0.7235950874139617,0.02097277954712223,0.100002757768798,0.7530316562232148,0.07530524230952691,0.13037219624540927,0.7445616565406854,0.09707013840332923,0.0008050257621483481,0.7001330161154137,0.0005636251149035325,0.001070030944977428,1.0,0.001070030944977428,5.241606325188155e-06,0.7433636752405035,3.896419742055738e-06,1.0000275776879802e-16,1.0,1.0000275776879802e-16,1.0,1.0,1.0,0.030001515953694456,0.1306597530970961,-12.561562717164952,-0.817908321355115,7.69298338704076,-3.322303786185253,-2.783657863714947,-95.41961994675084,57.33797174978192,7.607642032541572,-3.742349697964188,328.15,8.5,0.1
135,0.0002660490405306552,0.27888490099504426,7.419706032821827e-05,2.983864650860815e-08,0.7559323975740903,2.2555999595617915e-08,0.9952988406528377,1.0003553169251607,0.9956524871765144,0.0008148973202674697,1.0213764780047603,0.000832316954910305,0.028849889222839032,0.722435129563995,0.020842173458608622,0.10000260632410829,0.7509512642782034,0.07509708365020458,0.13030136387347843,0.7426570687869506,0.09676922895321935,0.0009105706394912892,0.697482243278674,0.0006351068522960813,0.0010351181636465171,1.0,0.0010351181636465171,6.2294446250333845e-06,0.7412710556615028,4.617706993383374e-06,1.0000260632410846e-16,1.0,1.0000260632410846e-16,1.0,1.0,1.0,0.02993083558363716,0.1305674427526556,-12.50109104528149,-0.8263733115842308,7.646737921869679,-3.2397904602993877,-2.6821630303708273,-94.000236819907,56.685189761899906,7.562150320314469,-3.7479431902917413,333.15,8.5,0.1
136,0.00024778342819814796,0.27550468903932346,6.82654963348283e-05,3.3072308531241064e-08,0.752891050831307,2.4899845123503315e-08,0.9953002103450704,1.0003577191314492,0.9956562482718463,0.0009092329355143515,1.0213629944303053,0.0009286568736515948,0.028696322209047657,0.7212665749218693,0.020697698032574176,0.10000243841279273,0.748830191595648,0.07488484511668357,0.13022369833351935,0.7407369137111627,0.0964615003956246,0.001022040086394258,0.6948339809195346,0.0007101481818886673,0.0010010922047240824,1.0,0.0010010922047240824,7.3638411969656214e-06,0.7391729603370559,5.443152297013045e-06,1.0000243841279263e-16,1.0,1.0000243841279263e-16,1.0,1.0,1.0,0.02985333857276016,0.13047151483402603,-12.445736785870656,-0.835061672007067,7.603803354198122,-3.160288908011758,-2.584063187505657,-92.63033189782116,56.05416254708772,7.519437575021943,-3.7535692049783673,338.15,8.5,0.1
137,0.00023083395974539853,0.27217085898484145,6.282627710677738e-05,3.6335681478933905e-08,0.7498690635936605,2.7247003445645686e-08,0.9953017193562899,1.000360180243938,0.9956602073723595,0.0010120878163007447,1.0213481287952881,0.001033693997355275,0.028524973129452957,0.7201032086534123,0.020540924677271446,0.10000225546877743,0.7466863653166838,0.07467032065945188,0.13013807104916936,0.7388011096912773,0.0961461513042086,0.001140537446685438,0.6922018579343352,0.0007894821396393429,0.0009679801970201879,1.0,0.0009679801970201879,8.673420444175065e-06,0.7370835149964688,6.393035228034789e-06,1.000022554687771e-16,1.0,1.000022554687771e-16,1.0,1.0,1.0,0.0297678949054991,0.13036894134459623,-12.396069911385645,-0.8440274421478299,7.564681253335219,-3.084350358729805,-2.4892096382477455,-91.30829753116187,55.44470549293603,7.479701155773609,-3.7592198222882502,343.15,8.5,0.1
138,0.00021722588974363373,0.26606966371841034,5.779721943502106e-05,3.961253630102191e-08,0.7468664966091283,2.958527620894616e-08,0.9953033454274698,1.000362728974448,0.9956643707892212,0.00112436804399964,1.021332095270801,0.001148353170233684,0.028334145331606785,0.7189313301666026,0.0203703047923859,0.10000205588917503,0.7445090160145602,0.07445243222948278,0.1300457150951398,0.7368545184919918,0.095824772778376,0.0012649271458674836,0.689572729354723,0.0008722592644107208,0.0009356825206046102,1.0,0.0009356825206046102,1.0174561539563173e-05,0.7349889898938954,7.478190708576817e-06,1.0000205588917533e-16,1.0,1.0000205588917533e-16,1.0,1.0,1.0,0.02967573926535006,0.13026298059741975,-12.351494545974777,-0.8532463861392273,7.528924371782906,-3.0116342646931056,-2.3974623439015224,-90.03176789869191,54.855780405768044,7.442699572131414,-3.7648939556483167,348.15,8.5,0.1
139,0.00020306624748506614,0.2621173895717044,5.3227194700907236e-05,4.281599072764183e-08,0.7433567251195338,3.1827554650048185e-08,0.9953050918828475,1.000366275550153,0.995669647802947,0.0012435721268829823,1.021314851397278,0.0012700786819692896,0.028129984064122003,0.7172709473197926,0.020176820317763456,0.10000184427509645,0.7418052649875857,0.07418189459173521,0.12994638587564686,0.734373533395345,0.0954291865474537,0.0013965481820446986,0.6864873905467017,0.000958712717264605,0.000903110857832094,1.0,0.000903110857832094,1.1919675404294577e-05,0.7323995090556803,8.729964414208414e-06,1.0000184427509645e-16,1.0,1.0000184427509645e-16,1.0,1.0,1.0,0.02957662243849005,0.13014949493912265,-12.312848147504958,-0.8627923407339773,7.497196727473461,-2.943066252480211,-2.3086889260739185,-88.79976672929709,54.287651782412055,7.4088311122540755,-3.7711908247755397,353.15,8.5,0.1
140,0.00018856640482481458,0.26032865044765535,4.908923768781021e-05,4.587775567509878e-08,0.7398720037709752,3.394366701985061e-08,0.9953069877370477,1.000369835271047,0.9956750873666325,0.0013703629080889302,1.0212961108234608,0.0013995463084479516,0.027909966548266628,0.7156276019006828,0.019973142430064327,0.10000161947846295,0.7391017362143801,0.07391137058078175,0.12983843367464912,0.7318841934591598,0.09502669730997117,0.0015358263658956195,0.6834321531091418,0.001049633120045832,0.0008714875958047486,1.0,0.0008714875958047486,1.3934350129879602e-05,0.7298322997142186,1.0169738800313148e-05,1.000016194784628e-16,1.0,1.000016194784628e-16,1.0,1.0,1.0,0.029468895861180372,0.13002704595722958,-12.279703519904055,-0.8726525939113811,7.469241241556982,-2.8781801370706384,-2.2227653061271586,-87.61003996799506,53.7392240705104,7.377802977363894,-3.7775015620485894,358.15,8.5,0.1
141,0.00017657826235668254,0.2564746574059086,4.528784934326083e-05,4.879844592491982e-08,0.7364113119842477,3.593572758636254e-08,0.9953089982638103,1.000373457752409,0.9956807041252543,0.001505798423735183,1.0212762080674866,0.0015378361043062669,0.027672110895898452,0.7139813690279676,0.019757371621347317,0.10000137963310322,0.7363805860620158,0.0736390745412347,0.12972378466767856,0.7293910820547012,0.0946193716669891,0.0016809456317755575,0.6803877923714227,0.0011436948875001582,0.0008407001567428359,1.0,0.0008407001567428359,1.6240780633858794e-05,0.7272673694713611,1.1811389809747912e-05,1.0985577838414416e-16,1.0,1.0985577838414416e-16,1.0,1.0,1.0,0.029354487581990316,0.12990041172848116,-12.251304980203555,-0.8827890686596288,7.4444735576099745,-2.81648675403209,-2.1395739532753724,-86.46041606162156,53.20941073641725,7.349316321917163,-3.783828972941911,363.15,8.5,0.1
142,0.00016718574857406846,0.250016894802682,4.179926171375055e-05,5.153566344062822e-08,0.7329748277173603,3.777434403169436e-08,0.9953111167126204,1.0003771390593088,0.9956864874108969,0.0016496822663701382,1.0212552023030752,0.0016847465966776311,0.027416869632805457,0.7123316553101107,0.019529904128957814,0.10000112516014549,0.7336437131033625,0.0733651967770032,0.1296027793242426,0.7268959399498518,0.09420773409700856,0.0018315882579119655,0.677353832808194,0.0012406333266231529,0.0008107263498267621,1.0,0.0008107263498267621,1.887631189499753e-05,0.7247042891518188,1.367974419367221e-05,1.2659018073945664e-16,1.0,1.2659018073945664e-16,1.0,1.0,1.0,0.029233737647749662,0.12977001660848006,-12.227504410172664,-0.8932050709953864,7.4228030686405315,-2.757936670363275,-2.059003839866746,-85.34926085027031,52.69759400139485,7.323296623125891,-3.790171712142321,368.15,8.5,0.1
143,0.00015687276141763493,0.24632684047308975,3.864197167629483e-05,5.399920052358824e-08,0.7295628337537818,3.9395809754427735e-08,0.9953133736056675,1.0003808181602105,0.995692407013437,0.0018002685066640812,1.0212327852503538,0.0018384932212590546,0.027147725613942113,0.7107004739589801,0.019293901460737006,0.10000085931594117,0.7309160465789758,0.07309223274570806,0.1294736417362387,0.7243953034373843,0.09379009799266583,0.001989462790639459,0.6743516160546801,0.0013415974479483728,0.000781637843141072,1.0,0.000781637843141072,2.1902492081214218e-05,0.7221653802721457,1.5817221522737726e-05,1.4560394192288994e-16,1.0,1.4560394192288994e-16,1.0,1.0,1.0,0.029104866882023833,0.12963056849685684,-12.208654029686256,-0.9039403646483016,7.404549968461377,-2.7028246201883883,-1.980950000211698,-84.27537484210329,52.20352729148483,7.299845398192902,-3.7965252989091254,373.15,8.5,0.1
144,0.00014662874583916456,0.24377097767479797,3.574383272844262e-05,5.621668999304783e-08,0.7256257078572932,4.079227546959938e-08,0.9953157093183521,1.000385553249449,0.9956994565243074,0.0019564084729006993,1.0212095255431972,0.001997902968379614,0.026868110903593333,0.7085468217135366,0.019037314586187872,0.10000058428355829,0.7276445389694804,0.07276487904768847,0.129339646932287,0.7213460994453829,0.0932986498182482,0.002152368082243716,0.6708682366264228,0.0014439553799058375,0.0007523636427477777,1.0,0.0007523636427477777,2.5382387903328885e-05,0.7191020780619819,1.825252788745912e-05,1.6699043959594416e-16,1.0,1.6699043959594416e-16,1.0,1.0,1.0,0.028971148122333194,0.12948633189481615,-12.194429025152102,-0.9149853112153479,7.389422068246824,-2.6511732779786223,-1.9053126716569957,-83.23737042150898,51.726718045082855,7.278932088624158,-3.8035380471923883,378.15,8.5,0.1
145,0.0001380575477502807,0.23965198226155257,3.308576498452372e-05,5.814794633620518e-08,0.7217178920328687,4.196641325580631e-08,0.9953181374922941,1.0003903256501698,0.9957066356914366,0.002119468253760482,1.0211852860606845,0.002164369795012937,0.026574267650830232,0.7063965677961519,0.018771971460242783,0.10000029765454135,0.7243722934125445,0.07243744495395722,0.12920000457873423,0.7183011746674475,0.09280451505594439,0.0023200370803061953,0.667404006495382,0.0015484020426142033,0.0007239579496902866,1.0,0.0007239579496902866,2.934524550219208e-05,0.7160492857208482,2.101264208114756e-05,1.9103224559951837e-16,1.0,1.9103224559951837e-16,1.0,1.0,1.0,0.028831793452340992,0.12933812027443084,-12.184335476479937,-0.9263161269444518,7.37709814705669,-2.602435489588158,-1.8319982385900537,-82.2333680538165,51.26612554412266,7.26024344311953,-3.810563911817847,383.15,8.5,0.1
146,0.0001314630553318028,0.23310319421635095,3.064445811928414e-05,5.977668596795929e-08,0.7178390979806594,4.2910042335513025e-08,0.9953206449265009,1.0003951378270382,0.9957139337633432,0.0022891452483988313,1.021160185581118,0.0023375839866770845,0.026266877775204762,0.7042474661275817,0.018498382116270844,0.10000000007325542,0.7210988008198994,0.07210988013481436,0.12905539852920425,0.715261878403239,0.09230840677007725,0.002491808220050692,0.6639567078401909,0.001654452782353983,0.0006963993272524585,1.0,0.0006963993272524585,3.3846126715752035e-05,0.7130048791778999,2.4132453489604665e-05,2.1798113388305933e-16,1.0,2.1798113388305933e-16,1.0,1.0,1.0,0.028687486078935398,0.12918692136122203,-12.178174537302668,-0.9379297937705655,7.367441056987471,-2.5564971493018507,-1.7609175877669554,-81.26199362292124,50.82116472636484,7.2436858772123935,-3.8176032181276485,388.15,8.5,0.1
147,0.00012401232791459574,0.22917681081973035,2.8420749813797693e-05,6.105382714454098e-08,0.7139894860854958,4.359179066648354e-08,0.9953232516509024,1.0003999412028284,0.9957213224293707,0.0024638531591583755,1.02113401427812,0.00251592426700322,0.025949148580554963,0.7021169272205643,0.018219336465369114,0.09999969454668094,0.7178435243008905,0.07178413316240198,0.1289046198672522,0.7122253438808168,0.09180913721277967,0.0026688453430373116,0.6605430047178851,0.0017628871220172003,0.0006697368268585525,1.0,0.0006697368268585525,3.896779497694315e-05,0.7099864452530825,2.7666606235030772e-05,2.4825133703618277e-16,1.0,2.4825133703618277e-16,1.0,1.0,1.0,0.028537014067627934,0.12902869324899394,-12.176087408365191,-0.9498490313855119,7.360595290638205,-2.5134687790379884,-1.6919862303891018,-80.32216491090938,50.39149530977852,7.229280475227244,-3.8246534023825998,393.15,8.5,0.1
148,0.0001161364481575068,0.22721617087671533,2.638807904957087e-05,6.198118364030458e-08,0.7101687540688424,4.401709996154716e-08,0.995325942038091,1.0004047408509755,0.9957287911068695,0.0026433116962547103,1.021106912331375,0.0026991038444920553,0.025621735748755425,0.7000017827725282,0.017935260701855416,0.09999938170189013,0.7146046665994213,0.07146002482122747,0.12874847569700634,0.7091929649445805,0.0913075132116552,0.0028503693066545014,0.6571596932834456,0.0018731478193056196,0.0006439433162546812,1.0,0.0006439433162546812,4.4778024574939154e-05,0.7069908806487992,3.16576550279498e-05,2.8213791164328504e-16,1.0,2.8213791164328504e-16,1.0,1.0,1.0,0.02838118389316764,0.1288646741263475,-12.177821715279578,-0.962066026805318,7.356378574054051,-2.4731856242057346,-1.6251239934618722,-79.41258699144124,49.97652042403373,7.216912732643268,-3.831715533269132,398.15,8.5,0.1
149,0.00011003342129325832,0.222653618946121,2.4499339455967147e-05,6.263731487467075e-08,0.705782682426623,4.420833211224619e-08,0.995328629394956,1.0004107297502998,0.9957374404743737,0.0028260391159014467,1.0210797048410805,0.0028856111863339966,0.02528867323130842,0.6973039917205693,0.01763389278950847,0.09999906438970835,0.7107743695466752,0.07107677194685233,0.12859171909272923,0.7055761376870456,0.09073124849598542,0.00303259980944653,0.6532452558249717,0.0019810314383366585,0.0006180497926683444,1.0,0.0006180497926683444,5.13774569943058e-05,0.7034153952713992,3.613969421968893e-05,3.1959112250696286e-16,1.0,3.1959112250696286e-16,1.0,1.0,1.0,0.028224745768503128,0.12870181515133736,-12.18306383818452,-0.9745670662707859,7.354495869805999,-2.435680915760739,-1.5602542714427305,-78.532221147549,49.5758594022351,7.206569366412978,-3.8395107743022887,403.15,8.5,0.1
150,0.00010544746724353265,0.21585162070294292,2.2761006703537012e-05,6.297149465714982e-08,0.7014307960916506,4.417014562844573e-08,0.9953313531803708,1.0004167458066193,0.9957461533480055,0.0030130986705138147,1.0210519999623222,0.0030765304236119455,0.024946897787399346,0.6946123107932756,0.01732842231922911,0.0999987407831504,0.7069552984482239,0.07069463963479866,0.12843209245223622,0.7019726619712291,0.09015581782123123,0.0032168066643872024,0.6493541015173081,0.002088846601308041,0.0005930416292392143,1.0,0.0005930416292392143,5.88152543069018e-05,0.6998550669547422,4.1162153740916926e-05,3.6113594278339155e-16,1.0,3.6113594278339155e-16,1.0,1.0,1.0,0.028065443925156693,0.12853760289097443,-12.19162036466484,-0.9873469265291106,7.354871168875497,-2.4005882587252154,-1.4973052268222582,-77.67968323862524,49.18874590150415,7.1980377788690975,-3.847322043168664,408.15,8.5,0.1
151,0.00010008066077787327,0.21152810602116978,2.116987262369072e-05,6.296899112782952e-08,0.6971131013479872,4.389650869387505e-08,0.9953341263151201,1.0004227496783538,0.9957549034968743,0.0032031136461686213,1.0210236526197498,0.00327045479476725,0.02459924548204573,0.6919406798537494,0.017021218642735998,0.09999841355789701,0.7031627472589642,0.07031515919890892,0.12826875988691616,0.6983801812025651,0.08958035977245284,0.003403802622665243,0.6454993498816191,0.0021971523800557637,0.0005689455018064928,1.0,0.0005689455018064928,6.71998717435429e-05,0.6963238812597637,4.6792875512622126e-05,4.0723252850766144e-16,1.0,4.0723252850766144e-16,1.0,1.0,1.0,0.027902439788992223,0.12836890351668517,-12.203539808955043,-1.0004194494007335,7.357570019969284,-2.3679362990514434,-1.43620811378399,-76.85403463595073,48.81482414157715,7.191304571447225,-3.855148626018492,413.15,8.5,0.1
152,9.503239492931106e-05,0.20737318644101818,1.97071705516125e-05,6.265634748951808e-08,0.6928285611588682,4.341010707863285e-08,0.9953369242625634,1.0004287601551805,0.9957636850766669,0.0033960191826146657,1.0209948867860683,0.0034673182208769778,0.024245971614891487,0.6892815902885845,0.016712301872804283,0.09999808298275807,0.6993899813968582,0.06993765739703264,0.12810301149899356,0.694800329320831,0.08900601457649092,0.003592339112621436,0.6416735381167566,0.0023051089485110064,0.0005457202352886205,1.0,0.0005457202352886205,7.66156552114165e-05,0.6928143436293431,5.3080424877029535e-05,4.581597998196324e-16,1.0,4.581597998196324e-16,1.0,1.0,1.0,0.027737023192435463,0.1281981065502703,-12.218574858371774,-1.0137741244969594,7.362409142896567,-2.3375609213130595,-1.3768975286966008,-76.05419094925986,48.45355889178673,7.1862609253615375,-3.8629939843668524,418.15,8.5,0.1
153,9.131565155969639e-05,0.20103887550732885,1.8357995905780414e-05,6.206051755343989e-08,0.688576019580687,4.2733384150065055e-08,0.9953397231604983,1.0004347954195585,0.9957724923130332,0.0035917041039617886,1.02096591926909,0.003667007482243913,0.023887422988263046,0.6866280448006279,0.016401774541756623,0.09999774941574632,0.6956307022365698,0.06956150464815217,0.12793609625609645,0.6912344925163968,0.08843384257011172,0.0037812044612836114,0.6378697076465657,0.002411915784270868,0.0005233290084787694,1.0,0.0005233290084787694,8.715014820164313e-05,0.6893194803100735,6.007429486730251e-05,5.141883141972412e-16,1.0,5.141883141972412e-16,1.0,1.0,1.0,0.02757044274378453,0.12802747396817368,-12.236512846172603,-1.0274023689297065,7.3692327130919395,-2.30932272954829,-1.3193112178538533,-75.27913626881846,48.10445168291584,7.182811089755737,-3.870862031758219,423.15,8.5,0.1
154,8.715811189301758e-05,0.19626599032250067,1.710617314532243e-05,6.124610686355012e-08,0.6836938180724369,4.187358464361311e-08,0.9953424652608696,1.0004421462914872,0.9957825522406444,0.0037864248644670783,1.0209372721134404,0.0038657022721915206,0.023532116498946747,0.6833322017091318,0.016080252978101065,0.09999741999381055,0.6912308140252077,0.06912129802274225,0.12777102235369883,0.6870179316526941,0.08778098350258833,0.003968209628075004,0.6334861764203223,0.002513805944523544,0.0005009621046381461,1.0,0.0005009621046381461,9.90212551874032e-05,0.6851899289679179,6.784836680817084e-05,5.752290655800275e-16,1.0,5.752290655800275e-16,1.0,1.0,1.0,0.02740569947530684,0.1278582417116987,-12.257424957180985,-1.0413188702209242,7.378059859163622,-2.2835134803694093,-1.2633893527693218,-74.52832656600803,47.76744707674634,7.181075896380269,-3.8795788439986607,428.15,8.5,0.1
155,8.255819451697096e-05,0.19326669285121145,1.5955749222061984e-05,6.01759181988259e-08,0.6788521715200646,4.085055274248679e-08,0.9953452010351206,1.0004494866247509,0.9957925953899958,0.003982200542375973,1.0209084482541844,0.004065462176354025,0.023175174144285486,0.6800584055721103,0.01576047197741878,0.09999709115308181,0.6868645022686898,0.06868445224317836,0.127604925708996,0.682822175481734,0.08713147297480169,0.004155334312874303,0.6291420384164929,0.0026142954999037347,0.00047949919370413974,1.0,0.00047949919370413974,0.00011226988563858301,0.6810930608729611,7.646624005343974e-05,6.42038387785914e-16,1.0,6.42038387785914e-16,1.0,1.0,1.0,0.02723993288117843,0.12768754407943114,-12.28110046304689,-1.0555143690080568,7.388802062720601,-2.2597273394644333,-1.2090759825006974,-73.8005580987627,47.44179942879994,7.180826521605826,-3.888321993285321,433.15,8.5,0.1
156,7.978969241798785e-05,0.18664152926945346,1.4892070212832556e-05,5.889201848130847e-08,0.6740489052302324,3.969610058412458e-08,0.9953478926840882,1.0004568594970316,0.9958026268217112,0.004179420945213824,1.0208798004183843,0.004266686420414305,0.02281596518281493,0.6767914205355392,0.015441649486966719,0.09999676234657376,0.6825167842375524,0.0682494686709503,0.12743983863203626,0.6786494995687661,0.0864869827127557,0.004340608374255405,0.6248224232569739,0.002712109442811775,0.0004588773836996632,1.0,0.0004588773836996632,0.00012698223557468106,0.6770136354245073,8.596870494074597e-05,7.147369885006176e-16,1.0,7.147369885006176e-16,1.0,1.0,1.0,0.02707517582044674,0.12751968721647275,-12.307269410823867,-1.0699736207798591,7.401252152631646,-2.237793024964567,-1.1563172266308948,-73.09489686145513,47.127007062361365,7.18195195838536,-3.8970990132905756,438.15,8.5,0.1
157,7.635799047540604e-05,0.18222145363348546,1.3914064020960314e-05,5.7400677937822463e-08,0.6692843576652637,3.8417375863166235e-08,0.9953505566826446,1.0004642202687306,0.995812618585549,0.0043768168641576885,1.0208511410420147,0.004468078489907311,0.022457170318685618,0.6735466534229798,0.015125951913500569,0.09999643613844703,0.6782037298864892,0.06781795596445091,0.1272746805766214,0.6744974199914467,0.08584644367916662,0.00452510317437734,0.6205416328193205,0.0028080149125040057,0.00043910924960278183,1.0,0.00043910924960278183,0.00014331236483850274,0.6729669272438796,9.644448180142108e-05,7.938000877910575e-16,1.0,7.938000877910575e-16,1.0,1.0,1.0,0.026910345173318712,0.12735109596777472,-12.335978174633883,-1.0847081245179544,7.41547230337511,-2.2177258221192884,-1.1050616941013047,-72.41062804026862,46.822761847739066,7.18443419932986,-3.9059120196054375,443.15,8.5,0.1
158,7.311341203750056e-05,0.17797639256288997,1.3012461322398522e-05,5.5734786362747267e-08,0.664557296726821,3.703895895887418e-08,0.9953531720423154,1.000471584770099,0.9958225654391203,0.004574327919356847,1.0208226547335755,0.004669577570259771,0.02209906309134025,0.670318218699827,0.014813404606322288,0.09999611283868641,0.6739196941893515,0.06738934978437143,0.1271105153368167,0.6703669337623659,0.08521068641529599,0.004707796363182588,0.6162936862691228,0.0029013851748701668,0.0004201537573405238,1.0,0.0004201537573405238,0.0001613719543188237,0.6689469885500363,0.00010794928287801109,8.794109276825393e-16,1.0,8.794109276825393e-16,1.0,1.0,1.0,0.026746504422734598,0.12718368448364056,-12.367058452061613,-1.0997104736494872,7.431341228382384,-2.1994154253936804,-1.0552603174707893,-71.74694140673397,46.52863574098169,7.1881919129670955,-3.9147680635452438,448.15,8.5,0.1
159,7.113258915615848e-05,0.17107561411423772,1.2169051373425575e-05,5.3991782928074255e-08,0.659097153137906,3.558583042073355e-08,0.9953556297658792,1.0004805582479517,0.9958339561234083,0.0047683720746899685,1.0207953457601977,0.004867532020696419,0.021749929474709186,0.6663243727198671,0.01449250811393695,0.09999579945894538,0.6688805048873779,0.06688524082871639,0.12695313051993348,0.6654853964602211,0.08448545439592411,0.004883719528224065,0.6113591195036071,0.0029857064706776365,0.00040120098451228435,1.0,0.00040120098451228435,0.00018147087152541405,0.6641747720519359,0.00012052837472945813,9.705502573799854e-16,1.0,9.705502573799854e-16,1.0,1.0,1.0,0.026589434138555315,0.12702431710087253,-12.400410359711,-1.1149787455787359,7.44872289514732,-2.1830828870534122,-1.0068655790255623,-71.10338590446523,46.24453758201519,7.193309269096531,-3.924668665726579,453.15,8.5,0.1
160,6.793272239638728e-05,0.16772781728144792,1.139420724953256e-05,5.211367893505517e-08,0.6536858396958287,3.406597397430037e-08,0.9953580308085108,1.0004895062607921,0.9958452647963214,0.004961283202023987,1.0207682315248852,0.005064320280224145,0.021404260512384355,0.6623637982526863,0.014177407291772892,0.0999954918148255,0.6638901674282599,0.0663860238030157,0.1267968640422021,0.6606353578484754,0.08376649165058465,0.005057677996872499,0.6064752394916425,0.003067356474424859,0.00038310215391737626,1.0,0.00038310215391737626,0.00020362038700589462,0.6594477482030655,0.00013427700569927395,1.0685147024238254e-15,1.0,1.0685147024238254e-15,1.0,1.0,1.0,0.026433476436804732,0.12686484887827743,-12.43599165290355,-1.1305158610796506,7.4676791897095445,-2.1683915282255755,-0.959833353226348,-70.47897825978936,45.96981852837255,7.199589108488464,-3.9346242973585053,458.15,8.5,0.1
161,6.551286254581988e-05,0.16300476431128708,1.0678908718639114e-05,5.013738333573828e-08,0.6483210792889046,3.250512247694733e-08,0.9953603421927675,1.00049846827043,0.995856497740995,0.005153458682716864,1.020741616616783,0.005260349746964211,0.021061415673188782,0.658423026918807,0.013867321058736162,0.09999518935781349,0.6589351311754459,0.06589034321640437,0.12664347125405992,0.6558184977074567,0.08305513106229505,0.0052279772121512575,0.6016288444395849,0.0031453018889030437,0.0003657957467214618,1.0,0.0003657957467214618,0.00022791342319809698,0.654752386016149,0.00014922685764406224,1.1731844366664531e-15,1.0,1.1731844366664531e-15,1.0,1.0,1.0,0.026280387218451464,0.12670903425398908,-12.473588142317084,-1.1463087717611369,7.488048193231263,-2.1552123575798428,-0.9141208077600241,-69.87296613404916,45.70403974828754,7.206937277546519,-3.9446471189189345,463.15,8.5,0.1
162,6.394151008725357e-05,0.15668219707579206,1.00184962848148e-05,4.808645152058582e-08,0.6430019130669621,3.091968032033839e-08,0.9953625536420063,1.0005074461684544,0.9958676465560751,0.005344669345695478,1.0207155796993908,0.005455387269493125,0.02072200859146456,0.6545012398038051,0.013562580314338659,0.0999948927192191,0.6540146117621685,0.06539812093995977,0.1264934057528912,0.651034821463442,0.08235161183063626,0.005394198283296823,0.5968187377777221,0.003219358610759964,0.00034924789117061887,1.0,0.00034924789117061887,0.0002544712251876736,0.6500877216162164,0.00016542861899914197,1.284548671208248e-15,1.0,1.284548671208248e-15,1.0,1.0,1.0,0.026130619447247296,0.12655739534942995,-12.513098089532633,-1.1623540249124478,7.509765004916413,-2.14348062454678,-0.8696869692061535,-69.28468241404619,45.44682574338235,7.215289823801009,-3.9547478902517383,468.15,8.5,0.1
163,6.177772143196351e-05,0.15233157799275363,9.410697790527764e-06,4.5976440240871814e-08,0.6377282095117003,2.932047291453282e-08,0.995364673019911,1.0005164141259693,0.9958786933975493,0.005534239484553094,1.020690017535727,0.005648742996535409,0.02038755979649616,0.6506070480001946,0.013264290095125812,0.09999460339022256,0.6491372977124333,0.0649102266305556,0.12634607291465122,0.6462827941202041,0.08165529302939582,0.005556954477260691,0.5920526373696663,0.0032900095540053667,0.00033344191634838283,1.0,0.00033344191634838283,0.00028344578424813866,0.645462121746556,0.00018295351730092014,1.40270072905982e-15,1.0,1.40270072905982e-15,1.0,1.0,1.0,0.02598357700248122,0.1264078966125234,-12.554492917635915,-1.1786546327095981,7.532829029170211,-2.133170539017903,-0.8264926183449783,-68.71351763774962,45.19783694794844,7.2245998890969645,-3.9649371894302963,473.15,8.5,0.1
164,0.0015968016531639577,0.3091752300017243,0.0004936915183841005,1.4289598878714764e-09,0.784044420158441,1.1203680267158618e-09,0.9952756011793221,1.0003564296387124,0.9956303469022698,7.545168323203195e-05,1.0216339389917475,7.708400034389838e-05,0.02827630278174617,0.7273025171496524,0.020565426188849708,0.10000392997559945,0.7630847747889834,0.07631147638344359,0.13178403466727198,0.7550498009315069,0.0995035091414745,0.00030870735998278536,0.7209658238381154,0.00022256745611487835,0.0014422646611191438,1.0,0.0014422646611191438,1.4926725755935006e-06,0.757396529331302,1.1305450281825327e-06,1.000039299755991e-16,1.0,1.000039299755991e-16,1.0,1.0,1.0,0.02994855611814216,0.13338083774939588,-14.251168618015233,-0.7723963815333176,8.950639293653365,-4.942300043099162,-4.17776476279691,-115.60231466847256,66.72284901458289,8.580051848744773,-3.693665316573792,273.15,9.0,0.1
165,0.0015211586428681564,0.30430530811262985,0.0004628966495061842,1.8044741860035074e-09,0.7819784488233196,1.4110599249127426e-09,0.9952763599210687,1.000355243270626,0.9956299251503437,8.282171219142545e-05,1.0216264845016072,8.461285466652983e-05,0.028301666235241853,0.7271035339060371,0.020578241535073524,0.10000391745629529,0.7627067736560936,0.07627366523606127,0.13174111239083905,0.754675461155104,0.09942178474664282,0.00039129950861757195,0.7191692656740722,0.0002814105802711245,0.00140257807192069,1.0,0.00140257807192069,1.913709422163022e-06,0.7562687685133408,1.4472786679916063e-06,1.0000391745629488e-16,1.0,1.0000391745629488e-16,1.0,1.0,1.0,0.029905646590301434,0.13326227283818132,-14.107884260186179,-0.7786270717731391,8.85045454222984,-4.818480890326099,-4.025808102453131,-113.43638506338162,65.76129103783391,8.491968142366336,-3.6964939262433822,278.15,9.0,0.1
166,0.001431862729040362,0.30230035323251053,0.00043285260876936815,2.247379437005311e-09,0.7799232379399783,1.7527834473889052e-09,0.9952773894064274,1.0003540412807672,0.9956297586880916,9.152119254310763e-05,1.0216163794808892,9.349954937166293e-05,0.028324093525495905,0.7269998338413515,0.02059161128674242,0.10000390270991427,0.7623270652534565,0.07623568166674115,0.13168292823115943,0.754212870377126,0.09931695928088782,0.00048878075345932,0.7174723950191086,0.0003506866978237027,0.0013632612959515158,1.0,0.0013632612959515158,2.4280315886492708e-06,0.7552386174133521,1.8337432200474186e-06,1.0000390270991444e-16,1.0,1.0000390270991444e-16,1.0,1.0,1.0,0.029847477447079374,0.13311479320757924,-13.973895996962105,-0.7850957378683671,8.75627173673763,-4.698251677199273,-3.879701857077421,-111.35705229646774,64.83304069046751,8.408469032169902,-3.6997513143705127,283.15,9.0,0.1
167,0.0013331804201625083,0.3005433604971721,0.00040067852362467207,2.7834865401522395e-09,0.7778910155786457,2.165249171568519e-09,0.9952786354447551,1.0003529685343353,0.9956299374859634,0.00010245407334419028,1.0216041531130065,0.00010466750683176939,0.028341462334008267,0.7269221457973234,0.020602036614871307,0.10000388409422875,0.7618823955996579,0.07619119878298151,0.1316125286549676,0.7536850694367156,0.09919439779806095,0.000597796120243005,0.7158067003274972,0.00042790646829972515,0.0013246206478796819,1.0,0.0013246206478796819,3.0280496490678847e-06,0.7542346622673229,2.2838600043934036e-06,1.0000388409422908e-16,1.0,1.0000388409422908e-16,1.0,1.0,1.0,0.029777096827514966,0.13294571185861662,-13.844612622284735,-0.7915675451735441,8.664492118890049,-4.57833149534836,-3.739139845123487,-109.35644359694739,63.933670124723974,8.32773116648569,-3.7033392373267437,288.15,9.0,0.1
168,0.001228387654639175,0.2985902876645203,0.00036678462316225654,3.4349846853686324e-09,0.7758794551943503,2.6651340462847505e-09,0.9952800542263239,1.0003520497665954,0.9956304423371114,0.00011621019324398233,1.0215902327698503,0.00011871919836634923,0.028352368294618673,0.7268551298841454,0.020608064339308174,0.10000386053953512,0.7613653140240199,0.07613947068329745,0.13153237398386214,0.753099464406135,0.09905696039931404,0.0007156634251364819,0.7141571750080976,0.000511096169952089,0.00128687656156604,1.0,0.00128687656156604,3.7098502781510197e-06,0.7532415687941227,2.7944134435057892e-06,1.0000386053953515e-16,1.0,1.0000386053953515e-16,1.0,1.0,1.0,0.029696966142501828,0.13276076507348594,-13.718892259314035,-0.797990077126046,8.57428094269829,-4.458149637865231,-3.603836732114711,-107.42969868123846,63.06144558456887,8.249287080928813,-3.7071747799981605,293.15,9.0,0.1
169,0.001116472491675707,0.2989238286789959,0.0003337402318264808,4.206179180883756e-09,0.7738811757470551,3.255082889905108e-09,0.9952816673765107,1.000351145894326,0.9956311564477078,0.00013281077782027897,1.0215744053903635,0.00013567609138118319,0.028356574901612912,0.7268461162224413,0.020610866336608104,0.10000383203556046,0.7608326888994387,0.07608618442786327,0.13144123698645088,0.7524525873775918,0.0989032988585662,0.0008434003152273961,0.7125705015231082,0.0006009821856063329,0.0012502386075976483,1.0,0.0012502386075976483,4.488956877875665e-06,0.7523081894173929,3.377079021167394e-06,1.0000383203556057e-16,1.0,1.0000383203556057e-16,1.0,1.0,1.0,0.029605858171108897,0.13255771368430574,-13.598878639787738,-0.8045007601599332,8.487437947750154,-4.339697654086962,-3.4735263800791647,-105.57480999617127,62.217214115051654,8.173958350349293,-3.7111799457988006,298.15,9.0,0.1
170,0.0010094942686302562,0.2963968043873888,0.00029921087526939223,5.159107996036344e-09,0.7713602175571815,3.979530666223585e-09,0.9952832604242194,1.0003515021891762,0.9956331046691089,0.00015392445042371005,1.0215587653405542,0.00015724287153056854,0.028352416450076613,0.7262885827389209,0.020592036360749813,0.10000379550950583,0.7596592017444781,0.07596880346816921,0.13135117678945182,0.751243047996545,0.09867665840924084,0.0009706530532587648,0.7104524959450551,0.000689602884384378,0.0012129972934126674,1.0,0.0012129972934126674,5.328398458067748e-06,0.750809822593044,4.000613901006896e-06,1.0000379550950555e-16,1.0,1.0000379550950555e-16,1.0,1.0,1.0,0.02951583516913058,0.13236067621719005,-13.479832368431113,-0.8108314978667719,8.400168144280153,-4.21976642826078,-3.347959788497363,-103.78484283097885,61.396659713819105,8.099977906558308,-3.7159257278444047,303.15,9.0,0.1
171,0.000906233349042634,0.2936736123800826,0.0002661368212726506,6.2999094947613455e-09,0.7688495470635782,4.8436825615887995e-09,0.9952848909747088,1.0003520174778078,0.99563524865173,0.00017983262911642914,1.0215427500571028,0.0001837067184975959,0.02833759226421795,0.7257259701363149,0.020565326637276903,0.10000375047609932,0.7584197487868203,0.07584481931382311,0.1312589540045154,0.7499912327279608,0.09844306472042921,0.0010989106290779978,0.7083373613649155,0.000778399455376968,0.001176902369530623,1.0,0.001176902369530623,6.240236944361874e-06,0.7493089455031855,4.67586536446982e-06,1.0000375047609908e-16,1.0,1.0000375047609908e-16,1.0,1.0,1.0,0.029423658242377016,0.13216519365346754,-13.36453544652198,-0.8171552708466805,8.314824326773353,-4.100597010078851,-3.2269050987061507,-102.0585674274157,60.600960276985006,8.02831525397003,-3.7207694095080535,308.15,9.0,0.1
172,0.0008087371462053177,0.29097259599852926,0.00023532034691180353,7.648891990011458e-09,0.766345449630407,5.861693571259747e-09,0.9952865349054854,1.0003526806501069,0.9956375532076586,0.0002112715934286759,1.0215265941769875,0.00021581955128154034,0.02831067095036665,0.7251584567809539,0.020529722456801264,0.10000369561337026,0.7571206094369798,0.07571485896874512,0.131165919584612,0.748700534964661,0.09820399416213069,0.0012268594013462987,0.706225244201233,0.0008664390803163679,0.001141914759095914,1.0,0.001141914759095914,7.226976010079228e-06,0.7478060246410477,5.404376200273565e-06,1.0000369561337029e-16,1.0,1.0000369561337029e-16,1.0,1.0,1.0,0.029330679690000645,0.13197466437970928,-13.253626414683712,-0.823522914515518,8.231976888693456,-3.98294116711681,-3.110144981689323,-100.3935007153866,59.829854642439614,7.959208197801026,-3.7256827054127912,313.15,9.0,0.1
173,0.0007237775219938229,0.28533921179502814,0.00020652210764067616,9.252600313250155e-09,0.7638469598309354,7.067570619806894e-09,0.9952880977553226,1.0003535979216391,0.995640029558121,0.0002498117340124915,1.0215112211945083,0.00025518548947981785,0.028268630894903165,0.7245404353867593,0.02048176613638073,0.10000362805459119,0.7557203690925567,0.07557477870401041,0.13107739124941845,0.7473832553647525,0.09796504737670969,0.0013493187142806804,0.7040713742833525,0.000950016681509845,0.001107893570280104,1.0,0.001107893570280104,8.267794256096308e-06,0.7462550183547136,6.169882954336151e-06,1.000036280545914e-16,1.0,1.000036280545914e-16,1.0,1.0,1.0,0.02924222015090948,0.1318011780240126,-13.145929889573653,-0.8298732893099177,8.150729843306893,-3.866119061264822,-2.9974758916217557,-98.78594587893599,59.081700341009295,7.89219080996147,-3.730651647914331,318.15,9.0,0.1
174,0.0006415704331894558,0.2829132047337683,0.000181508747316061,1.1061441400919475e-08,0.7613495525494633,8.421623461142157e-09,0.9952897394028093,1.0003545281208606,0.9956425976038317,0.0002946793876302701,1.0214950639618332,0.00030101353991561687,0.028213004033941717,0.7239624052513723,0.020425154259779116,0.10000354930788663,0.7543169415165185,0.07543437145472139,0.13098434476433835,0.7460251090144294,0.09771761008199911,0.0014752354861767988,0.7019646379401461,0.0010355631439305515,0.001074918133179216,1.0,0.001074918133179216,9.42613139574821e-06,0.7447476302018925,7.020089018955137e-06,1.0000354930788692e-16,1.0,1.0000354930788692e-16,1.0,1.0,1.0,0.029149253854761442,0.1316259262589692,-13.04575948227101,-0.8364925449108082,8.07460418020427,-3.7537007818278054,-2.888707064250886,-97.2366568534332,58.35915425686784,7.828933395526208,-3.7356489841089533,323.15,9.0,0.1
175,0.0005695589787600321,0.27951933041667826,0.00015920274437581118,1.3120216426978945e-08,0.7583313920521635,9.94947198709659e-09,0.9952913263145599,1.0003565730888717,0.995646220417111,0.00034733172025448435,1.0214794242380325,0.00035479220562515616,0.02814238881735986,0.7228710497202093,0.020343318146039208,0.10000345672999199,0.7523400837492857,0.07523660901146023,0.1308942761525142,0.744127682594948,0.09740205437831358,0.0015986337906356092,0.6993687052413587,0.0011180344443119117,0.0010414648215049875,1.0,0.0010414648215049875,1.06919772231281e-05,0.7427165466414053,7.94110839993026e-06,1.0000345672999207e-16,1.0,1.0000345672999207e-16,1.0,1.0,1.0,0.029059279516374378,0.13146384825149068,-12.951391099044791,-0.8432908222922182,8.002199966407538,-3.6447533763863045,-2.783659053618289,-95.74206953695189,57.66041896017628,7.768865637738756,-3.7412632268621215,328.15,9.0,0.1
176,0.0005027335075432006,0.27835044171238915,0.00013993609388826864,1.5384106003174456e-08,0.7553224485843083,1.1619960615598287e-08,0.9952929733645346,1.0003586671337015,0.9956499522424845,0.000407845182537462,1.0214631779848924,0.0004165988362805444,0.028055245598706098,0.7217961441859234,0.020250168097335163,0.10000335024820879,0.750345331543531,0.0750370469974561,0.13080071249295444,0.7422053115702398,0.09708098356944263,0.0017245635848965124,0.6967990060219578,0.0012016741917775546,0.0010089565019353547,1.0,0.0010089565019353547,1.210143016266456e-05,0.7407062159472853,8.963604543337608e-06,1.0000335024820883e-16,1.0,1.0000335024820883e-16,1.0,1.0,1.0,0.02896582428878676,0.1313034613846037,-12.86429058656623,-0.8503822886095307,7.9347953439299665,-3.540361149700377,-2.6821641360872066,-94.30080750930799,56.98575823986814,7.712434559298585,-3.7468936404912747,333.15,9.0,0.1
177,0.0004472036004994926,0.27500849737253574,0.00012298479019295325,1.7878192825847364e-08,0.7523217425530082,1.345015318044017e-08,0.9952945993251591,1.000360939920554,0.9956538408787673,0.00047791621420799894,1.0214471185339422,0.00048816613990341096,0.02794833981805386,0.7206871362763626,0.020142008987151874,0.1000032267833321,0.7482845346275279,0.0748308680148168,0.13070822211082203,0.7402683238982372,0.09675915650169674,0.0018486244067693037,0.6942062369293267,0.0012833265929190272,0.000977221199842703,1.0,0.000977221199842703,1.3641779860620292e-05,0.7386654953312781,1.0076712077945343e-05,1.0000322678333176e-16,1.0,1.0000322678333176e-16,1.0,1.0,1.0,0.028873459632761354,0.13115544358951436,-12.783027581652439,-0.8576926034435964,7.871272769561864,-3.4395765335188733,-2.58406423758574,-92.90961952332827,56.33344807243467,7.659080337695416,-3.752544296989679,338.15,9.0,0.1
178,0.0004024164664528216,0.2688752601613564,0.00010819983211071616,2.0576257781531027e-08,0.749331144795711,1.541843079904628e-08,0.9952962220416222,1.000363370476641,0.9956578833042246,0.0005581000539032246,1.0214310682264538,0.0005700607342356123,0.027820646871552005,0.7195474804999238,0.020018276362303328,0.1000030853791114,0.7461647044144031,0.07461877264243298,0.13061578187596287,0.7383202239172846,0.09643627332179212,0.0019718997822771433,0.6915940474643655,0.0013637541516191513,0.0009461972424788835,1.0,0.0009461972424788835,1.5337486374499448e-05,0.7365978802226422,1.129755995139995e-05,1.0728608893621024e-16,1.0,1.0728608893621024e-16,1.0,1.0,1.0,0.02878116339190805,0.1310182189186735,-12.707965691918421,-0.8652638985200216,7.811959824079704,-3.3428212252176834,-2.4892106519782704,-91.56676839764974,55.703174331962856,7.608935575287023,-3.758211222395944,343.15,9.0,0.1
179,0.00036009640175053596,0.26564174561901716,9.565663675213929e-05,2.337725756979589e-08,0.7463527650134841,1.744768082564954e-08,0.9952979654367705,1.0003658095989738,0.9956620549863665,0.0006471531660896332,1.0214138079020691,0.0006610111796714926,0.027674662546047335,0.7184316134707418,0.01988235246521509,0.10000292840938375,0.7440447814010825,0.07440665700782804,0.13051637075335085,0.7363532452469487,0.09610615316208385,0.002101347730275679,0.6890158670356685,0.0014478619283193309,0.0009159508157933428,1.0,0.0009159508157933428,1.7262641400610357e-05,0.7345581770114127,1.2680414397634089e-05,1.199718345804036e-16,1.0,1.199718345804036e-16,1.0,1.0,1.0,0.028681912113887504,0.130876490532359,-12.640798628451032,-0.8732316326168396,7.758262292003348,-3.251500933596368,-2.3974633540226034,-90.27163456759516,55.09564505442914,7.562631896461966,-3.763887656912069,348.15,9.0,0.1
180,0.00032408128972507096,0.26170518042962476,8.481375240136523e-05,2.6279481934512827e-08,0.7428599015886068,1.9521973363671782e-08,0.9952997439837823,1.0003693152218742,0.9956673233295631,0.0007454371003139434,1.0213961653175454,0.0007613865957460923,0.027510954794917285,0.7168036472292174,0.01971995273575483,0.10000275527053148,0.7413741941845228,0.07413946210492231,0.13041475551456982,0.7338547737833723,0.09570549090615844,0.0022334654000571628,0.6859581065114091,0.0015320636967819585,0.0008852171929007258,1.0,0.0008852171929007258,1.944374909567368e-05,0.7319998775296654,1.4232821956750673e-05,1.3404497750401503e-16,1.0,1.3404497750401503e-16,1.0,1.0,1.0,0.0285804731849563,0.1307388630837768,-12.580683547367794,-0.8815602430755572,7.709476284126481,-3.165291652216152,-2.3086899399715928,-89.02199212903304,54.50987515435265,7.519942798224373,-3.7701836814948306,353.15,9.0,0.1
181,0.0002906126078032034,0.25991999272982025,7.553602690740278e-05,2.9195346636847183e-08,0.7393876455657928,2.1586678611295625e-08,0.9953016423488174,1.0003728371656482,0.9956727277921158,0.000852754617224248,1.0213773095223013,0.0008709842166232225,0.02732869321541072,0.7151916735472048,0.01954525383658773,0.10000256639195787,0.7387026327368266,0.07387215907417859,0.1303061504322112,0.7313479764022154,0.09529913943136031,0.002371772888921208,0.6829290992983221,0.0016197527227711408,0.0008552625772911663,1.0,0.0008552625772911663,2.1921915661616705e-05,0.7294628868701339,1.599122388424652e-05,1.498908915249797e-16,1.0,1.498908915249797e-16,1.0,1.0,1.0,0.028472060440438172,0.13059679223536105,-12.52777018553672,-0.8902813598564552,7.665814174328643,-3.084157125068025,-2.2227663353297786,-87.81601695599244,53.94519900010255,7.480790442159967,-3.776488681922167,358.15,9.0,0.1
182,0.00026348820615294913,0.2560756123102334,6.747290372714151e-05,3.210945595083999e-08,0.7359348168482145,2.3630466584277233e-08,0.9953036066709999,1.000376453819219,0.9956782925150136,0.0009700019850662672,1.021357762801524,0.00099071905738032,0.02712619285146264,0.7135655613858684,0.019356317030315272,0.10000236018176013,0.7360018459163249,0.07360192168976468,0.13019356304756569,0.7288388045358651,0.09489012084985259,0.0025133559071853235,0.6798996716528067,0.0017088298560419437,0.0008259915916925311,1.0,0.0008259915916925311,2.4709804307568643e-05,0.7269169410601221,1.796197536145202e-05,1.6753939362327018e-16,1.0,1.6753939362327018e-16,1.0,1.0,1.0,0.028359683042681855,0.13045708336317458,-12.481098483683386,-0.8993472388503788,7.626527703125293,-3.0074462896806247,-2.1395750051691023,-86.65137559727009,53.40036816827832,7.4447950378477,-3.7828072012189957,363.15,9.0,0.1
183,0.00024217178935791698,0.2496338270455693,6.045427057989035e-05,3.496868882627324e-08,0.7325025966389037,2.5614655366302952e-08,0.9953056415775473,1.0003801541436863,0.9956840111414275,0.001097003333836019,1.0213374726683089,0.0011204106124887891,0.02690386296569819,0.7119269432433797,0.019153584922608276,0.1000021370338966,0.7332759478620379,0.07332916182175991,0.13007669085901147,0.7263290980564452,0.09447848554979284,0.002658532033028441,0.6768715886110047,0.0017994848005692047,0.0007973896855991621,1.0,0.0007973896855991621,2.7850216361190953e-05,0.7243637977613089,2.0173688491866415e-05,1.8722063722481807e-16,1.0,1.8722063722481807e-16,1.0,1.0,1.0,0.028243038088892128,0.13031889761705817,-12.440501627944679,-0.9087642716826169,7.591511482985757,-2.935094044369002,-2.059004919957235,-85.52641822427603,52.8747492152196,7.411874230038266,-3.7891387130615186,368.15,9.0,0.1
184,0.00022136998830695357,0.24575258577347822,5.44022470390785e-05,3.767694436694201e-08,0.729092615112659,2.746998189794791e-08,0.99530781169651,1.000383849099318,0.9956898597035738,0.0012321890384284875,1.0213157954375258,0.0012584541279119902,0.026664856084752688,0.710308015025032,0.01894026099648883,0.10000189992457144,0.730560127319218,0.07305740074105863,0.1299518264296804,0.7238139320104277,0.09406094246000361,0.00281094261555218,0.6738762357281283,0.0018942274286160826,0.000769526920895934,1.0,0.000769526920895934,3.142550513459637e-05,0.7218358976170497,2.268405770690058e-05,2.0941896844467666e-16,1.0,2.0941896844467666e-16,1.0,1.0,1.0,0.02811841511148813,0.1301732340949318,-12.406401293141208,-0.9185817602518649,7.561141626768878,-2.8674492640068125,-1.9809511112817704,-84.43999948592172,52.36814971316312,7.382156609032042,-3.79547997437963,373.15,9.0,0.1
185,0.0002018149408807664,0.24338965176015043,4.911966818096507e-05,4.02197678496097e-08,0.7251552007265442,2.9165573828158715e-08,0.9953100590171831,1.0003886000932765,0.9956968365989562,0.0013742462285096769,1.0212932809315394,0.001403508439522442,0.026412916841185748,0.7081678754663794,0.018704779204292657,0.10000165136471656,0.7273014139638456,0.07273134243627788,0.12982213621659805,0.7207498916891351,0.09356929061696519,0.002968461825151206,0.6704009000385598,0.0019900594793114744,0.0007413660230041008,1.0,0.0007413660230041008,3.5516523550829694e-05,0.7187847170948515,2.552873433267577e-05,2.342371900051062e-16,1.0,2.342371900051062e-16,1.0,1.0,1.0,0.02798897801057619,0.13002399137724666,-12.378475700883808,-0.9287948962746553,7.535129474473077,-2.804532641876465,-1.9053138143919977,-83.39072978540682,51.8800751235107,7.355610627838078,-3.802480277261674,378.15,9.0,0.1
186,0.00018587497608434837,0.2392721633783424,4.447470764559971e-05,4.256357574723023e-08,0.7212451797335211,3.069877383991236e-08,0.9953123818269768,1.0003934049427883,0.9957039426376059,0.0015244120141472285,1.0212699446461029,0.001556836173305994,0.026144530850883144,0.7060250827126937,0.018458694556479343,0.100001389143859,0.7240355421016159,0.07240455999968859,0.1296877090237653,0.7176913545843191,0.09307574756220315,0.0031299482086862207,0.6669387223694156,0.002087483659383629,0.0007139566894225884,1.0,0.0007139566894225884,4.013343174402453e-05,0.7157378997654499,2.872501814684816e-05,2.6191101106953645e-16,1.0,2.6191101106953645e-16,1.0,1.0,1.0,0.02785481784111472,0.12987362656342544,-12.35588785033965,-0.9393584246412455,7.512878970620357,-2.745524040303762,-1.8319994132131392,-82.37645660453212,51.409211745592096,7.331786543854247,-3.8094936890617395,383.15,9.0,0.1
187,0.0001734805394328292,0.2327306819314798,4.0374244244043295e-05,4.467565249749319e-08,0.717362721578414,3.2048647663893235e-08,0.9953147713820498,1.0003982616816744,0.9957111671166959,0.001682256101121921,1.0212458610757078,0.0017179970805401186,0.025860625876911795,0.703878889833785,0.018202748632647522,0.10000111414540641,0.7207635468480886,0.07207715772020368,0.12954897366513227,0.7146395676018087,0.09258082252330821,0.003294980957880088,0.6634889701623301,0.0021861835224483467,0.0006872920940907917,1.0,0.0006872920940907917,4.533628172078699e-05,0.7126948278206847,3.231093349502634e-05,2.927161704588456e-16,1.0,2.927161704588456e-16,1.0,1.0,1.0,0.027716362517466543,0.12972249888021758,-12.338359368862843,-0.9502667926836789,7.49419029140257,-2.690241951454701,-1.7609187944800482,-81.39573842507409,50.95490711509151,7.310557071575727,-3.816520559643981,388.15,9.0,0.1
188,0.00016071297686145273,0.22880417760339083,3.677180050097747e-05,4.6495815547441965e-08,0.7135087913811096,3.3175173155534304e-08,0.9953172664925629,1.0004031042067327,0.9957184830697198,0.0018461864646412275,1.0212206346466142,0.0018853637130969024,0.025564430816718744,0.7017530051754136,0.017939916151231333,0.10000082941800718,0.7175112715884863,0.07175172227561764,0.1294036514637722,0.7115906976893059,0.09208243462864946,0.003465786533086095,0.6600744862414811,0.0022876772652494475,0.0006614285244348228,1.0,0.0006614285244348228,5.122523805278488e-05,0.7096793628073702,3.6353494300956255e-05,3.271694592079545e-16,1.0,3.271694592079545e-16,1.0,1.0,1.0,0.027571330258221425,0.12956441093644916,-12.326003905209166,-0.9615439243786527,7.479186801687436,-2.638771199038231,-1.6919874688078842,-80.44746733090963,50.5167952529412,7.291930446808583,-3.8235586454463593,393.15,9.0,0.1
189,0.00014806354813262906,0.2268385823846662,3.358652536124935e-05,4.8011690626150935e-08,0.7096832345110354,3.4073091897909984e-08,0.9953198485751046,1.0004079406223805,0.9957258799736,0.002015811701546343,1.0211944337748184,0.002058535689157271,0.025256814648334448,0.6996430680457091,0.01767075528962252,0.10000053579397652,0.7142757328183338,0.0714279559864686,0.12925271210187808,0.7085463836424121,0.09158154173575954,0.0036414116907797175,0.6566909099595297,0.0023912819567554018,0.0006363506531747602,1.0,0.0006363506531747602,5.7870884212753465e-05,0.7066872177724776,4.089661415434396e-05,3.6557079631133443e-16,1.0,3.6557079631133443e-16,1.0,1.0,1.0,0.027420689898013422,0.12940082366170133,-12.318446260080972,-0.9731755749865526,7.467588455417316,-2.590846817095979,-1.6251252631760498,-79.53024818433148,50.09417907749562,7.2757420593742115,-3.8306090380269464,398.15,9.0,0.1
190,0.00013822962851857125,0.2222754899275421,3.072505840146756e-05,4.926954433133901e-08,0.7052908348412672,3.474935805369892e-08,0.9953224209001236,1.0004139812130526,0.9957344656833064,0.002189603553968492,1.0211681783113253,0.002235953472430008,0.0249419037034628,0.6969467455164681,0.01738317861311354,0.10000023623840279,0.7104447089415892,0.07104463872848224,0.12910145404795056,0.7049179814921624,0.09100593639518449,0.0038175133478304405,0.6527726953130242,0.0024919684774567224,0.0006111070542158642,1.0,0.0006111070542158642,6.539077076166495e-05,0.7031112786664329,4.5976988443217875e-05,4.0781537004181932e-16,1.0,4.0781537004181932e-16,1.0,1.0,1.0,0.02726973688594986,0.12923973294601346,-12.315314296466404,-0.9851462557794858,7.459053213989302,-2.5464559661597717,-1.560255568910537,-78.64299619794804,49.68663185769853,7.2619555941446885,-3.8383943239536458,403.15,9.0,0.1
191,0.00013070279864559091,0.21547824595730286,2.816360979386246e-05,5.022843355665833e-08,0.7009320216788689,3.520671747863123e-08,0.9953250250161533,1.000420055417935,0.9957431166855177,0.0023684645567450535,1.021141458165331,0.0024185373510875493,0.024616942984411798,0.6942541110369383,0.017090413868089807,0.09999992919112151,0.706622271868065,0.07066217715167591,0.12894751483102265,0.7013036895216307,0.09043136790564137,0.0039954658424099605,0.6488754163285846,0.0025925595619204025,0.0005866837770694416,1.0,0.0005866837770694416,7.382144422177212e-05,0.699548008277209,5.164164427348773e-05,4.544624746378583e-16,1.0,4.544624746378583e-16,1.0,1.0,1.0,0.027116110339802442,0.1290782678581018,-12.316250102157161,-0.9974401532361872,7.453374464772831,-2.5050966740752627,-1.4973065512640038,-77.7841916539753,49.29325166797071,7.250290662102376,-3.8461961710327257,408.15,9.0,0.1
192,0.0001225527876630636,0.2111538037712179,2.5877487277822262e-05,5.0865907026815244e-08,0.6966072765453586,3.543356096295923e-08,0.9953276841915296,1.000426113367433,0.9957518066227398,0.0025509900122842382,1.021114024943638,0.0026048516790345786,0.024284833683629478,0.6915828187478859,0.016794973731748073,0.09999961740560705,0.7028274851997613,0.0702824796221211,0.12878946347900377,0.697700569027675,0.0898564819540699,0.004176671123888006,0.645015818748279,0.0026940189446169162,0.0005631135211641918,1.0,0.0005631135211641918,8.32865564601375e-05,0.6960150933992478,5.796870037350438e-05,5.06049382506652e-16,1.0,5.06049382506652e-16,1.0,1.0,1.0,0.026958376483576782,0.12891206713257383,-12.321260601630032,-1.010069941998341,7.450585200225351,-2.4667614500959,-1.4362094644752446,-76.95285978699518,48.91364659123909,7.240715796278199,-3.854013906203431,413.15,9.0,0.1
193,0.00011509256166115785,0.20699777414269666,2.3823904084240725e-05,5.11995188386358e-08,0.6923154376015058,3.544621728975671e-08,0.9953303686517208,1.0004321789032742,0.9957605294388401,0.002737029162627578,1.0210861534343505,0.0027947425795050336,0.023945995875085464,0.6889236018382975,0.01649696172786889,0.099999301306674,0.6990518569298337,0.06990469727011643,0.12862888270659006,0.6941104953236676,0.0892826574884012,0.0043595804529612805,0.6411847290500995,0.0027952964115040895,0.0005403628783609988,1.0,0.0005403628783609988,9.387114806585614e-05,0.6925032985381361,6.500607967316717e-05,5.628391767736857e-16,1.0,5.628391767736857e-16,1.0,1.0,1.0,0.0267981175993742,0.12874402646777008,-12.330008104417018,-1.023019731514047,7.450430104566668,-2.4312128114690594,-1.3768989050053433,-76.14784283941587,48.54720802932524,7.233085494130794,-3.8618509528907357,418.15,9.0,0.1
194,0.00010948155244475886,0.20066752098687352,2.196939172288416e-05,5.1248724753577985e-08,0.6880552400553444,3.526195361285331e-08,0.9953330507274392,1.0004382739453281,0.9957692792704971,0.0029263999007746403,1.0210580972867902,0.002988024314585206,0.023600912842253945,0.6862682132190664,0.01619655628659253,0.0999989813819794,0.695287843963958,0.06952807616366845,0.12846723361864873,0.6905350061744875,0.08871112196007294,0.004542763746282895,0.637373977458826,0.0028954393976240865,0.0005184014783070839,1.0,0.0005184014783070839,0.00010566379196766997,0.6890044160618152,7.280281928356152e-05,6.250881903713049e-16,1.0,6.250881903713049e-16,1.0,1.0,1.0,0.026636794295473346,0.12857676641981822,-12.34220497986528,-1.0362764942543128,7.452693630216547,-2.398250398514712,-1.3193126191868916,-75.36806393778488,48.19337654921618,7.227273522905909,-3.8697112106825853,423.15,9.0,0.1
195,0.0001035554005647026,0.19589374933448414,2.028585568045395e-05,5.105713907113905e-08,0.6831646924304023,3.4880434709911017e-08,0.99533567907718,1.0004456895087817,0.9957792897470608,0.003115409612645711,1.0210303082206449,0.003180927637033209,0.023258037075479483,0.682970639998329,0.015884556466545085,0.09999866476057,0.6908831810231674,0.06908739560785192,0.1283071189916087,0.6863085150583462,0.08805826830654549,0.004724428473351486,0.6329838606442846,0.002990486974399806,0.0004964285944734356,1.0,0.0004964285944734356,0.00011892893821744057,0.6848708560075881,8.145096372105207e-05,6.927353493175277e-16,1.0,6.927353493175277e-16,1.0,1.0,1.0,0.026477002088689895,0.1284107254493125,-12.35795115101235,-1.0498589855350104,7.457418111155206,-2.3681880935234734,-1.263390775655552,-74.61300117916211,47.85211884412794,7.223411780071071,-3.8784222094825136,428.15,9.0,0.1
196,9.728390473687079e-05,0.19288991581376777,1.876508419472961e-05,5.060058325540005e-08,0.6783147232793533,3.432312062866057e-08,0.995338303147668,1.0004530927460662,0.9957892837127061,0.0033059449822967083,1.0210023031541469,0.003375377441025833,0.022912732245893856,0.6796956398133832,0.015573684203745563,0.09999834807439334,0.6865125236572309,0.06865011829810597,0.12814575554963634,0.6821030778777234,0.0874086142773733,0.0049064742280461515,0.62863368418271,0.0030843749703241704,0.0004753234114626096,1.0,0.0004753234114626096,0.0001336837924125022,0.6807704634969651,9.100797732269114e-05,7.665666148541394e-16,1.0,7.665666148541394e-16,1.0,1.0,1.0,0.026315961132927435,0.12824309005495646,-12.376907806858686,-1.063748649669967,7.464413233346775,-2.3405149208703913,-1.209077426823111,-73.88134568016868,47.522584121561074,7.221218867986391,-3.887159963121964,433.15,9.0,0.1
197,9.331136913149741e-05,0.186268870981616,1.7381003377872846e-05,4.9916067062554415e-08,0.6735027966194937,3.361861076287663e-08,0.9953408776128622,1.0004605347586022,0.9957992666836606,0.0034983309478455347,1.0209745088187443,0.003571706721162008,0.02256448804636696,0.6764253733150669,0.015263192250427132,0.09999803088511681,0.6821582756831838,0.06821448432030504,0.1279856017815289,0.6779212559704823,0.08676415990587207,0.00508650003705159,0.6243060558502814,0.003175532776213987,0.0004550278284879929,1.0,0.0004550278284879929,0.00015000999079761034,0.6766854197196426,0.00010150957358502067,8.466472400218938e-16,1.0,8.466472400218938e-16,1.0,1.0,1.0,0.026156130363343993,0.12807896306672747,-12.398740496190062,-1.0779259654583508,7.473420237073899,-2.3150079595607322,-1.1563186920737818,-73.17211179605128,47.20421906607175,7.220557960240555,-3.8959320676164437,438.15,9.0,0.1
198,8.868142263378123e-05,0.18184823375825715,1.6126560073122646e-05,4.90075260149347e-08,0.6687296496406596,3.2772785701722744e-08,0.9953434265142893,1.0004679623177026,0.9958092097310711,0.0036912910674836577,1.0209466611460858,0.0037686112906658103,0.022216013413898863,0.6731781162523715,0.014955334060605853,0.09999771579993987,0.6778394107352401,0.06778239275270125,0.12782513646631297,0.673760172095713,0.08612348594370102,0.005266015165400276,0.6200180563478672,0.0032650244875498703,0.00043555728287777615,1.0,0.00043555728287777615,0.00016807824933236394,0.6726338509376776,0.00011305512010729112,9.335192671038192e-16,1.0,9.335192671038192e-16,1.0,1.0,1.0,0.025995985904016302,0.12791386689647272,-12.423476631930255,-1.0924019033305112,7.4844866418197125,-2.29166527088737,-1.1050631807758013,-72.48456748903669,46.896698323158155,7.221402437039403,-3.904740528502339,443.15,9.0,0.1
199,8.437496109230286e-05,0.17760256844189506,1.4985209802177965e-05,4.790481625474913e-08,0.6639939398373286,3.180850768217414e-08,0.9953459258235586,1.0004753941396292,0.9958191074435989,0.0038847247142074037,1.0209189740736224,0.003965989169787069,0.021867660354427186,0.669947026802676,0.014650174037579249,0.0999974032038334,0.6735493286571593,0.06735318379540127,0.1276655922707924,0.6696209440246939,0.08548755441583968,0.005443825071340599,0.6157627763630511,0.003352104839963471,0.0004168741636302537,1.0,0.0004168741636302537,0.00018800162382286685,0.6686088646896636,0.0001256995522640203,1.0273410847555149e-15,1.0,1.0273410847555149e-15,1.0,1.0,1.0,0.02583676002972689,0.12775001513670098,-12.450904692849138,-1.1071662958668396,7.497456705636425,-2.270341495719458,-1.0552618255617217,-71.81786747705972,46.59955879512561,7.223653440039053,-3.9135923704720117,448.15,9.0,0.1
200,8.16186053867852e-05,0.17070625480342597,1.3932806447856832e-05,4.6689353621239195e-08,0.6585242422916563,3.074607121651371e-08,0.9953482627570588,1.0004844477397608,0.9958304569732263,0.004075090575726842,1.0208924792863094,0.004160229321170049,0.02152768142432225,0.6659485807226375,0.014336328890776486,0.09999710013382633,0.6685020660386614,0.0668482680373378,0.12751291422583796,0.6647305288668799,0.08476172691069837,0.005614797355774678,0.6108193045507311,0.0034296266160475718,0.0003981752355004724,1.0,0.0003981752355004724,0.00021014479049475087,0.6638296129776188,0.00013950033494339312,1.126994589879824e-15,1.0,1.126994589879824e-15,1.0,1.0,1.0,0.025684390605435876,0.1275945795205784,-12.480944959409353,-1.1222199871459584,7.512210371205562,-2.2512744336656327,-1.0068671050473204,-71.17157745107745,46.3127260765839,7.227403516380884,-3.923490949104973,453.15,9.0,0.1
201,7.753722457277533e-05,0.16735494147022578,1.2976237680140573e-05,4.5317983741728634e-08,0.6531035579186575,2.9597336419422897e-08,0.9953505448616687,1.0004934724228147,0.9958417229065916,0.004264638520565201,1.0208661354820237,0.004353625045717169,0.021190706240864755,0.6619845914752647,0.014027921013931199,0.09999680249952735,0.6635048071447359,0.06634835915753913,0.1273611025210032,0.6598716972689185,0.08404198688657512,0.00578407745309272,0.605927708402785,0.0035047327963766877,0.00038030941265495134,1.0,0.00038030941265495134,0.0002344871963565768,0.6590967206752182,0.00015454974215894584,1.2338805653191952e-15,1.0,1.2338805653191952e-15,1.0,1.0,1.0,0.02553288198600273,0.1274386850635597,-12.513476597139451,-1.1375597672592683,7.528747371049057,-2.2340616691055537,-0.9598348978698348,-70.54464840066933,46.03548557996555,7.232422634284967,-3.933444782975836,458.15,9.0,0.1
202,7.441198019041476e-05,0.16263214393690553,1.21017798729577e-05,4.382579052770897e-08,0.647729319483162,2.8387249474324562e-08,0.9953527336962389,1.0005025136910588,0.995852912072354,0.004453728789445038,1.020840301336321,0.004546545839487322,0.020856160724534254,0.6580396883497032,0.013724181503343843,0.09999650980961806,0.6585420914429334,0.06585191070701968,0.12721222397871357,0.6550463347198612,0.08332990104881838,0.005949656940032802,0.6010729499981821,0.0035761778484226735,0.0003632176398738769,1.0,0.0003632176398738769,0.000261116369938157,0.6543947748259182,0.00017087318810904146,1.347806727659917e-15,1.0,1.347806727659917e-15,1.0,1.0,1.0,0.025384301494169707,0.12728667978469455,-12.5482491142828,-1.1531700314160203,7.546876685529531,-2.218545403692569,-0.9141223714782029,-69.9362991801619,45.76736966696391,7.238602236884703,-3.9434661098182953,463.15,9.0,0.1
203,7.230066061013125e-05,0.15631437782863566,1.1301632779872016e-05,4.2235499409087384e-08,0.6424005826535267,2.7132109429060462e-08,0.9953548187911513,1.0005115733500862,0.9958640157903247,0.004642114862469736,1.0208150568737235,0.004738740747346402,0.020524694322718404,0.6541130902569923,0.01342547123001348,0.09999622273202734,0.6536131783740536,0.06535884896528019,0.12706673999499238,0.650254445385964,0.08262571254244629,0.006111107321161235,0.5962538686228861,0.00364377138181203,0.0003468679084514419,1.0,0.0003468679084514419,0.0002901565333645861,0.6497228521359131,0.00018852133042350811,1.468735289522627e-15,1.0,1.468735289522627e-15,1.0,1.0,1.0,0.02523910984579827,0.12713908289110193,-12.585139392057352,-1.169046012568134,7.5665164400095914,-2.2046432610135867,-0.8696885525735936,-69.34584505051299,45.507985213114274,7.245869558666972,-3.9535656511869237,468.15,9.0,0.1
204,6.956417180668594e-05,0.15196411893201206,1.0571258077838144e-05,4.0562475016267935e-08,0.6371173973276391,2.5843058511531995e-08,0.9953568111115602,1.0005206217774487,0.9958750155437567,0.0048291158912488925,1.020790266893251,0.004929514499486395,0.020197846670134637,0.6502146181063427,0.013132935159192059,0.09999594278580917,0.648727978250513,0.06487016579669194,0.12692387180901663,0.6454943299655727,0.0819286395899974,0.006269224564282829,0.5914793445016789,0.003708116835815833,0.0003312450397950955,1.0,0.0003312450397950955,0.0003217700076516057,0.6450905181729623,0.0002075707809684923,1.596768220979992e-15,1.0,1.596768220979992e-15,1.0,1.0,1.0,0.025096526733190214,0.1269934765432983,-12.624106092529706,-1.1851901329185257,7.587656089126,-2.1923182065442846,-0.8264942222296369,-68.77266530527599,45.256981407705496,7.254172118975497,-3.963753905091387,473.15,9.0,0.1
205,0.004501120187192568,0.3014700309281762,0.0013569528420443815,4.579239559325503e-10,0.7794586291559601,3.569327789488605e-10,0.9952219575758342,1.000377396090514,0.995597550451817,2.103865556433041e-05,1.0221652430249677,2.150498247783237e-05,0.02495744068475395,0.7215600532001577,0.01800829222823084,0.10000403381706631,0.7575339751927139,0.07575645327274885,0.13484238226077747,0.754018474782875,0.10167364740836084,0.0008739497279700532,0.7152441353032264,0.0006250874174804308,0.0012904755608729888,1.0,0.0012904755608729888,4.718114525985505e-06,0.7521065188796591,3.5485246918145127e-06,1.0000403381706648e-16,1.0,1.0000403381706648e-16,1.0,1.0,1.0,0.029479599527510846,0.139343502905894,-14.886542026332018,-0.8068328642289188,9.44741356674615,-5.496725194954824,-4.177779068861502,-116.15673982032824,67.27724555430937,8.857250118608013,-3.6874655320157492,273.15,9.5,0.1
206,0.00426415874507262,0.29987693831436046,0.001278722868958783,5.757620729552958e-10,0.7775950101024529,4.477097149362822e-10,0.9952255345559549,1.000375027884844,0.9955987718831222,2.3021745215422305e-05,1.0221301747009879,2.3531220458961235e-05,0.024990605637303577,0.7217302935787882,0.01803647714332283,0.10000403268175265,0.7575122810465362,0.07575428291060682,0.13464056766470844,0.7536573816700435,0.10147285769275248,0.0011115413967580064,0.7137983029459494,0.0007934163626600352,0.0012546969327598178,1.0,0.0012546969327598178,6.071034511026111e-06,0.7513197571978738,4.561288174764053e-06,1.0000403268175245e-16,1.0,1.0000403268175245e-16,1.0,1.0,1.0,0.029277786127591618,0.13890472698554313,-14.745374378849528,-0.8138107361146414,9.34900348167766,-5.37427278525209,-4.0258216917430705,-113.9921769583076,66.31705575418003,8.769850500539391,-3.6905930148911623,278.15,9.5,0.1
207,0.0039886296689529924,0.30024784758463413,0.0011975774729153477,7.165885472259956e-10,0.7757775676213201,5.559133201522782e-10,0.995229804774003,1.0003723362625148,0.9956003649198558,2.5459808197909182e-05,1.0220883092558408,2.6022172314978973e-05,0.025022757781602182,0.7221003446511449,0.018068942018217057,0.10000403122630136,0.7575924937438441,0.0757623034011709,0.1343996272624278,0.7532061106708344,0.10123062052594307,0.001387878401657969,0.7125575329480086,0.000988943209917228,0.0012192983361535908,1.0,0.0012192983361535908,7.701231548822465e-06,0.7507350667529527,5.781584580885179e-06,1.0000403122630116e-16,1.0,1.0000403122630116e-16,1.0,1.0,1.0,0.029036847258753086,0.13838825764796933,-14.611477264706211,-0.8209169817046909,9.254992919774487,-5.253717648341133,-3.8797146788514554,-111.9125182676096,65.3884810180613,8.686189195966799,-3.694167947831289,283.15,9.5,0.1
208,0.0036920136144739887,0.29877141907813093,0.0011030681468521728,8.926042929542227e-10,0.7740302626963785,6.909027353592721e-10,0.9952344670956758,1.0003700569156284,0.9956027604928962,2.8706423035506455e-05,1.0220425915517286,2.9339186993389233e-05,0.025053007969190785,0.7223797912880133,0.018097786667920977,0.10000402869418343,0.757482525902178,0.07575130425566397,0.13413650534257274,0.7527139579623575,0.10096641984364683,0.0016858999793251774,0.7112350269885092,0.0011990711172952693,0.0011843952093074754,1.0,0.0011843952093074754,9.542363529574086e-06,0.7500541800262921,7.15728965268748e-06,1.0000402869418364e-16,1.0,1.0000402869418364e-16,1.0,1.0,1.0,0.02877372800670028,0.13782851984965097,-14.47878861494122,-0.8278266408529035,9.160583087893489,-5.130695299662335,-3.739151699908855,-109.90880740126136,64.48601021946722,8.603901213857307,-3.6981641176038185,288.15,9.5,0.1
209,0.0033769490331262662,0.29733613689917626,0.0010040889800151719,1.1087129726758832e-09,0.7723244811441465,8.562861713596859e-10,0.995239482809883,1.0003678570243357,0.9956055886445307,3.2828008220429835e-05,1.0219933972426123,3.355000764590551e-05,0.025080810629233376,0.7226975560289651,0.018125840544972256,0.10000402498546597,0.7573267021498241,0.07573571844395156,0.13385336109900214,0.7521612831616484,0.10067931583972495,0.0020030231467981535,0.7099585556730935,0.0014220634202805915,0.0011504112044145804,1.0,0.0011504112044145804,1.1605379965098076e-05,0.7494118973212749,8.697209818778459e-06,1.0000402498546592e-16,1.0,1.0000402498546592e-16,1.0,1.0,1.0,0.028490587670580072,0.13723031124084142,-14.349194048430588,-0.8346529915802595,9.06738106958405,-5.006977969772668,-3.6038475734427866,-107.9785270131459,63.610252233820155,8.523690405554454,-3.702428625420539,293.15,9.5,0.1
210,0.0030539825461000413,0.2957186539121764,0.0009031196076039849,1.3746623294177601e-09,0.7706464867370791,1.059378694615605e-09,0.9952446716380996,1.0003658127140722,0.9956087447925974,3.805412295033758e-05,1.0219424878900027,3.888912508234005e-05,0.025105526806869796,0.7230241414310381,0.018151901964710948,0.10000401962770443,0.7571039693548028,0.07571344021157062,0.13356033125948333,0.7515527007639635,0.10037762767299434,0.0023289635034295653,0.708698924991549,0.0016505339312250847,0.0011174933471000197,1.0,0.0011174933471000197,1.3857603941805215e-05,0.7487797998308553,1.0376293905680187e-05,1.0209955571913168e-16,1.0,1.0209955571913168e-16,1.0,1.0,1.0,0.028197563475920173,0.1366143151802457,-14.222053357089365,-0.8413673685812166,8.97494876549889,-4.882372805121513,-3.4735361561570133,-106.11748514720581,62.7598697139305,8.445286149788721,-3.706886621769089,298.15,9.5,0.1
211,0.002735995736715903,0.29328404180744416,0.0008024238880319759,1.7033304769464802e-09,0.7684355397424848,1.3088996744121943e-09,0.9952497856859486,1.0003649760893059,0.9956130280606107,4.464266247134591e-05,1.02189228247426,4.561999224857169e-05,0.025127940537478386,0.7228420015531839,0.018163530833020265,0.10000401210205809,0.7562828220281064,0.07563131648667741,0.1332713387913182,0.7503622102955878,0.10000177634450566,0.0026511274397674044,0.7069492200652407,0.0018742124758371246,0.001084311568695412,1.0,0.001084311568695412,1.626894191301966e-05,0.7476254369180245,1.2163074805915292e-05,1.194019483546958e-16,1.0,1.194019483546958e-16,1.0,1.0,1.0,0.027908578936665634,0.1360073362313646,-14.097107424881033,-0.8479614891706131,8.883093640323928,-4.757182187182591,-3.3479685459886053,-104.32225858990064,61.93405795775842,8.368677028527971,-3.7120660735661595,303.15,9.5,0.1
212,0.002440188780595887,0.2882228145883555,0.0007033180784702739,2.113220171303016e-09,0.7662342748319199,1.619221725518552e-09,0.9952545568426563,1.0003646450793715,0.9956174715195312,5.309525486534919e-05,1.0218454082510495,5.425514238407624e-05,0.02514547576237362,0.7225255666349686,0.018168249123514862,0.10000400132705684,0.7552652301765341,0.07552954508085402,0.1330015083001042,0.7491462641868336,0.09963758307423722,0.002952915023946989,0.705076837772079,0.0020820319872942054,0.001052339713840068,1.0,0.001052339713840068,1.8740738755152904e-05,0.7463402911103918,1.3986968418144629e-05,1.3695778584816204e-16,1.0,1.3695778584816204e-16,1.0,1.0,1.0,0.027638759797834856,0.13544169919392027,-13.972821953292675,-0.8543480731839996,8.790693677759313,-4.630281142086092,-3.2269128531316342,-102.58825155942294,61.13062890014129,8.293149565548168,-3.7173404030509407,308.15,9.5,0.1
213,0.0021496550052338974,0.28580159851682596,0.0006143748367555435,2.601205008440558e-09,0.7640114169260759,1.987350324213878e-09,0.9952592846249091,1.0003642092097347,0.9956217672224434,6.338825632323198e-05,1.0217989285539393,6.477005239398094e-05,0.025158159229896226,0.7223197258373399,0.01817223467751079,0.10000398755776276,0.7543101928730531,0.07543402714277041,0.1327339364865965,0.7478570026711943,0.09926600389361474,0.003251091363664984,0.7033219723825518,0.002286563990288737,0.0010217163235204834,1.0,0.0010217163235204834,2.1390926009714993e-05,0.7451741531210047,1.5939965173763436e-05,1.5562996450936945e-16,1.0,1.5562996450936945e-16,1.0,1.0,1.0,0.027371202491453354,0.13488359409303538,-13.854050787276002,-0.8608306832568744,8.701725570000178,-4.505657704010911,-3.1101518675491397,-100.91621725228069,60.352557407614086,8.220559580388258,-3.7226251422252075,313.15,9.5,0.1
214,0.0018805092492798611,0.28358562322881,0.000533285387444571,3.1876363557657686e-09,0.7617700566357299,2.4282459272657975e-09,0.9952636930827303,1.0003640025468707,0.9956259716018204,7.612955036691096e-05,1.0217555439617572,7.778579014670708e-05,0.025164817297777677,0.7220865720322387,0.01817117665836987,0.10000396955032756,0.7532816964578036,0.07533115983538527,0.132484171120198,0.7465237648634372,0.09890258220946208,0.003530231987122637,0.701548335337097,0.0024766283739196585,0.0009923163960443195,1.0,0.0009923163960443195,2.413697404680919e-05,0.7439871891967492,1.795759947680046e-05,1.7479502336633766e-16,1.0,1.7479502336633766e-16,1.0,1.0,1.0,0.027121456097424446,0.13436468355711428,-13.738893238221479,-0.8673057454933999,8.614707331004594,-4.382074769295738,-2.9974820236933573,-99.3019015869669,59.59764378489701,8.150162531905325,-3.727917400254732,318.15,9.5,0.1
215,0.0016375951291844083,0.28115268786351577,0.00046041427220239775,3.887354696871446e-09,0.7595047248387199,2.952464259397853e-09,0.9952677046636788,1.0003640811645198,0.9956300628886017,9.185232972277008e-05,1.0217160125374656,9.384699606662512e-05,0.02516444083477666,0.7218020452726769,0.01816374486268506,0.1000039463082003,0.7521602557230334,0.07521899382848841,0.13225657882889316,0.7451527022986684,0.0985513471111266,0.003786046387016331,0.6997317841026386,0.002649216993082287,0.0009640624454433882,1.0,0.0009640624454433882,2.6958927885741924e-05,0.7427552072062431,2.0023884067832427e-05,1.9429756827013474e-16,1.0,1.9429756827013474e-16,1.0,1.0,1.0,0.02689388829368384,0.13389417784543226,-13.62750933295134,-0.8737942760793457,8.529815350967704,-4.259866437127554,-2.888712531867416,-97.74282250873296,58.86530897693453,8.082010755559553,-3.7332010119873495,323.15,9.5,0.1
216,0.0014159757469664519,0.280090052758527,0.00039660072167262806,4.70639347193869e-09,0.7566870269513198,3.561266883944389e-09,0.9952713869638781,1.0003652389399993,0.9956348988302643,0.00011083481168864641,1.021679661687728,0.00011323767290927923,0.025157818971385266,0.7210348265978284,0.018139663639612336,0.10000391747778269,0.7505008339761261,0.07505302346795559,0.13204728968994467,0.7432226221989359,0.09814053289762317,0.004023667717478883,0.6974552062195116,0.0028063279976530266,0.00093569075588779,1.0,0.00093569075588779,2.9938735758408772e-05,0.7410341804998749,2.218562651793475e-05,2.1443001740925591e-16,1.0,2.1443001740925591e-16,1.0,1.0,1.0,0.026684629530040364,0.13346327014330456,-13.52157992556156,-0.880416950342712,8.448395478760117,-4.140736511232941,-2.7836639920497785,-96.23805267179853,58.15639221815994,8.016852266730584,-3.739043953016464,328.15,9.5,0.1
217,0.0012285553580217074,0.27686940707086427,0.0003401493935292034,5.669834489783154e-09,0.7538463653776436,4.27418412241583e-09,0.9952745522266887,1.0003668375546455,0.9956396563096285,0.00013410908861411538,1.021648338002771,0.00013701232749367727,0.02514165149859716,0.720150651667054,0.018105776710700714,0.10000388100073815,0.7486907849234994,0.07487198416183888,0.13186693767345836,0.7412747368712956,0.09774962952591637,0.004231334142595365,0.6950728410466074,0.002941085443911272,0.0009083263732392556,1.0,0.0009083263732392556,3.296598531875714e-05,0.7392027317018085,2.436854640086698e-05,2.3461343773954408e-16,1.0,2.3461343773954408e-16,1.0,1.0,1.0,0.026504315945232986,0.13309549870131454,-13.419379371315346,-0.8870759304376599,8.369146773321495,-4.023319559108043,-2.682168627113329,-94.78376591871566,57.46870766722355,7.953909272976295,-3.74486908023157,333.15,9.5,0.1
218,0.0010652778337438184,0.2736590528097787,0.00029152292296158634,6.775999347467951e-09,0.7509865696329191,5.0886845057898636e-09,0.9952773841136956,1.0003686529976148,0.9956442961048073,0.0001621288194631279,1.0216202395733323,0.00016563408338166234,0.025115169071855403,0.7192274893181864,0.01806351999535233,0.10000383620586359,0.7468132798010686,0.07468419290958984,0.13170515025806506,0.7393025632458197,0.09736995517846335,0.004419474312838541,0.692661071522572,0.0030611978130972253,0.0008819122488372729,1.0,0.0008819122488372729,3.6121776019275086e-05,0.7373391552381463,2.663399981575384e-05,2.5541837792277695e-16,1.0,2.5541837792277695e-16,1.0,1.0,1.0,0.026342575725062347,0.13277043486780826,-13.322501691382776,-0.8938892673958161,8.293394474188982,-3.9089944769587035,-2.5840684009428836,-93.37903746676811,56.80285768916021,7.893785146058188,-3.750663491512541,338.15,9.5,0.1
219,0.0009320384722670305,0.2676818993111682,0.0002494898284875184,8.041571482656154e-09,0.7481091186158944,6.015972954176602e-09,0.9952797940836149,1.0003708177212616,0.9956488614688748,0.0001958860171143298,1.0215962339429077,0.00020011641736607518,0.025076483068478025,0.7182109299324666,0.018010204224047355,0.10000378124626591,0.744815850541084,0.07448440138626206,0.13156692418623636,0.7373196703057704,0.09700688116414005,0.004583217988253794,0.6901666225003419,0.003163184079135934,0.000856319349897751,1.0,0.000856319349897751,3.937298027608718e-05,0.7353883251611262,2.8954430021833786e-05,2.7658963542836093e-16,1.0,2.7658963542836093e-16,1.0,1.0,1.0,0.026204407557859386,0.13249897070007488,-13.230357627221858,-0.900832682183289,8.220694124856283,-3.797459633878706,-2.489214587216596,-92.02140680631078,56.15780487014724,7.836250844379208,-3.7564318691517946,343.15,9.5,0.1
220,0.0008093393633360515,0.26472983383989834,0.00021425627517604207,9.43652471484438e-09,0.7452207902225303,7.032294404950778e-09,0.9952821244348725,1.000372975439164,0.9956533402223257,0.00023544004548364862,1.0215729595707594,0.00024051918406620511,0.025025677325751904,0.7172320820985313,0.01794921865427504,0.10000371632645788,0.7428348033248942,0.07428624094912285,0.1314329049643914,0.7353072507145811,0.09664356800279746,0.004741949542688468,0.6877180525189508,0.0032611243046408423,0.0008315180763393675,1.0,0.0008315180763393675,4.2892479345718895e-05,0.7334814894846894,3.146083963818917e-05,2.9932150753639585e-16,1.0,2.9932150753639585e-16,1.0,1.0,1.0,0.026070456734571604,0.13224225376425214,-13.145202162429625,-0.9080760387671338,8.152902955942084,-3.6905600165941115,-2.3974671553028477,-90.71069365059292,55.534696534866406,7.782157636680592,-3.762169305718771,348.15,9.5,0.1
221,0.0007019954093150268,0.2627397744374917,0.00018444211549958482,1.0964533092779558e-08,0.7417958193931266,8.133444809821452e-09,0.9952842763704531,1.000376224289199,0.9956587264898814,0.0002813482389837467,1.0215513696136844,0.0002874116788722445,0.024962869328515023,0.7157411591982181,0.01786695303010499,0.10000364052980668,0.7403049534736018,0.07403319044960933,0.131308581348394,0.7327556505214959,0.09621710494499719,0.004891362816591068,0.6847880794172952,0.0033495469489065698,0.0008063245760509108,1.0,0.0008063245760509108,4.672881938420987e-05,0.7310576890424718,3.416146271070353e-05,3.234531745934119e-16,1.0,3.234531745934119e-16,1.0,1.0,1.0,0.025946212976813796,0.1320105877222421,-13.066706067888868,-0.9156170675491684,8.089725475927013,-3.5883924679013868,-2.3086936897945165,-89.44509294471827,54.93296847039204,7.731489456244066,-3.7684912165453497,353.15,9.5,0.1
222,0.0006143630547051364,0.2588804371868146,0.0001590465761934926,1.262545574893799e-08,0.7383692863860494,9.322248751641986e-09,0.9952862141830288,1.000379701449555,0.9956641258012763,0.0003348127950351375,1.0215318221412728,0.00034202192458845633,0.024884565205014107,0.714194178781554,0.017772411610931085,0.10000355158479107,0.7377019879800291,0.07377281880916378,0.13119601571517112,0.7302008111021193,0.09579943708858434,0.005028362079065583,0.6818146692130858,0.0034284110276217245,0.0007817690909883229,1.0,0.0007817690909883229,5.082336234581346e-05,0.7285841123812896,3.702909434295718e-05,3.4890774296212783e-16,1.0,3.4890774296212783e-16,1.0,1.0,1.0,0.025833741054754382,0.13181039139533202,-12.9939225325708,-0.92340830417867,8.030479312685976,-3.4901134635144886,-2.22277008737921,-88.2219732944389,54.35114783445015,7.683764859333768,-3.774799118153976,358.15,9.5,0.1
223,0.0005394441476899512,0.25506853131527285,0.00013759522647789502,1.4390147132115209e-08,0.7349472594424518,1.057599919772172e-08,0.9952880645452751,1.0003832858982993,0.9956695444251608,0.0003961709232179619,1.021513067851,0.00040469377516974336,0.024790232937899115,0.7126318001218945,0.01766630832397613,0.10000344905637526,0.7350694770425723,0.07350948300032328,0.13108801464678918,0.7276402278035226,0.09538491283990118,0.00516018690142734,0.6788378440073066,0.00350293015083968,0.0007578048717652506,1.0,0.0007578048717652506,5.527184585466686e-05,0.7261012756689696,4.0132957783652276e-05,3.762900187554264e-16,1.0,3.762900187554264e-16,1.0,1.0,1.0,0.025725848008807027,0.13162747318462625,-12.92745346168716,-0.9315101223930097,7.975678590803313,-3.3962702824962507,-2.1395788209235183,-87.04019959008572,53.78918452958511,7.6392032185010965,-3.7810942990274685,363.15,9.5,0.1
224,0.00048000021149426694,0.24867347867200118,0.00011936332235557558,1.6246638919180057e-08,0.7315311239658658,1.1884922029215384e-08,0.9952897907802689,1.0003870448663579,0.9956750125843288,0.00046623433139555455,1.021495461581996,0.00047625625355427544,0.02467834434433147,0.7110264956115998,0.01754695669664635,0.10000333150653001,0.7323814386173053,0.07324058379527576,0.13098662167641115,0.7250811840054194,0.09497593473400213,0.00528487386700077,0.6758310212681979,0.003571681702808741,0.0007343498317757782,1.0,0.0007343498317757782,6.008778219931245e-05,0.7235813938697571,4.3478401198320855e-05,4.056230512235572e-16,1.0,4.056230512235572e-16,1.0,1.0,1.0,0.025624578887221295,0.13146663813454434,-12.866875976211826,-0.9399104252425967,7.9250036631064,-3.3066305668147176,-2.059008844938763,-85.89795474672175,53.246277887702256,7.597638566279596,-3.7873829831910752,368.15,9.5,0.1
225,0.0004247113731913574,0.24499730033930597,0.000104053139855282,1.813816351971466e-08,0.7281272249803954,1.3206890669850496e-08,0.9952915833123432,1.0003907868405806,0.9956805301656422,0.0005446726685824831,1.0214771223897106,0.0005563706701479592,0.02454971737662353,0.7094471075918409,0.017416725985042722,0.1000031998182261,0.7297097820091586,0.0729733131395761,0.13088100546272238,0.7225140805810295,0.09456336932741956,0.00541325273560921,0.6728616552908742,0.0036423701961898667,0.000711406762192569,1.0,0.000711406762192569,6.543092404435002e-05,0.7210932195155367,4.7181795675016896e-05,4.379084741780042e-16,1.0,4.379084741780042e-16,1.0,1.0,1.0,0.02551910141839737,0.13130573497407727,-12.81307533973305,-0.9486922937369945,7.879199417349417,-3.2219224256150567,-1.9809551806069547,-84.79447264752994,52.72261473612099,7.55938912051098,-3.7936665145338377,373.15,9.5,0.1
226,0.0003754386441088887,0.24262039212099282,9.108907105107246e-05,2.0044052511141894e-08,0.7241859316177528,1.4515620841176464e-08,0.9952933804210589,1.0003956086766577,0.9956871271181734,0.0006311600622368559,1.021458628096787,0.0006447038912819414,0.024406143404403165,0.7073418690021953,0.017263487090806138,0.10000305481292829,0.7264901199404611,0.07265123128545678,0.13077449337961974,0.7193974285889106,0.09407883426231596,0.0055430065552506515,0.6694067750150399,0.003710526142037563,0.0006879663665380198,1.0,0.0006879663665380198,7.143136287233609e-05,0.7180770103729678,5.129321949823367e-05,4.732004129329453e-16,1.0,4.732004129329453e-16,1.0,1.0,1.0,0.025412742110748912,0.1311499520677811,-12.765972177604112,-0.9578699422333862,7.8381643844185325,-3.1423873785918524,-1.9053180494104605,-83.72858452212222,52.21792139018917,7.524533761177308,-3.800600311361937,378.15,9.5,0.1
227,0.0003355435414508991,0.23849808355774132,8.002649158621697e-05,2.1940324963946394e-08,0.7202637008870216,1.580281965719593e-08,0.9952951602501169,1.000400537202823,0.9956938129895869,0.000726745196562573,1.0214402006760837,0.0007423267594172546,0.024244492463644542,0.7052159337513707,0.017097602391077157,0.10000289450978915,0.7232445304891462,0.07232654648728808,0.13066836357749342,0.7162887287294204,0.09359627603207647,0.0056718731720617616,0.6659464150030193,0.003777163605286333,0.0006650099344988205,1.0,0.0006650099344988205,7.803828942111674e-05,0.7150470149614373,5.580104590326625e-05,5.116321428965691e-16,1.0,5.116321428965691e-16,1.0,1.0,1.0,0.025306781201658014,0.13100392905926925,-12.724684036102069,-0.9673962158762932,7.8012654160641315,-3.067171837757445,-1.8320038314668246,-82.69810440198579,51.73085070653841,7.492606024327403,-3.8075398427316545,383.15,9.5,0.1
228,0.0003041922939584174,0.2319640205334576,7.056166752188987e-05,2.3793406668302557e-08,0.7163624572805422,1.704470326798047e-08,0.9952969354089659,1.000405561255629,0.9957005892838141,0.0008314686119080262,1.0214217045022522,0.0008492800868152177,0.024064776680928136,0.7030711932750833,0.016919251256958544,0.10000271896984844,0.7199765681128998,0.07199961440587027,0.13056183501632398,0.7131897030054174,0.09311535633913443,0.005800652446120214,0.6624826022289297,0.0038428313271313265,0.0006425187296420109,1.0,0.0006425187296420109,8.53261249170239e-05,0.712005143673398,6.07526398306399e-05,5.535573718513409e-16,1.0,5.535573718513409e-16,1.0,1.0,1.0,0.02520043758679458,0.13086605110368912,-12.689070195373484,-0.9772775841758401,7.768410555021797,-2.9962134327204977,-1.760923408186314,-81.70170990633989,51.260869368944775,7.463538198502358,-3.8144877667896107,388.15,9.5,0.1
229,0.00027412296216835824,0.22802526358502062,6.250696070314657e-05,2.554595259880451e-08,0.7124862055325553,1.8201138833836763e-08,0.9952988148359363,1.0004105582163352,0.9957074429420759,0.0009444684437055601,1.0214020510235715,0.0009646820055278997,0.02386884893211998,0.7009512039345454,0.016730898395501285,0.10000253003832939,0.7167320002352952,0.07167501338296202,0.1304486387120469,0.7100939276515699,0.09263078621983799,0.005935582144876784,0.6590577658198403,0.0039118915072426305,0.0006205264965608953,1.0,0.0006205264965608953,9.345721833658245e-05,0.7089949315913464,6.626069412126277e-05,5.99875511396873e-16,1.0,5.99875511396873e-16,1.0,1.0,1.0,0.025087440337993896,0.13072278722016784,-12.659468874905828,-0.9875573199666119,7.739901437631533,-2.9297821663286476,-1.6919922841178106,-80.73847829820005,50.807796589611755,7.437431115143865,-3.821444635911476,393.15,9.5,0.1
230,0.00024602430273794893,0.22603501238675178,5.561010631681423e-05,2.7170089485910697e-08,0.7086356810983203,1.9253694868350665e-08,0.9953007795695887,1.0004155443056404,0.9957143711409383,0.0010655386371065682,1.0213814109190813,0.0010883213565567012,0.02365720859623275,0.6988481234193228,0.016532795832816728,0.10000232822928697,0.7135042586383454,0.07135208706534589,0.1303297572870841,0.7070040829348928,0.09214367052988207,0.006075688178858544,0.6556642698165708,0.003983611653424459,0.0005990254065681871,1.0,0.0005990254065681871,0.00010251084731942539,0.7060085653484285,7.237353624863925e-05,6.509108223145123e-16,1.0,6.509108223145123e-16,1.0,1.0,1.0,0.024968771536077267,0.13057580875991154,-12.63554152210144,-0.9982265722817466,7.715485915144806,-2.8676480669032793,-1.6251302828822787,-79.80704943413878,50.37097028789047,7.414137664571633,-3.828413021610726,398.15,9.5,0.1
231,0.00022410771552435794,0.22145747094610438,4.9630327899533295e-05,2.8667605267619433e-08,0.7042136064638211,2.0188117694191542e-08,0.9953027118066118,1.0004217756573976,0.9957225062621936,0.0011935517766354267,1.021360899092418,0.0012190471156977118,0.023433190106363917,0.6961474667081526,0.016312955929435786,0.10000211589278525,0.7096687104015832,0.07096837262306256,0.13021161163490774,0.7033321444870533,0.09158201204829501,0.0062154548442542555,0.6517252013917609,0.004050768560113,0.0005771134896210118,1.0,0.0005771134896210118,0.0001126640280608529,0.702426662020361,7.913821716055312e-05,7.063985342850841e-16,1.0,7.063985342850841e-16,1.0,1.0,1.0,0.024850849598523704,0.13043574801803734,-12.617023214034226,-1.0092810365347364,7.694904172048667,-2.8098982374806685,-1.5602607851021688,-78.90643846926893,49.950063696636164,7.393671513613506,-3.836120329517334,403.15,9.5,0.1
232,0.00020704498166138142,0.21465834325587965,4.444393274287611e-05,3.0002627633260854e-08,0.6998228675728055,2.0996524905027718e-08,0.9953046632464416,1.0004280606215374,0.9957307139792101,0.001329094306863814,1.0213400148420146,0.0013574571990987252,0.023194652590096083,0.69344298304315,0.016084169082725756,0.10000189195124017,0.7058332680299565,0.07058466220512245,0.1300913179734791,0.6996770480869547,0.09102190934142526,0.006356808392431033,0.647799526799114,0.004117937468569459,0.000555746800086989,1.0,0.000555746800086989,0.00012390507901670017,0.6988494964977545,8.659100208433539e-05,7.670039035323838e-16,1.0,7.670039035323838e-16,1.0,1.0,1.0,0.02473079187862128,0.1302983929577681,-12.603432174578495,-1.0206977948029536,7.677852578573569,-2.7559233281953692,-1.4973119607520193,-78.03501830809539,49.544067503114775,7.375698579674415,-3.8438460034773327,408.15,9.5,0.1
233,0.00018990646791353563,0.21039652079173504,3.995566012485519e-05,3.1138927767225144e-08,0.6954657820381623,2.165605875146309e-08,0.9953066953726396,1.000434314948451,0.9957389719487333,0.0014710011295832562,1.0213181288640334,0.0015023601212228509,0.02294406372507653,0.6907641928042773,0.01584893765870239,0.10000165882123285,0.7020289871207798,0.07020406325266787,0.12996525179507593,0.6960341808992968,0.09046025757855655,0.0065033371972149055,0.6439156617808456,0.004187600675128626,0.0005349647826093752,1.0,0.0005349647826093752,0.00013641025465235988,0.6953065566369186,9.484694445229754e-05,8.335489119514805e-16,1.0,8.335489119514805e-16,1.0,1.0,1.0,0.024604971322573322,0.13015518940191717,-12.5948454195373,-1.032497825807459,7.664420579023585,-2.7057704027172162,-1.4362150623199934,-77.1918687396165,49.15264434817091,7.360214674744108,-3.8515903238461515,413.15,9.5,0.1
234,0.00017483495737432574,0.20614717588079456,3.604173270795638e-05,3.20727770295898e-08,0.6911408261054769,2.216680561172744e-08,0.9953087624883624,1.000440581417354,0.9957472770336445,0.001619031376897121,1.021295671551083,0.0016535097373304192,0.022681999579097414,0.688095275891576,0.015607376758151652,0.10000141708305539,0.6982407948027554,0.06982506894547444,0.1298358916940745,0.6924063380992409,0.08989919432174377,0.006652576404565421,0.640058127838772,0.004258035598810534,0.0005147544918600591,1.0,0.0005147544918600591,0.00015026078538466102,0.6917821052219435,0.00010394772244570344,9.062207722025533e-16,1.0,9.062207722025533e-16,1.0,1.0,1.0,0.02447586591336886,0.13001075872422585,-12.590855760726946,-1.0446622395371077,7.654296887181186,-2.659147866601835,-1.3769046849941842,-76.37577789454865,48.775131524480344,7.347047241708342,-3.859357247904329,418.15,9.5,0.1
235,0.0001631911075564086,0.1998144797946999,3.260794626350469e-05,3.2802413694895236e-08,0.686846749455913,2.2530231220646926e-08,0.9953108308715507,1.0004468883634974,0.99575562369993,0.0017728509498495942,1.0212729547740522,0.0018105647279268808,0.022409228933885115,0.685425826780473,0.015359864269521104,0.10000116750509558,0.6944590286949321,0.06944671365394788,0.12970503382032011,0.6887953668734205,0.0893402263555968,0.006802738893502641,0.6362167053572552,0.004328016126229909,0.0004951079516746763,1.0,0.0004951079516746763,0.00016554907513766602,0.688265821971054,0.00011394177027617349,9.852468060536217e-16,1.0,9.852468060536217e-16,1.0,1.0,1.0,0.024345270991291117,0.12986825773029026,-12.591135240867187,-1.057177182470535,7.6472343512262,-2.6158204703164047,-1.3193185749637315,-75.58563400958657,48.4109347094642,7.336052603029916,-3.8671507478643803,423.15,9.5,0.1
236,0.0001504311325682193,0.19671005985582155,2.9591317091673446e-05,3.332879362481189e-08,0.681922245853231,2.2727645800210613e-08,0.9953128911162814,1.0004544980415346,0.9957652588760081,0.001929052001153531,1.0212499914001176,0.0019700443395884236,0.022133770534902418,0.6821238236434581,0.015097972188914547,0.10000091702590565,0.6900455371530528,0.06900518650493893,0.1295727525964538,0.6845326658253968,0.0886967817531851,0.006954517494809632,0.6318057837970593,0.004393904376738561,0.00047526741453475264,1.0,0.00047526741453475264,0.00018271860449320146,0.6841239180576101,0.00012500216760790787,1.07084444514348e-15,1.0,1.07084444514348e-15,1.0,1.0,1.0,0.024213253668624167,0.12972321705781553,-12.595994974780941,-1.0700817914257827,7.643445547509894,-2.576265882202655,-1.263396895056577,-74.82107896784129,48.06018439400507,7.327444555009636,-3.8758015751974093,428.15,9.5,0.1
237,0.0001402395110498561,0.19200138547273715,2.6926180419591616e-05,3.365012393619175e-08,0.6770368226949732,2.2782372993051297e-08,0.9953149320693742,1.0004621385293027,0.9957749054482737,0.002089560638480319,1.0212269152705504,0.0021339155651060172,0.021850788341133878,0.6788294563414008,0.014832958770242929,0.10000066192177012,0.6856502438003473,0.06856547822685778,0.12943981864451926,0.6802944394476379,0.08805718886697717,0.007106294422063809,0.6274206225370421,0.004458635670222786,0.00045607494328092293,1.0,0.00045607494328092293,0.00020162858757570882,0.6799999677389921,0.00013710743304674042,1.1634347215631628e-15,1.0,1.1634347215631628e-15,1.0,1.0,1.0,0.02408058849066405,0.12958009180569308,-12.604678758283354,-1.0833247058055528,7.642401042148321,-2.539660033236883,-1.2090836976738704,-74.08049079253516,47.721716692226046,7.320785153318877,-3.884485161924508,433.15,9.5,0.1
238,0.0001325051641905232,0.18538021756232845,2.4563836165771245e-05,3.377169996832905e-08,0.6721899392845141,2.2700996951245963e-08,0.9953169411251594,1.0004698089137614,0.9957845498961176,0.0022538315789803684,1.0212038257464182,0.0023016214310428427,0.021561509796766166,0.6755425706345258,0.014565717754868932,0.1000004034134711,0.6812735702214298,0.06812763185707872,0.12930680433324132,0.6760809196793806,0.0874218631944195,0.0072575032148910765,0.6230607638449371,0.004521865496677121,0.00043752630204997725,1.0,0.00043752630204997725,0.00022241135143184908,0.675893808992489,0.00015032645548243955,1.2633119469392704e-15,1.0,1.2633119469392704e-15,1.0,1.0,1.0,0.02394784653993706,0.1294393432691318,-12.616982594100682,-1.0968995720247798,7.643955069638709,-2.5058498579369464,-1.1563251105027408,-73.36295369442752,47.39504812759005,7.3159724909997035,-3.8932056828609434,438.15,9.5,0.1
239,0.00012414203177743164,0.1810173202005224,2.2471857916598764e-05,3.3692065195005823e-08,0.6673826171839157,2.2485498648174098e-08,0.9953189476243645,1.0004774548491302,0.9957941674823387,0.002420811674512035,1.0211804021466537,0.002472085439299513,0.021268224624992855,0.6722816950255892,0.014298238101075176,0.10000014375885932,0.6769347541789884,0.06769357273326695,0.12917186255629723,0.6718890838669704,0.08678916439434077,0.007409976805451821,0.6187436326329988,0.004584875966331526,0.0004196387582884507,1.0,0.0004196387582884507,0.0002452669955035399,0.6718238222384,0.00016477621038811667,1.3711073772860167e-15,1.0,1.3711073772860167e-15,1.0,1.0,1.0,0.023813178331282322,0.12929603828013986,-12.632863653921106,-1.1108133986093474,7.648097476886382,-2.4747831391878026,-1.1050697410836379,-72.66768535733712,47.079803070842914,7.3129548108817835,-3.9019660812363686,443.15,9.5,0.1
240,0.00011663866907151154,0.17669286098028308,2.060922013917783e-05,3.3428908211058506e-08,0.6626130809882548,2.2150431863803046e-08,0.9953209162420662,1.0004851063021134,0.9958037526911606,0.0025902534017029073,1.0211569688289104,0.0026450553121817144,0.020971559476111946,0.669036314880686,0.014030734869199065,0.0999998836021991,0.6726235441747745,0.06726227612557607,0.12903686167466102,0.6677204611510079,0.08616055278288347,0.007561869084021399,0.6144587778480156,0.00464645683561448,0.00040239094339736606,1.0,0.00040239094339736606,0.00027030560309378285,0.6677794996669565,0.00018050454039114118,1.486875617430537e-15,1.0,1.486875617430537e-15,1.0,1.0,1.0,0.023678451546886366,0.12915353377264072,-12.652041632342048,-1.125051907053652,7.6546178019809465,-2.4462582613857258,-1.0552685220948748,-71.99378424272601,46.775462167725564,7.311605126339032,-3.910773357193359,448.15,9.5,0.1
241,0.00011150258296878446,0.16979964614033646,1.8933099131833106e-05,3.302971716560155e-08,0.6571080241323959,2.1704092184340326e-08,0.9953227275763192,1.0004944090622798,0.995814824152726,0.0027588506961944764,1.0211345912538545,0.00281715787798896,0.020679443706680355,0.6650192323297384,0.01375222777882261,0.09999962987787515,0.6675503124437662,0.06675478416923653,0.12890793979339324,0.6628010565058191,0.08544031868704956,0.007707823948079636,0.6094824749886695,0.004697783616652515,0.00038501035503240455,1.0,0.00038501035503240455,0.00029807012453765156,0.6629762747731267,0.00019761342078713422,1.6092594948404686e-15,1.0,1.6092594948404686e-15,1.0,1.0,1.0,0.023549796985843616,0.12901947540607916,-12.674516075075136,-1.1396248691994215,7.663458374652592,-2.420580518014879,-1.0068739227750994,-71.34088353542668,46.482018525477585,7.312049740827726,-3.9206356494247006,453.15,9.5,0.1
242,0.00010477481786381954,0.16643223888310124,1.743790751564463e-05,3.247024591324065e-08,0.6516530542291884,2.1159334920936077e-08,0.9953245041149773,1.0005036712507311,0.9958258204528483,0.002928389768825595,1.0211121019680416,0.0029902142322272103,0.020387328519231446,0.6610403244480858,0.01347684625898247,0.09999937912738228,0.662530458945182,0.06625263454749786,0.12877837172643014,0.6579138987118396,0.0847250806122982,0.007853719829122956,0.6045618887221094,0.004748059693388855,0.00036833900956423983,1.0,0.00036833900956423983,0.00032842708521170635,0.6582229183641912,0.00021617823449789428,1.7399328355017439e-15,1.0,1.7399328355017439e-15,1.0,1.0,1.0,0.023420493105920863,0.12888317901453986,-12.700010925267264,-1.1545170009459838,7.674497987142846,-2.3972103877569575,-0.9598418331115474,-70.70779711932073,46.19862042813353,7.313990058368956,-3.9305561376948495,458.15,9.5,0.1
243,0.00010062069025055404,0.15993460838901843,1.6092730691055084e-05,3.177982853137207e-08,0.6462439912635946,2.0537523231786528e-08,0.9953261758654702,1.0005129765444427,0.995836754847759,0.003099235112557878,1.0210901757997983,0.0031645985259266323,0.020094572241971552,0.6570719610006635,0.013203579988501744,0.09999913075705713,0.6575362064300558,0.06575304908429846,0.1286520449859587,0.6530624137403209,0.08401781503115853,0.007995720928196738,0.5996702345205069,0.004794795844172264,0.0003523243804342455,1.0,0.0003523243804342455,0.00036141145806072245,0.6534918952816126,0.00023617945870459253,1.8783059631484175e-15,1.0,1.8783059631484175e-15,1.0,1.0,1.0,0.023294428044779984,0.1287526974560378,-12.728161576063902,-1.1697037850349294,7.6874519322881785,-2.3759083563798367,-0.9141294177501212,-70.09366213284916,45.924718527107345,7.317276666956419,-3.9405480768570946,463.15,9.5,0.1
244,9.575837517415476e-05,0.15545128359947175,1.4885762336222139e-05,3.096604847121142e-08,0.6408822296164997,1.9845590186642545e-08,0.9953277764849691,1.0005222632004689,0.9958475995550317,0.0032704390523746615,1.0210684461173194,0.0033393421213295947,0.019803290328021746,0.6531343600727431,0.012934209355727224,0.0999988868762433,0.6525880479361974,0.06525807838236025,0.128526847747502,0.6482435412807486,0.0833166989334923,0.008135938374066932,0.5948263461507213,0.004839470495553672,0.00033697005318113454,1.0,0.00033697005318113454,0.0003972463848702013,0.64880311193901,0.0002577346907103083,2.024756251810622e-15,1.0,2.024756251810622e-15,1.0,1.0,1.0,0.02316948775557056,0.12862263708872462,-12.758955862056741,-1.1851919959252746,7.70233598111102,-2.3566452949525134,-0.8696957117228866,-69.49784708445193,45.65997292875462,7.321863416487143,-3.9506189283907793,468.15,9.5,0.1
245,9.136042840254749e-05,0.15103655664784335,1.3798764519792589e-05,3.004983477558713e-08,0.6355659635261786,1.909865219294851e-08,0.9953292790145096,1.0005315556603005,0.9958583519266325,0.003441888206751757,1.0210471583361027,0.003514330172814426,0.01951383716296815,0.6492193572210085,0.01266876081985761,0.09999864786218975,0.6476777638391163,0.0647669006343183,0.12840419396835384,0.6434581791910291,0.08262272885136868,0.008272990255461684,0.5900220141888212,0.004881246373891991,0.0003222444986188829,1.0,0.0003222444986188829,0.00043602788076393506,0.6441483271853972,0.0002808666300002825,2.1789115244341594e-15,1.0,2.1789115244341594e-15,1.0,1.0,1.0,0.023047085798122452,0.12849558444659112,-12.792184046892034,-1.200969811226936,7.718997280177339,-2.339279793725473,-0.8265014891832209,-68.91962689245717,45.40392846097952,7.327645645612507,-3.960782007097238,473.15,9.5,0.1
246,0.010494991874108937,0.29174712369854927,0.0030618836925109297,1.4642199352785913e-10,0.7703296234926966,1.1279319914536582e-10,0.9951090578735344,1.0004204435855022,0.9955274450937924,4.7358488004184085e-06,1.0232664690008006,4.846035279725824e-06,0.01807563360415056,0.71039421358879,0.012840825519339643,0.10000408195603852,0.7467682385349113,0.07467987212861178,0.14117630515994925,0.7519318244367037,0.10615495670615348,0.002091470567963197,0.7041169634945842,0.0014726399055525392,0.0009607315947187893,1.0,0.0009607315947187893,1.5135430001100763e-05,0.741866917011583,1.1228474792561251e-05,1.1508777165223403e-16,1.0,1.1508777165223403e-16,1.0,1.0,1.0,0.028575361327059914,0.15167129718048022,-15.548618385291629,-0.8427166150753373,9.94771708530552,-6.1438777170471415,-4.177809650939697,-116.80389234242055,67.9243369122453,9.180795797575977,-3.674949726295299,273.15,10.0,0.1
247,0.009931131339575568,0.2904237142338872,0.0028842360501840966,1.842813607696124e-10,0.768892779496737,1.4169260769158833e-10,0.9951184784758462,1.0004160642417137,0.9955325116910086,5.196125570470538e-06,1.0231738628610947,5.316539871849648e-06,0.018106646435504137,0.7110804485688548,0.01287528226943594,0.10000408887243803,0.7472253300149173,0.07472558831054864,0.1406439255211528,0.7516448072618113,0.10571427629089142,0.0026514929798600105,0.7031513086757047,0.0018644007587330098,0.0009330987966310824,1.0,0.0009330987966310824,1.943473848078729e-05,0.7415308619858046,1.4411458378126877e-05,1.4777950702161406e-16,1.0,1.4777950702161406e-16,1.0,1.0,1.0,0.028042973900650175,0.1505750570450097,-15.406513096208037,-0.8502995883081249,9.84865280693318,-6.020288162698676,-4.025850596352275,-114.63819233575418,66.96301332240819,9.092829284653478,-3.6787471137164234,278.15,10.0,0.1
248,0.009292342928432536,0.2893853916049887,0.0026890682972722977,2.3050794172953818e-10,0.7675786378831619,1.7693297193401039e-10,0.9951292136692468,1.0004113805023436,0.9955385904250627,5.78585390393299e-06,1.023068317279216,5.919323817520103e-06,0.018138010623048702,0.7119393241295426,0.012913163024027756,0.10000409693768561,0.7477462177050141,0.07477768524016001,0.14003710010706186,0.7512878783076632,0.10520817582379235,0.0032858057393810656,0.7023689082255267,0.0023078477898102485,0.0009056230831122142,1.0,0.0009056230831122142,2.4501180589391305e-05,0.7413635528424827,1.8164282290586412e-05,1.8604119304244585e-16,1.0,1.8604119304244585e-16,1.0,1.0,1.0,0.027436139405385168,0.14932944326600237,-15.269429957688684,-0.8578827538194864,9.752191227606533,-5.89678909596471,-3.879741626566128,-112.55558971523318,66.03149857025554,9.007697972063914,-3.6831115089915385,283.15,10.0,0.1
249,0.008593318167731352,0.28844322152196245,0.0024786843758636394,2.8714964234473964e-10,0.7663743654331304,2.2006412493630038e-10,0.9951410086437963,1.0004065428339513,0.9955455760896315,6.538847169517175e-06,1.022952325122011,6.688928915675075e-06,0.018169312822182298,0.7129157104512117,0.012953188559036403,0.1000041060468945,0.7482858130276775,0.07483165379940655,0.1393701407953964,0.7508674487314353,0.1046485020483802,0.003979775526910757,0.7017158885181869,0.0027926717199691165,0.0008786257447877477,1.0,0.0008786257447877477,3.031035109574258e-05,0.7413108281097892,2.2469391471083395e-05,2.295646592538007e-16,1.0,2.295646592538007e-16,1.0,1.0,1.0,0.026769169837083166,0.1479634592502774,-15.13616667837767,-0.865412317976707,9.657450750777386,-5.7727867938827195,-3.739176645183237,-110.55089889548174,65.12805182313883,8.924922015693117,-3.687912829760676,288.15,10.0,0.1
250,0.00785320941097042,0.2875716656248679,0.002258360510813651,3.5666034162317714e-10,0.7652540123748776,2.7293575748213074e-10,0.9951535288434207,1.0004016564644753,0.995553238691426,7.49577328320339e-06,1.0228291614553704,7.666895501718493e-06,0.018200174886042707,0.7139785618031841,0.012994534689703201,0.1000041160219335,0.7488244903134794,0.0748855312093744,0.13866186226013902,0.7503832695513307,0.10404954156483938,0.004714348842925142,0.7011617829927912,0.0033055212403553945,0.0008523453502932138,1.0,0.0008523453502932138,3.680404395722215e-05,0.7413444898748653,2.728447519279896e-05,2.777922001475796e-16,1.0,2.777922001475796e-16,1.0,1.0,1.0,0.026060880070296333,0.14651507202776984,-15.006009392897285,-0.8728581263303123,9.56393956341445,-5.648051048692042,-3.6038704096881475,-108.61960009206527,64.2512796402488,8.844204108768782,-3.6930315447218067,293.15,10.0,0.1
251,0.007096231518584483,0.2865551501667471,0.00203346168842598,4.4215603900299553e-10,0.7641870407919726,3.3788991501399863e-10,0.9951663496309894,1.0003969162240818,0.9955613473008182,8.710398813597153e-06,1.0227029855889422,8.908150872336187e-06,0.0182302370176498,0.7150633875699505,0.01303577503804378,0.10000412657750736,0.7493077865189305,0.07493387072855097,0.13793617301008115,0.7498382353452466,0.1034298165601559,0.005465469150715898,0.7006426352852001,0.003829340708827552,0.000826929516085466,1.0,0.000826929516085466,4.387766919523419e-05,0.7414024955227502,3.253101343906831e-05,3.298283700133186e-16,1.0,3.298283700133186e-16,1.0,1.0,1.0,0.025335178935047883,0.14503240497082173,-14.878329174508155,-0.8801922164214823,9.471224770400694,-5.522413412928105,-3.4735568319086445,-106.7575257550124,63.39986897023384,8.765285777940385,-3.698372607691352,298.15,10.0,0.1
252,0.006350516570492962,0.28490248058479983,0.0018092779239283205,5.476858365564959e-10,0.7625768516830527,4.17652540952652e-10,0.9951789569027921,1.0003934643503196,0.9955705243445216,1.024226306247266e-05,1.0225788233668671,1.0473521311037218e-05,0.018260212532398915,0.7156565517158545,0.013068040734535236,0.10000413744649736,0.749211355957754,0.0749242354176759,0.1372219776790734,0.7486865071357213,0.10273624317080139,0.006205152608284218,0.6996547053772223,0.004341464219969797,0.0008014570650670892,1.0,0.0008014570650670892,5.144249859282372e-05,0.7409587208105098,3.811676795263508e-05,3.8441477393787166e-16,1.0,3.8441477393787166e-16,1.0,1.0,1.0,0.02462097136595435,0.1435724947972522,-14.7529550069445,-0.8874116739208494,9.379184872049674,-5.396244673229875,-3.3479870868502344,-104.96132107594792,62.57308336208246,8.688189730689983,-3.704429447829072,303.15,10.0,0.1
253,0.0056295235432842865,0.28324430428398234,0.001594530479467856,6.766766626633769e-10,0.7609581930291468,5.149226504853161e-10,0.9951911365381856,1.000390311188564,0.9955795707735361,1.2166454170887806e-05,1.0224587779426215,1.2439697863460847e-05,0.018288671665249733,0.7162219575813681,0.01309874822164806,0.10000414830665871,0.7490310954368727,0.07490621675436805,0.136531380203969,0.7474756100127519,0.10205387670384468,0.006920119067773386,0.6986524677580236,0.004834758263879229,0.0007771037434915776,1.0,0.0007771037434915776,5.9394754395214836e-05,0.7404969887816392,4.3981636779081604e-05,4.411038437780027e-16,1.0,4.411038437780027e-16,1.0,1.0,1.0,0.02393036166270491,0.1421609044239299,-14.630285781873884,-0.8945477520329932,9.288258003949757,-5.269912217334816,-3.226929385985487,-103.22788263467166,61.7702269096823,8.612948570318675,-3.710533086411206,308.15,10.0,0.1
254,0.004931592681759211,0.2833623132738228,0.0013974275104275448,8.314580827663341e-10,0.7593034556458147,6.313289954691204e-10,0.9952029189912124,1.0003870498830993,0.9955881121646681,1.4542898625033896e-05,1.0223425415472425,1.4867823941781056e-05,0.018315451738289214,0.7169153458988682,0.013130628418249633,0.10000415914727184,0.7489358423581999,0.0748966991702855,0.13586261806607192,0.7461824248232969,0.10137829779138299,0.007612034235386551,0.6977871244628755,0.005311579480423345,0.0007539663483917307,1.0,0.0007539663483917307,6.778841306396192e-05,0.7401775600847671,5.017546218370165e-05,5.003128847864012e-16,1.0,5.003128847864012e-16,1.0,1.0,1.0,0.02326158731867346,0.14079421157928917,-14.511843850665436,-0.9017030938531471,9.199744264081387,-5.144784542605491,-3.110166548277711,-101.55534409087527,60.99165488475152,8.540108318956978,-3.7165853021125055,313.15,10.0,0.1
255,0.004304663239446838,0.28164967959958986,0.001212407022174335,1.0206919498005828e-09,0.7575961684841819,7.732723103715714e-10,0.9952134621173454,1.0003847923931355,0.9955964126871141,1.754402825364757e-05,1.0222383804420387,1.7934179028438058e-05,0.018340017022465634,0.7173182255162109,0.013155628466492151,0.10000416897619294,0.7485023734602797,0.07485335783460326,0.13526326610457068,0.7448613508436024,0.10075237911016816,0.00823350944277172,0.6966462362356557,0.005735843364317652,0.0007318572780352649,1.0,0.0007318572780352649,7.624520493863831e-05,0.7395764283623377,5.6389156348272563e-05,5.59144502406037e-16,1.0,5.59144502406037e-16,1.0,1.0,1.0,0.02266222429016612,0.13956793036470946,-14.39515169293649,-0.9087338808194322,9.111667540925191,-5.019293536063859,-2.9974949175555894,-99.93912035373503,60.23483676394066,8.468759021427154,-3.7226330877396867,318.15,10.0,0.1
256,0.0037389709833207025,0.2796801624074027,0.0010457160118517007,1.2476923241789149e-09,0.7558187607579382,9.430292662680994e-10,0.9952229400736714,1.0003830678337031,0.9956041779693772,2.1274794007104975e-05,1.022144580318399,2.174591539175269e-05,0.018362182385683323,0.7176068901484496,0.01317682859812885,0.10000417774825912,0.7479182837681044,0.07479495299111842,0.13472347985444175,0.7434903733870001,0.10016561034097489,0.008794333988799632,0.6954015190050333,0.006115593214448859,0.0007108316334398842,1.0,0.0007108316334398842,8.484501275059522e-05,0.7388736666424366,6.268974566735652e-05,6.182606814720543e-16,1.0,6.182606814720543e-16,1.0,1.0,1.0,0.022122428163011132,0.1384624520854548,-14.28192383565513,-0.9157552560849299,9.025474829021405,-4.894909119784561,-2.888723823032819,-98.37786519138996,59.50032907726074,8.399520805722652,-3.7286001616063533,323.15,10.0,0.1
257,0.003239781481941161,0.2770609140026792,0.0008976168185555723,1.5181082614526739e-09,0.7534268462254405,1.143783519655076e-09,0.9952312419772105,1.0003828606988647,0.9956122769060459,2.586661389116043e-05,1.0220622061859563,2.6437288460159724e-05,0.018382696908713914,0.7172933369174981,0.013185786007194377,0.10000418534359196,0.7466810745737347,0.07467123257422416,0.13424940524804416,0.741548757308524,0.0995524796310956,0.009289308835429362,0.6935793872747672,0.00644287313028318,0.0006899423473957234,1.0,0.0006899423473957234,9.365271453486285e-05,0.7375681376960512,6.90752582496587e-05,6.772360531386308e-16,1.0,6.772360531386308e-16,1.0,1.0,1.0,0.021648345004546234,0.1374891882480936,-14.172779185074033,-0.9228178287372234,8.941656165329496,-4.772510536922228,-2.7836738598120334,-96.86982669748781,58.78814650832472,8.332729411812972,-3.735055155141341,328.15,10.0,0.1
258,0.0028222189121771377,0.2715102958354662,0.0007662614917576624,1.8401982621234196e-09,0.7509634580793272,1.3819216504757734e-09,0.995238126877435,1.000383572168485,0.9956198725239204,3.1570957952920796e-05,1.021993646914242,3.226531845488172e-05,0.01839995161170712,0.7167009331539816,0.013187262490098606,0.10000419083240825,0.745134671100265,0.07451658984455468,0.13385480790554183,0.7395991533648191,0.09899890260074923,0.009703825784371282,0.6914920784974652,0.006710118661012194,0.0006700306570708602,1.0,0.0006700306570708602,0.00010240369289906817,0.7359955428466058,7.536866154474684e-05,7.349018172849051e-16,1.0,7.349018172849051e-16,1.0,1.0,1.0,0.021253741481837177,0.13667702865791723,-14.066750785637042,-0.9298698319891497,8.85951657905343,-4.65134324613017,-2.68217725681613,-95.41178960573778,58.09671409484008,8.267912486784557,-3.7414201904734568,333.15,10.0,0.1
259,0.002438121467933734,0.2686106839710273,0.0006549054751061249,2.2096972329481612e-09,0.7484320031815225,1.653808126480059e-09,0.9952444387561875,1.0003842306622714,0.9956268421860128,3.84592686968425e-05,1.0219306003859479,3.930270354976873e-05,0.018414264317382335,0.7161986845352697,0.013188271880793986,0.10000419493370995,0.7436588752900777,0.07436900712869245,0.13349191609563335,0.737583463527717,0.09846142982676864,0.010085647637342016,0.689500654861381,0.006954060650648458,0.000651106529013231,1.0,0.000651106529013231,0.00011156848102880777,0.7345268279942821,8.195004247423036e-05,7.947052852188239e-16,1.0,7.947052852188239e-16,1.0,1.0,1.0,0.020890845054012914,0.13593003977326434,-13.966800109594436,-0.9371192443461682,8.781514878365494,-4.533721760153924,-2.584076014311526,-94.00376474996332,57.42756974561814,8.206141174287156,-3.7476590320597034,338.15,10.0,0.1
260,0.002105308583957196,0.2656829016533411,0.0005593444934614345,2.633889729066584e-09,0.7458387326017937,1.9644569773399032e-09,0.9952498687943496,1.000385283747144,0.9956333223931434,4.6815651583663643e-05,1.0218761025976633,4.783979558088428e-05,0.018425014752688835,0.7156059840228726,0.013185050812733839,0.10000419681789281,0.7420716032826993,0.07421027466765233,0.1331782121513711,0.7355383951298878,0.09795768843208724,0.010417415344239372,0.6874276487475557,0.00716121933611718,0.000633045483795896,1.0,0.000633045483795896,0.00012097070252545358,0.7329787627966552,8.866895587174912e-05,8.553196764039404e-16,1.0,8.553196764039404e-16,1.0,1.0,1.0,0.020577138988229694,0.13528352336921806,-13.871790942176014,-0.9445067921229161,8.706757478029814,-4.418953038324209,-2.4892213652964665,-92.64290021075627,56.779284718433,8.14699076852209,-3.753797175632559,343.15,10.0,0.1
261,0.0018174123636012789,0.26293266664183884,0.00047785707914953143,3.1147633845941945e-09,0.743190833481208,2.3148635958933096e-09,0.9952545312633468,1.0003866699651498,0.9956393662982657,5.688513339433617e-05,1.0218290279486877,5.8126880561066e-05,0.018431854270038704,0.7149396064539252,0.013177662638037572,0.1000041961642515,0.7403920829807747,0.07404231510486817,0.13290722419419945,0.7334669093149344,0.09748305095534655,0.010705674774697223,0.6852892829032643,0.007336484189347828,0.0006157730678110492,1.0,0.0006157730678110492,0.00013067737277286406,0.7313671614352141,9.557313918870088e-05,9.171906618871047e-16,1.0,9.171906618871047e-16,1.0,1.0,1.0,0.02030615176703432,0.1347246396725641,-13.781963929603132,-0.9520638067777252,8.635474594838755,-4.307332722705949,-2.3974732506378915,-91.32746635670476,56.15145705030815,8.090537894401466,-3.759841541237657,348.15,10.0,0.1
262,0.0015648106379442563,0.26126177006633977,0.0004088251970879546,3.652072416947148e-09,0.7399645229719491,2.702404023865311e-09,0.995258574494172,1.000389233569767,0.9956459625419637,6.883008413162546e-05,1.0217878787935988,7.032974566203857e-05,0.018435626482910177,0.7137496511142791,0.013158421970250304,0.10000419322451765,0.7381564571924892,0.07381874097500309,0.13267033632211814,0.7308421300294414,0.09696107118937919,0.01095990840240962,0.6826558614227873,0.007481845711561786,0.0005984230724186642,1.0,0.0005984230724186642,0.00014099058846463842,0.7292308163815366,0.00010281468192818144,9.810140228351988e-16,1.0,9.810140228351988e-16,1.0,1.0,1.0,0.020069267204986058,0.13423515061213484,-13.698068870660501,-0.9598582523611556,8.568249721110396,-4.199757832125344,-2.3086992573123175,-90.05645830894223,55.54432269958039,8.037166570838245,-3.766405929033823,353.15,10.0,0.1
263,0.0013583960409460734,0.25754692973320076,0.0003498507297073966,4.250960233710947e-09,0.7366982035695953,3.1316747676206432e-09,0.9952618355758259,1.000392308428908,0.9956522851828927,8.309655770476322e-05,1.021754289717897,8.490426429563258e-05,0.018434408725985698,0.7124125745065522,0.01313290457998552,0.10000418668268093,0.735758810756506,0.07357896146432093,0.1324769630758994,0.728215021291248,0.09647171448691597,0.011169953900313232,0.6798874148047901,0.007594311080772643,0.0005817413859254721,1.0,0.0005817413859254721,0.00015162593598760484,0.7269565677820824,0.00011022547001229492,1.0458912179967146e-15,1.0,1.0458912179967146e-15,1.0,1.0,1.0,0.019875901324636534,0.13383536336780572,-13.618945095149313,-0.9678253016740249,8.504223346857339,-4.095237907024583,-2.2227752521186726,-88.82709773794899,54.95626194848132,7.986321916349351,-3.772904802731515,358.15,10.0,0.1
264,0.0011926500457290967,0.25123718074744594,0.00029963803510729074,4.910765365461761e-09,0.7334007431672044,3.601558968549417e-09,0.9952644157627981,1.0003958171985319,0.9956583585356437,0.00010002953181412936,1.0217272631141314,0.00010220289977103824,0.018427635892665748,0.7109497029497615,0.013101122263957075,0.10000417603420977,0.7332226675183392,0.07332532871477687,0.13232136523168211,0.7255899103543028,0.09601104753641519,0.011341609777502005,0.6770049916520187,0.007678326432738196,0.0005656679954497677,1.0,0.0005656679954497677,0.00016264834661178202,0.7245652733249244,0.00011784934371861293,1.1122187691799964e-15,1.0,1.1122187691799964e-15,1.0,1.0,1.0,0.019720315470208975,0.13351402018817657,-13.544697727964012,-0.9759867305455712,8.443509470098464,-3.9939335887636895,-2.1395837000497386,-87.63786289635316,54.38683807760011,7.938029992508596,-3.779342127836888,363.15,10.0,0.1
265,0.0010410260817552831,0.247400413862411,0.00025755028346782116,5.617942613907499e-09,0.7300862949592468,4.101582908281399e-09,0.995266777423127,1.0003993123491106,0.9956641997380116,0.00011979053792067384,1.0217022316726974,0.00012239025992682537,0.018415399807077362,0.7095237608629987,0.013066163728913269,0.10000416167560802,0.7307148222128098,0.073074523219333,0.13217725002096525,0.7229433318258947,0.09555666152174093,0.011501202556585769,0.674167826004937,0.0077537407240158476,0.0005501697187311332,1.0,0.0005501697187311332,0.000174439436126172,0.7222191791862987,0.00012598350637676463,1.1825244942558331e-15,1.0,1.1825244942558331e-15,1.0,1.0,1.0,0.01957621642675332,0.13321828172066316,-13.476441918761505,-0.9844385131276836,8.387048505313741,-3.8967244010068116,-2.0590135613220504,-86.48804858091385,53.83636228912777,7.892680766992355,-3.785721398273585,368.15,10.0,0.1
266,0.0009037989546825758,0.24576991053260244,0.00022212658823179626,6.367215661675257e-09,0.7267619480132963,4.627450057699884e-09,0.9952689188668891,1.0004028311164854,0.9956698441566796,0.00014271907017122002,1.021679202900018,0.0001458131058511639,0.01839713078628705,0.7081136034926192,0.013027258575002728,0.10000414308745181,0.7282151681354891,0.07282453387267422,0.1320446614757677,0.7202847645885208,0.09510975790624426,0.01164874567377223,0.671355289641191,0.007820447025771927,0.0005351883384161926,1.0,0.0005351883384161926,0.00018705038610714763,0.7198964593987743,0.0001346569106877093,1.257012710334307e-15,1.0,1.257012710334307e-15,1.0,1.0,1.0,0.019443648811140846,0.132948466797666,-13.413923768251196,-0.9931796832766102,8.334658259724144,-3.803490092623124,-1.9809598416397727,-85.37604031453803,53.30417308106342,7.850168292982195,-3.792050727246886,373.15,10.0,0.1
267,0.000794363674820109,0.24161880180605536,0.00019193319930828982,7.161481463575384e-09,0.72286743070301,5.176801705601974e-09,0.9952705874586251,1.0004077366459045,0.995676395749723,0.0001691196143444591,1.0216606141309095,0.00017278284905274265,0.0183731637728936,0.7060806700340767,0.012972935787410537,0.10000411994312491,0.725070839598753,0.07251007121049599,0.1319376336670182,0.7170817448886609,0.09461006856642631,0.011771025372811576,0.6679600051594203,0.007862574168754884,0.0005199030687716286,1.0,0.0005199030687716286,0.00020060439002932538,0.716950102037093,0.00014382333790061375,1.3343198584246487e-15,1.0,1.3343198584246487e-15,1.0,1.0,1.0,0.01933664706205817,0.13273200450331973,-13.356708838002536,-1.0021947208635382,8.285938470098728,-3.714247039327223,-1.905322730197316,-84.30044418285759,52.78977168935083,7.810458910758138,-3.798999528960356,378.15,10.0,0.1
268,0.000707282778809489,0.23503208481412968,0.00016623414605672514,7.99097647696887e-09,0.7189705777085013,5.745276974101347e-09,0.9952719069515195,1.000412892093494,0.9956828468527764,0.00019949820766145917,1.0216452821123854,0.00020381640264720657,0.018341619954030424,0.703980077277487,0.012912135032632636,0.10000409111110696,0.7218542970431479,0.07218838289044704,0.13184935508166215,0.7138898258964941,0.09412591314381281,0.011874107028877829,0.6645106251980208,0.00789047028542782,0.0005050584157696203,1.0,0.0005050584157696203,0.00021497942100440497,0.7139442175892247,0.00015348331452677452,1.4152308403963225e-15,1.0,1.4152308403963225e-15,1.0,1.0,1.0,0.019248400940501374,0.13255664585144813,-13.304444254054768,-1.0114725826742277,8.240689029565024,-3.6285278221116886,-1.83200861462292,-83.25946038634005,52.292197124580454,7.773279233348429,-3.805919625167406,383.15,10.0,0.1
269,0.000625637598436724,0.23103327081588845,0.00014454310071223376,8.835297902695929e-09,0.7150820445416833,6.317962888394646e-09,0.995273168570568,1.0004180111094685,0.9956892038119864,0.00023397309272277448,1.0216303118447168,0.00023903400368164099,0.018302631323955234,0.7019137707531169,0.012846868967301535,0.10000405700517255,0.7186701184946208,0.07186992749785018,0.131763157754239,0.71069446442492,0.0936433468310851,0.011974679671343552,0.6611067097480952,0.007916541077809336,0.0004906339122547547,1.0,0.0004906339122547547,0.0002305233921920067,0.7109802915123474,0.000163897588581088,1.501846909746355e-15,1.0,1.501846909746355e-15,1.0,1.0,1.0,0.019162242015114735,0.13238880418797355,-13.257727901001466,-1.0210740499706086,8.199422929461695,-3.5468046871134113,-1.7609283742131623,-82.2523011607328,51.81145069128399,7.738828859671967,-3.812815113139256,388.15,10.0,0.1
270,0.000550876253798515,0.22898412319510392,0.00012614191596505643,9.684211677935995e-09,0.7112046383470777,6.887456264083008e-09,0.9952743491136601,1.000423134429148,0.9956954839572181,0.00027286847510819986,1.0216159172812367,0.00027876677749479577,0.018255658059655802,0.6998631060510624,0.01277646155263682,0.10000401716514634,0.7155005233112574,0.07155292661489018,0.13168027366927215,0.7075018770699228,0.09316404079409117,0.01207155053778436,0.6577301507268264,0.007939822754723411,0.00047658967245091974,1.0,0.00047658967245091974,0.0002473050833002949,0.7080394095898966,0.00017510174516852106,1.5943680853900531e-15,1.0,1.5943680853900531e-15,1.0,1.0,1.0,0.019079402788562516,0.13223115960728232,-13.21629176608591,-1.0309947285612084,8.161941145937286,-3.4689253283391226,-1.6919975002607233,-81.27762146021053,51.34692931933641,7.70699748000619,-3.819692050245615,393.15,10.0,0.1
271,0.0004904636223780479,0.22507633977599525,0.00011039175691812694,1.053267689673982e-08,0.7073338916460407,7.450119338821326e-09,0.9952753243209507,1.0004284303125426,0.9957017304392154,0.0003166369385634383,1.0216033163889584,0.00032347734652765555,0.018199796815771867,0.6977692495359616,0.01269925856584812,0.10000397068769536,0.7122869660060698,0.07123152486969847,0.13160771592551054,0.7043207258514165,0.09269404200830259,0.012157756037885853,0.6543239256085867,0.007955110657300965,0.0004628748851132664,1.0,0.0004628748851132664,0.0002652756720782993,0.7050626559585449,0.0001870359699167136,1.6922056730648086e-15,1.0,1.6922056730648086e-15,1.0,1.0,1.0,0.019006897376713353,0.13209819008056548,-13.179617940812202,-1.0412094185300842,8.127836770503187,-3.3945613458946085,-1.6251357963327342,-80.33396271313012,50.897872539980874,7.677588790616841,-3.826561148917388,398.15,10.0,0.1
272,0.00044405304974797806,0.2181386639569935,9.686513899805235e-05,1.1371982510966686e-08,0.7028759217536652,7.993092689562258e-09,0.9952760659430367,1.0004350757421754,0.9957090864160965,0.00036509590984983015,1.0215926955254222,0.00037297931466879456,0.018136648925687622,0.6950483204101224,0.012605847373667238,0.10000391881659518,0.7084355950383644,0.07084633573300289,0.13154655802911822,0.7005604037341346,0.09215630980271483,0.012232952601209754,0.6503413880581234,0.007955595374719984,0.0004487614083217899,1.0,0.0004487614083217899,0.0002849429581122515,0.701460886721665,0.00019987634006251402,1.7953114909029275e-15,1.0,1.7953114909029275e-15,1.0,1.0,1.0,0.01894579788528543,0.13199062245084872,-13.147985202476919,-1.0517545944386248,8.097285150831947,-3.3242339816155346,-1.5602666383437538,-79.4207742134038,50.464387734287854,7.6508335324393535,-3.834152887820533,403.15,10.0,0.1
273,0.00039928823212522814,0.21367971548314008,8.531979583628475e-05,1.2177169571101211e-08,0.6984429195384385,8.505057866954554e-09,0.9952768137300063,1.0004416801974378,0.9957164077895999,0.0004185586269754757,1.0215817231807411,0.00042759184339777144,0.018064833417480386,0.6923598023098809,0.012507364493687652,0.10000386097066967,0.7046206110243828,0.07046478162195068,0.13148337528801432,0.6968102296475467,0.09161896092927582,0.012309819022334577,0.6464051761441219,0.007957130733434447,0.000434994301391268,1.0,0.000434994301391268,0.0003062975904488583,0.6978998333717668,0.0002137650373364319,1.905903483913108e-15,1.0,1.905903483913108e-15,1.0,1.0,1.0,0.01888268027658109,0.13188267569730913,-13.12132338660508,-1.0626395778618245,8.070322727176213,-3.257620060733188,-1.4973182005352756,-78.53671504063321,50.04575175608609,7.626540706160067,-3.841744813103285,408.15,10.0,0.1
274,0.00036009713882809033,0.20938703834444752,7.539967341552319e-05,1.294003298299819e-08,0.6940335144272627,8.980816567994927e-09,0.9952775001151619,1.0004483249711367,0.995723707871674,0.0004772831381584391,1.0215710493260128,0.00048757863627412905,0.01798390724776545,0.6896736955778265,0.012403027772495256,0.10000379676460776,0.7008125006521273,0.07008391088531189,0.13142191024250444,0.6930759787419201,0.09108536906945652,0.012384641146696919,0.64248618015562,0.00795696078293942,0.0004215446228739234,1.0,0.0004215446228739234,0.00032938374581110974,0.6943494856411773,0.0002287074344825083,2.0238523659773583e-15,1.0,2.0238523659773583e-15,1.0,1.0,1.0,0.01882128752475198,0.1317820203213655,-13.099288030438128,-1.073850925559824,8.046684173928279,-3.1944997812014853,-1.4362217198431342,-77.68059811810076,49.6413604116089,7.6045727064631015,-3.849343441604161,413.15,10.0,0.1
275,0.0003293590852806564,0.20290524110939137,6.682868461044019e-05,1.3652778572438526e-08,0.6896463388282039,9.415588757314373e-09,0.9952780753343762,1.0004550724800307,0.9957309989964388,0.0005414962795252805,1.021561148575079,0.0005531715612609775,0.017893497569052667,0.6869676646389621,0.012292254237235054,0.10000372589071144,0.6969894716602419,0.06970154407262262,0.1313648958501922,0.689361768666931,0.09055793694403566,0.012454710403937029,0.6385628160602859,0.007953114948753372,0.00040838754175560025,1.0,0.00040838754175560025,0.00035425746870833887,0.6907875390034431,0.0002447166449826227,2.149083376055728e-15,1.0,2.149083376055728e-15,1.0,1.0,1.0,0.018764352933858603,0.13169426858825148,-13.081594570067102,-1.0853787971194864,8.02615251833894,-3.1346947783431967,-1.3769117847068157,-76.85132480629001,49.25066423679643,7.5848135978663915,-3.8569555016987813,418.15,10.0,0.1
276,0.0002990891155831443,0.19875179999474368,5.94445000809859e-05,1.4296815968138323e-08,0.6852868981015355,9.797420667534011e-09,0.9952786666867203,1.000461781220625,0.9957382676842849,0.0006110013002019618,1.021550724798513,0.000624168821074148,0.017794321764161528,0.684290132401742,0.012176478795997292,0.10000364929551103,0.6932012360299814,0.06932265329915704,0.13130486885288195,0.6856606408623154,0.0900305805260093,0.01252748646737976,0.6346819716149242,0.007950969810495869,0.00039552800801804394,1.0,0.00039552800801804394,0.0003812473914793048,0.6872621168278843,0.00026201688930317603,2.283149559281145e-15,1.0,2.283149559281145e-15,1.0,1.0,1.0,0.01870441217994663,0.13160397226528112,-13.068413345408782,-1.0972504175015176,8.00888824443998,-3.0783324549518523,-1.3193261447803952,-76.04814599422204,48.873431554466315,7.567301025530977,-3.8645842679438056,423.15,10.0,0.1
277,0.0002711909107380596,0.19559368429197965,5.3043229377754495e-05,1.4870362808589647e-08,0.6802896000718859,1.0116153167979283e-08,0.9952791843048706,1.0004698493632518,0.9957468155958741,0.000684882383858735,1.0215405191000702,0.0006996351059295455,0.017689656157209268,0.6809666362907834,0.012046065650515343,0.10000357000582434,0.6887664633842961,0.06887910523871552,0.13124609684744995,0.6813110012602106,0.08941940965463069,0.012599385963497634,0.6302180216708376,0.007940360096182798,0.00038228616366831454,1.0,0.00038228616366831454,0.0004111177698053488,0.6830968892956975,0.0002808332696882184,2.425388625288947e-15,1.0,2.425388625288947e-15,1.0,1.0,1.0,0.01864572945180606,0.1315173026285508,-13.059931110904722,-1.1094950821300469,7.994984603654974,-3.0258702897776906,-1.2634049390096027,-75.27068337541631,48.50977271367407,7.552238714844129,-3.8730718763203433,428.15,10.0,0.1
278,0.00025138140186721877,0.18878408924685516,4.745680900510061e-05,1.536906571954267e-08,0.6753241874671213,1.0379101819178958e-08,0.9952795779790732,1.0004780363254322,0.995755357771308,0.0007641516664405519,1.0215311239669946,0.0007806047107002688,0.017576186568190922,0.677622365659755,0.011910017121614748,0.10000348512756603,0.6843199835264487,0.06843438329508346,0.13119199146232355,0.676991390502735,0.08881584872290137,0.012666297989494209,0.6257512416162471,0.007925951693607375,0.0003693571091498352,1.0,0.0003693571091498352,0.0004432743424036478,0.678920723680951,0.0003009481373338824,2.575718123910037e-15,1.0,2.575718123910037e-15,1.0,1.0,1.0,0.018591719636498694,0.1314433882332565,-13.05530019675672,-1.1220539226801223,7.983840227590825,-2.9764060967889594,-1.2090922232267034,-74.51723685608724,48.158445704672445,7.539149659542082,-3.88159066014504,433.15,10.0,0.1
279,0.00023127183743883997,0.18419954740681238,4.260016778417617e-05,1.5777909869553576e-08,0.670396721169473,1.0577459043456195e-08,0.9952799758409386,1.0004861858473637,0.995763866879357,0.0008483664399899109,1.02152122460103,0.0008666243246889097,0.01745517182469679,0.6743095359088882,0.011770188812321192,0.10000339615907029,0.6799150835022245,0.06799381745000033,0.13113498175267338,0.6726945714398552,0.08821379035088786,0.01273577980203696,0.6213318847410393,0.007913146068046486,0.00035675669356131435,1.0,0.00035675669356131435,0.0004781060699015502,0.6747854621859457,0.00032261902535242357,2.7357826152405876e-15,1.0,2.7357826152405876e-15,1.0,1.0,1.0,0.01853481010212554,0.13136626936802212,-13.054692416224723,-1.1349533390786708,7.9756186476072,-2.9300528758243285,-1.1563341311421316,-73.78715671231487,47.81923310419865,7.528064979304004,-3.8901431259807646,438.15,10.0,0.1
280,0.00021333004800618428,0.17979486153490248,3.8355646442506026e-05,1.609627373633164e-08,0.6655053092015618,1.0712155629890367e-08,0.995280329853288,1.0004943480000512,0.9957723446938412,0.0009374947802089522,1.0215112728324511,0.000957661486205026,0.017326777558618358,0.6710106327628105,0.011626451973348965,0.1000033033195401,0.675534513559559,0.06755568286231456,0.13107766950346098,0.6684233544054727,0.08761537553715532,0.012805241926235807,0.6169428703289379,0.007900102709228377,0.00034447292297170326,1.0,0.00034447292297170326,0.0005157026993280798,0.6706736405078935,0.00034586820677811074,2.9053764979856477e-15,1.0,2.9053764979856477e-15,1.0,1.0,1.0,0.018477602386833495,0.13129101564774093,-13.057847408207811,-1.148182411794766,7.9701231263702415,-2.8866345938836746,-1.105079258733753,-73.079536812033,47.49163549023856,7.5188710205796045,-3.898736809124578,443.15,10.0,0.1
281,0.00019956195011680252,0.17352405399253873,3.462879860692433e-05,1.6324923719952764e-08,0.6606480782899976,1.0785029483817594e-08,0.9952805998751224,1.0005025653112785,0.9957807933796081,0.0010314777056548202,1.021501644177497,0.0010536561722588307,0.01719121896998556,0.6677113387467057,0.011478771833136822,0.10000320687119184,0.6711642180596882,0.0671185741431647,0.13102221714506698,0.6641798197579127,0.08702231256769269,0.012872532932989086,0.6125702563281592,0.007885330798353796,0.00033249517427725764,1.0,0.00033249517427725764,0.0005561507955905542,0.6665710007274502,0.0003707139923721635,3.0842362081314773e-15,1.0,3.0842362081314773e-15,1.0,1.0,1.0,0.01842225862575718,0.13122179542010745,-13.064531447666607,-1.161731556619838,7.967178663297478,-2.8459941041248866,-1.0552785353301495,-72.39352008546516,47.175177983994175,7.511463034473338,-3.9073800513009647,448.15,10.0,0.1
282,0.0001844399028578024,0.17000308228196834,3.135535198161322e-05,1.6466516478931218e-08,0.655055491430529,1.0786482044255178e-08,0.9952807828451702,1.0005123770891766,0.9957907419155979,0.001128114131348537,1.0214921196748061,0.0011523596952663201,0.01705495696071941,0.6636675762029081,0.011318821948365563,0.10000311334391203,0.6660581291149719,0.06660788657951854,0.13096736420593416,0.6591831411166186,0.08633147852103187,0.012939556795441164,0.6075330360085135,0.007861208224538964,0.0003201893634642281,1.0,0.0003201893634642281,0.0006008737666624253,0.6617355853649532,0.0003976195537128045,3.2717770138531144e-15,1.0,3.2717770138531144e-15,1.0,1.0,1.0,0.01836751099492575,0.13115182057530841,-13.0752284056163,-1.175654784233228,7.967120175139816,-2.808803644268865,-1.0068844256406024,-71.72910666168067,46.87022064600056,7.506150801089217,-3.9170860723241936,453.15,10.0,0.1
283,0.0001724254674246571,0.16509670732494602,2.8466876930775603e-05,1.6520214591406474e-08,0.6495088793910112,1.0730026066563468e-08,0.9952808729122159,1.0005222327560885,0.995800641185559,0.0012289243750198576,1.021482923469807,0.00125532526331859,0.0169133052041103,0.6596354799444049,0.011156616195759498,0.10000301827496418,0.6609774410606488,0.06609973911772714,0.13091440121339992,0.6542242478109316,0.08564737566145508,0.013004328485548108,0.6025259598731373,0.007835445503260458,0.0003082435549636835,1.0,0.0003082435549636835,0.0006489148341426161,0.6569230756603229,0.00042628712868657585,3.4683651036639363e-15,1.0,3.4683651036639363e-15,1.0,1.0,1.0,0.018314655046554818,0.1310868432010392,-13.089143179216178,-1.1898917581366746,7.9693992229966835,-2.7741564233181375,-0.9598528143041067,-71.08474315488192,46.57554450130958,7.502452094956987,-3.926857475547558,458.15,10.0,0.1
284,0.00016339904538994758,0.15858093520618022,2.5911973429734988e-05,1.6489045511897553e-08,0.6440078532332547,1.0619074801982571e-08,0.9952808629050457,1.000532131232085,0.995810482936894,0.0013336770918911918,1.0214741006535517,0.0013623166080017994,0.01676687364357654,0.6556151316957035,0.010992616071958656,0.10000292233552803,0.6559224292280921,0.06559415974822777,0.13086358792340144,0.6493031686455519,0.08497014229899034,0.013066595142888836,0.5975488218333896,0.007807928533007119,0.0002966518212525496,1.0,0.0002966518212525496,0.0007004151996736975,0.6521334699276081,0.0004567641945532467,3.67376379345702e-15,1.0,3.67376379345702e-15,1.0,1.0,1.0,0.01826394978085768,0.13102700345783694,-13.106127377442387,-1.204438418614502,7.973913319968025,-2.7419489270179453,-0.9141408753473312,-70.45970270348728,46.290736182551036,7.500285494678262,-3.9367038378115753,463.15,10.0,0.1
285,0.00015353787979956223,0.15406344911025963,2.365457533099702e-05,1.6373200510433348e-08,0.6385546967341269,1.0455184086506829e-08,0.9952808020258483,1.000542000657668,0.9958202448751107,0.001441878642149083,1.0214651222418294,0.0014728287434606967,0.016616930948199462,0.6516296117928895,0.010828084262964464,0.10000282693235117,0.6509164873357906,0.065093488830455,0.13081187819219897,0.6444163969685648,0.08429731922530764,0.013129398869389273,0.5926233901110766,0.007780788868098009,0.00028542023299298974,1.0,0.00028542023299298974,0.000755662055860454,0.6473895237580564,0.000489207698465533,3.888435172290215e-15,1.0,3.888435172290215e-15,1.0,1.0,1.0,0.018212347470148108,0.13096543244519904,-13.1261593981867,-1.2193018946193306,7.98066831606962,-2.7121539595839463,-0.8697076414094327,-69.85335574908335,46.015457734012955,7.499605819116313,-3.946633951362473,468.15,10.0,0.1
286,0.00014630083768308087,0.14797513775287152,2.1648886609514382e-05,1.618220159961026e-08,0.6331458667499497,1.024569405770766e-08,0.995280628269362,1.0005519119017021,0.9958299354936375,0.0015534873726377365,1.0214565954588544,0.001586819922742863,0.01646355672053033,0.6476561581979213,0.010662723895892246,0.10000273210016573,0.6459367663313273,0.06459544139707907,0.13076276887532454,0.6395667567519988,0.08363151999350253,0.013189261533482577,0.5877275741759949,0.007751692686246478,0.0002745301163112213,1.0,0.0002745301163112213,0.0008146330279813276,0.6426685875204079,0.0005235390574402325,4.11110903165887e-15,1.0,4.11110903165887e-15,1.0,1.0,1.0,0.018163344930851148,0.1309090858952092,-13.148967916083864,-1.2344657845854676,7.9894586165480135,-2.6845947107281325,-0.8265138817851405,-69.26494180945986,45.74921859277834,7.500290711511917,-3.9566627962072602,473.15,10.0,0.1
287,0.01784301926407507,0.2824668782455332,0.005040061949998194,4.6943794361008794e-11,0.7596319120380354,3.566000426877345e-11,0.9949691107666704,1.0004723194664955,0.9954390540462472,7.782218927556236e-07,1.0246270735026106,7.973872205098578e-07,0.009569865243346767,0.6982851139166977,0.006682494441617843,0.10000414935313658,0.7351819725593896,0.07352124778556275,0.14899268913108651,0.749360484963744,0.11164923378332334,0.003684048671044972,0.6920442431964895,0.0025495246744523512,0.0005258516053691429,1.0,0.0005258516053691429,4.8587382351862574e-05,0.7309038139809507,3.551270307232707e-05,3.828314538201202e-16,1.0,3.828314538201202e-16,1.0,1.0,1.0,0.027413662729314593,0.16683570844210538,-16.24462995291743,-0.8804396138517261,10.44781860917231,-6.927595017297227,-4.177848212858484,-117.58760964267063,68.70797708865781,9.57261588578223,-3.6598249533226497,273.15,10.5,0.1
288,0.016856794751611354,0.2817351800642897,0.0047491521046519975,5.915111997901383e-11,0.7586872951926329,4.487720322449298e-11,0.9949859394887571,1.0004653177697447,0.9954489241270473,8.572605741691754e-07,1.0244603427246863,8.782294616177145e-07,0.009598708207461767,0.6995324079016151,0.006714607465110723,0.10000417380153916,0.7361524442388958,0.07361831697809441,0.1480354163443156,0.7491595599294658,0.11090214736248273,0.0046567080868743106,0.6915950089317608,0.003220556070934441,0.0005105024303423047,1.0,0.0005105024303423047,6.223680436878736e-05,0.7310474889907284,4.549805955660917e-05,4.894467749624845e-16,1.0,4.894467749624845e-16,1.0,1.0,1.0,0.02645636021964729,0.16489221115507813,-16.101321539830817,-0.8886467035752952,10.347974216413593,-6.802309235216514,-4.025887062405802,-115.42021340827202,67.74496146281898,9.483803354858871,-3.6644242576675308,278.15,10.5,0.1
289,0.015745940747689025,0.28132773488523477,0.0044297698441844715,7.408428147100984e-11,0.7579387656632746,5.6151348853187886e-11,0.9950049096792446,1.0004576919288986,0.9954603153956192,9.588992509737352e-07,1.024272326297575,9.82173966479869e-07,0.009629756069849236,0.7010485549100393,0.0067509265769039855,0.10000420245537539,0.7372751849340866,0.07373061685947271,0.1469557466770671,0.7488905213966298,0.11005376575121983,0.0057516636270959305,0.6914303357212047,0.003976874712638383,0.0004952604539667141,1.0,0.0004952604539667141,7.824310345279134e-05,0.731453303284082,5.7231176479742374e-05,6.131672688464967e-16,1.0,6.131672688464967e-16,1.0,1.0,1.0,0.025376655716789237,0.1627016874988404,-15.962882382627399,-0.8968430082361663,10.250639806767431,-6.676872776072702,-3.879775774664628,-113.33567339534117,66.81151395416653,9.39770566401941,-3.6696802419279466,283.15,10.5,0.1
290,0.014537035294703462,0.2810725206652616,0.004085961153282178,9.240472602171538e-11,0.7573635022901042,6.998396692796384e-11,0.9950255542190546,1.0004497055678547,0.9954730227509446,1.0890083698159964e-06,1.0240676142249276,1.115218203148445e-06,0.009662723276303301,0.7027477371241095,0.006790456916878605,0.10000423513254159,0.738475755319902,0.07385070307469273,0.14577997826658642,0.7485578012309206,0.10912473999472733,0.0069424382894896774,0.6914663792279914,0.004800462667047197,0.00048030426224110435,1.0,0.00048030426224110435,9.651107124965132e-05,0.7320373095062616,7.064970493516182e-05,7.526867619344077e-16,1.0,7.526867619344077e-16,1.0,1.0,1.0,0.02420084757937658,0.1603170136536946,-15.828200728929982,-0.9049794557159353,10.15500144387517,-6.550783525238514,-3.7392082968359817,-111.32889562683752,65.90598525118914,9.31388872971827,-3.6754533330958017,288.15,10.5,0.1
291,0.013263978884282315,0.28092553999013936,0.0037261904304848174,1.1491018538203327e-10,0.7569190092557985,8.697770367276863e-11,0.9950472786485335,1.0004415577882018,0.9954866495240497,1.254810552850451e-06,1.023852054841761,1.2847403629730594e-06,0.009697245581981172,0.7045821124464487,0.006832505777064288,0.10000427145250503,0.7397203613745293,0.07397519581784354,0.14454165411965178,0.7481570303494123,0.10813985470795055,0.008195342720465078,0.6916561080959751,0.005668358850549557,0.0004657796190159111,1.0,0.0004657796190159111,0.00011683671104607077,0.7327565878551398,8.561286972233577e-05,9.059184564504715e-16,1.0,9.059184564504715e-16,1.0,1.0,1.0,0.022962479276816335,0.15780563311884427,-15.696598412358643,-0.9130277824866414,10.060592062472129,-6.423855224688303,-3.60389945913927,-109.39540426806153,65.02702571734282,9.232077147315792,-3.6815977254738272,293.15,10.5,0.1
292,0.011965307146642483,0.2808352826575641,0.003360280414611914,1.4256390040293805e-10,0.756553437553167,1.0785720892083009e-10,0.9950694084597205,1.0004334769399525,0.9955007481019399,1.4654042373030553e-06,1.023632288920165,1.5000350936238361e-06,0.009732901083978908,0.7064932549169233,0.006876228966604708,0.1000043108572312,0.7409641780766508,0.07409961199845021,0.14327889638358865,0.7476833704149476,0.1071272481574156,0.00947215091423128,0.6919410860454059,0.006554170390779175,0.00045178952786871545,1.0,0.00045178952786871545,0.00013891937742619407,0.7335578710252698,0.00010190540274891479,1.0701430100835008e-15,1.0,1.0701430100835008e-15,1.0,1.0,1.0,0.021699673634858693,0.155244203672795,-15.567663546648086,-0.9209727867229466,9.967150822374998,-6.296099558306745,-3.473583267947732,-107.53121190039104,64.17350224353429,9.152102414590619,-3.6879806459011792,298.15,10.5,0.1
293,0.01069488209607076,0.2799071647409757,0.0029935741247501912,1.767867937568927e-10,0.7556355440464335,1.3358638508071406e-10,0.9950909871511465,1.000426975507754,0.9955158666306468,1.7323773726043538e-06,1.023417713058531,1.7729456888250947e-06,0.009769810875916825,0.7078742626377951,0.00691579766990033,0.10000435265763187,0.7415898679102232,0.07416221467782058,0.14204569891650148,0.7465826421865426,0.10604885320831578,0.010719383196043254,0.6917249754832573,0.007414865078478662,0.0004378187497828355,1.0,0.0004378187497828355,0.00016238817155482825,0.7338220623818816,0.00011916402295678689,1.2405419469863023e-15,1.0,1.2405419469863023e-15,1.0,1.0,1.0,0.02046642534936019,0.15274058118935907,-15.440845339413443,-0.9287892766535146,9.874237802231903,-6.167641962142282,-3.348010930660972,-105.73271836486033,63.344432963373386,9.073864531335449,-3.695086781129209,303.15,10.5,0.1
294,0.009471128947545109,0.27894865363694354,0.0026419586683395896,2.1865502263927548e-10,0.7546973125006265,1.6501835795062462e-10,0.9951117085783382,1.0004209161489643,0.9955305671665022,2.068900393493998e-06,1.0232113593515593,2.116922383989968e-06,0.009806987134277688,0.7092145695533648,0.006955258159052137,0.10000439630351417,0.7421222642751913,0.07421548902223753,0.14085951161139443,0.7454111629575791,0.10499825236388614,0.011918919624581996,0.6914863818618672,0.00824177060690461,0.00042453649019839657,1.0,0.00042453649019839657,0.00018695087258539998,0.73406116433529,0.00013723337520353716,1.4160603528318254e-15,1.0,1.4160603528318254e-15,1.0,1.0,1.0,0.01928018498221629,0.15033064077759456,-15.31676105231777,-0.9365212937093038,9.782467738736623,-6.039017114901294,-3.2269507630009815,-103.99698753223814,62.539289053217786,8.997479642086422,-3.7022038322067403,308.15,10.5,0.1
295,0.008359179720871697,0.2755539319824231,0.0023034048402339295,2.7049727533776174e-10,0.7537161724385022,2.038781710226211e-10,0.9951304408299239,1.000416467540137,0.9955448803567317,2.498338283220074e-06,1.0230244094923402,2.555861046903324e-06,0.009843599530518742,0.7100477454794951,0.00698942565404785,0.10000444016749747,0.7420920250680492,0.07421249751969475,0.13978465754604277,0.744239409046414,0.10403325092582222,0.013006531128676163,0.6907650572372459,0.00898445721955801,0.0004118462494257141,1.0,0.0004118462494257141,0.00021172754810426297,0.7338041478314169,0.0001553665530090839,1.5897726127693237e-15,1.0,1.5897726127693237e-15,1.0,1.0,1.0,0.018205277589673656,0.14814383753741175,-15.193896971047225,-0.9440829192667352,9.690629271092481,-5.9094947127558655,-3.1101854072245527,-102.32005426102566,61.756327337008216,8.922444545085323,-3.709343757617841,313.15,10.5,0.1
296,0.007298852855682417,0.2743739284729799,0.002002614931359813,3.3225324554571493e-10,0.7526103847150001,2.5005724295296776e-10,0.9951482304132797,1.0004116241789447,0.9955578574865518,3.0286620768355145e-06,1.0228464986745018,3.0978564009594514e-06,0.009880273610342804,0.7112112423741468,0.007026961669408405,0.10000448580910679,0.7423704239909494,0.07424037253110348,0.1387615905727928,0.7429203648684181,0.10308881149806126,0.014041533971788995,0.6903796100298231,0.009693988747664195,0.0003999803007886694,1.0,0.0003999803007886694,0.00023759180244261043,0.7339058472049955,0.00017437001306060598,1.7691167080532422e-15,1.0,1.7691167080532422e-15,1.0,1.0,1.0,0.017182155128102054,0.14606044376072844,-15.076091359013162,-0.9517200860750097,9.601960561516432,-5.781913753714856,-2.997511736253273,-100.70174057138603,60.99742334419629,8.850052311554968,-3.7162480097472517,318.15,10.5,0.1
297,0.006339133495335961,0.27308836461436964,0.0017311435993134705,4.0634857943963314e-10,0.751387504498738,3.053252450617535e-10,0.9951642265832789,1.0004075400417298,0.9955697958537086,3.6901565118254422e-06,1.022686035754484,3.7738715343923553e-06,0.00991638936927204,0.7122200634627638,0.007062651465904409,0.10000453188722416,0.7424637571750452,0.07424974047952007,0.13783870448481247,0.7415356264896882,0.10221231008467241,0.01497568712742615,0.6898516847380793,0.010331002994965298,0.00038878382307162314,1.0,0.00038878382307162314,0.00026382951656675696,0.7338724527167282,0.00019361721442191462,1.948514533178413e-15,1.0,1.948514533178413e-15,1.0,1.0,1.0,0.016259213021119826,0.144177838386497,-14.96182643889581,-0.9593505300625914,9.51523728565304,-5.655499700655872,-2.8887388211829648,-99.13845577226127,60.26088966183174,8.779801098008162,-3.7229929529785415,323.15,10.5,0.1
298,0.005497345096278115,0.2707204574582884,0.00148824377927049,4.950083458052562e-10,0.749485506350045,3.7100158070335087e-10,0.9951781101768915,1.0004054446978783,0.9955815998651072,4.510184772319487e-06,1.0225461156440518,4.611871919772242e-06,0.009952447153588985,0.7125103273228697,0.007091221379067249,0.10000457840205465,0.741792337325879,0.07418262995614926,0.1370338504482635,0.7395660699268573,0.10134558622296692,0.01579166702763227,0.6886324021595046,0.010874653599341453,0.00037772921838231835,1.0,0.00037772921838231835,0.00029046816743966326,0.7331260728507779,0.00021294978688320243,2.125433493589224e-15,1.0,2.125433493589224e-15,1.0,1.0,1.0,0.01545430243463942,0.14253119603954995,-14.85132548678906,-0.9669993274164511,9.430624240009534,-5.530850209226201,-2.783687241602482,-97.62816636979178,59.5464594170478,8.711885866174512,-3.7301534918694297,328.15,10.5,0.1
299,0.004755152484298007,0.2682579982805694,0.0012756076869566604,5.994347846822708e-10,0.7474615442057763,4.4805444980926786e-10,0.9951902194842754,1.0004040505133913,0.9955923266033802,5.522707567824884e-06,1.0224234424348186,5.646545683056343e-06,0.009987834376000178,0.7126410240760124,0.00711774051801437,0.1000046251921959,0.7409402744678173,0.07409745443795682,0.13632811446612766,0.7375478783693847,0.10054851158659109,0.016507898401346224,0.6872643322010574,0.011345289770844117,0.0003673055075376301,1.0,0.0003673055075376301,0.00031745212742417947,0.7322395312570139,0.00023245099698162303,2.3020523594794914e-15,1.0,2.3020523594794914e-15,1.0,1.0,1.0,0.014748509567866011,0.14108326754986047,-14.7451356813028,-0.9747138516614672,9.348669205165288,-5.408296355821383,-2.6821892726538117,-96.168742715429,58.853643172855925,8.646377025792482,-3.7371246081894087,333.15,10.5,0.1
300,0.004104710690743412,0.26589876941347257,0.0010914375214669985,7.210758137007071e-10,0.7453197147203331,5.37432019759144e-10,0.9952006914611486,1.0004032732123738,0.9956020292409509,6.766201146334735e-06,1.0223166608135206,6.917200162313541e-06,0.010022594743022443,0.7126337686562092,0.007142439463433997,0.10000467233179575,0.7399321516194418,0.0739966723704629,0.13571373384266236,0.7354840200968112,0.09981528254894996,0.017132185077981473,0.6857674680259602,0.011748695182679493,0.0003574716704587307,1.0,0.0003574716704587307,0.00034486102945159927,0.7312330660081788,0.0002521737879126298,2.4790641408034573e-15,1.0,2.4790641408034573e-15,1.0,1.0,1.0,0.01413407163491219,0.13981844525448153,-14.643579302033821,-0.9825285578919624,9.269676462222824,-5.288213843497949,-2.5840868379042066,-94.75825683330736,58.182040181776806,8.583376392366487,-3.7439079232422463,338.15,10.5,0.1
301,0.0035220326764050926,0.2652519022908424,0.0009342258673469579,8.603730125925648e-10,0.7430756516059532,6.39322236956397e-10,0.9952099400348144,1.0004027112789153,0.9956107223025552,8.279063126319056e-06,1.0222216639115247,8.463037684614417e-06,0.010057071938603845,0.7126233732792576,0.007166904530200037,0.10000472047110263,0.7389072328986681,0.07389421128010723,0.13516710441075735,0.7333643810730055,0.09912673986762541,0.017688153309197697,0.6842728350629816,0.012103522811913363,0.00034820661875183443,1.0,0.00034820661875183443,0.0003730941994160339,0.7302405565339724,0.0002724485158211615,2.6594609062997957e-15,1.0,2.6594609062997957e-15,1.0,1.0,1.0,0.013587383678135256,0.13868913794753548,-14.547374484468369,-0.9905061333039831,9.194280189638553,-5.171216079671861,-2.489231223550316,-93.39516325210393,57.53152804327294,8.523112430942065,-3.7504985017953962,343.15,10.5,0.1
302,0.0030378595399326545,0.26275817537660595,0.00079822242976312,1.0204467053370282e-09,0.7407214435586854,7.55866756651948e-10,0.9952174385842016,1.0004031824872883,0.9956186928264827,1.0128372455514356e-05,1.0221436863803335,1.0352651958712482e-05,0.01009060320486491,0.7123066472634353,0.007187603737723001,0.10000476834973007,0.7375578371035876,0.07375930064407223,0.1347183700578289,0.731232985215848,0.09851051590079957,0.018145761320369234,0.682483527624793,0.012384183197363119,0.000339406308762166,1.0,0.000339406308762166,0.0004015191234460558,0.7289550688799176,0.00029268940028822385,2.8384696024223755e-15,1.0,2.8384696024223755e-15,1.0,1.0,1.0,0.013138591117253079,0.13775623061820821,-14.455370931641694,-0.9985830428711018,9.121554754698344,-5.0566581245029205,-2.397482268429108,-92.07679175850173,56.90076441652269,8.465191577508737,-3.7569512599802533,348.15,10.5,0.1
303,0.0026304903495809957,0.2592567706051035,0.0006819724331402587,1.201874811314905e-09,0.7377331033325664,8.866628343685879e-10,0.9952235354279413,1.0004052902171523,0.9956268897907299,1.2356869011007814e-05,1.022079177747867,1.2629698518308969e-05,0.010124433459172818,0.7113289272232822,0.007201802391256904,0.10000481748387773,0.7355171986244129,0.07355526320468746,0.13434711935268018,0.7285490195581577,0.09787846208485791,0.018525868785879092,0.6800628664916063,0.012598755430772313,0.0003306248200639916,1.0,0.0003306248200639916,0.00043102012646338415,0.7270110983098432,0.00031335641553379237,3.0182026907070575e-15,1.0,3.0182026907070575e-15,1.0,1.0,1.0,0.01276728067776482,0.136977610904136,-14.368493000724998,-1.0068365629464364,9.052241495174503,-4.94550389538235,-2.308707576805655,-90.80220437219923,56.290052123850735,8.41003128297341,-3.763869076811704,353.15,10.5,0.1
304,0.002300951506277042,0.2531693481481373,0.0005825303929646332,1.4060405699169518e-09,0.7346679511033735,1.032972944669108e-09,0.9952282415612468,1.0004081907860594,0.9956344845594781,1.5049941566836253e-05,1.0220281283546837,1.5381463611401023e-05,0.01015741136932476,0.7101103578319792,0.007212883022117818,0.10000486668104856,0.7332231975229433,0.07332588811573408,0.13405331130304343,0.7258701961308053,0.09730530336752402,0.018828110958868542,0.6774136664716515,0.01275441967738222,0.00032226606492353105,1.0,0.00032226606492353105,0.0004610206872880008,0.7248388895291517,0.00033416572302380064,3.1981805074544572e-15,1.0,3.1981805074544572e-15,1.0,1.0,1.0,0.012473412817168638,0.136354264215361,-14.28611187921718,-1.0152372626993582,8.98591105324784,-4.8371697483941265,-2.222783016658307,-89.56902957931855,55.69817826077159,8.35728007249449,-3.770664610427255,358.15,10.5,0.1
305,0.001999556427950583,0.24965001003470225,0.0004991892823028161,1.6296304652881918e-09,0.7315492313183948,1.1921549142146126e-09,0.9952324061222285,1.0004110343108241,0.9956414807883888,1.825492015449664e-05,1.0219820810756584,1.8656201289362466e-05,0.010190508097960854,0.7089622917887886,0.007224685975622539,0.10000491779112242,0.7309933601827586,0.07310293089093312,0.1337882800684924,0.7231504875859487,0.09674905996481574,0.01910114801893121,0.6748402215716818,0.012890222961369028,0.00031433853811934623,1.0,0.00031433853811934623,0.0004925949342072402,0.7227493364968045,0.0003560226618599701,3.385838509429265e-15,1.0,3.385838509429265e-15,1.0,1.0,1.0,0.012208319446065933,0.13578783812607345,-14.209511883345101,-1.0238910697166999,8.923667306661931,-4.732573587984226,-2.139591061987257,-88.3765028955737,55.12546335294561,8.307342630181347,-3.777335811205316,363.15,10.5,0.1
306,0.001741394180202983,0.24613110084410347,0.0004286112665768753,1.87372018134945e-09,0.728380403895458,1.3647810624783813e-09,0.9952357721209514,1.0004142021481728,0.9956480009157024,2.2067418629525536e-05,1.0219435936776726,2.2551657097446935e-05,0.010223266369942464,0.7077362863330495,0.007235376574856638,0.10000497005769904,0.7286777904536653,0.0728714006160291,0.13356675213375963,0.7204196431866681,0.09622411191380525,0.019330310587459744,0.6721975672050993,0.01299378775020941,0.00030678397474976786,1.0,0.00030678397474976786,0.000525418631972626,0.7205923769246896,0.0003786126608936734,3.5786113067167054e-15,1.0,3.5786113067167054e-15,1.0,1.0,1.0,0.011986727968774973,0.13530814818768283,-14.137968992358358,-1.032762301606211,8.864937012347566,-4.631292798739793,-2.0590206270741116,-87.22261697864683,54.570916555356625,8.259957900106786,-3.783907328611654,368.15,10.5,0.1
307,0.0015092596122233892,0.24456485158920768,0.00036911185307299835,2.1359377875643128e-09,0.7251777085137595,1.548934470313838e-09,0.9952386321099792,1.0004174304770943,0.9956540750470035,2.6566292734809364e-05,1.0219097413007245,2.7148353335948338e-05,0.0102559804962259,0.7065202222973425,0.007246057620070732,0.10000502412160191,0.7263666837461445,0.07264031772916119,0.13337189629380805,0.7176709755053036,0.0957171389181694,0.01953244825431723,0.6695715216432779,0.013078371099061778,0.00029958497170615075,1.0,0.00029958497170615075,0.000559926333154006,0.7184549997455065,0.0004022818735436636,3.7792543257979936e-15,1.0,3.7792543257979936e-15,1.0,1.0,1.0,0.011791806401184098,0.1348811580419692,-14.071742291617609,-1.041885192863364,8.809966955244727,-4.53354316020823,-1.980966719915331,-86.10609338212312,54.03421239209741,8.21518794849919,-3.790386073228256,373.15,10.5,0.1
308,0.0013235903053241231,0.24049365042277385,0.0003183150641915921,2.4182019504393375e-09,0.7213740845813014,1.744428218330896e-09,0.9952406045227897,1.000422260277061,0.9956608550961978,3.184167976498777e-05,1.0218841883773735,3.2538509083216784e-05,0.01028921890292864,0.7046192870827486,0.007249982088019918,0.10000508033515122,0.7233499541314575,0.07233867027334437,0.13322480912169177,0.7143781464535962,0.09517289220198831,0.01968692795649841,0.6662999863138683,0.013117399827977001,0.000292278558680917,1.0,0.000292278558680917,0.0005964037346671686,0.7156334891292492,0.00042680648556958064,3.983249469535966e-15,1.0,3.983249469535966e-15,1.0,1.0,1.0,0.011644650888017753,0.1345484018452178,-14.010389620227636,-1.051242389493703,8.758346896679718,-4.439350021560465,-1.9053295087779587,-85.02554716509083,53.51486111442278,8.173003623294116,-3.7974514292571726,378.15,10.5,0.1
309,0.0011752780350290256,0.2340083792883768,0.00027502490819037036,2.718159139739228e-09,0.7175455772918735,1.9504030690953635e-09,0.9952418792698527,1.000427501925133,0.9956673470892135,3.8030399882777865e-05,1.0218651716270073,3.88619411032585e-05,0.010321807602813964,0.7025989457583328,0.007252091140057433,0.10000513756006896,0.7202100993384971,0.07202471005649734,0.13311534384201074,0.7110994492678079,0.0946582476951487,0.019803489485569366,0.6629216723855491,0.013128162368843281,0.00028526997570902215,1.0,0.00028526997570902215,0.0006343558416594746,0.7127021400079929,0.000452106765877279,4.192338870867865e-15,1.0,4.192338870867865e-15,1.0,1.0,1.0,0.011535116037725767,0.13429062459519886,-13.953556132930133,-1.0608214210047342,8.709875628332474,-4.348242465533371,-1.8320153753240849,-83.97917502976172,53.01189824659981,8.133129794358107,-3.804456161562252,383.15,10.5,0.1
310,0.0010366170088860526,0.23005365553303794,0.00023847753228196017,3.0298399605780133e-09,0.713709124798915,2.1624244265449147e-09,0.9952429227435381,1.0004326880502663,0.9956735524633215,4.5212450878450996e-05,1.0218480070868596,4.620025282565766e-05,0.010354409384431273,0.7006254902250749,0.007254563150958276,0.10000519713405878,0.717116579616373,0.07171538491263735,0.13301653907495206,0.7078106234459578,0.09415051945126542,0.019909096408007695,0.6595987382880677,0.013132014871177378,0.0002785590854371896,1.0,0.0002785590854371896,0.0006746051605221239,0.7098265008265906,0.00047885262053297954,4.4116470893375875e-15,1.0,4.4116470893375875e-15,1.0,1.0,1.0,0.011436238844195777,0.13405315911367804,-13.901814452904517,-1.070679839815909,8.665059061531606,-4.26062002107126,-1.7609352009897905,-82.96611649469067,52.52525237168858,8.095729699874264,-3.8114041927695244,388.15,10.5,0.1
311,0.0009098831108688423,0.22801306329033869,0.00020746523534534764,3.350714853973644e-09,0.7098690964235824,2.3785689257633476e-09,0.9952436954297755,1.0004378886461958,0.9956795013442022,5.351403694691391e-05,1.0218330760791634,5.468241298687902e-05,0.010386818066136925,0.6986680204117649,0.0072569376166450395,0.10000525886377261,0.7140389236134903,0.07140764739477663,0.13293059049197986,0.7045212089820039,0.09365242032410132,0.020001580115735978,0.6563010522313516,0.0131270580762472,0.00027211852827699443,1.0,0.00027211852827699443,0.000717170575311474,0.706975157600426,0.0005070217805072174,4.6408274685535365e-15,1.0,4.6408274685535365e-15,1.0,1.0,1.0,0.01135021521395268,0.13384047695356352,-13.85487972961442,-1.080810579767671,8.623684259150547,-4.17631867280287,-1.6920044714848201,-81.98501480467426,52.05430872135196,8.060687181013966,-3.8183040382182454,393.15,10.5,0.1
312,0.0008071538964388347,0.2241278089763424,0.00018090563431555362,3.680089953712753e-09,0.706018045064797,2.5982099147828804e-09,0.9952439954634431,1.0004433819981449,0.9956852687347933,6.309763689801748e-05,1.0218223994125235,6.447457873239243e-05,0.010418428438773535,0.6966306964359817,0.007257797059071243,0.1000053218797566,0.7108809147482635,0.0710918746975759,0.1328691318611782,0.7012447472349117,0.09317378078731406,0.02006934546596987,0.6529356217621474,0.013103990560182372,0.00026590834695794087,1.0,0.00026590834695794087,0.0007617319638904942,0.7040520535269733,0.0005362989534142367,4.877270674610387e-15,1.0,4.877270674610387e-15,1.0,1.0,1.0,0.011288679972110386,0.133676289437707,-13.812217184135944,-1.0911856995772036,8.585325764291058,-4.095016704844435,-1.6251429764814418,-81.03441807207994,51.5983135386333,8.027809289943047,-3.825171525465909,398.15,10.5,0.1
313,0.0007277712228204347,0.21722579490974878,0.00015809068238960874,4.016074614565231e-09,0.7015606115560666,2.8175197626491793e-09,0.9952437852213801,1.0004503557071731,0.9956919989400831,7.402227972902994e-05,1.0218161336056601,7.563715967339395e-05,0.01045073903909453,0.6939304284161096,0.0072520858186638296,0.1000053882442896,0.7070494883233649,0.07070875858770441,0.13283306511271692,0.6973911367884066,0.09263660228204608,0.02011190635154468,0.6489567565195025,0.013051757513322418,0.00025951587780863636,1.0,0.00025951587780863636,0.0008094930482218264,0.7004686291519842,0.0005670244857960037,5.119620592873817e-15,1.0,5.119620592873817e-15,1.0,1.0,1.0,0.011252532541643994,0.13356084035161195,-13.774066737807823,-1.1018371067883814,8.550133029042499,-4.01718351652117,-1.5602740913843292,-80.11372374830945,51.15732236311234,7.997300846851596,-3.832739526561382,403.15,10.5,0.1
314,0.0006513264996547559,0.21284431297255185,0.0001386311413398335,4.3502885144551055e-09,0.6971174520479723,3.032662044870504e-09,0.9952434490055075,1.0004572723309069,0.9956985462972541,8.645125120066668e-05,1.0218105852542576,8.833680358531612e-05,0.01048273442046216,0.6912719867656104,0.00724642064956913,0.10000545717023744,0.7032642419735364,0.070330262030044,0.13280112853840953,0.6935439803505012,0.09210342328156709,0.02015010809304505,0.6450308925655832,0.01299744220854983,0.00025335630257084175,1.0,0.00025335630257084175,0.0008601802056439322,0.6969356763511618,0.0005994902734043352,5.373246697319687e-15,1.0,5.373246697319687e-15,1.0,1.0,1.0,0.011220512171317584,0.13345245938835282,-13.740394681099854,-1.1127755008678732,8.518175984092762,-3.9425077924656478,-1.497325991124122,-79.22160277236567,50.73062390664086,7.96897678143745,-3.840284277744943,408.15,10.5,0.1
315,0.0005848305603844251,0.20846449993444321,0.0001219164103169194,4.680511604919208e-09,0.6926857221361317,3.242123561020002e-09,0.9952428697978444,1.000464280555928,0.9957049417107176,0.00010055511998397247,1.0218069204538243,0.0001027479174866877,0.010513946925018787,0.6886021499389289,0.00723992645691173,0.10000552807193339,0.6994720024867069,0.06995106698021583,0.13278003517049392,0.6897128320898213,0.09158009410242746,0.02017726480985254,0.641106365666232,0.012935772911329715,0.00024740157240595365,1.0,0.00024740157240595365,0.0009136389234319424,0.6933998883721773,0.0006335171275201848,5.636498172300405e-15,1.0,5.636498172300405e-15,1.0,1.0,1.0,0.011199332605387184,0.13336487041138995,-13.710838111652976,-1.1239844610018097,8.489170437714957,-3.8707714213249296,-1.4362299049620453,-78.35686975822422,50.31761568149452,7.942700341405913,-3.8478149639958774,413.15,10.5,0.1
316,0.0005321436660068906,0.20198753960160418,0.00010748638981130966,5.004133201537835e-09,0.6882639775855701,3.4441646216584447e-09,0.9952419844116223,1.0004714676407596,0.9957112088019976,0.00011651008770476448,1.0218057687792015,0.00011905067973769902,0.01054396509737005,0.6858901366018321,0.007232001660960096,0.10000560048283445,0.6956422951491753,0.06956812544765044,0.13277340944900395,0.6859036108493316,0.09106976096584855,0.020189775098106436,0.6371534196522274,0.0128639842457679,0.00024162793641433733,1.0,0.00024162793641433733,0.0009697864428123559,0.6898304326670893,0.000668988201439925,5.908209545273082e-15,1.0,5.908209545273082e-15,1.0,1.0,1.0,0.011192618851081705,0.13330555811914394,-13.685135825830889,-1.1354545641587581,8.462916098632661,-3.80182274375716,-1.3769204164132323,-77.51845277170396,49.91777493879757,7.918368948866956,-3.8553399228222704,418.15,10.5,0.1
317,0.00048061920849314625,0.19781143414297145,9.507197490868911e-05,5.314247520843452e-09,0.683861174847241,3.634207553033037e-09,0.9952409992301217,1.0004786100524117,0.9957173315769254,0.00013442497070354772,1.0218050179602405,0.0001373561096040434,0.01057316581142833,0.6832119939356301,0.0072237136962379845,0.10000567527517937,0.6918525396799448,0.06918918042154071,0.13276909151657879,0.6821053924498921,0.09056251327413159,0.02019980160037871,0.6332457056979952,0.01279143761939131,0.00023603394562166457,1.0,0.00023603394562166457,0.0010292157268535608,0.6863027982862044,0.0007063536333797686,6.191354545699028e-15,1.0,6.191354545699028e-15,1.0,1.0,1.0,0.011188209990625024,0.13324971603931945,-13.663474330774042,-1.1472129414417545,8.439590273350786,-3.735786544224149,-1.3193352762276664,-76.70560008349433,49.53086738084407,7.896018938719854,-3.8628628426101983,423.15,10.5,0.1
318,0.00043333155171198986,0.19461032633418965,8.433079468957115e-05,5.609977957272058e-09,0.6788091144157878,3.808104169067938e-09,0.995239789854018,1.000487147345322,0.9957246182756041,0.00015426098085290292,1.021805579391412,0.00015762473091788807,0.010603756568115495,0.6798844942339006,0.007209329671292608,0.10000575561825205,0.6874125396607624,0.0687452104502362,0.13277232830290644,0.6776584285879388,0.0899742873577095,0.020202511486066305,0.6287495529283923,0.0127023200648949,0.0002302103561667239,1.0,0.0002302103561667239,0.001093647137026558,0.6821316973448948,0.0007460113778763108,6.482833215138809e-15,1.0,6.482833215138809e-15,1.0,1.0,1.0,0.011191349100680387,0.1332056654645964,-13.646044655369325,-1.1592878482350923,8.419291180184457,-3.6731175248829007,-1.2634146204677867,-75.91793061052154,49.1570005858629,7.875852650938549,-3.8712303102012813,428.15,10.5,0.1
319,0.0003992458968078007,0.1877857522431425,7.49726910620409e-05,5.889032136283248e-09,0.6737778224709638,3.967899249246455e-09,0.9952382778106275,1.0004958951309388,0.9957318116267178,0.000176391722250674,1.0218085478585803,0.0001802385695672352,0.01063270575916633,0.676509688694828,0.007193128463117316,0.10000583741762732,0.6829335114965581,0.0682973377177741,0.13278942202720825,0.67324460443743,0.08939976190618276,0.020191211328897115,0.6242226247565233,0.012603810932737807,0.00022454210259518015,1.0,0.00022454210259518015,0.0011611816169339966,0.6779230091009247,0.0007871917358645724,6.781614397960158e-15,1.0,6.781614397960158e-15,1.0,1.0,1.0,0.011208343378224805,0.13318867381304822,-13.632040056961953,-1.1716225432982856,8.401439363748658,-3.6129895325392747,-1.2091024928993626,-75.15382029183756,48.79500860107745,7.85743110774458,-3.8796153512799463,433.15,10.5,0.1
320,0.00036487938410734177,0.18323317676645326,6.685800868657514e-05,6.144395573169759e-09,0.6687777873236946,4.1092352758659745e-09,0.9952366800732477,1.0005046004006959,0.9957388769008,0.00020089648925459793,1.021811688988554,0.00020527838099711153,0.010660552732989527,0.6731711431621654,0.00717637647000711,0.10000592179538091,0.6785002140966018,0.06785403934909397,0.13280750983672948,0.6688526400347115,0.08882865357073241,0.020178761401854622,0.6197455281343641,0.012505697142089713,0.00021903348365595718,1.0,0.00021903348365595718,0.0012325212826852542,0.6737596406594168,0.0008304230965271004,7.0910023082117e-15,1.0,7.0910023082117e-15,1.0,1.0,1.0,0.011226328606351466,0.13317239536523234,-13.621679226337854,-1.1842462333755674,8.386238992326565,-3.5555405370732798,-1.156345030459067,-74.41264437356382,48.44469896681374,7.840797910611543,-3.8880202484503434,438.15,10.5,0.1
321,0.0003345161652514694,0.17871865327555467,5.9784278552645484e-05,6.374573584644821e-09,0.6638062152379106,4.231481564978638e-09,0.9952349269082424,1.0005133508067106,0.9957458315608374,0.00022795013898505733,1.0218157008392699,0.0002329230310234251,0.010686857621960326,0.6698390242425898,0.007158474281713388,0.1000060082386156,0.6740828619521229,0.0674123362458936,0.13283061024905699,0.6644873549566879,0.08826426086167859,0.02016116213098361,0.615289387575325,0.012404949100379743,0.00021366476997811763,1.0,0.00021366476997811763,0.0013075563015680538,0.6696118030317646,0.0008755551326585304,7.409345346971255e-15,1.0,7.409345346971255e-15,1.0,1.0,1.0,0.011249323926196852,0.133165132788882,-13.614725943851791,-1.1971489925905052,8.37350754684744,-3.500634183343678,-1.1050908222811016,-73.693536401493,48.105611952603866,7.825859251762257,-3.8964547570992587,443.15,10.5,0.1
322,0.0003108218717349085,0.1724218397572459,5.359247896132363e-05,6.5781128421408096e-09,0.6588612430657103,4.334063604199414e-09,0.9952329760595939,1.0005222032948595,0.9957526899988451,0.0002577215023377875,1.0218210074604246,0.0002633452451630124,0.010711227549555715,0.6664944585554938,0.007138973806105823,0.10000609631290658,0.6696627217980365,0.06697035465329762,0.13286116432191075,0.6601518017397331,0.08770853700834813,0.020135988922361216,0.610835995952841,0.012299786847885885,0.0002084188322422142,1.0,0.0002084188322422142,0.0013862143717302434,0.6654606512727731,0.0009224711186152859,7.735220128600426e-15,1.0,7.735220128600426e-15,1.0,1.0,1.0,0.011279770923628411,0.13317199277175854,-13.6109947339631,-1.2103244699415174,8.363104719515936,-3.44816753826919,-1.0552907923605155,-72.99569351960946,47.77732690407775,7.812537494515123,-3.904928927572037,448.15,10.5,0.1
323,0.0002853405008698133,0.16884271524049288,4.817766493494152e-05,6.754055576715166e-09,0.6531733015070957,4.41156877960546e-09,0.9952308507429074,1.0005326688835996,0.9957609792490966,0.0002898573156272721,1.0218268266755397,0.000296183981016106,0.01073796151869486,0.6624096963135697,0.007112929828625463,0.1000061924075168,0.6645102412539038,0.06645513904360331,0.13289466955951793,0.6550630039882759,0.0870543814556871,0.020108152718020623,0.6057210221883219,0.012179930818678334,0.0002028970122980195,1.0,0.0002028970122980195,0.0014716886676016054,0.6605802388287977,0.0009721684515259035,8.066384915196261e-15,1.0,8.066384915196261e-15,1.0,1.0,1.0,0.011313159335191945,0.1331800168144433,-13.611015309113444,-1.2238298842686015,8.355406945413726,-3.398830138035616,-1.0068974062342695,-72.31913315544742,47.46022117857998,7.801151067378925,-3.9144616999901514,453.15,10.5,0.1
324,0.000267789849313066,0.16210431519269855,4.340989013845049e-05,6.901001172093152e-09,0.6475227558717235,4.468555297227752e-09,0.995228498973594,1.000543278223001,0.9957691849439965,0.0003249160360896914,1.0218341724197284,0.00033201030884360866,0.010762627347977753,0.6583084220201303,0.007085128226237938,0.10000629026505856,0.6593537189314039,0.06593951940279981,0.13293696242701622,0.6500164585268119,0.08641121352412093,0.020071407609121742,0.6006075260243938,0.0120550384679418,0.00019749916776568013,1.0,0.00019749916776568013,0.001561064407233215,0.6556941664978962,0.0010235808253503153,8.402350105300347e-15,1.0,8.402350105300347e-15,1.0,1.0,1.0,0.01135533323338051,0.1332047591773305,-13.613971135284476,-1.2376021736172684,8.349832863412997,-3.351761123306421,-0.9598665334034362,-71.6623478548702,47.153121763099215,7.791240725851798,-3.9240553994476146,458.15,10.5,0.1
325,0.00024920251819314683,0.15740531511273725,3.9225800903079904e-05,7.014975662570442e-09,0.6419169733469462,4.503031945419714e-09,0.9952260611096224,1.0005538561671765,0.9957772732013028,0.00036292508618597264,1.0218415799601763,0.00037085194347545727,0.01078573180078524,0.6542460665411656,0.007056522605431705,0.10000639085396533,0.6542491349971489,0.06542909471039358,0.13297961088873902,0.6450047976656964,0.08577248701495413,0.020034183658675615,0.5955485414624377,0.011931328857314868,0.00019222875490441455,1.0,0.00019222875490441455,0.001654906553902205,0.650857247938489,0.001077107925268158,8.745004866577673e-15,1.0,8.745004866577673e-15,1.0,1.0,1.0,0.01139785940516436,0.13322882042190784,-13.61997116070785,-1.2516600864579226,8.346494972053213,-3.3070264184943894,-0.9141553590725603,-71.02478019496372,46.85578470657702,7.782809756691256,-3.9337164423644824,463.15,10.5,0.1
326,0.00023515046157398327,0.15110689425571722,3.553285593124301e-05,7.0973870080255395e-09,0.6363512692242205,4.516431230732541e-09,0.9952234511132326,1.0005645157025136,0.9957852703788959,0.00040403852270172284,1.0218499404435637,0.0004128667403596608,0.010806679771851858,0.6501866092718238,0.007026358478346764,0.1000064933436765,0.6491603149326445,0.06492024671429045,0.13302774484052476,0.6400329351043041,0.08514213798058752,0.019991369747642488,0.5905094142629481,0.011805092039994388,0.00018706572452794492,1.0,0.00018706572452794492,0.0017529081515929446,0.646033667381237,0.0011324376817560553,9.091314454099034e-15,1.0,9.091314454099034e-15,1.0,1.0,1.0,0.011445868756127565,0.13326290239948577,-13.628773641893241,-1.2659902275142294,8.34520459814954,-3.2644963119821786,-0.8697228946617456,-70.40569810148159,46.56776957990656,7.775761742063116,-3.9434605511510705,468.15,10.5,0.1
327,0.0002200872513104471,0.1466630034366594,3.227865729530902e-05,7.146342676701427e-09,0.6308300060024745,4.508127393639297e-09,0.9952207550612246,1.0005751489418235,0.995793155225379,0.000448272888675171,1.0218583517448483,0.0004580713951535122,0.0108258071751189,0.6461637159677892,0.006995243792625582,0.10000659836832684,0.6441212080363072,0.06441637095260849,0.1330761710821507,0.6350961345757558,0.08451616185841587,0.019948160454862026,0.5855221983959221,0.011680090763485416,0.00018200966948986547,1.0,0.00018200966948986547,0.0018554377275647317,0.6412566277002119,0.0011898117400859038,9.441868201072794e-15,1.0,9.441868201072794e-15,1.0,1.0,1.0,0.011494167315104518,0.13329626547980383,-13.64040371712106,-1.2806032978543762,8.346003819872415,-3.2241891823470294,-0.826529922438237,-69.80453628107875,46.288780983091044,7.770071906668268,-3.9532986362021094,473.15,10.5,0.1
328,0.022821388566786227,0.2736895902791854,0.006245976486445807,1.5009898427839446e-11,0.7528786348488724,1.1300631837572009e-11,0.9948709737251907,1.0005101435934642,0.9953785007787602,9.676950616814129e-08,1.0255676359245445,9.924367367044645e-08,0.0038061242524120025,0.6895113991174812,0.002624366058495577,0.1000043423255805,0.7267154338625299,0.07267469902127119,0.1543899639635139,0.7478384476617529,0.11545875098502822,0.004781702634122908,0.6833012788500551,0.003267343524976861,0.0002135601014034512,1.0,0.0002135601014034512,0.0001550176328359994,0.7228611336593277,0.00011205622180901595,1.2491970960376548e-15,1.0,1.2491970960376548e-15,1.0,1.0,1.0,0.026627609588704398,0.17721135254531006,-16.969937017249784,-0.9197503936906982,10.946897273693601,-7.832561456180315,-4.177874632105064,-118.49257608155372,69.61289068904773,10.025072685977195,-3.650283472593654,273.15,11.0,0.1
329,0.021530082292949122,0.2733929404366775,0.0058861725059130045,1.9087868810762398e-11,0.752231962236656,1.4358505010435666e-11,0.9948924335179519,1.0005010694921936,0.995390943764402,1.0867876786192738e-07,1.0253505741162676,1.1143383702147568e-07,0.003852193258321473,0.6912146086975753,0.0026626922556781145,0.10000441714778208,0.7281177384706918,0.07281499005072276,0.1531448341953032,0.7476749670835006,0.11450255886598146,0.006031498706932765,0.6832785202921263,0.004121193511616893,0.00020901304716142643,1.0,0.00020901304716142643,0.000196560515456504,0.7234155768415419,0.00014219493867323758,1.579326676957178e-15,1.0,1.579326676957178e-15,1.0,1.0,1.0,0.025382384230038458,0.17467491650734018,-16.820373181388028,-0.9283318231718158,10.842890775937553,-7.698900152940567,-4.025912358816598,-116.3168043259961,68.64150178772144,9.932073517310101,-3.6553141108580243,278.15,11.0,0.1
330,0.020083725460308042,0.27330846415024923,0.00548905215997205,2.416272238338961e-11,0.7518301777313596,1.8166263863977324e-11,0.9949164424881721,1.0004913070582284,0.995405251958714,1.2427107099501117e-07,1.0251075818660182,1.2739121708359614e-07,0.003904237822530585,0.6931843359974711,0.0027063565025870753,0.1000045030315302,0.7296624903148073,0.07296953472468101,0.15175064724150816,0.747449872740397,0.11342600196893814,0.007430208563872801,0.6835413894482268,0.005078855085639726,0.00020462702407896975,1.0,0.00020462702407896975,0.0002442469271211708,0.7242260079292971,0.00017688997697796357,1.9532472994794493e-15,1.0,1.9532472994794493e-15,1.0,1.0,1.0,0.02398808755390962,0.1718343727259789,-16.674727179093495,-0.9368366017086527,10.740734381998507,-7.56392170778512,-3.8797997981318084,-114.2227223270536,67.69851483894459,9.84120610640844,-3.6610788154424663,283.15,11.0,0.1
331,0.018516683060119457,0.2733966026958599,0.005062398241832638,3.0487695297204304e-11,0.7516367541205428,2.2915672333806752e-11,0.9949424101481099,1.000481058718165,0.9954210358685838,1.445621833000389e-07,1.0248445537438957,1.4815376623237165e-07,0.003961620762665897,0.6953800354737375,0.0027548319864761053,0.1000045989044506,0.731324596108844,0.07313582290282426,0.15024113055674834,0.7471581647854396,0.11225388738206972,0.008944062150746442,0.6840510708531858,0.006118195291995554,0.0002004429226010586,1.0,0.0002004429226010586,0.0002974826491342202,0.7252570920752841,0.0002157514010539364,2.364480392967846e-15,1.0,2.364480392967846e-15,1.0,1.0,1.0,0.022478448384968656,0.16875781364735545,-16.532217131664986,-0.9452316860150948,10.639867396259962,-7.427430679997947,-3.739230977717516,-112.20554278159695,66.7825870441855,9.752189626216454,-3.667399647308016,288.15,11.0,0.1
332,0.016873622654678448,0.27360363962152606,0.004616684571920259,3.837664542282307e-11,0.7515986530712966,2.8843835009188588e-11,0.9949695729959547,1.0004705918687185,0.9954377975866289,1.7086405339156575e-07,1.0245691239570693,1.7506203349915032e-07,0.004023416879924243,0.697742530747887,0.002807309076052109,0.1000047031214764,0.733060506327042,0.073309498305315,0.14866002571477968,0.74679315427429,0.11101828951803741,0.010529304563179834,0.6847492349877168,0.007209933244590064,0.00019647145146626285,1.0,0.00019647145146626285,0.0003553558792189422,0.7264557600690426,0.0002581503253329996,2.8043452506374008e-15,1.0,2.8043452506374008e-15,1.0,1.0,1.0,0.020897210398656083,0.16553364840783477,-16.392348540573664,-0.9534976460864393,10.539946997329803,-7.289478624384809,-3.6039207719790283,-110.26102766775804,65.89260649135981,9.664867534324285,-3.6741148514615514,293.15,11.0,0.1
333,0.015204241395510923,0.27386773967794514,0.004163951224506421,4.8210324853897396e-11,0.7516519898320836,3.62373866068831e-11,0.9949970844432786,1.0004602046782323,0.9954549867563668,2.048538117213938e-07,1.0242897633303396,2.0982966232542446e-07,0.004088519112421296,0.7001999945242354,0.0028627810601296235,0.10000481368150087,0.7348135058853255,0.07348488774671241,0.14705592192582392,0.7463479743347592,0.10975488944326918,0.012137348833351892,0.6855638913644225,0.00832092809704016,0.0001927071789436092,1.0,0.0001927071789436092,0.0004167575557382721,0.7277564632301347,0.00030329800478852073,3.263157910667096e-15,1.0,3.263157910667096e-15,1.0,1.0,1.0,0.01929296536174394,0.1622601633695451,-16.25490450605094,-0.9616295120969784,10.440843130618166,-7.1503340955268335,-3.473603232128273,-108.38544643761112,65.0276968523933,9.57919971902012,-3.6810746171775093,298.15,11.0,0.1
334,0.01357707766159615,0.27328710999320527,0.0037104403162909164,6.054080669246252e-11,0.751142330222799,4.5474762612544383e-11,0.9950237603594472,1.0004515683304662,0.995473081577687,2.48690000759646e-07,1.0240182427010913,2.546630975552257e-07,0.004155987451833626,0.702120621012527,0.0029180044906016943,0.10000492841263894,0.7359424953251533,0.07359787656081082,0.14549641694434834,0.745258601269602,0.10843245618168385,0.013700861511206667,0.6858736674218607,0.00939706013153033,0.00018888233910815304,1.0,0.00018888233910815304,0.0004804843060176287,0.7285159107317294,0.0003500404617907359,3.725957222056854e-15,1.0,3.725957222056854e-15,1.0,1.0,1.0,0.017733313803430534,0.15907349466648527,-16.11951011748802,-0.9696119488882492,10.342229559363568,-7.010371376891126,-3.348029596070873,-106.57544777960918,64.18712504730243,9.495210573299971,-3.6887508684352492,303.15,11.0,0.1
335,0.012014268884618694,0.27265903000480446,0.003275798900297036,7.581899227377136e-11,0.7506025581085678,5.6909929553906483e-11,0.9950492421706287,1.0004434865363228,0.9954905331125095,3.0494940100392323e-07,1.0237582080239997,3.121944523097684e-07,0.004224668556353926,0.7039918136770593,0.0029741320791720443,0.10000504571111378,0.736971565002935,0.07370087504590958,0.14400249538807683,0.7440903761806693,0.10715087096426919,0.01519859491612106,0.6861545201941165,0.010428584602295782,0.00018525743878697654,1.0,0.00018525743878697654,0.0005456485110696497,0.7292451023152421,0.0003979115042831461,4.190078386302522e-15,1.0,4.190078386302522e-15,1.0,1.0,1.0,0.016239242390373623,0.15601676434851453,-15.986916472048355,-0.9774969816193413,10.244811951983813,-6.870296867131988,-3.2269682279778586,-104.82826728446882,63.37053387549474,9.41310205322489,-3.696412106461611,308.15,11.0,0.1
336,0.010548061213909624,0.27193960718758553,0.002868435623101189,9.4643231803963e-11,0.7499803609223056,7.098056514718969e-11,0.99507298512485,1.0004361527207704,0.9955069889146773,3.7693962261728865e-07,1.0235151127487414,3.858034003426021e-07,0.004293707138212093,0.7057528292883578,0.0030302959609288024,0.10000516401816832,0.7378498684698879,0.07378879711711503,0.142605549434762,0.7428425797971795,0.10593347423551282,0.0165991676738896,0.686343321433535,0.011392727874329557,0.0001818191901120425,1.0,0.0001818191901120425,0.0006113882713160738,0.7298862339290472,0.00044624388281927973,4.649548718776958e-15,1.0,4.649548718776958e-15,1.0,1.0,1.0,0.014842145291744335,0.15315361074331488,-15.857412778919379,-0.9853109164072471,10.148860547122423,-6.730665901239234,-3.1102019372250527,-103.14122544950902,62.57746546549058,9.333013609326509,-3.703969328495241,313.15,11.0,0.1
337,0.009200367798373667,0.2710978846662023,0.002494200248290146,1.1767657635730202e-10,0.7492358587922675,8.816751074679709e-11,0.9950946207991579,1.0004296977015386,0.9955222106705286,4.6875847637383063e-07,1.023292646604483,4.796771019068617e-07,0.004362466840411086,0.7073566768766961,0.003085820047217965,0.10000528217495282,0.7385382099871378,0.07385772208674828,0.14132685849361332,0.7415169022803458,0.10479625431919692,0.01788130954814054,0.6863905367255114,0.012273561658103194,0.00017855657329100103,1.0,0.00017855657329100103,0.0006770644510380897,0.7303938283260404,0.0004945236964171794,5.100420931558152e-15,1.0,5.100420931558152e-15,1.0,1.0,1.0,0.013563303397261126,0.15052722640966357,-15.731342516188917,-0.9930846329497693,10.054691420568629,-6.592026049966896,-2.9975272868237854,-101.51185286763808,61.80750453930732,9.255092909110477,-3.7113580157200405,318.15,11.0,0.1
338,0.007983112808508781,0.27011588833619643,0.0021563656079584183,1.4563581108557586e-10,0.7483425938336391,1.0898548062284584e-10,0.9951139506469202,1.0004241910381162,0.9955360690666891,5.854475049197516e-07,1.0230927999599913,5.989671270379392e-07,0.0044305403500574814,0.7087716064155583,0.0031402412011991908,0.10000539944114592,0.7390107423864044,0.07390506448365015,0.1401779435179667,0.7401171498608149,0.1037481000298678,0.019033507088046953,0.6862619508049602,0.013061971704903141,0.00017546090590284753,1.0,0.00017546090590284753,0.0007422711673345185,0.7307363869954122,0.0005424045509888933,5.540640282620376e-15,1.0,5.540640282620376e-15,1.0,1.0,1.0,0.012414238606071182,0.14816105647211128,-15.609059184086425,-1.0008510166314162,9.962631356237278,-6.454883825622801,-2.888753533969213,-99.93783989722819,61.060244361226175,9.17947844770538,-3.718536744476206,323.15,11.0,0.1
339,0.006913912547221936,0.2681989325314271,0.001854303964780564,1.7945534340743748e-10,0.746729192532902,1.3400454367835032e-10,0.995130648906945,1.0004208563208046,0.9955494559305639,7.328996668497232e-07,1.0229186961498942,7.496967716226109e-07,0.004498342079951626,0.7094457333673067,0.003191329595848296,0.10000551617956106,0.7387002361168368,0.0738740984148279,0.13917684158000687,0.7381173495872797,0.10272884143096338,0.020037942708350978,0.6854198916378784,0.013734404519803945,0.00017231327926663572,1.0,0.00017231327926663572,0.0008072156971546697,0.7303479661377142,0.00058954834265135,5.964544520447896e-15,1.0,5.964544520447896e-15,1.0,1.0,1.0,0.011412987526840411,0.14609075430668414,-15.490822610620157,-1.0086382564924796,9.872880475806978,-6.319841806572574,-2.783701263716555,-98.41715796713815,60.335422970166036,9.106367642733623,-3.726075973259765,328.15,11.0,0.1
340,0.005945267285206578,0.2678630360372583,0.0015925173450684227,2.1947840178405992e-10,0.7449697714426536,1.6350477481367005e-10,0.9951455446440445,1.0004177682355073,0.9955612848423034,9.178846036734622e-07,1.0227621276091998,9.387776101527977e-07,0.004566233996953594,0.7101509595052431,0.0032427154542620552,0.10000563353629925,0.7384080108299931,0.07384496093133198,0.13827642315115118,0.7360350171115966,0.10177628948018791,0.0209414802994468,0.684614710923115,0.01433684548150788,0.00016938115820742597,1.0,0.00016938115820742597,0.0008725409675167125,0.730016033928736,0.0006369688965468924,6.3851775512581075e-15,1.0,6.3851775512581075e-15,1.0,1.0,1.0,0.010512419166763844,0.14422169065583612,-15.37773429624436,-1.0165312106775166,9.786469560159963,-6.187516479403323,-2.6822028138145413,-96.94796283901093,59.63283621411641,9.035973546422722,-3.7333360641641056,333.15,11.0,0.1
341,0.005126075491800321,0.2657266002614492,0.0013621346131196346,2.670347079281616e-10,0.7430516574824416,1.9842058233136047e-10,0.9951578227331677,1.000416226136618,0.9955720334290491,1.1507257987929432e-06,1.0226313156203974,1.176768237537959e-06,0.004632647664242302,0.7103978300260755,0.003291022847953098,0.10000574851298422,0.7376354180034091,0.07376778210711893,0.13752402475676956,0.7339368048304025,0.1009339433174006,0.021696884846360034,0.6833663665245945,0.014826921362359592,0.00016655825356816457,1.0,0.00016655825356816457,0.0009365930166170344,0.7292438265951979,0.0006830046754001463,6.789717381130575e-15,1.0,6.789717381130575e-15,1.0,1.0,1.0,0.009759873881841415,0.14265010051560456,-15.268619429182088,-1.0244663766509527,9.702413280118813,-6.057453247921102,-2.5840999226624266,-95.5274962377305,58.95125341668352,8.967983009819845,-3.7404131867232695,338.15,11.0,0.1
342,0.004419451420737785,0.26329243633897753,0.001163608131847807,3.2263455613639885e-10,0.7409899928443839,2.390689774428609e-10,0.9951681059129741,1.0004155092947151,0.995581607510785,1.441547122017004e-06,1.0225200051151007,1.4740107705784861e-06,0.0046985292838784285,0.7104408932288698,0.0033380273413005923,0.10000586291118015,0.7366447322413548,0.07366879210677194,0.13688371927814802,0.7317987366690137,0.10017133283830464,0.022340042615798937,0.681922911907379,0.015234186912700554,0.00016388828865706746,1.0,0.00016388828865706746,0.001000381948449505,0.7282868831001825,0.0007285650511459773,7.186710104513428e-15,1.0,7.186710104513428e-15,1.0,1.0,1.0,0.009119422251738231,0.14130317102152035,-15.164321125625094,-1.0325129870245264,9.621476776036014,-5.930241696229778,-2.489243923873854,-94.15418886866185,58.290528259183795,8.902612538897486,-3.7472727414379254,343.15,11.0,0.1
343,0.003808740967369874,0.2609497860570187,0.0009938901405817707,3.868845469866852e-10,0.7387992314791612,2.8583000598492686e-10,0.9951766761914584,1.0004154308473618,0.9955901032813234,1.8029017938054942e-06,1.022425366831692,1.8433325278930994e-06,0.004764278455319837,0.710336314885105,0.003384240001038394,0.10000597747780166,0.7354943124126454,0.07355382764219022,0.13633926571755017,0.7296213312095283,0.09947603654896855,0.02288719333624722,0.6803386826350197,0.015571042963595436,0.00016137372314683736,1.0,0.00016137372314683736,0.001064334900326296,0.7271996266255499,0.0007739839421218241,7.579578987740304e-15,1.0,7.579578987740304e-15,1.0,1.0,1.0,0.008574822324483516,0.1401480070718046,-15.065064104728295,-1.0407009011313748,9.543892181599476,-5.806106051669867,-2.3974947395288018,-92.82623968566867,57.65018740149026,8.839903069992515,-3.7539268927416174,348.15,11.0,0.1
344,0.003322212839844632,0.25505702572369054,0.0008473537257518271,4.613054386547415e-10,0.7359363564599445,3.394914437387269e-10,0.9951830248869874,1.0004176750112885,0.9955986879681411,2.2503147560359435e-06,1.022352349214232,2.3006145773047988e-06,0.00483010973484296,0.7093367419405683,0.0034261743025289287,0.10000609219644564,0.7334170368390595,0.07334617180457095,0.13591916284338623,0.7269187485389658,0.0988021877565782,0.023310077401293962,0.6778932012020715,0.015801742989831224,0.00015877536889508993,1.0,0.00015877536889508993,0.00112845829241986,0.7252211272848296,0.000818381794922645,7.956923740595319e-15,1.0,7.956923740595319e-15,1.0,1.0,1.0,0.008154572889443629,0.1392413761445363,-14.970303800417003,-1.049006964329196,9.469171166844106,-5.685053012212171,-2.308719878672474,-91.54175348902906,57.02957663694691,8.779793539521501,-3.7610259549643317,353.15,11.0,0.1
345,0.0028791620411853453,0.25164658638028486,0.0007245312992999853,5.450204872698688e-10,0.7329873391181864,3.994931167288381e-10,0.995188535297819,1.0004198456794682,0.9956063609046201,2.7990863089650648e-06,1.0222871721010693,2.8614700272587176e-06,0.004897443674920147,0.7084323028356039,0.003469507300631342,0.10000621015133758,0.7314300164520624,0.07314754393630124,0.13554414545176,0.7241592913375912,0.0981555523153059,0.023687688726272985,0.6755460180466064,0.016002123795761207,0.00015636943005044898,1.0,0.00015636943005044898,0.001194479361879115,0.7233535674969768,0.0008640309077167705,8.341587510370557e-15,1.0,8.341587510370557e-15,1.0,1.0,1.0,0.007779404802414457,0.13842330803796585,-14.88128750653686,-1.05753319876748,9.398490699184624,-5.567578209753492,-2.2227952843336545,-90.29943804067791,56.42856218678026,8.722472035498823,-3.767943833610681,358.15,11.0,0.1
346,0.0024996649467444163,0.24821052141574704,0.0006204431397960974,6.388722389998096e-10,0.7299587546999634,4.663503839926792e-10,0.9951928776308709,1.0004224727426274,0.9956133194953268,3.471215304917158e-06,1.0222331868064078,3.5483914832366457e-06,0.0049654772332513916,0.707415155780261,0.003512653850483871,0.10000632984458248,0.7293223729016074,0.07293685378743174,0.13523350696091346,0.7213839557625368,0.09755528220310429,0.02400078194570378,0.6730941379485647,0.01615478563383496,0.00015410546653189645,1.0,0.00015410546653189645,0.00126158868275925,0.7213863645192866,0.000910092873374371,8.727268678295704e-15,1.0,8.727268678295704e-15,1.0,1.0,1.0,0.007468613395300725,0.1377331725465301,-14.79732401865477,-1.0662468945300847,9.331287661303113,-5.453365278677793,-2.1396033459944865,-89.09729458626725,55.846230475624715,8.6677261915209,-3.7747195393749413,363.15,11.0,0.1
347,0.002159619660137136,0.24669281630828357,0.0005327626561139682,7.425563153713849e-10,0.726872170324809,5.397435205423923e-10,0.9951964516984847,1.0004251898046401,0.9956195990833608,4.289235258144287e-06,1.0221863471287513,4.384397720498359e-06,0.00503501358953938,0.7064072315678053,0.003556770010692791,0.10000645279001463,0.7272186764261597,0.07272656023202966,0.13496397312170527,0.7185829198394719,0.09698280587893099,0.024272619103707177,0.6706565256612665,0.016278590396791543,0.00015199809608341732,1.0,0.00015199809608341732,0.0013306490607260632,0.7194402994957193,0.0009573225587724566,9.119867401717147e-15,1.0,9.119867401717147e-15,1.0,1.0,1.0,0.00719892248493466,0.13712359352439868,-14.718655476870447,-1.0751807784454568,9.267812562536252,-5.34256131553961,-2.059033015925375,-87.93388549544665,55.282160294453924,8.615579769655431,-3.781360565092132,368.15,11.0,0.1
348,0.0018817291994760253,0.24340970408361987,0.0004580311476099664,8.569171664646158e-10,0.7237191765547599,6.201673860894101e-10,0.9951988874265248,1.000428574720686,0.9956254045117308,5.283600373141963e-06,1.022150428387256,5.400634384834118e-06,0.005105053711158799,0.705203350470822,0.0036001009814426886,0.10000657714976349,0.724911298425703,0.07249589769274528,0.13475727602582216,0.7157862473852962,0.0964574049143878,0.024481516805355374,0.6680334667669284,0.016354472543194366,0.0001499956927789407,1.0,0.0001499956927789407,0.0014006708175096404,0.7173085360280489,0.0010047131335650505,9.511819471086013e-15,1.0,9.511819471086013e-15,1.0,1.0,1.0,0.006992066511007967,0.13663900608221535,-14.644584838862041,-1.0842990002972617,9.207491076560206,-5.234841875975163,-1.9809792258999404,-86.80739209789006,54.735486095895126,8.565824800398048,-3.7879045115301793,373.15,11.0,0.1
349,0.0016639478830809832,0.2369243567753097,0.0003942297819066,9.825253490994637e-10,0.7199483512290722,7.073675051249266e-10,0.9952001640392709,1.0004337077945935,0.9956317901075955,6.483095199745885e-06,1.0221253662427412,6.626536055426815e-06,0.005177247564993682,0.7032702375900312,0.003641004125095517,0.10000670561650629,0.7218542709638044,0.07219026757429495,0.13461305218309658,0.7124506822122112,0.09590516086251515,0.024628026876969907,0.6647205178581883,0.016370754779484815,0.00014791421200804235,1.0,0.00014791421200804235,0.0014731773409901077,0.7144491132612725,0.001052510244946982,9.898321107493937e-15,1.0,9.898321107493937e-15,1.0,1.0,1.0,0.006847678543274411,0.13627700104870294,-14.575169050633646,-1.0936195177571253,9.150354894576504,-5.130461104800027,-1.9053421867378741,-85.71665824833039,54.20594684174251,8.518546486953982,-3.7950145881738058,378.15,11.0,0.1
350,0.0014617354145857364,0.2329543576467705,0.0003405176345543558,1.1172470795921272e-09,0.7161538635370677,8.00120812575409e-10,0.9952010672502066,1.000438770031573,0.9956377316539056,7.922687469867876e-06,1.0221034420861903,8.097806133525083e-06,0.005251682775306791,0.7013964154464215,0.0036835114736618966,0.10000683881216334,0.7188557684035537,0.071890492959928,0.13448688468370223,0.7090976037495185,0.09536432766495108,0.024756344581052102,0.6614735599144068,0.016375667380496266,0.00014597629230147155,1.0,0.00014597629230147155,0.0015485488032556968,0.7116590835476067,0.0011020388221536924,1.0295317804948032e-14,1.0,1.0295317804948032e-14,1.0,1.0,1.0,0.0067213408773623955,0.13594862121553508,-14.510807757033893,-1.103186568219347,9.096844432666206,-5.029399578787115,-1.8320282933046295,-84.66033214301547,53.69302952389247,8.473695433004435,-3.802038727912094,383.15,11.0,0.1
351,0.0012779003546731635,0.2308963578201408,0.0002950625375510996,1.2605602179163639e-09,0.7123424800739442,8.979505919130936e-10,0.9952015520141398,1.0004438590278162,0.995643281207498,9.644064441705786e-06,1.0220851169734664,9.857054733000507e-06,0.005328164123898981,0.6995387551469318,0.0037272572984508355,0.10000697642781459,0.7158727557048556,0.07159226980509018,0.13438142816271506,0.7057401174801532,0.09483836489870531,0.02486383274036056,0.6582505531352439,0.016366631654404527,0.0001441639834736617,1.0,0.0001441639834736617,0.0016266554218547944,0.7088944818036355,0.0011531270523488287,1.0701321060510388e-14,1.0,1.0701321060510388e-14,1.0,1.0,1.0,0.0066157085430138506,0.13565932977794845,-14.451220644092949,-1.112993606466175,9.04674755893384,-4.931517205850103,-1.7609484049552697,-83.63701367946949,53.19612314853646,8.431165088298206,-3.808989057445733,388.15,11.0,0.1
352,0.0011287907942365038,0.2269788435608123,0.00025621162909789254,1.4125779466979341e-09,0.7085050902401324,1.0008186655964394e-09,0.9952013557428129,1.0004493588782155,0.995648558307628,1.1698011194471898e-05,1.0220730883877098,1.195622242952789e-05,0.005405820619266468,0.6975653842364443,0.0037709133373919094,0.10000711691776384,0.7127723822213615,0.07128231096456474,0.13431220852987116,0.7023969257614574,0.0943404823636133,0.02493500079269515,0.6549235586731841,0.016330519454670577,0.00014243947448366374,1.0,0.00014243947448366374,0.0017066900242506803,0.7060229403898415,0.0012049623092554751,1.1110186696296491e-14,1.0,1.1110186696296491e-14,1.0,1.0,1.0,0.006546309424697444,0.13544100073668563,-14.395896746451509,-1.1230149819020332,8.999644603504542,-4.836572357999491,-1.6920179683970664,-82.64526848987089,52.71453541272408,8.39080052670003,-3.8158879053348467,393.15,11.0,0.1
353,0.001009974654308138,0.22076415831069646,0.00022296620447347272,1.572357484333619e-09,0.7046489904761759,1.1079601140033437e-09,0.9952005547645688,1.0004552109736986,0.9956535809781286,1.4138712761948235e-05,1.0220665952970207,1.4450706014486983e-05,0.005484651327577131,0.6954927966729331,0.003814535490592534,0.10000726036603197,0.7095722112238241,0.07096237287636202,0.1342748470647473,0.6990705993834343,0.09386759781967188,0.024974234202475805,0.6515088589530383,0.016270934828480955,0.0001407961552462392,1.0,0.0001407961552462392,0.0017887534324035916,0.7030605931659545,0.001257602049213306,1.1522192618362783e-14,1.0,1.1522192618362783e-14,1.0,1.0,1.0,0.006508764694647217,0.13528482329141295,-14.344735244361374,-1.1332554183151897,8.955475873705103,-4.7445161527102675,-1.6251567981551032,-81.68391751994577,52.247785343151804,8.352545192202303,-3.8227413776433337,398.15,11.0,0.1
354,0.0009002144081789044,0.21622626579248672,0.0001946499998931179,1.738537083298389e-09,0.70018626469769,1.2172997863931145e-09,0.9951994119241161,1.0004622588996717,0.995659451709226,1.7009095875663754e-05,1.022062522655158,1.7384359438764334e-05,0.0055679163171679594,0.6928655121496937,0.003857817190701213,0.10000741244020056,0.7058082943870538,0.07058606120048058,0.13425141647642386,0.6951471688269786,0.09332449207459764,0.024999626208179485,0.6475847795634232,0.016189377427191887,0.0001390771110992756,1.0,0.0001390771110992756,0.0018760344330551416,0.6995459336131197,0.001312372258961919,1.1937297654073846e-14,1.0,1.1937297654073846e-14,1.0,1.0,1.0,0.0064851398212225275,0.13515163262313987,-14.298173194359572,-1.143762266055324,8.914602454191277,-4.655760035764858,-1.5602882878565383,-80.75230026755312,51.795870489411605,8.316574910001231,-3.8302807734860966,403.15,11.0,0.1
355,0.0008044209336347971,0.21184306057519162,0.0001704109925719485,1.909380807017485e-09,0.6957268945027306,1.3284075792893926e-09,0.9951979258182835,1.0004694251187383,0.9956650967227788,2.0385942677337563e-05,1.022061283284,2.0835682733753707e-05,0.005653009242612068,0.6902207029812065,0.003901824013394958,0.10000756887362174,0.7020304059438317,0.07020835417380437,0.13424429262846876,0.6912390408099719,0.09279489607071592,0.0250086330007516,0.6436548803075862,0.016096928680755115,0.00013744348741854225,1.0,0.00013744348741854225,0.0019662415535945292,0.6960226171483098,0.0013685485920786234,1.2358426497770833e-14,1.0,1.2358426497770833e-14,1.0,1.0,1.0,0.006477816118924203,0.1350487154714843,-14.255713543367907,-1.1545089603772833,8.876668655179817,-4.569841737247857,-1.4973405810918254,-79.84893671714788,51.357928671487656,8.282629163860852,-3.8377894033759112,408.15,11.0,0.1
356,0.0007211395532475842,0.20745865155812265,0.00014960663930197078,2.0833669434001925e-09,0.6912731607050907,1.4401756518727571e-09,0.9951961221270961,1.000476707773618,0.9956705398547887,2.434282816664627e-05,1.0220626202389849,2.487989474002983e-05,0.005739832527969709,0.6875583115040542,0.003946469561246899,0.10000772960536809,0.6982391031922875,0.069829307431949,0.13425199676467464,0.6873473784972874,0.09227775803422544,0.025002743057677097,0.6397191841258761,0.015994734389766105,0.0001358854658212061,1.0,0.0001358854658212061,0.002059414550531493,0.692490271197143,0.0014261245406048959,1.278510832657828e-14,1.0,1.278510832657828e-14,1.0,1.0,1.0,0.0064853149093839395,0.13497313840128913,-14.217225829334366,-1.1654970163453309,8.84158453569167,-4.486695911116947,-1.4362449102047403,-78.97279424801623,50.93351016080114,8.250647581059226,-3.8452756235678898,413.15,11.0,0.1
357,0.0006550526077071262,0.2009907056040264,0.00013165948583081273,2.259355092398058e-09,0.6868234855746712,1.5517781397117176e-09,0.995193930032974,1.0004842139883399,0.995675816855007,2.896396189194724e-05,1.022067279415798,2.9603117732005342e-05,0.005827913348890158,0.6848411353802356,0.003991194794751567,0.1000078939025395,0.694397375817679,0.06944521908697629,0.13427882167459923,0.6834792982254893,0.09177679480470072,0.02497768063888119,0.6357417890320629,0.01587935537523385,0.00013438482874059295,1.0,0.00013438482874059295,0.0021552308282292475,0.6889116074892401,0.0014847635343857777,1.3214581515490385e-14,1.0,1.3214581515490385e-14,1.0,1.0,1.0,0.006511929918489231,0.13493387654166147,-14.18248098575615,-1.1767192500914694,8.80917037044025,-4.406217171037861,-1.376935853419785,-78.12284719898467,50.52213849206516,8.220550725500754,-3.8527491819223063,418.15,11.0,0.1
358,0.0005857623666008256,0.1984858936771182,0.00011626556681718866,2.4339686081141227e-09,0.6823929322407064,1.660922975472828e-09,0.9951916740407072,1.0004915715738945,0.995680881978242,3.4328953371679346e-05,1.0220719001889726,3.5086658604090965e-05,0.005918225759894628,0.6821931616344774,0.004037373142409125,0.10000806369732561,0.6906310023852054,0.06906866927788743,0.1343054257603735,0.6796176311334663,0.09127633530363666,0.024952771522303806,0.6318425865398202,0.0157662236999896,0.00013296047559703937,1.0,0.00013296047559703937,0.0022548424816164194,0.6854098008085718,0.001545491136179416,1.3653366192747142e-14,1.0,1.3653366192747142e-14,1.0,1.0,1.0,0.006538317079867133,0.1348911905609429,-14.151703107985167,-1.1882056170996123,8.779650507285362,-4.328492514866966,-1.319351174463861,-77.29830605413714,50.12354155501449,8.192356025805068,-3.860210211539938,423.15,11.0,0.1
359,0.0005315612132123776,0.1935765499076611,0.0001028977857183827,2.6088366694690924e-09,0.6772977947244413,1.7669593230276704e-09,0.9951889576160471,1.0005005512094136,0.995687100652377,4.0514560231528274e-05,1.0220800150530143,4.140912233130664e-05,0.00601272716036311,0.6788298932680907,0.00408161893651944,0.10000824225532513,0.6861476401550505,0.06862041941954596,0.13435213973431143,0.6751137698052729,0.09070297953743577,0.02490791162238974,0.6272905017454582,0.01562449637904039,0.00013139098428765022,1.0,0.00013139098428765022,0.002360138878645282,0.6811986755828771,0.001607723478324823,1.4084255344086915e-14,1.0,1.4084255344086915e-14,1.0,1.0,1.0,0.006584802933807015,0.13488370355636045,-14.124650824033784,-1.1999474187872632,8.7527734482227,-4.253645857761602,-1.2634309844336995,-76.49845894340022,49.73749619080978,8.166100453411985,-3.8685162497054613,428.15,11.0,0.1
360,0.000488827450812227,0.18675200427938426,9.12895061859655e-05,2.7804699295904107e-09,0.672222454377848,1.869094320393066e-09,0.9951859461619085,1.000509695724518,0.9956931881837676,4.7646845877746175e-05,1.0220904771417647,4.8699387437485715e-05,0.006108318366026908,0.6754364461503166,0.004125780849103923,0.10000842455350403,0.681642217191993,0.06816996425052864,0.1344123623615529,0.6706414596146797,0.09014250288440909,0.024849509334382347,0.6227232345334822,0.015474366829276533,0.00012986118880236458,1.0,0.00012986118880236458,0.0024684579864851183,0.6769667820918086,0.0016710640598396561,1.4515731118078722e-14,1.0,1.4515731118078722e-14,1.0,1.0,1.0,0.006644792662716881,0.13490119259283506,-14.101042110830646,-1.2119315048968196,8.728368782199196,-4.18131376584928,-1.2091193390754904,-75.72214452514757,49.3632991420352,8.141576378223457,-3.8768328096142217,433.15,11.0,0.1
361,0.00044590223285110615,0.18218202016189436,8.12353695755139e-05,2.945932483192793e-09,0.6671754723139295,1.965453895879101e-09,0.9951828243475119,1.0005187939720583,0.9956991191978795,5.582927842434975e-05,1.0221013648212298,5.706318167451234e-05,0.006205493719141986,0.6720822858999892,0.004170602403898972,0.10000861168157688,0.677185192755463,0.0677243509787949,0.13447503399810348,0.6661906851570619,0.08958601503571578,0.024788618944966617,0.618207739119562,0.01532451607386415,0.00012837818321964482,1.0,0.00012837818321964482,0.002580508132648281,0.6727829767416809,0.0017361219429892273,1.4951183523436884e-14,1.0,1.4951183523436884e-14,1.0,1.0,1.0,0.006707225230417442,0.13492093917688705,-14.0809655105953,-1.2241758223150339,8.706537139073674,-4.111527767637822,-1.1563623712460032,-74.96863160412838,49.0006515158044,8.118774185106881,-3.885163963552419,438.15,11.0,0.1
362,0.00041235987304493073,0.17572880840301044,7.246350912340236e-05,3.104474860720512e-09,0.6621505134668836,2.0556296230711213e-09,0.9951794474823771,1.0005280369100946,0.9957049389628153,6.51880574045587e-05,1.022114205670134,6.662963951323963e-05,0.006303345747712675,0.6687043079683503,0.004215074456109446,0.10000880218778702,0.6727132166481149,0.06727724301287123,0.1345489458304985,0.6617713335608522,0.08904063531145587,0.024716471551942898,0.6136832125892763,0.01516808366586777,0.0001269173694183737,1.0,0.0001269173694183737,0.002695609701440937,0.6685843990487482,0.0018022425923078637,1.5385547285102616e-14,1.0,1.5385547285102616e-14,1.0,1.0,1.0,0.006780893678162164,0.1349613088080183,-14.064150854285744,-1.2366671276591037,8.687055132452311,-4.044179152217367,-1.1051086579513938,-74.2370813703667,48.649121250136965,8.09761390052881,-3.8935225880987208,443.15,11.0,0.1
363,0.00037833629594814214,0.17134835584979827,6.482730226901682e-05,3.253334870954768e-09,0.6571550568618557,2.137945462112941e-09,0.99517597133988,1.000537241827222,0.9957106214971302,7.583952380779277e-05,1.022127373671063,7.75176532901233e-05,0.006402262904060463,0.665361594673232,0.004259819855362947,0.10000899699108748,0.6682861355965973,0.06683462612406559,0.13462473975062844,0.6573749910592409,0.088498937089922,0.024642421406977387,0.609206454462342,0.015012322174711613,0.00012548406845377038,1.0,0.00012548406845377038,0.0028143891099416942,0.6644295602437867,0.0018699633186734614,1.5821555342070943e-14,1.0,1.5821555342070943e-14,1.0,1.0,1.0,0.006856438723816398,0.13500307929991145,-14.050665433986474,-1.2494211133063675,8.67000337761438,-3.9792924028946612,-1.055309140796114,-73.52681838423494,48.30841507183202,8.078081578392261,-3.901913815770112,448.15,11.0,0.1
364,0.0003466198706092309,0.16773806913778974,5.814134782078293e-05,3.3943584561640893e-09,0.6514080617577943,2.2111124628410317e-09,0.9951721992129534,1.000548168428106,0.9957177211930907,8.785046586575305e-05,1.0221420818673201,8.97956580730347e-05,0.006506362225989966,0.6612526304757801,0.004302349136764116,0.1000092032396763,0.6631002236752078,0.06631612503780866,0.13470939708588756,0.6522281434502584,0.08786125996663209,0.024559714432747213,0.6040427138015253,0.014835116556147113,0.00012386242293127816,1.0,0.00012386242293127816,0.002940880840614142,0.659519210716706,0.0019395674108137226,1.624235842051704e-14,1.0,1.624235842051704e-14,1.0,1.0,1.0,0.00694083256246495,0.13505602035085526,-14.040564654821656,-1.2624526698659218,8.65538916753022,-3.9171363666890606,-1.0069162733554897,-72.83743938410088,47.97848967299098,8.060285314584426,-3.9113643364245627,453.15,11.0,0.1
365,0.000324621064980693,0.1609942593207605,5.226212791648316e-05,3.5242539508012974e-09,0.6456952120142709,2.2755939019547775e-09,0.9951681712720218,1.000559275866465,0.9957247448132883,0.00010141594780643017,1.0221587453539525,0.00010366319796870263,0.006610437190969985,0.657118293922343,0.004343839209011001,0.10000941224504656,0.6579009245422534,0.0657962847789435,0.1348053057457664,0.6471252579740963,0.08723591825700601,0.024465760407715056,0.5988713220841867,0.014651842281163268,0.00012224089730282094,1.0,0.00012224089730282094,0.003070457296327352,0.6545940791965987,0.0020099031666018815,1.665631781646624e-14,1.0,1.665631781646624e-14,1.0,1.0,1.0,0.0070364742037571084,0.13512993033500104,-14.033415560837724,-1.2757325124888514,8.64290523870763,-3.8572880894543675,-0.9598859159415978,-72.16787482101815,47.65860996417084,8.04398482638761,-3.920874572648911,458.15,11.0,0.1
366,0.00030145775611465286,0.15627504526745062,4.711032448304148e-05,3.640382887456927e-09,0.6400255518266047,2.3299380664047465e-09,0.9951640574227705,1.000570351399606,0.9957316506357592,0.00011665891420696532,1.0221755799464476,0.00011924589328542763,0.006714977557982769,0.6530249828561642,0.004385048104681225,0.1000096251256938,0.6527552381533479,0.0652818066665493,0.1349021977398304,0.6420575142848308,0.08661496975239621,0.024370820928233578,0.5937558323534048,0.014470317065379101,0.00012062766828921373,1.0,0.00012062766828921373,0.003203862256073808,0.6497198541631064,0.0020816129177749546,1.7066551029414316e-14,1.0,1.7066551029414316e-14,1.0,1.0,1.0,0.007133094228304387,0.13520365913632792,-14.029311144685835,-1.2892779722589336,8.632655623083915,-3.799783546527657,-0.9141752571791987,-71.51753732299699,47.34850203839701,8.02916842260125,-3.930450233542662,463.15,11.0,0.1
367,0.00028385365541128187,0.14997143230792254,4.256993926786946e-05,3.742472105579427e-09,0.6343937652131791,2.3742009702638304e-09,0.9951597615782168,1.000581531225087,0.9957384780535247,0.0001337254924526925,1.022193626822538,0.00013669334612884763,0.006819106689152565,0.6489299370201548,0.0044251224743254896,0.10000984053032229,0.6476202217119901,0.0647683950976281,0.1350060645426171,0.6370308831619823,0.08600303252780694,0.02426892196059333,0.588655249756756,0.014286028318040286,0.00011900314139021833,1.0,0.00011900314139021833,0.0033404917941984484,0.6448540300679475,0.0021541295958977785,1.7468411291123197e-14,1.0,1.7468411291123197e-14,1.0,1.0,1.0,0.00723668583701654,0.13528992194050052,-14.028056992461154,-1.3030800518161243,8.624482521867327,-3.744558835689723,-0.86974330280272,-70.88576062518912,47.04779128733216,8.015772595775914,-3.9401083633633505,468.15,11.0,0.1
368,0.0002627756641448885,0.14681845162689988,3.858031613498276e-05,3.828405455821827e-09,0.6288076692434108,2.407330711594079e-09,0.9951554239823363,1.000592634537355,0.9957451874566243,0.00015273650330144663,1.022211407149606,0.00015612899596288221,0.0069232253438979196,0.644887983284002,0.004464704829847022,0.10001005940979647,0.6425510863528842,0.0642615723199812,0.1351083958503713,0.6320382507916011,0.08539367418052789,0.024168569076530352,0.5836218383614518,0.014105304715010378,0.00011737356409668853,1.0,0.00011737356409668853,0.0034809945202621973,0.6400507536873659,0.002228013166275409,1.7864191713439797e-14,1.0,1.7864191713439797e-14,1.0,1.0,1.0,0.007338737511344255,0.13537117534292162,-14.029716081950639,-1.3171531470110014,8.61846424360345,-3.6916387880611334,-0.8265508430871998,-70.27198588679285,46.756188747507224,8.003775788876357,-3.9498576090195616,473.15,11.0,0.1
369,0.0249532385069928,0.2717076141677862,0.006779984900494746,4.728062933684837e-12,0.7497626955821806,3.544925210041735e-12,0.9948182989033466,1.0005255419765193,0.9953411176784298,1.0332347573303643e-08,1.0260232906856517,1.0601229257668895e-08,0.0013014113528420732,0.6866612726518841,0.0008936287757861485,0.10000495646670743,0.7240830899116316,0.07241189788489172,0.1570029207584568,0.7469635749408016,0.11727546296588427,0.005294258229193954,0.6804533571069796,0.0036024957854462786,7.386405609709521e-05,1.0,7.386405609709521e-05,0.000495817700455796,0.7204324841127158,0.0003572031776064234,4.0447399586035225e-15,1.0,4.0447399586035225e-15,1.0,1.0,1.0,0.026254660192182446,0.18195615927017764,-17.716261162000237,-0.9602002742799632,11.450392923022186,-8.80390806137558,-4.177890943065225,-119.463922686749,70.58420467232268,10.510729677614668,-3.645076483107378,273.15,11.5,0.1
370,0.02348708070861314,0.271729355497497,0.006382129303469145,6.377617295873924e-12,0.7492621201878491,4.778507056853197e-12,0.9948410348065242,1.0005153709292753,0.9953537469551136,1.3045959341829457e-08,1.0257840036667127,1.3382336405334958e-08,0.001395319015748636,0.6885937604170848,0.0009608079680358183,0.10000513050244969,0.7257064009753544,0.0725743633360034,0.15563090087402262,0.7468077380214511,0.11622636104796948,0.006663868874690155,0.6806418147450324,0.004535707804092044,7.655586467877238e-05,1.0,7.655586467877238e-05,0.0005924210702854846,0.7211978189688376,0.00042725278380107594,4.816839576427323e-15,1.0,4.816839576427323e-15,1.0,1.0,1.0,0.02488241277032112,0.17911798158901335,-17.528303344271308,-0.967403138159937,11.320707768292841,-8.619385294752208,-4.025928588290016,-117.23728946780773,69.56195447058624,10.392299858742504,-3.650262222369583,278.15,11.5,0.1
371,0.02185908669284494,0.27186417779198613,0.005942702631034035,8.548575067256938e-12,0.7490259773707114,6.403104794879025e-12,0.9948664461259875,1.0005046206485344,0.9953684762772368,1.670894547017512e-08,1.0255175941962442,1.7135317560130205e-08,0.0014951567023247076,0.6907325561871465,0.00103275341089709,0.1000053151487059,0.7274060133657007,0.07274446760770067,0.15410298961761862,0.7465976153742989,0.11505292457056442,0.008189429505078217,0.6810576137101416,0.005577473316375994,7.920628788670766e-05,1.0,7.920628788670766e-05,0.000694914884368499,0.7221552522200911,0.0005018364335926291,5.620840136892376e-15,1.0,5.620840136892376e-15,1.0,1.0,1.0,0.023354260104115118,0.17596207631901215,-17.345405996648005,-0.9745173659890732,11.193609390341182,-8.435169037001458,-3.879815843627393,-115.09396965626993,68.56973007716975,10.276813725521023,-3.6562353844882582,283.15,11.5,0.1
372,0.020107654392834837,0.2721834370161652,0.005472970482974978,1.1385954710157489e-11,0.7490065594526992,8.528154763539321e-12,0.994893913516121,1.0004933809068046,0.9953847751773459,2.163808181216145e-08,1.0252304647224801,2.2184020671985358e-08,0.00159914365172431,0.6931016170706772,0.0011083690509384272,0.10000550706646763,0.7292255551258309,0.07292657140618505,0.15245580011284227,0.7463193999733985,0.1137807212626808,0.00983439451815065,0.6817259188601548,0.006704361639319523,8.174238301684845e-05,1.0,8.174238301684845e-05,0.0008014461022159183,0.7233375518016546,0.000579716061477841,6.439686420904229e-15,1.0,6.439686420904229e-15,1.0,1.0,1.0,0.02170681968264096,0.17256345451706304,-17.167654855073724,-0.981562921315943,11.069144926945404,-8.252103111713282,-3.73924679826418,-113.03021521331227,67.6072278348075,10.164510021527455,-3.6627767108491938,288.15,11.5,0.1
373,0.018282887806447896,0.27262729418735604,0.004984414232602894,1.507027422064146e-11,0.7491457986914789,1.1289832617522058e-11,0.9949226123266713,1.000481951106473,0.9954021163805373,2.825308122338714e-08,1.0249310341573548,2.895745975641797e-08,0.0017053983021680314,0.6956372477856896,0.001186338581298557,0.10000570273987563,0.731117694873852,0.07311593886141754,0.150737550618795,0.745965719771149,0.11244504544388943,0.011550610355847124,0.6825838783922527,0.007884260414491848,8.409374057359351e-05,1.0,8.409374057359351e-05,0.0009100636230786984,0.7246876390888671,0.0006595118584295627,7.256500079651692e-15,1.0,7.256500079651692e-15,1.0,1.0,1.0,0.01998831436169715,0.1690204384403132,-16.995064133413145,-0.9885559476842606,10.94731249685496,-8.070910131904046,-3.603936339429534,-111.04245917527726,66.67400686397804,10.055567720633396,-3.6697172453374765,293.15,11.5,0.1
374,0.016439343814947112,0.27312749430323857,0.004490036784165947,1.9821663699409477e-11,0.7493747646329295,1.485385456937805e-11,0.9949516338049853,1.0004706572194582,0.9954199149744474,3.710433121020825e-08,1.0246285082843405,3.801815553880372e-08,0.0018121554412208125,0.6982633541868778,0.0012653617366948453,0.10000589889790486,0.7330221408611733,0.07330653810888828,0.14900102907809595,0.7455291538061621,0.11108461112484022,0.013285334753812352,0.6835551410412868,0.009081258871422911,8.620937135889536e-05,1.0,8.620937135889536e-05,0.0010189523750853747,0.7261361670103895,0.000739898172010627,8.056947128342848e-15,1.0,8.056947128342848e-15,1.0,1.0,1.0,0.018251536360499136,0.16544037291286467,-16.827683518115496,-0.9955147435793282,10.828160832475476,-7.892209934759156,-3.4736185334225396,-109.12732227684346,65.76954208903709,9.950122337342016,-3.676899919376705,298.15,11.5,0.1
375,0.014683140378408397,0.27136356162254127,0.003984469268888652,2.5991655715497237e-11,0.7490471259258628,1.9468975011747714e-11,0.9949791826688983,1.0004623713087637,0.9954392324957816,4.8935788357593786e-08,1.024340914547851,5.012693020033761e-08,0.0019168115451430568,0.6998810215357616,0.0013415400223062636,0.10000609042780491,0.7338143330379486,0.07338590254701244,0.14734974398653727,0.7444970668920372,0.1097014522052696,0.014935286074848666,0.6835598918203285,0.01020916253362921,8.78541155637443e-05,1.0,8.78541155637443e-05,0.001125275207915442,0.7265610018895676,0.000817581082464535,8.804476351758615e-15,1.0,8.804476351758615e-15,1.0,1.0,1.0,0.01660000085933981,0.16203288439093727,-16.664403813817394,-1.0023880962391327,10.710656912294022,-7.7162662848074905,-3.348044363641886,-107.28134268752555,64.89299042007676,9.848143259687141,-3.6849504315837325,303.15,11.5,0.1
376,0.01297455516683279,0.2708865098779348,0.0035146319663620588,3.378801308588706e-11,0.7486555815249992,2.5295584585389092e-11,0.995005917331384,1.0004535160032395,0.9954571684382116,6.462337736451835e-08,1.0240615423298325,6.617831549447149e-08,0.0020206099409264644,0.7019352668662213,0.001418337378116758,0.10000628010570588,0.7350127339389666,0.07350588935156097,0.14574522084659808,0.7433238867538154,0.10833590403548649,0.016538646577852725,0.6840135926686377,0.011312659063593912,8.932471922009216e-05,1.0,8.932471922009216e-05,0.0012305739222353781,0.7274573862248019,0.0008951900890257506,9.53076200454234e-15,1.0,9.53076200454234e-15,1.0,1.0,1.0,0.014995229731136619,0.15871977604721882,-16.5074798894501,-1.0093260820053558,10.596955279517914,-7.544006341159604,-3.226982783954319,-105.50197675849645,64.04421423756942,9.749942234262239,-3.6927859079525587,308.15,11.5,0.1
377,0.011376834946415434,0.2703047711616914,0.0030752127667351575,4.361164704441802e-11,0.7481701949242311,3.262893447018902e-11,0.9950307763751464,1.0004454919115475,0.9954740545377624,8.537324275316082e-08,1.0238010734175518,8.740521757182335e-08,0.0021217189625438062,0.7038671380810271,0.001493408253977955,0.1000064644935669,0.7360489654603117,0.07360965472983332,0.14424887146963503,0.742068198905761,0.10704250024566068,0.018034076766490933,0.6843635969956783,0.012341865644411927,9.054328519881467e-05,1.0,9.054328519881467e-05,0.0013329413978141805,0.7282548954757935,0.0009707210983405239,1.022012069457074e-14,1.0,1.022012069457074e-14,1.0,1.0,1.0,0.013498639282201994,0.15562570645966212,-16.356149329306024,-1.0163002445125564,10.486397108292202,-7.37549459405616,-3.110216305235443,-103.78605414232595,63.222265422286725,9.65541358772458,-3.700501949735161,313.15,11.5,0.1
378,0.009912275032518271,0.2695863361854319,0.0026722139092789326,5.587683967982297e-11,0.7475495371738801,4.177070564139076e-11,0.9950533763503959,1.0004384328412839,0.9954896404294185,1.1269764929133918e-07,1.0235633000255309,1.1535317781376305e-07,0.0022197190077848554,0.7056278765263242,0.0015662956099483471,0.10000664287834263,0.7368821634899243,0.07369311136755734,0.14288257214881658,0.7407318309666816,0.10583766928102188,0.019399676891131097,0.6845584274668896,0.013280212305958465,9.153211224201067e-05,1.0,9.153211224201067e-05,0.0014319833623982641,0.7289062822260052,0.0010437816688952132,1.0872341502034403e-14,1.0,1.0872341502034403e-14,1.0,1.0,1.0,0.012132106737952418,0.15279484723721168,-16.21050203522879,-1.0233329067128263,10.379128188044103,-7.2109454739888585,-2.9975414957557716,-102.13077229166002,62.4263955454653,9.56453841218947,-3.7080325244289285,318.15,11.5,0.1
379,0.008592465621210821,0.2687130202554139,0.00230890738851637,7.104370056657657e-11,0.7467664185871207,5.30530498352782e-11,0.9950735137483344,1.000432407139372,0.9955037906398793,1.4851158349916498e-07,1.0233502026944854,1.5197935907634942e-07,0.0023144933059687295,0.7071847821488537,0.0016367744443664754,0.10000681510595479,0.7374855426684166,0.07375358030895507,0.14165779802307307,0.7393188248092918,0.10473027675949038,0.020623942231846607,0.6845627618295494,0.014118382854045998,9.232053117970005e-05,1.0,9.232053117970005e-05,0.0015276162079249551,0.7293790325275818,0.001114211231809757,1.1489371217974746e-14,1.0,1.1489371217974746e-14,1.0,1.0,1.0,0.01090710743876305,0.15025026371532757,-16.07061502686479,-1.0304459223223277,10.275289644966032,-7.050502204722546,-2.888767615397651,-100.53345827632795,61.655834577469044,9.477273555826812,-3.7153357379878256,323.15,11.5,0.1
380,0.007404483115461809,0.26854184402626363,0.001988413549887448,8.961242613009666e-11,0.7452533265334981,6.67839586721919e-11,0.9950913487496031,1.0004279067670352,0.9955171550715513,1.9515841919167648e-07,1.0231598604576786,1.9967826094729673e-07,0.0024080031855140253,0.7082605021958972,0.0017054935454614837,0.10000698469360797,0.737573169576457,0.07376246868024866,0.14056359376562144,0.737267083968738,0.10363291088774601,0.021717845200174,0.6841072520179705,0.014857335399642709,9.289716789704909e-05,1.0,9.289716789704909e-05,0.0016217945450143073,0.7293850591080467,0.0011829127100763685,1.2073018503177007e-14,1.0,1.2073018503177007e-14,1.0,1.0,1.0,0.009812681459395026,0.14796807697069572,-15.936901644620043,-1.0376833492174478,10.1753278413683,-6.894396661101676,-2.7837153547416924,-98.99171282166725,60.909949642644854,9.393630978973038,-3.7229274168694397,328.15,11.5,0.1
381,0.006389110681349788,0.26660967476466324,0.0017033987207901037,1.1223929925992003e-10,0.7435673376487212,8.345747693025676e-11,0.9951062430532658,1.0004251928307313,0.9955293550936279,2.5574269927619143e-07,1.0229989150951946,2.6162450390306064e-07,0.0024977319770039023,0.7088102070860567,0.0017704179198656023,0.10000714714745132,0.737109381636487,0.073716206393087,0.139638223102326,0.7351979377687485,0.10266173365852249,0.022643095615797387,0.6831434822145737,0.015468483187093375,9.328118049511904e-05,1.0,9.328118049511904e-05,0.001712027111613138,0.7288847250223319,0.0012478704104789194,1.261787494285511e-14,1.0,1.261787494285511e-14,1.0,1.0,1.0,0.008887098401052966,0.14602733389591513,-15.808513597076043,-1.0450074865562193,10.078534748929727,-6.7424007841229665,-2.6822167427772743,-97.50284714373056,60.18769266091058,9.31340176981981,-3.730331971432089,333.15,11.5,0.1
382,0.0055078424268299895,0.2643595412518575,0.001456050697244294,1.394039038343901e-10,0.7417165466655271,1.0339818214373718e-10,0.9951188282487561,1.0004234428995789,0.9955402042508151,3.3396201489945106e-07,1.0228609175180186,3.4159669297621866e-07,0.0025851702000630984,0.7091276306758636,0.0018332156188645937,0.10000730531820928,0.7363978834116783,0.07364516796203481,0.13884467808544557,0.7330822121164267,0.10178456375147157,0.02343661791830434,0.6819573130542602,0.015982772982646158,9.356070564888125e-05,1.0,9.356070564888125e-05,0.00179989993461276,0.7281741321332448,0.00131064057281333,1.3138818329926716e-14,1.0,1.3138818329926716e-14,1.0,1.0,1.0,0.008093346588907988,0.14435252065167947,-15.68598062317635,-1.0524697277167878,9.985487096560101,-6.594630528062098,-2.584113807601919,-96.06467351787148,59.48840292694553,9.23655776495085,-3.7374909770723725,338.15,11.5,0.1
383,0.004743108768513554,0.26217150130977157,0.0012435079467167404,1.7163953490206968e-10,0.7397131527896975,1.2696402150576752e-10,0.9951293920833028,1.000422449825194,0.9955497843210338,4.3441495212182976e-07,1.02274292445311,4.4429481855923807e-07,0.0026710062287411823,0.709274346296807,0.001894476196845102,0.10000746052031464,0.7355029228487457,0.07355577951937198,0.13816608382273968,0.7309198051689261,0.10098832706867039,0.024115252503838676,0.6806079364634916,0.01641303224393369,9.37723736073824e-05,1.0,9.37723736073824e-05,0.0018861472044576046,0.7273131203658015,0.0013718196087432943,1.3642266341655527e-14,1.0,1.3642266341655527e-14,1.0,1.0,1.0,0.007414549412206858,0.14290919276289274,-15.56936409064079,-1.0600916777035916,9.896319330029959,-6.451071104685703,-2.489257806067428,-94.67501827711777,58.81132990325257,9.163013360931876,-3.744411762633651,343.15,11.5,0.1
384,0.004087691940131179,0.25969113270003713,0.001061537350061479,2.0952147056675487e-10,0.7375685822261769,1.545364539918652e-10,0.9951380536678177,1.000422257333877,0.9955582580091991,5.627770371327005e-07,1.0226437189745767,5.755204022068787e-07,0.0027554914648263637,0.7092218474717975,0.0019542547473769237,0.10000761324036227,0.7343962939724032,0.0734452205327475,0.13759548026143628,0.7287223567365513,0.10026890265241147,0.024685947198396466,0.6790669484975159,0.016763410834785886,9.392920119665282e-05,1.0,9.392920119665282e-05,0.0019710446871102853,0.7262705998835673,0.0014315118073049055,1.413044555313228e-14,1.0,1.413044555313228e-14,1.0,1.0,1.0,0.006843746181994675,0.1416831724110889,-15.458519775325009,-1.0678809826828854,9.810969057339044,-6.311649014499207,-2.397508631236952,-93.33178264849802,58.155702580903295,9.092660659699035,-3.751120842476768,348.15,11.5,0.1
385,0.003563484770477577,0.25386512306007764,0.0009046444997800022,2.540204748364946e-10,0.7347414384191068,1.8663936906927085e-10,0.9951444028343918,1.0004244321721556,0.9955667741348952,7.259855556112441e-07,1.0225672054752837,7.423690208168115e-07,0.0028392166840295946,0.708269503742656,0.00201093059181551,0.10000776435242685,0.7323584024649324,0.07324152653523275,0.13715535908610754,0.7259970462181157,0.09957438556949906,0.025126324277056467,0.6766596982494552,0.01700197100343099,9.391864793966139e-05,1.0,9.391864793966139e-05,0.0020550844856599706,0.7243324360692257,0.0014885643518261573,1.458605759227311e-14,1.0,1.458605759227311e-14,1.0,1.0,1.0,0.006403427440062783,0.1407188441106056,-15.352928421978271,-1.07581843710174,9.728996742335806,-6.176277038799523,-2.308733800169145,-92.03297751561642,57.52077282054091,9.025391631318506,-3.758264944816753,353.15,11.5,0.1
386,0.0030867682836072502,0.2504879244407155,0.00077319818059021,3.0498208191849765e-10,0.7318209534656561,2.2319227797953596e-10,0.9951498594728009,1.0004265310630833,0.9955743218002892,9.322096937953538e-07,1.0224991664997098,9.531836349086983e-07,0.0029241258602133555,0.7074166546740909,0.002068575333878131,0.10000791774318023,0.7304156626858601,0.07304734951221797,0.1367639585453606,0.7232124262826218,0.09890939428760616,0.025517946565988013,0.6743544774587422,0.01720814152232695,9.394594957668774e-05,1.0,9.394594957668774e-05,0.0021404321137466274,0.7225101953288064,0.0015464840245911255,1.5044838889513222e-14,1.0,1.5044838889513222e-14,1.0,1.0,1.0,0.006011826353514401,0.13985072713394997,-15.253463810483115,-1.0839817703070629,9.651320835222318,-6.044990833632348,-2.2228092603694214,-90.77685066455676,56.90594685858758,8.961164371402486,-3.7652164485443036,358.15,11.5,0.1
387,0.0026769155638208916,0.24726602829347652,0.0006619102795429843,3.6300820957732173e-10,0.7288154306953991,2.645659846090614e-10,0.995154110008707,1.00042908180997,0.9955811125354286,1.1916453628774816e-06,1.0224428137337278,1.2183892377932005e-06,0.003009325122945436,0.7064558930988704,0.0021259554673552865,0.100008071753452,0.7283574602529962,0.07284162514714372,0.13643976587974627,0.720410218547896,0.09829260155605178,0.02584236141411141,0.6719488022955916,0.017364743800701975,9.397382275791897e-05,1.0,9.397382275791897e-05,0.0022261768246038707,0.7205934968501199,0.001604168542647999,1.5499320887983852e-14,1.0,1.5499320887983852e-14,1.0,1.0,1.0,0.005687432332129205,0.13911668180657538,-15.159556694973775,-1.0923481994508626,9.577465994034423,-5.917610753588798,-2.1396173951548696,-89.56154006117828,56.310447852214956,8.89983487981602,-3.7720168980076507,363.15,11.5,0.1
388,0.0023117560749644894,0.24575805187550054,0.0005681326693946266,4.282357003227977e-10,0.7257457419570995,3.107902360632874e-10,0.9951575166079426,1.0004317696433673,0.9955871954139828,1.516287090072421e-06,1.0223944508387837,1.5502435067685306e-06,0.0030957151440530813,0.7054897477476086,0.002183995296076461,0.100008228077279,0.7262885658380628,0.07263483254225285,0.13616152543427884,0.7175832654381693,0.09770723204817215,0.02612079958276617,0.6695427021359213,0.017488990734596106,9.402991161844767e-05,1.0,9.402991161844767e-05,0.0023132709084873497,0.7186835992286982,0.0016625098625027283,1.5956088120839673e-14,1.0,1.5956088120839673e-14,1.0,1.0,1.0,0.005408987506107642,0.138473281937479,-15.071245986405964,-1.100937107826942,9.507532633662773,-5.794071337155188,-2.0590471508056365,-88.38539551706222,55.73364204630898,8.841320645582957,-3.778676707123533,368.15,11.5,0.1
389,0.002013388432939282,0.24249350468832118,0.00048823361740237334,5.012502496913288e-10,0.7226042811562522,3.6220557635759474e-10,0.9951597244520084,1.0004351694407805,0.9955927875527855,1.9207958371124923e-06,1.0223577275601785,1.963740467137378e-06,0.003182191338377195,0.7043155377627607,0.0022412668037531326,0.10000838467615987,0.7240038128133846,0.0724064518188474,0.13595024323548932,0.7147615663934754,0.09717200880657234,0.02633229332490442,0.6669390280778934,0.017562034117173754,9.407262690333797e-05,1.0,9.407262690333797e-05,0.002400597531419506,0.7165760480181453,0.0017202106919467046,1.6406229020248248e-14,1.0,1.6406229020248248e-14,1.0,1.0,1.0,0.0051975005671535904,0.13796363216967886,-14.987971687976849,-1.1097236894439528,9.441044867763843,-5.6742025633744015,-1.9809934537383003,-87.2467527852893,55.17481832761764,8.785490916259306,-3.785235070147666,373.15,11.5,0.1
390,0.001779544501386894,0.23603780713582312,0.00042003978180797435,5.82746852553183e-10,0.7188384766856071,4.189008597826624e-10,0.9951607040108613,1.0004403738113485,0.9955989467229908,2.4220436873927705e-06,1.022332595164393,2.476134208533788e-06,0.0032707274934242435,0.7023991071093183,0.0022973560709790876,0.10000854498367304,0.7209563253879162,0.07210179309882102,0.1358056462957306,0.7114008220092813,0.09661224840828445,0.026477205983724193,0.6636326661195832,0.017571138798376268,9.401718792230684e-05,1.0,9.401718792230684e-05,0.0024900794148821994,0.7137278779825208,0.0017772390967918288,1.6837254509393493e-14,1.0,1.6837254509393493e-14,1.0,1.0,1.0,0.005052694038498531,0.13758519137986436,-14.909573837250248,-1.1187109318055561,9.37788874826021,-5.557973490322993,-1.9053565132550758,-86.14417063385336,54.63343057423108,8.732288353198264,-3.7923569631631633,378.15,11.5,0.1
391,0.0015626328655381314,0.2320788283635564,0.0003626540045964763,6.717129196324316e-10,0.7150459774854837,4.803056212082001e-10,0.995161292131105,1.0004455023839507,0.9956046388591648,3.0400163905297226e-06,1.0223108268495302,3.1078416698385643e-06,0.003361562406435051,0.7005446505959847,0.00235492456147264,0.10000870973016632,0.7179701321316043,0.07180326653927878,0.1356804029380938,0.7080216490059823,0.09606466262602531,0.026602723808982178,0.6603945546265755,0.01756829394168658,9.401020764231247e-05,1.0,9.401020764231247e-05,0.0025821419331469504,0.7109519432764937,0.0018357788251865464,1.7275909903808943e-14,1.0,1.7275909903808943e-14,1.0,1.0,1.0,0.0049272352883637125,0.13724303647534486,-14.836415559723816,-1.1279409554629392,9.318482330609804,-5.445308068949737,-1.832042728531964,-85.0762406331781,54.108909143600414,8.68163524285841,-3.7993882769198155,383.15,11.5,0.1
392,0.0013655790089621602,0.23001946618145117,0.00031410975467007125,7.679994973601018e-10,0.7112340515696461,5.46227394110876e-10,0.9951614432138853,1.000450659066751,0.9956099217411506,3.798357114240937e-06,1.0222928976300492,3.883033500551076e-06,0.003454481912097737,0.6987065822562347,0.002413669250267793,0.10000887855183865,0.7149996581502281,0.07150631397655231,0.13557724764836387,0.7046378514309336,0.09553286048586274,0.026706123137356857,0.6571802964308522,0.017550737919927017,9.404027292146748e-05,1.0,9.404027292146748e-05,0.002676606797145835,0.7082017552194131,0.0018955776317708913,1.772027802015119e-14,1.0,1.772027802015119e-14,1.0,1.0,1.0,0.004823859278174138,0.13694282742532557,-14.768236340642401,-1.1374092909331606,9.262626523140158,-5.336093235453166,-1.7609629564268094,-84.04158970907257,53.60067007519645,8.633438551628197,-3.806342073670109,388.15,11.5,0.1
393,0.001205757468626996,0.22610961456237408,0.000272633356486954,8.717366093698851e-10,0.7073931733678843,6.166605264431221e-10,0.9951608821101579,1.0004562532170291,0.9956149274640822,4.724977503464969e-06,1.0222816576503073,4.830257834602581e-06,0.003548487139946741,0.6967455781546698,0.0024723927238966023,0.10000904963850071,0.7119044711957893,0.07119688959769027,0.13551258163801452,0.7012692241085964,0.09503080298224327,0.026771033643118305,0.6538548031508716,0.01750436893286648,9.407355893852203e-05,1.0,9.407355893852203e-05,0.0027724971509313725,0.7053374307102173,0.0019555460170893324,1.8162776583229884e-14,1.0,1.8162776583229884e-14,1.0,1.0,1.0,0.0047589695860772024,0.13671833997837812,-14.704604576805833,-1.1470970883955958,9.209953850660128,-5.2301960302189885,-1.6920326381681738,-83.03889216209039,53.10812974540137,8.587597693038672,-3.813242349013382,393.15,11.5,0.1
394,0.0010783976502724022,0.219913299290082,0.00023715398521807597,9.824878464223793e-10,0.7035311200259166,6.912107750053872e-10,0.9951596900950722,1.000462222227573,0.9956196750238188,5.851937736104629e-06,1.0222762935005465,5.982297218661024e-06,0.003643637190293892,0.6946791945491687,0.0025311589485827565,0.10000922315522123,0.7087032012047355,0.07087685660010405,0.13548172568908895,0.6979184058884909,0.09455519001995077,0.026802134347474145,0.6504354137939029,0.01743305734485912,9.411053045307223e-05,1.0,9.411053045307223e-05,0.002869936678042742,0.702376155399188,0.0020157750901627788,1.8603884571737243e-14,1.0,1.8603884571737243e-14,1.0,1.0,1.0,0.004727886778302399,0.1365601243218492,-14.645396746247178,-1.157008124118861,9.160389500435256,-5.1275372316520755,-1.6251715878569364,-82.06693859888759,52.63077684268994,8.544040941971375,-3.8200953907722055,398.15,11.5,0.1
395,0.0009608392140394265,0.2153795564618114,0.00020694512375092709,1.099977998888456e-09,0.6990590957420467,7.689496252391099e-10,0.9951581361810701,1.000469400609591,0.9956252640168329,7.214528731646575e-06,1.0222735283048563,7.3752217415571e-06,0.00374369352134203,0.6920579943367313,0.00259085302979138,0.1000094058269725,0.7049380468204738,0.0705004352073421,0.1354658250031991,0.693968866165748,0.09400906498167773,0.026818354879636044,0.6465065105177753,0.01733824103106085,9.408727550801357e-05,1.0,9.408727550801357e-05,0.0029726934471476893,0.6988623746981745,0.0020775036017233357,1.9035525254951194e-14,1.0,1.9035525254951194e-14,1.0,1.0,1.0,0.004711747264113103,0.1364266653172165,-14.590761296786724,-1.167167440024326,9.114102110390084,-5.0281436457885,-1.5603032003660735,-81.12468387757676,52.168224274416175,8.502751802503518,-3.8276338256102327,403.15,11.5,0.1
396,0.0008582783974066184,0.21099926875246855,0.00018109611423883714,1.222881878851776e-09,0.6945889533935716,8.494002443556195e-10,0.9951562289291387,1.0004767046837229,0.9956306245645051,8.855827698056345e-06,1.0222737615582893,9.053080292604154e-06,0.0038457220403419253,0.6894175746137299,0.002651308361691094,0.10000959258288424,0.7011571450376897,0.07012244041179763,0.13546717817253617,0.6900350137445546,0.09347709615222204,0.026817312090207362,0.6425699676524861,0.01723199936233117,9.408011809190615e-05,1.0,9.408011809190615e-05,0.003077995887171289,0.6953382381134542,0.0021402482371061416,1.9469205454016707e-14,1.0,1.9469205454016707e-14,1.0,1.0,1.0,0.0047128562654466,0.13632545779282468,-14.540427828391246,-1.177566746450698,9.070887618407404,-4.931853099242095,-1.4973556176009266,-80.21094807914211,51.719909960463696,8.46361980834887,-3.8351400507595654,408.15,11.5,0.1
397,0.0007770654105618277,0.20442524256521485,0.00015885178504313984,1.3505823905664427e-09,0.6901183420862997,9.320616802286636e-10,0.9951538720929204,1.0004842803301766,0.9956358055386741,1.0824161890200806e-05,1.0222780110832044,1.1065302688757105e-05,0.00394918206009807,0.686707866592811,0.002711934387276549,0.10000978250612867,0.6973105069847432,0.06973787214278247,0.1354916418486704,0.6861259624228745,0.0929643331636744,0.026793164382913567,0.6385774520364413,0.01710951064363448,9.407251432001169e-05,1.0,9.407251432001169e-05,0.003185383428988829,0.6917535514706578,0.0022035002997988036,1.990120606442482e-14,1.0,1.990120606442482e-14,1.0,1.0,1.0,0.004737071632550098,0.13626870860981463,-14.49416037517885,-1.1881995035097912,9.03055534676985,-4.838581151088006,-1.4362600609843867,-79.32467948798728,51.28536509921292,8.42657505026511,-3.84262534233223,413.15,11.5,0.1
398,0.0006984009336845486,0.20016235719108938,0.00013979357715075694,1.4813499058378677e-09,0.6856600625202675,1.0157024690511833e-09,0.995151363803948,1.000491798060444,0.9956407773145148,1.317317126763526e-05,1.0222831848110687,1.3466711477539846e-05,0.0040550245187718865,0.6840398155387517,0.0027737982238258364,0.1000099774453767,0.693510840744614,0.06935800354099306,0.13552142370688747,0.6822254201583472,0.0924561602288887,0.02676368551693342,0.6346364024262581,0.016985209092134374,9.40860312852576e-05,1.0,9.40860312852576e-05,0.0032959358397862807,0.6882185621268082,0.002268324224519928,2.0337811536904826e-14,1.0,2.0337811536904826e-14,1.0,1.0,1.0,0.004766598623724071,0.13621982612192193,-14.452055439592653,-1.1990858197685867,8.993233491828796,-4.7482930676173645,-1.376951137256752,-78.46492309556417,50.86418382097073,8.39157338995354,-3.8500919842324763,418.15,11.5,0.1
399,0.0006243150394789154,0.19765066806726558,0.00012339628463744893,1.614051107671043e-09,0.6812156367391033,1.0995168530415859e-09,0.9951486745310616,1.0004993051480295,0.9956455573873096,1.5963908909846234e-05,1.0222895985348985,1.6319738030494405e-05,0.004162975813298408,0.6813940999133162,0.002836627157263374,0.10001017700041116,0.6897390889393997,0.06898092836893172,0.1355583407466551,0.6783389289183279,0.09195449966803174,0.026727067440747494,0.630728034361617,0.016857510711153035,9.411107123496363e-05,1.0,9.411107123496363e-05,0.003409492027291291,0.6847137265930898,0.002334525991796048,2.0777185807545047e-14,1.0,2.0777185807545047e-14,1.0,1.0,1.0,0.00480325476168717,0.1361826574001851,-14.413950213497984,-1.2102244145164842,8.95879810952568,-4.660921342631649,-1.3193665825603098,-77.63073488190183,50.45593956658629,8.35855503159096,-3.8575474746362723,423.15,11.5,0.1
400,0.0005723135607731768,0.19067648707455687,0.00010912673927336026,1.7500339979811934e-09,0.6760996927671081,1.183197448367078e-09,0.9951454106749803,1.0005085787951387,0.995651520528929,1.926279840528739e-05,1.022300696729975,1.969237223069433e-05,0.004275278331450159,0.6779909270242116,0.002898599919226418,0.10001038508179091,0.6852078055737283,0.06852789649647748,0.13562221272489666,0.6738153444516658,0.09138432798252334,0.026663634921800662,0.6261263627011228,0.016694804749977685,9.400945910118989e-05,1.0,9.400945910118989e-05,0.0035282890183425744,0.6804575079324723,0.0024008507526868976,2.1190337196858243e-14,1.0,2.1190337196858243e-14,1.0,1.0,1.0,0.004866854690628623,0.13619452803570387,-14.379511889559126,-1.2215989188162861,8.926942775591025,-4.576443846713836,-1.2634465038949474,-76.82125693235247,50.06026314083951,8.327483928426856,-3.8658520479242875,428.15,11.5,0.1
401,0.0005206499550737414,0.18592936783319425,9.680411700924174e-05,1.885503415163975e-09,0.671010680283145,1.2651929292853737e-09,0.9951420319130189,1.0005178032435076,0.9956573196848942,2.3146194098124626e-05,1.0223123329527632,2.366263968743125e-05,0.004389747374170191,0.6746292026486631,0.0029614517708654977,0.1000105981273725,0.6807267103940723,0.06807988546778984,0.13568918009719608,0.6693125876022451,0.09081847624048138,0.026597110614805908,0.6215785187123759,0.01653219261798027,9.391230098428499e-05,1.0,9.391230098428499e-05,0.003650425956203432,0.6762517023237362,0.0024686067670893234,2.1604405990265563e-14,1.0,2.1604405990265563e-14,1.0,1.0,1.0,0.004933543523342057,0.13620983193777325,-14.348873826829273,-1.233231708255597,8.897843243867385,-4.494774073682786,-1.2091349842279389,-76.03560483298108,49.67672815956381,8.29829088698776,-3.874162460871326,433.15,11.5,0.1
402,0.00047477805519574064,0.18135995699183097,8.610572767096467e-05,2.019338531718849e-09,0.6659457117471828,1.3447698357640199e-09,0.9951384572277256,1.000527090853588,0.9956629856065841,2.769744331311857e-05,1.0223253698583514,2.8315798979214674e-05,0.004505810418984878,0.6712709500647158,0.003024619640763475,0.10001081522863195,0.676257814748242,0.06763309535770484,0.13576420633339922,0.6648371822258105,0.09026109238582067,0.02652254469377834,0.6170478256986206,0.016365678535290407,9.380447791661255e-05,1.0,9.380447791661255e-05,0.0037754819009511212,0.6720583397859637,0.0025373440982451654,2.2015830868244202e-14,1.0,2.2015830868244202e-14,1.0,1.0,1.0,0.005008285917493738,0.13623898640793353,-14.321854322810198,-1.2451182967183532,8.871352041023194,-4.415854930124508,-1.1563781319349054,-75.27295876661506,49.30494715691328,8.27092200566132,-3.8824891845850904,438.15,11.5,0.1
403,0.0004389214469301273,0.17491748913341168,7.677503742382189e-05,2.1504069091510537e-09,0.6609020991075237,1.4212084401932536e-09,0.9951346263547279,1.0005365324940032,0.9956685484176749,3.300762551210734e-05,1.0223404613484652,3.3745031094065185e-05,0.004622915985767493,0.6678867620156856,0.003087584388804802,0.10001103553194625,0.6717717923181614,0.06718459259089085,0.1358510535025901,0.6603938627260377,0.08971520197797711,0.02643618712326423,0.6125060219008426,0.016192323809096854,9.367257029977928e-05,1.0,9.367257029977928e-05,0.0039030741181588897,0.6678480581066701,0.0026066604704588193,2.2421360181344637e-14,1.0,2.2421360181344637e-14,1.0,1.0,1.0,0.005094845058209728,0.1362899770999272,-14.298294415239369,-1.2572554765743285,8.847342222011253,-4.339636783185137,-1.105124530627264,-74.53253900133447,48.944547135753,8.245326843336825,-3.8908432970055626,443.15,11.5,0.1
404,0.00039914608462268686,0.1720369970311363,6.866789377522284e-05,2.2764380138816857e-09,0.655890959952183,1.4930951141964978e-09,0.9951307561088641,1.0005458625456478,0.9956739607166462,3.9173486194259e-05,1.0223553308305282,4.0049222437916816e-05,0.004741800067757812,0.6645606533141156,0.0031512137509140483,0.10001126056464026,0.6673536102985043,0.06674287580831711,0.13593662229470543,0.655971233851053,0.0891705138522025,0.02635112465589686,0.6080337871151126,0.016022374119267387,9.353161537451478e-05,1.0,9.353161537451478e-05,0.004034147113603142,0.6637041197715717,0.0026774800590629996,2.2825775784290737e-14,1.0,2.2825775784290737e-14,1.0,1.0,1.0,0.0051801196385747586,0.1363357706557661,-14.27826821883473,-1.2696601351642849,8.8259125256608,-4.266098931044195,-1.0553251312530159,-73.81362491238448,48.59518961906775,8.221468852010126,-3.899227208516847,448.15,11.5,0.1
405,0.0003727008741062988,0.16510611691380506,6.153519409407192e-05,2.400158174166327e-09,0.6501166300413243,1.5603827437551489e-09,0.9951264151795552,1.0005571586766862,0.9956808584961722,4.629572491948794e-05,1.0223735831828442,4.73315261719842e-05,0.004865846782825481,0.6603983915843245,0.0032133973890737084,0.10001149631948736,0.662106296234214,0.0662182414089375,0.13604165426806605,0.6508054887348407,0.08853665529422494,0.02624678386903992,0.6028080338888542,0.015821772180001643,9.322320750247045e-05,1.0,9.322320750247045e-05,0.004172127948658859,0.6587352060659369,0.002748327563993248,2.3192009993144093e-14,1.0,2.3192009993144093e-14,1.0,1.0,1.0,0.005284843381851268,0.13641435754233053,-14.261462516601787,-1.282314627146695,8.806768861188594,-4.195241196038537,-1.0069323517699518,-73.11554421345035,48.25656234551153,8.199321650844704,-3.9086801509647673,453.15,11.5,0.1
406,0.0003452217221554456,0.16018852577866127,5.5300558738851426e-05,2.5166473306658732e-09,0.6443851360011963,1.6216901324381781e-09,0.9951219906710361,1.000568421364857,0.9956876392711724,5.4489393517505894e-05,1.0223920624644782,5.570952342080139e-05,0.004991154589402344,0.6562786307944813,0.0032755881000165617,0.10001173622912761,0.6569139575593314,0.06569910544865619,0.13614799025342478,0.6456749454235456,0.08790734617640547,0.026141172125179187,0.597639703528284,0.015623002358773935,9.28884904827474e-05,1.0,9.28884904827474e-05,0.0043134863820520186,0.6538188027996495,0.002820238502205843,2.3551552154023072e-14,1.0,2.3551552154023072e-14,1.0,1.0,1.0,0.005390865705075295,0.13649321449222754,-14.247958145694835,-1.295235886391596,8.790032125851356,-4.126983248776235,-0.9599021001657388,-72.43756998034002,47.92827275504441,8.178816221824404,-3.91818665547567,458.15,11.5,0.1
407,0.00032049722586476324,0.15547074061065685,4.98279410688557e-05,2.6248952156764317e-09,0.6386937874642169,1.6765042669970851e-09,0.9951174301781747,1.000579727971054,0.9956943275869323,6.387214037800928e-05,1.022411344109026,6.530360089500081e-05,0.005117128979231918,0.6521764780964816,0.0033372711556409174,0.10001197941185405,0.6517516434058523,0.06518297194194815,0.13625894083524992,0.6405833388854367,0.08728520727323757,0.026030989957330802,0.5925048350820007,0.0154234874116895,9.251491526496072e-05,1.0,9.251491526496072e-05,0.004457850659998828,0.6489300623807948,0.002892833306877308,2.3901044910719786e-14,1.0,2.3901044910719786e-14,1.0,1.0,1.0,0.00550149834547469,0.13657944068600988,-14.237619294483295,-1.3084212577849381,8.775595336878208,-4.061289848521666,-0.9141915361615287,-71.779043624991,47.60997578242635,8.159905294615925,-3.9277605512736766,463.15,11.5,0.1
408,0.00030169486296596505,0.14917844206611613,4.5006369636613055e-05,2.723999929047128e-09,0.6330400114339323,1.7244009462300243e-09,0.9951126921854573,1.0005911458486656,0.9957009489223972,7.456617314671972e-05,1.0224318960980838,7.62388337951787e-05,0.005243173535741489,0.6480713009688103,0.003397950294513224,0.10001222499242135,0.6465987077772982,0.06466777544203205,0.13637719813803506,0.6355334557862454,0.08667227202311095,0.025913555433314455,0.5873836737395118,0.015221199390072727,9.209086846145757e-05,1.0,9.209086846145757e-05,0.004604857174625767,0.6440484211488234,0.0029657509929335584,2.4237213133067458e-14,1.0,2.4237213133067458e-14,1.0,1.0,1.0,0.005619434571854174,0.13667889572500097,-14.230320816315105,-1.3218685379343214,8.7633617475078,-3.998129966073013,-0.8697596715602555,-71.13933175557243,47.301329680200375,8.142541792210023,-3.9374171613156586,468.15,11.5,0.1
409,0.0002792159311159086,0.14602015259967208,4.077115286980448e-05,2.8121755506682837e-09,0.6274320867807368,1.7644491741495696e-09,0.9951079249227465,1.000602482864538,0.9957074603958782,8.669439732211112e-05,1.0224521507241753,8.864087299772869e-05,0.00536974299673583,0.6440207469626548,0.0034582258957552943,0.10001247402756518,0.6415131946913779,0.0641593217224118,0.13649374248433524,0.6305177768046348,0.08606173105896738,0.025797881024597687,0.5823311531013617,0.01502290980462571,9.162527179726067e-05,1.0,9.162527179726067e-05,0.0047552153853802825,0.6392308239467768,0.003039680248841027,2.456280139142288e-14,1.0,2.456280139142288e-14,1.0,1.0,1.0,0.00573565332517385,0.1367729612276267,-14.226096843604187,-1.3355899804232727,8.753390847195933,-3.937488330272464,-0.8265672980647478,-70.51783542900418,47.00200537976346,8.126684105004475,-3.9471648152024805,473.15,11.5,0.1
410,0.02569043727554102,0.2700676000796414,0.006938154740001925,1.480888728198472e-12,0.7481413032741128,1.107914023118348e-12,0.9947652101857553,1.0005345609949705,0.9952969728662742,1.0325058429569503e-09,1.0263516758270341,1.0597141022200704e-09,0.0004172139582865209,0.6850346776839055,0.00028580602944003325,0.10000692626686854,0.7226456263426191,0.07226956787072134,0.15888541908864637,0.7463296696942767,0.11858090234766618,0.00549123436741926,0.6788226976744253,0.0037275745268540586,2.38866359158082e-05,1.0,2.38866359158082e-05,0.0015891699464710284,0.7191619882418431,0.0011428706183582878,1.3085187672861485e-14,1.0,1.3085187672861485e-14,1.0,1.0,1.0,0.026107652266333384,0.18457585636566834,-18.47139442580124,-1.001127598639737,11.955493940631095,-9.804075576499503,-4.177910205078161,-120.4640902018729,71.58433366342074,11.010794173163692,-3.641123360777636,273.15,12.0,0.1
411,0.024180875613731955,0.2700157124030615,0.00652921635537165,2.2561490593416214e-12,0.7476808183756639,1.6868793750660293e-12,0.9947889071891299,1.0005241975110817,0.9953103730583303,1.6627948524810082e-09,1.0261036933452892,1.7061999394062995e-09,0.0005051253072438273,0.6869493639600898,0.00034699550853129217,0.10000709197395918,0.7242426227522111,0.07242939858504178,0.15746398941301917,0.746186005472942,0.11749742526593443,0.00690887259300827,0.6789801145880019,0.004690987104874662,2.795049043793458e-05,1.0,2.795049043793458e-05,0.001681148313600172,0.7198933303099622,0.0012102474582226046,1.3793521936184598e-14,1.0,1.3793521936184598e-14,1.0,1.0,1.0,0.024686002583770635,0.18164486502900729,-18.204127590375766,-1.0047024981541661,11.772915971718039,-9.51388731556836,-4.025947513676617,-118.13179148862388,70.45641864062921,10.839531943763976,-3.646406868586167,278.15,12.0,0.1
412,0.022502561689045197,0.27019744476121443,0.006080134668961608,3.350362824744648e-12,0.7474841060610394,2.5043429610343934e-12,0.9948153762376316,1.0005130814471697,0.9953257975505383,2.6143999597429638e-09,1.025827502455221,2.681923381122151e-09,0.0005996779182789343,0.6891455784847142,0.0004132653858968452,0.10000726968240768,0.7259931779861706,0.07260459553845117,0.15588046499193933,0.7459792671109903,0.11628359503160729,0.008488605514810059,0.679440039742225,0.005767498468338617,3.203412313038221e-05,1.0,3.203412313038221e-05,0.001779788501702703,0.7208949375195475,0.0012830405207329794,1.4524467032324464e-14,1.0,1.4524467032324464e-14,1.0,1.0,1.0,0.023102242221724092,0.17838302668433495,-17.954454940039028,-1.0087355775539422,11.601306196274125,-9.240614828467615,-3.879834465407491,-115.8994154477361,69.37513862507572,10.679517999474005,-3.6524504564810356,283.15,12.0,0.1
413,0.020696924780920736,0.2705668654379083,0.005599902062177891,4.863383284838935e-12,0.7475089554426976,3.635422559167431e-12,0.9948439466304463,1.0005014589208392,0.995342820002327,4.0222324029823385e-09,1.0255300282893454,4.124920110016801e-09,0.0006990380800544743,0.6915772620567096,0.0004834388414774523,0.10000745588756273,0.7278677095944164,0.07279219785924493,0.15417443687534554,0.7457033930354549,0.11496840069727571,0.010190948004329563,0.6801582646054566,0.006931457509309238,3.6025851283248545e-05,1.0,3.6025851283248545e-05,0.0018831453464206868,0.7221266306323583,0.0013598694040017761,1.5263579639183938e-14,1.0,1.5263579639183938e-14,1.0,1.0,1.0,0.021395966883207614,0.17487136166112963,-17.720602060047625,-1.0131777503901227,11.439445102150486,-8.982727834536814,-3.739265104034438,-113.76083993613582,68.33781594609053,10.529804077168963,-3.6590678667729257,288.15,12.0,0.1
414,0.01881597758289283,0.27106274963224963,0.0051003106206377,6.918806452069027e-12,0.7476957875403678,5.173162439019132e-12,0.9948737615816864,1.0004896418615903,0.9953608934223545,6.06849632606935e-09,1.0252200193625716,6.2215439209145095e-09,0.0008012871539033323,0.6941791825705708,0.0005562368615009144,0.10000764696042774,0.7298176675385736,0.0729873476406805,0.152395994482142,0.7453507716767582,0.11358847208771151,0.011965900497769601,0.6810703998912802,0.00814962063707521,3.9829854112453806e-05,1.0,3.9829854112453806e-05,0.0019892047111744206,0.7235299801981938,0.001439249245286183,1.5996852463137044e-14,1.0,1.5996852463137044e-14,1.0,1.0,1.0,0.019617270805292488,0.17121197207195363,-17.50095210038276,-1.0179820536809125,11.286243884385803,-8.738772421868532,-3.6039543254009243,-111.71032146524178,67.34183318199975,10.389480879644251,-3.666087791218012,293.15,12.0,0.1
415,0.016912945679869913,0.27175883092497005,0.004596242345458969,9.666869510369935e-12,0.7479711306939455,7.230539317942218e-12,0.994903934485453,1.000477838072295,0.9953793374636262,8.997888050898079e-09,1.0249064620844806,9.221993608478176e-09,0.0009047146868983146,0.6969275010286415,0.000630520545883952,0.10000783970303186,0.7318374553954458,0.07318948292786245,0.15059664894310607,0.7449071931571261,0.1121805270630782,0.013762011435034374,0.6821513443040145,0.009387774600735916,4.338130381928217e-05,1.0,4.338130381928217e-05,0.0020961917680685383,0.7250896644419347,0.0015199269857147629,1.6714171816483566e-14,1.0,1.6714171816483566e-14,1.0,1.0,1.0,0.01781766936465628,0.16750959463264284,-17.294134698011035,-1.0231096900998096,11.140829307951543,-8.507376160835566,-3.473636237456755,-109.74248850291985,66.38467290704507,10.257687746346004,-3.673330373805205,298.15,12.0,0.1
416,0.015070831371370283,0.27145826933758266,0.004091101801550725,1.3314729226084696e-11,0.7476738764583679,9.955075214460263e-12,0.9949330516015104,1.000468084824073,0.9953987646639336,1.3134261285034507e-08,1.0246035039895065,1.345741013496007e-08,0.0010075264173466515,0.6990664438270836,0.0007043279096363657,0.10000803065610442,0.7331579718941434,0.07332168492895684,0.1488576040270929,0.7438161572779997,0.1107226910090423,0.015498197493518757,0.6826576933489317,0.010579963751991711,4.655406748804931e-05,1.0,4.655406748804931e-05,0.0022021867306972324,0.7260350340596441,0.0015988647180274621,1.7378355324747444e-14,1.0,1.7378355324747444e-14,1.0,1.0,1.0,0.01607837092297822,0.16392843541177793,-17.098470932706565,-1.0284978639694702,11.001955454360663,-8.28737590590768,-3.3480620194793715,-107.85245230862574,65.46406472950198,10.13368041439975,-3.681306379306155,303.15,12.0,0.1
417,0.01330989020417343,0.27109564640396633,0.0036082532884662154,1.8071858960129877e-11,0.7473355680674846,1.3505742982004113e-11,0.9949607825228106,1.000458993912957,0.9954174634656194,1.8908818321407822e-08,1.024314506473012,1.9368576906880712e-08,0.0011088255325041685,0.701144048212401,0.0007774464226212441,0.10000821830743689,0.7343673955755067,0.07344277481457913,0.14719821689160245,0.7426423558908544,0.1093156305753126,0.01715504200090246,0.6831246027379582,0.011719031251819476,4.9405174032231184e-05,1.0,4.9405174032231184e-05,0.002306350660483855,0.7269404641386481,0.0016765796195986108,1.801135534528679e-14,1.0,1.801135534528679e-14,1.0,1.0,1.0,0.01441873464549592,0.16050810711384772,-16.91340196719443,-1.0341456027967155,10.869481519280388,-8.07762433739288,-3.2270001066427754,-106.03559475472973,64.5777975884258,10.01673390969042,-3.689249114891818,308.15,12.0,0.1
418,0.011664628592180029,0.2706222267671782,0.003156707764027854,2.419953908041266e-11,0.7469000447658166,1.8074636822472345e-11,0.9949865410846437,1.0004507704399812,0.9954350516055437,2.6886098315129213e-08,1.0240453206169617,2.7532583169255644e-08,0.001207784573097332,0.7030965496265936,0.0008491891660369623,0.10000840117365822,0.7354122653529975,0.07354740486145137,0.1456521650863503,0.7413850309481369,0.10798433492020695,0.018698861420602616,0.6834856077307234,0.012780402661933152,5.193817181788837e-05,1.0,5.193817181788837e-05,0.0024078607588316203,0.7277452774199731,0.0017523092959245844,1.8611305317260407e-14,1.0,1.8611305317260407e-14,1.0,1.0,1.0,0.012872440051375675,0.15731679370272986,-16.738096732986893,-1.040032801114757,10.742930420317293,-7.877184992636735,-3.110233321339483,-104.28774454090652,63.72392178865922,9.906241770910828,-3.6970648640309838,313.15,12.0,0.1
419,0.010157810478884364,0.2700038627517443,0.0027426480663989227,3.19991475277918e-11,0.7463249091005638,2.3881760869974776e-11,0.9950099374412746,1.000443548551119,0.9954512726573758,3.780238377496899e-08,1.0237998106973876,3.870207335272327e-08,0.0013039320565132464,0.7048750925248585,0.0009191092289809038,0.10000857844109454,0.7362517349930873,0.07363148939144809,0.14424174072819732,0.7400460033625761,0.10674552374396333,0.02010734318238387,0.6836890047330499,0.013747169448189909,5.4172176628001256e-05,1.0,5.4172176628001256e-05,0.002506266122436101,0.7284021339860295,0.001825569591919347,1.9178790626306366e-14,1.0,1.9178790626306366e-14,1.0,1.0,1.0,0.011461780337781386,0.1543995512390808,-16.571872964717873,-1.0461454490308817,10.62193365459796,-7.6852408047562015,-2.997558234486263,-102.60506762242738,62.900657398771656,9.80166933884265,-3.7046864271848463,318.15,12.0,0.1
420,0.008801090308656823,0.2692209814920111,0.0023694381710964176,4.181161192823704e-11,0.7455824334341838,3.117400336726069e-11,0.9950307684963793,1.000437394704181,0.9954659896850167,5.261173677287307e-08,1.0235799601278044,5.385231942823195e-08,0.0013971089305115862,0.7064471169615555,0.000986983576041152,0.10000874987746611,0.7368592058741783,0.07369236801517899,0.14297843985494116,0.7386293417502741,0.10560807091453632,0.021368961695751046,0.6836994960507069,0.01460994834251185,5.613635931745104e-05,1.0,5.613635931745104e-05,0.002601438775710399,0.7288786151070635,0.0018961330921256107,1.9716163268114892e-14,1.0,1.9716163268114892e-14,1.0,1.0,1.0,0.010198251850905182,0.1517795302054096,-16.41416960620078,-1.0524746010493171,10.506207422020001,-7.501082399015137,-2.888784106603363,-100.98403847062055,62.10638178935022,9.702547161767397,-3.712071474881633,323.15,12.0,0.1
421,0.007612633457207923,0.26747111749745694,0.002036159577897933,5.408514045332867e-11,0.7440958547701819,4.024452881598492e-11,0.9950486844423247,1.0004335696948317,0.995480107396781,7.255722504223073e-08,1.0233890385849893,7.42542687783632e-08,0.0014880357045562141,0.7072557974918334,0.0010524218789222275,0.10000891674608928,0.7366622816836066,0.07367279679887996,0.14188115127211093,0.736605551346344,0.1045104436584473,0.022464850780378253,0.6829744904007176,0.015342920013657,5.781017143794968e-05,1.0,5.781017143794968e-05,0.0026940811807565006,0.7286033569529089,0.0019629165922028426,2.0203518485330806e-14,1.0,2.0203518485330806e-14,1.0,1.0,1.0,0.00910074171898918,0.149493784783404,-16.26426121319127,-1.0589983815297694,10.395293152973972,-7.324006019829728,-2.7837315170951267,-99.42132218039532,61.339526676666026,9.60841949598363,-3.719793708682006,328.15,12.0,0.1
422,0.0065717588616609,0.26539351675054984,0.0017441021955327768,6.919685155281039e-11,0.7424360168666556,5.1374234846581805e-11,0.9950640603913665,1.0004307994457164,0.9954927334370355,9.920641982630239e-08,1.0232233927536354,1.0151032947761071e-07,0.001576482850991443,0.7078190934891184,0.0011158646624899037,0.1000090787973664,0.7362025071850624,0.07362693455188961,0.14092896562535834,0.7345290663171133,0.103516421537831,0.02341582995987489,0.6820158102702024,0.015969966243233356,5.928303341716622e-05,1.0,5.928303341716622e-05,0.002784056363000607,0.7281072770878529,0.0020270916977234827,2.0667635010994817e-14,1.0,2.0667635010994817e-14,1.0,1.0,1.0,0.00814834091907217,0.14750072455621605,-16.122017538369068,-1.0657313809125293,10.289254633327687,-7.153568964486754,-2.6822327190775592,-97.91401532409435,60.59882888867381,9.51896988370142,-3.727257573209391,333.15,12.0,0.1
423,0.00566252965845691,0.26335649422179275,0.0014912639592781366,8.757861639166847e-11,0.7406095296305136,6.486155789152483e-11,0.995077157338157,1.0004288725039334,0.9955039185702317,1.3456952360054555e-07,1.023080346895695,1.3767543488683453e-07,0.0016630696721628433,0.7081994783721458,0.001177785074322261,0.10000923723124872,0.7355458323525358,0.07356137764220104,0.14010656895683044,0.7323988706665029,0.10261389287694113,0.024237170443942087,0.6808829881295101,0.016502677035675532,6.059966599627688e-05,1.0,6.059966599627688e-05,0.0028720323801415693,0.7274513837029539,0.002089263928973673,2.111495937263242e-14,1.0,2.111495937263242e-14,1.0,1.0,1.0,0.007325733900143354,0.14576909870286595,-15.987162536228979,-1.0726778902562322,10.1880126243407,-6.989287728548337,-2.584129637156541,-96.45933071835775,59.88302846832252,9.433870535639349,-3.734461135836309,338.15,12.0,0.1
424,0.004879093361435818,0.2610107590256881,0.0012734958616255586,1.0970158604078506e-10,0.7386249881558673,8.10283326900547e-11,0.995088071674589,1.0004278570994893,0.9955138271706723,1.8117162661207892e-07,1.022958909878684,1.8533112966004018e-07,0.001748000733855976,0.7083579102451081,0.0012382101469411346,0.10000939245881174,0.7346536075194188,0.07347226095569138,0.1394083164170221,0.7302277577529753,0.10179982230931935,0.024934496681440762,0.6795368797088374,0.01694391007201661,6.178114558317432e-05,1.0,6.178114558317432e-05,0.0029582399297436077,0.7265938085065777,0.0021494388170286384,2.154718038576318e-14,1.0,2.154718038576318e-14,1.0,1.0,1.0,0.006627275266918406,0.14428740988815952,-15.85933073366753,-1.079835016178737,10.0913630974246,-6.830793979997802,-2.4892734921478716,-95.05474115242987,59.19102140640378,9.352859112507481,-3.7414293183960483,343.15,12.0,0.1
425,0.004235456084377627,0.2562620483200921,0.0010853866517524075,1.361235532116717e-10,0.7364916948422697,1.0025386641281615e-10,0.9950965771118917,1.0004281928965368,0.9955226703975791,2.421302409293584e-07,1.0228613948308674,2.4766567596773723e-07,0.0018306151035914708,0.7081145520596316,0.0012962851940732701,0.10000954327075688,0.7333436829188178,0.07334136678920572,0.13884755469917764,0.728056207507644,0.10108882409599344,0.02549447339877395,0.6778013391068424,0.017280188209512756,6.281406457486656e-05,1.0,6.281406457486656e-05,0.0030420108934236714,0.7253514052084572,0.002206526876204295,2.1958720246766056e-14,1.0,2.1958720246766056e-14,1.0,1.0,1.0,0.006066313318210026,0.14308301091967882,-15.737990550197319,-1.0871869401768341,9.99889886928762,-6.677843916380807,-2.39752415597342,-93.6979775503796,58.521866433311956,9.275742585903368,-3.7481984998193028,348.15,12.0,0.1
426,0.003663841964477816,0.25295099027311074,0.0009267724531188431,1.672963066127512e-10,0.7336834261218422,1.2274252741317335e-10,0.9951037292804599,1.0004297100887618,0.9955313353922962,3.2161272976223243e-07,1.022776751119823,3.2893802286499376e-07,0.001915158157979199,0.7074233813956761,0.0013548276600251598,0.10000969745018506,0.7315629547394696,0.07316338976925779,0.13836076781797754,0.7252784135569593,0.10035007818154554,0.02598055890471075,0.6756410545475682,0.017553532216113985,6.376889409560441e-05,1.0,6.376889409560441e-05,0.003127669543443157,0.7236682009854271,0.0022633949917804205,2.2351194627280492e-14,1.0,2.2351194627280492e-14,1.0,1.0,1.0,0.005579321735186778,0.1420246099497516,-15.623305328382976,-1.094764429220111,9.911004938325235,-6.529782800956197,-2.3087492598296055,-92.38648327777307,57.87424766337667,9.202129052736383,-3.755358433601348,353.15,12.0,0.1
427,0.0031739006689275777,0.24959332124529343,0.0007921844092602926,2.0362049428129148e-10,0.73077308048208,1.4880037585522334e-10,0.9951094247516734,1.0004317962293479,0.9955391092490696,4.244496620486084e-07,1.0227063160755718,4.3408735023325346e-07,0.0019996901455026058,0.7065924048596197,0.0014129658688847697,0.10000985154525148,0.7296338383511032,0.07297057185588585,0.13795566593670008,0.7224806921439516,0.09967030501112682,0.026385018389856758,0.6733490929226771,0.017766328199558205,6.466460580271583e-05,1.0,6.466460580271583e-05,0.003213304721854552,0.7218605408252474,0.002319557884354248,2.2739219950120588e-14,1.0,2.2739219950120588e-14,1.0,1.0,1.0,0.005174015264092232,0.14112956680924818,-15.514931127959407,-1.10256284862454,9.82739597180329,-6.386590279251308,-2.222824621238823,-91.11845011017573,57.24751558246774,9.131948733342565,-3.762344916188129,358.15,12.0,0.1
428,0.0027359163383645553,0.24812304700022655,0.0006788438982127164,2.453885694532011e-10,0.7277857611144324,1.7859030678827974e-10,0.9951141506463063,1.0004339995776412,0.9955460297673916,5.567945208585277e-07,1.0226451256613993,5.694032027509472e-07,0.002085381318781912,0.705770260791289,0.0014718001172059922,0.10001000775242276,0.7277080304541738,0.0727780857672222,0.13760371251830378,0.7196505856273674,0.09902659229829723,0.026736349258068597,0.6710703822731051,0.01794197211719934,6.554394363427528e-05,1.0,6.554394363427528e-05,0.0033001417576899728,0.7200758055381901,0.002376352234558826,2.3131537099461706e-14,1.0,2.3131537099461706e-14,1.0,1.0,1.0,0.0048218544516673255,0.1403396291020569,-15.412816701399992,-1.1105972892876594,9.748142116682654,-6.2479769002710555,-2.139632699303205,-89.89190620786054,56.64078339060055,9.065002649008813,-3.769164891725836,363.15,12.0,0.1
429,0.002377394112005576,0.24488734271111207,0.0005821937266660896,2.931505831350208e-10,0.724712530881095,2.1244990103304976e-10,0.995117462180328,1.0004370363682957,0.9955523647020271,7.259494467830916e-07,1.0225977391371477,7.423542630082533e-07,0.0021709583464448816,0.7047046428024593,0.0015298844260704578,0.10001016371235448,0.7255296903234545,0.07256034310742251,0.13733114354030584,0.7168251297330945,0.09844241478467394,0.02700835518035249,0.6685592741267553,0.018056686334734055,6.636338056034414e-05,1.0,6.636338056034414e-05,0.003386878370293431,0.7180592298324839,0.0024319792741091997,2.351676683905507e-14,1.0,2.351676683905507e-14,1.0,1.0,1.0,0.00454907840789724,0.139708537945462,-15.31639640105429,-1.1188450624001036,9.672743466884706,-6.113860051224519,-2.059062344904841,-88.70518423113155,56.053400372179894,9.001199808518418,-3.7758667710261116,368.15,12.0,0.1
430,0.0020707273727553336,0.24163672545325024,0.0005003637816590109,3.47088682226916e-10,0.7215757971995805,2.504507925768387e-10,0.9951198122928872,1.000440457517421,0.9955581202949462,9.410297401987695e-07,1.0225595440949187,9.62258942117414e-07,0.0022574940343729082,0.7035458607436939,0.0015882505835366411,0.1000103214419205,0.7232523461899618,0.07233269962608124,0.13711143698456732,0.7139905099990103,0.09789626481930838,0.027227523944575067,0.66596253158514,0.018132510774924226,6.716046237512827e-05,1.0,6.716046237512827e-05,0.0034746431652769097,0.7159604481316589,0.002487707077709262,2.39029393661485e-14,1.0,2.39029393661485e-14,1.0,1.0,1.0,0.004329162436868441,0.13918216470441136,-15.225644881828734,-1.127321238935911,9.601277589603523,-5.983994697367549,-1.98100857644821,-87.55654491928244,55.48458021619098,8.940371860545971,-3.782452720857658,373.15,12.0,0.1
431,0.0018303854696072937,0.23520420352093757,0.0004305143565152808,4.079979055642684e-10,0.717811808877509,2.9286571461132234e-10,0.995120899416232,1.0004457147467338,0.9955644394758849,1.2131753039320727e-06,1.0225332711973212,1.2405121120654662e-06,0.002346219905299969,0.7016396005877624,0.0016462007972457284,0.10001048305728097,0.7202069756122496,0.07202824753220445,0.13696030767231426,0.7106160587787627,0.09732619404722669,0.027378212295478814,0.6626582181384119,0.018142397375537155,6.786710184804887e-05,1.0,6.786710184804887e-05,0.003564621883037788,0.7131157953086684,0.0025419881690971744,2.426031828797319e-14,1.0,2.426031828797319e-14,1.0,1.0,1.0,0.004177818550211195,0.13879069354991944,-15.140052322300464,-1.1360044375479854,9.533331467603658,-5.858146660689233,-1.9053715660700357,-86.4443438042196,54.9335736389674,8.882359885566423,-3.789602628861541,378.15,12.0,0.1
432,0.001607444123262395,0.23125654872924037,0.0003717319802207612,4.753268497465886e-10,0.7140202972729794,3.393930185578879e-10,0.9951215840088867,1.0004508934920282,0.9955702778548932,1.5556576580251274e-06,1.0225104647038932,1.5906762348274418e-06,0.0024374069213744646,0.6997963006526599,0.0017056883467630392,0.10001064926505462,0.7172239844989442,0.07173003635820889,0.1368291164960834,0.7072229089389175,0.09676868579590214,0.027508952526042622,0.6594231116513903,0.018140039072993403,6.85912750678261e-05,1.0,6.85912750678261e-05,0.003657220012413743,0.71034453632485,0.002597886253956001,2.4627021385144454e-14,1.0,2.4627021385144454e-14,1.0,1.0,1.0,0.004046406702294884,0.13843656109467264,-15.059942102691153,-1.1449345979927659,9.469297095527386,-5.736185160978186,-1.832057717465808,-85.36711772520654,54.39975625776118,8.827058799938792,-3.7966602468470567,383.15,12.0,0.1
433,0.0014048990779247253,0.22920000108978117,0.00032200287019137956,5.490784034815659e-10,0.7102086349615523,3.8996022342351187e-10,0.99512181926515,1.0004561004639372,0.9955756947885908,1.9842587326890376e-06,1.0224916121568548,2.028887910523531e-06,0.0025308501543880213,0.6979695530001163,0.001766456350968483,0.10001081970873592,0.7142569531475138,0.07143342336694702,0.1367206695804735,0.70382509695574,0.09622743852333045,0.027616946658018292,0.6562120225223385,0.01812257242234972,6.932424962754154e-05,1.0,6.932424962754154e-05,0.0037522554525601585,0.7075993313834466,0.00265509344941146,2.500085786500724e-14,1.0,2.500085786500724e-14,1.0,1.0,1.0,0.003937733491045436,0.13812556920747657,-14.985060312438437,-1.1541084819759762,9.40897968945728,-5.618006318379003,-1.7609778868044774,-84.3235027919984,53.88255329736695,8.774380162713449,-3.803638857780225,388.15,12.0,0.1
434,0.001240609651845776,0.22530019795061368,0.00027950960014029537,6.293938041564949e-10,0.7063669985060933,4.4458301232035566e-10,0.995121321552051,1.0004617566556127,0.9955808254454198,2.5174547999265148e-06,1.0224796483716219,2.574046298620315e-06,0.0026255594561767483,0.6960173260976945,0.0018274348721986572,0.10001099258203545,0.7111627005260006,0.07112408756692616,0.13665185217365938,0.7004428374502917,0.09571681107935578,0.02768533738426613,0.6528872644180594,0.018075404189304544,7.003511514811094e-05,1.0,7.003511514811094e-05,0.003848744076883295,0.7047375580760505,0.0027123545024023967,2.5373739272766892e-14,1.0,2.5373739272766892e-14,1.0,1.0,1.0,0.0038686865628224506,0.13789246245489897,-14.915028914316943,-1.163512160533428,9.352047135871125,-5.503549988866005,-1.6920475139718272,-83.31224612073741,53.381453952441085,8.724259796558526,-3.810562839713404,393.15,12.0,0.1
435,0.001109681597816214,0.21912281968732272,0.00024315656066862246,7.160528208749469e-10,0.7025033159417572,5.030294810540985e-10,0.9951201744582776,1.0004677979007504,0.9955856895868834,3.1772551367910076e-06,1.0224737384162201,3.2486599376168384e-06,0.0027216048280462603,0.6939574693129106,0.0018886779989407815,0.10001116805503013,0.7079601534632808,0.07080392188428108,0.13661786226482317,0.6970787939279287,0.09523341465657482,0.027718924604280094,0.649466463901807,0.018002511945902584,7.072626254151376e-05,1.0,7.072626254151376e-05,0.003946802297887108,0.7017766894779334,0.0027697738506351154,2.574600548476731e-14,1.0,2.574600548476731e-14,1.0,1.0,1.0,0.0038344636809992654,0.1377275445786922,-14.849697328441062,-1.1731481739554153,9.298406561496911,-5.392700965080504,-1.6251864127343572,-82.33210233231601,52.89591092636353,8.676607983808166,-3.817438539994618,398.15,12.0,0.1
436,0.0009884933175327232,0.21467610489913191,0.00021220589512674587,8.091892804915494e-10,0.6980283049377489,5.648370218353124e-10,0.9951186629190782,1.0004750541324017,0.9955913981521279,3.9910931925071894e-06,1.0224704407275544,4.080774815527564e-06,0.002822772823637907,0.6913442589321618,0.0019515077858917951,0.10001135295668817,0.7041952666497074,0.07042752136333302,0.1365989013094757,0.6931144286172559,0.09467866943086219,0.027737541652361516,0.6455378738691795,0.01790563366462326,7.137412807872032e-05,1.0,7.137412807872032e-05,0.004050248050911918,0.6982647635873246,0.0028281454977400343,2.6098000824712343e-14,1.0,2.6098000824712343e-14,1.0,1.0,1.0,0.0038152572343631373,0.13758739543619766,-14.78898675896615,-1.1830242072301984,9.248076845504674,-5.285176097967206,-1.5603179730007632,-81.38171632975548,52.4252271813255,8.63125325595818,-3.825000806784465,403.15,12.0,0.1
437,0.0008833972215317856,0.21022579531447672,0.0001857128834751186,9.077425282391068e-10,0.6935541152233838,6.295685660235108e-10,0.9951167772846922,1.0004824534599377,0.9955968748169352,4.988323151459884e-06,1.0224703487017128,5.100412512110012e-06,0.0029261022974568698,0.6887066709899038,0.0020152261722574303,0.10001154207122835,0.7004094936566891,0.07004903354193372,0.1365983830019247,0.6891664305851197,0.09413902003713553,0.027737729490576624,0.6415967000489614,0.017796435708004724,7.201548120703793e-05,1.0,7.201548120703793e-05,0.0041562156073418,0.6947374403685764,0.002887478592664569,2.6452535935961743e-14,1.0,2.6452535935961743e-14,1.0,1.0,1.0,0.0038144878421401155,0.13748178113119902,-14.732787581637877,-1.1931451359899936,9.20095696416763,-5.181044170465225,-1.497370339504017,-80.46013915036525,51.96907158788064,8.588200622057345,-3.8325304646276246,408.15,12.0,0.1
438,0.0007999026884442503,0.20366882752553997,0.0001629152426899677,1.0112408928734014e-09,0.6890792133268241,6.968250789451188e-10,0.9951144344717118,1.0004901247085254,0.9956021646438566,6.20373748389509e-06,1.0224743440725181,6.34316241464372e-06,0.003031122776447413,0.6860004324571392,0.002079351535473609,0.10001173458993824,0.6965587110708003,0.06966404493792237,0.13662137996649967,0.6852433910976897,0.09361889770469022,0.027714427360471357,0.6376002279762084,0.01767072520326661,7.263712661560615e-05,1.0,7.263712661560615e-05,0.004264290873995062,0.6911502976419933,0.0029472659067937227,2.6806046569028494e-14,1.0,2.6806046569028494e-14,1.0,1.0,1.0,0.0038372292023755583,0.13742128366618483,-14.680888285486194,-1.203507048381349,9.1568762273295,-5.080238618113876,-1.4362747353278895,-79.56633695501314,51.526993217551784,8.547389109434542,-3.840038181893296,413.15,12.0,0.1
439,0.0007131543835206067,0.20111377349387158,0.00014342516915352485,1.118335092440076e-09,0.6846213408656521,7.656360705234367e-10,0.9951120285238756,1.0004976176035785,0.9956072137868018,7.678422157217609e-06,1.0224783406939648,7.85102034645964e-06,0.003139137397949457,0.6833741874053374,0.002145205468477416,0.10001193299120112,0.6927937078042338,0.06928763788164279,0.1366443843822724,0.6813242806209087,0.09309913689013867,0.027691115750879527,0.6336922511560258,0.017547645477196932,7.327047059200956e-05,1.0,7.327047059200956e-05,0.004375890593536214,0.6876511251771763,0.003009086090297399,2.7167113831008495e-14,1.0,2.7167113831008495e-14,1.0,1.0,1.0,0.0038599702036272816,0.1373575398841281,-14.633376105321348,-1.2141299800968566,9.115977614337439,-4.982628520410639,-1.37696577777862,-78.69925854835745,51.098489992720275,8.508726475828306,-3.84752301014103,418.15,12.0,0.1
440,0.0006428257399064856,0.19690273332719643,0.00012657414524066453,1.2286330204636043e-09,0.6801673551742655,8.356760720084984e-10,0.9951092532892155,1.0005053360220013,0.9956121178407292,9.457702882522165e-06,1.0224855390064218,9.670364429598273e-06,0.0032488425005319727,0.6806950524105359,0.002211471016173188,0.10001213494602239,0.6889806982739821,0.06890643057098225,0.13668580825449586,0.6774284512834043,0.0925948553982635,0.027649413201754652,0.6297444033193071,0.01741206321886796,7.388113931535623e-05,1.0,7.388113931535623e-05,0.00448976735500691,0.6841072818086131,0.0030714825411868236,2.7526432726699435e-14,1.0,2.7526432726699435e-14,1.0,1.0,1.0,0.0039011259433209804,0.13732863522303534,-14.589924429708635,-1.2249995656464012,9.077962032849513,-4.88819168497503,-1.3193811689302604,-77.8580052242452,50.68318073618976,8.472175616392699,-3.855002883925456,423.15,12.0,0.1
441,0.000589361166914913,0.18994478754598657,0.00011194608163750789,1.34286538561815e-09,0.675044948748478,9.064944954107106e-10,0.9951059808005446,1.0005147282948867,0.9956181900052735,1.1596964118000915e-05,1.0224966025761977,1.185785641085401e-05,0.0033635478263484057,0.6772926047447722,0.0022781060684911275,0.10001234638714776,0.68444278678883,0.0684527290745092,0.13674946899591633,0.672890134463029,0.09201736858040996,0.02758558420598976,0.6251366539028835,0.017244759806488673,7.439697993674026e-05,1.0,7.439697993674026e-05,0.004609269585466007,0.6798460333508773,0.003133593644323906,2.7849247776526323e-14,1.0,2.7849247776526323e-14,1.0,1.0,1.0,0.003964505957381319,0.13733883150569665,-14.550269635478802,-1.2361054945190708,9.042634828766499,-4.79673569571138,-1.2634610426210962,-77.04154878135002,50.28052591238476,8.43761531419948,-3.863330594650509,428.15,12.0,0.1
442,0.0005360361401515089,0.18527475673415397,9.931396546728566e-05,1.4580905316722392e-09,0.6699495955673463,9.768471619943953e-10,0.9951025940242422,1.0005240656223018,0.9956240930844337,1.4153606124411817e-05,1.022508199960758,1.44721783212259e-05,0.003480759843613075,0.673933371902475,0.0023458002181888917,0.10001256307608138,0.6799569436081659,0.06800423671163121,0.13681620032322428,0.6683725939404759,0.09144419870311318,0.027518704524781917,0.6205844857858753,0.017077681097005228,7.49015469413559e-05,1.0,7.49015469413559e-05,0.0047321020565353885,0.675637049126342,0.003197183469642265,2.817344281672908e-14,1.0,2.817344281672908e-14,1.0,1.0,1.0,0.004030949589888996,0.13735223792146628,-14.51457903846005,-1.2474734476194338,9.010173380902367,-4.708303359121736,-1.2091494775377671,-76.24913411842003,49.890228458383106,8.405041036397407,-3.8716633592460488,433.15,12.0,0.1
443,0.0004890533008517483,0.1806429258313757,8.834401915335186e-05,1.5733541331165477e-09,0.6648777634859476,1.0460881771979023e-09,0.9950990001883269,1.000533475934797,0.995629861557668,1.7193198591694785e-05,1.0225213178719554,1.7580412082414e-05,0.003599887822306317,0.6705748283459622,0.002413994158507779,0.10001278404019956,0.6754805910670982,0.06755669447774006,0.13689167842598657,0.6638829181149473,0.09088004693909695,0.027443111063890243,0.6160468517429482,0.01690624217294165,7.538014611496411e-05,1.0,7.538014611496411e-05,0.004857790471241164,0.6714378283863724,0.0032617042847661783,2.8494973296606325e-14,1.0,2.8494973296606325e-14,1.0,1.0,1.0,0.0041061343217497605,0.1373807333001925,-14.482676706115779,-1.2590999283885418,8.980431706236955,-4.6228546998195315,-1.1563925804291928,-75.47995853631008,49.511918029619736,8.374407442014546,-3.8800120998106027,438.15,12.0,0.1
444,0.00045217681101380607,0.17421585003113896,7.877636749513989e-05,1.6876290533144503e-09,0.6598272074724438,1.113543565497839e-09,0.9950951460750114,1.0005430407637244,0.9956355233031143,2.0788357952042395e-05,1.0225365375219913,2.1256855561049193e-05,0.003720439177602685,0.6671906881140474,0.0024822423749911947,0.10001300850252173,0.6709875533578371,0.06710748387906362,0.13697924646622248,0.659425529800301,0.09032761217263476,0.027355470678148617,0.6114984958893602,0.016727829174033378,7.582148333301764e-05,1.0,7.582148333301764e-05,0.0049859761735508825,0.6672221067881795,0.0033267535269122846,2.8810620100430255e-14,1.0,2.8810620100430255e-14,1.0,1.0,1.0,0.004193404346568534,0.1374314249648653,-14.454415480542936,-1.2709832722582897,8.9532927872647,-4.54034759417256,-1.1051389358858306,-74.73324981232189,49.145229136223286,8.345667843571968,-3.8883875386892996,443.15,12.0,0.1
445,0.0004112546935768211,0.17133613842538428,7.046279110676723e-05,1.7991094843812504e-09,0.6548091777184651,1.1780734020931773e-09,0.9950912527142977,1.0005524905672674,0.9956410312449926,2.5020680189749977e-05,1.0225515435735246,2.5584935149288363e-05,0.003843162570243749,0.6638654987422468,0.002551343036442402,0.10001323798729327,0.6665633293467185,0.06666515689155589,0.1370655847473156,0.6549888746513758,0.089776433107077,0.027269089791366958,0.6070205849550473,0.016552898836347286,7.624133709585477e-05,1.0,7.624133709585477e-05,0.005117586810367416,0.6630736758465358,0.00339333709781407,2.9125097250518725e-14,1.0,2.9125097250518725e-14,1.0,1.0,1.0,0.00427943794401032,0.13747684124000187,-14.429828602561368,-1.283137272190894,8.928827649166156,-4.460708699062411,-1.0553394947142358,-74.0082346804027,48.789770660163526,8.318759372558015,-3.8967921413157556,448.15,12.0,0.1
446,0.00038406184461813687,0.1644208957634924,6.31477925206933e-05,1.9101549573589763e-09,0.6490262859421528,1.2397407775486857e-09,0.9950868779123442,1.000563932801291,0.9956480400429333,2.9985124293172656e-05,1.0225700374784559,3.0661889672265746e-05,0.003971473152986974,0.6597010137181789,0.002619984864980039,0.10001347860625576,0.6613070265743617,0.06613961615446153,0.13717198639156114,0.6498081476481773,0.08913547438632133,0.02716280311603529,0.601786732162354,0.016346214523568277,7.652191965868487e-05,1.0,7.652191965868487e-05,0.005256109737201826,0.6580971459479974,0.003459030816842,2.9386766077915946e-14,1.0,2.9386766077915946e-14,1.0,1.0,1.0,0.0043855201218982835,0.13755605014633424,-14.408493509527755,-1.2955348696466062,8.906669113748377,-4.3837927875441105,-1.006946666706231,-73.30409580495592,48.445085307144545,8.29358313166121,-3.9062686547842054,453.15,12.0,0.1
447,0.00035566195748242983,0.15957202897828077,5.675370018585835e-05,2.0164031501055598e-09,0.6432863886727572,1.2971247005397788e-09,0.9950824202175738,1.0005753377804834,0.9956549287286198,3.5771328369162e-05,1.0225887628198307,3.6579358421443306e-05,0.004101492712095032,0.6555802448471921,0.0026888575964342356,0.10001372371422512,0.6561070400020036,0.06561970822571843,0.13727971769395736,0.6446627174281324,0.08849911585635341,0.027055233267177962,0.5966115276193266,0.016141464049628268,7.6763397036916e-05,1.0,7.6763397036916e-05,0.005397946101897538,0.6531744231269969,0.0035258003311775467,2.964184103072063e-14,1.0,2.964184103072063e-14,1.0,1.0,1.0,0.004492925997946624,0.13763538166784295,-14.390610496239507,-1.3082039511356243,8.887018270521144,-4.309676607960703,-0.95991636793499,-72.6202633395245,48.11093757869039,8.270148633647386,-3.9157980542422726,458.15,12.0,0.1
448,0.0003339483957535136,0.15310844759987624,5.1130320452289555e-05,2.1170611005541044e-09,0.6375834880664453,1.3498032009410714e-09,0.995077765691183,1.000586864923555,0.9956617419280767,4.247945195985209e-05,1.0226089537742047,4.343986792556592e-05,0.004232328860495098,0.6514535454243994,0.0027571656415715387,0.10001397185187175,0.650913512897312,0.06510044575691472,0.13739587785302626,0.6395597698673642,0.08787287602040596,0.0269392964208826,0.5914473633990235,0.015933175839955762,7.694799564130312e-05,1.0,7.694799564130312e-05,0.005542386045330931,0.6482561308649227,0.003592885733505968,2.988484979819412e-14,1.0,2.988484979819412e-14,1.0,1.0,1.0,0.004608756708208464,0.13772982836584088,-14.376008555540682,-1.3211390757902837,8.869729546301759,-4.238338481603649,-0.9142057493623192,-71.95609225807299,47.786995989106764,8.248415397956126,-3.925396553473112,463.15,12.0,0.1
449,0.00031101926566451924,0.148523485863012,4.619366550704856e-05,2.2106093919173787e-09,0.6319238279028867,1.3969367489385006e-09,0.9950730385341735,1.0005983615813698,0.9956684520110893,5.0217791103829205e-05,1.0226293083995974,5.1354184985864324e-05,0.004364284735122248,0.6473674767865798,0.0028252959969542776,0.10001422377197017,0.6457733994754054,0.06458652528111908,0.13751297740742272,0.634492657322025,0.08725097445149924,0.02682247687940096,0.5863386769402601,0.015727055605728676,7.708211204496787e-05,1.0,7.708211204496787e-05,0.005689955700209673,0.6433882644507398,0.003660850722759495,3.0117583447060565e-14,1.0,3.0117583447060565e-14,1.0,1.0,1.0,0.004725521791890596,0.13782399888369662,-14.364675339979781,-1.3343488621697293,8.854823257600108,-4.169730369261299,-0.8697738459562797,-71.31093215876069,47.47290173459661,8.228327819408142,-3.9350730577765023,468.15,12.0,0.1
450,0.0002878833490998526,0.14536678151318996,4.184867590988369e-05,2.2960584065088794e-09,0.6263072728416788,1.438038078865788e-09,0.9950682289793605,1.0006098462714936,0.9956750676286854,5.9097940591223114e-05,1.022649952932428,6.043650616401771e-05,0.004496966685077969,0.6433149605929405,0.002892965945798701,0.1000144789533596,0.6406796198803961,0.06407723835837431,0.13763174239098488,0.6294629757625785,0.08663408612481799,0.02670405496573652,0.5812785501353701,0.015522494353218553,7.715853267438349e-05,1.0,7.715853267438349e-05,0.005840477384669555,0.638563649714679,0.003729516554830634,3.0337602424891846e-14,1.0,3.0337602424891846e-14,1.0,1.0,1.0,0.0048439479747690445,0.1379196280361432,-14.356512214442299,-1.3478337788803931,8.842229613798523,-4.10382300505889,-0.8265814269423996,-70.6841701037906,47.16831179679458,8.209837313520037,-3.9448420720404997,473.15,12.0,0.1
