,mCO3-2,gCO3-2,aCO3-2,mH+,gH+,aH+,mH2O,gH2O,aH2O,mCO2(aq),gCO2(aq),aCO2(aq),mHCO3-,gHCO3-,aHCO3-,mCl-,gCl-,aCl-,mNa+,gNa+,aNa+,mNaCO3-,gNaCO3-,aNaCO3-,mNaHCO3,gNaHCO3,aNaHCO3,mOH-,gOH-,aOH-,mNaOH,gNaOH,aNaOH,mNaCl,gNaCl,aNaCl,mDIC,I,pE,Eh,pH,logSI_CO2g,logSI_H2Og,logSI_O2g,logSI_CH4g,logSI_H2g,logSI_NaCl,T,pH_bo,salt_lvl
0,4.389080620102843e-06,0.4166600013461226,1.82875433708029e-06,1.3756581052190748e-07,0.8276492723002886,1.1385624297185604e-07,0.9977952516662529,1.0001266962801714,0.9979216686130116,0.00291383195134367,1.0097024368304457,0.0029421032217861165,0.009730634747448764,0.7955956294931104,0.007741650477264036,0.049999406842623835,0.8150259840533526,0.04075081576399342,0.05973920302306659,0.8114703300104907,0.04847659079169155,5.071063429896433e-07,0.7920561943368633,4.0165672015246114e-07,0.00026450536217605814,1.0,0.00026450536217605814,1.3731221302761777e-08,0.812046469555186,1.1150389781588681e-08,9.999881368524788e-17,1.0,9.999881368524788e-17,1.0,1.0,1.0,0.012648855779412537,0.059743729669497196,-11.849248223807216,-0.6422151542287646,6.943643151136729,-3.3606063821536787,-4.176766435383641,-114.0206210075271,65.14315200846394,7.790203345685302,-4.278425192818781,273.15,7.0,0.05
1,4.534746560280893e-06,0.4144380731139166,1.8793716265027746e-06,1.5827358779538703e-07,0.8260520659657826,1.307422241861961e-07,0.9977951214422489,1.0001269073054109,0.9979217489324632,0.0029141594684949793,1.0097036786488054,0.0029424375355086266,0.009737396436414325,0.794995093711672,0.007741182392474904,0.04999940655261797,0.8143145213980788,0.040715242817083074,0.05974643762199084,0.8107755058628093,0.048440948186470406,7.041076389899854e-07,0.7906077635044493,5.566729657282704e-07,0.00025707341392016287,1.0,0.00025707341392016287,1.930578679463086e-08,0.810947595425664,1.565598137890643e-08,9.999881310523589e-17,1.0,9.999881310523589e-17,1.0,1.0,1.0,0.012656090651469587,0.05975113064213892,-11.75619539604737,-0.6488352064419632,6.883584131091262,-3.2772099857708628,-4.024809556116468,-111.89511415882637,64.22201722595199,7.72233123642538,-4.281380432980664,278.15,7.0,0.05
2,4.703247551371884e-06,0.41222773810210184,1.9388090998362808e-06,1.7841946782214225e-07,0.8244577966144965,1.4709932131377434e-07,0.9977949943604094,1.0001271706545638,0.9979218846029627,0.002914581484591047,1.0097048901420291,0.0029428671777089956,0.009743864187331898,0.7943950424886933,0.007740477405099579,0.049999406179435275,0.8135563109293669,0.04067733244000035,0.05975349553852536,0.8100419598014096,0.04840283863101188,9.700534160602952e-07,0.789161829323097,7.655291283592613e-07,0.0002497491037525769,1.0,0.0002497491037525769,2.7042707200518035e-08,0.8098500755927646,2.19005384705725e-08,9.999881235887076e-17,1.0,9.999881235887076e-17,1.0,1.0,1.0,0.012663148919474317,0.05975837720554456,-11.676022644279406,-0.6559942635376094,6.832389331013888,-3.200290533529292,-3.8787031790861475,-109.85909115279776,63.33707690278008,7.660487138326187,-4.28470972009121,283.15,7.0,0.05
3,4.895853268259107e-06,0.4097582417808364,2.0061162272188126e-06,1.974320516875479e-07,0.8228666054470052,1.6246024217857026e-07,0.9977948722157256,1.0001274814281336,0.99792207253102,0.002915121723367621,1.0097060541001779,0.0029434160525232313,0.009749912763884068,0.7937955610437618,0.007739437472535087,0.04999940570240948,0.8127557283487155,0.040637303398664726,0.05976027651029944,0.8092734414407239,0.048362404632939275,1.3260459740401057e-06,0.7877184854784465,1.0445509263456642e-06,0.00024261156694254085,1.0,0.00024261156694254085,3.772354703549664e-08,0.8087539676030646,3.050906833701871e-08,9.99988114048186e-17,1.0,9.99988114048186e-17,1.0,1.0,1.0,0.012669930340519948,0.059765369795619395,-11.607612804332636,-0.6636667867514721,6.789252903700847,-3.1292917207312674,-3.7381411633379065,-107.90740382233028,62.48662771367804,7.604209960962722,-4.288298421540212,288.15,7.0,0.05
4,5.1045561746737595e-06,0.40757294012360806,2.0804789681379035e-06,2.148166068013302e-07,0.821278587796073,1.7642427946894084e-07,0.9977947562628369,1.0001278350849672,0.9979223094402835,0.00291580015881273,1.0097071584264141,0.00294410429289409,0.009755459741872698,0.7931968213731856,0.0077379996582875015,0.04999940510448347,0.8119168761578627,0.04059536080218372,0.05976671006350205,0.8084733193371249,0.04831979047089906,1.7985346283519255e-06,0.7862779143784842,1.414148056518034e-06,0.00023570480751548841,1.0,0.00023570480751548841,5.2386774986332735e-08,0.8076594299220362,4.231067282091548e-08,9.999881020896667e-17,1.0,9.999881020896667e-17,1.0,1.0,1.0,0.012676364456860103,0.05977202943628353,-11.549944187746865,-0.6718283574917803,6.753441647584076,-3.0637174027699734,-3.6028381674428895,-106.0352664461432,61.669010478817256,7.5530695280530065,-4.292068182604835,293.15,7.0,0.05
5,5.33443167848402e-06,0.40512992426744127,2.1611379019140706e-06,2.301767901149527e-07,0.8196938291572418,1.8867449447244822e-07,0.9977946474572059,1.0001282276964167,0.9979225923663464,0.0029166563986364126,1.0097081938173098,0.002944971864252873,0.009760406269869851,0.7925988015516406,0.007736086312155964,0.049999404351212,0.8110433226149927,0.04055168303377751,0.05977274199738201,0.807644683898832,0.04827513731624204,2.4202881083268687e-06,0.7848401079892662,1.8995391803043955e-06,0.0002290502161555874,1.0,0.0002290502161555874,7.240162495126276e-08,0.8065664298217168,5.839672015023092e-08,9.999880870242368e-17,1.0,9.999880870242368e-17,1.0,1.0,1.0,0.012682397100184747,0.059778306605850595,-11.502082228512874,-0.6804556567764988,6.724286804967783,-3.003119827831441,-3.472528003773585,-104.23823216991572,60.882633041407296,7.506667813527112,-4.295964127484393,298.15,7.0,0.05
6,5.637358166118754e-06,0.3982638018885032,2.2451556958456536e-06,2.4346625786756717e-07,0.8177046442970796,1.9908348978794015e-07,0.9977945426576681,1.0001289853372524,0.9979232435232612,0.002917781147741976,1.009709190052711,0.0029461104394376196,0.009764783327651985,0.7916061565973529,0.007729862600008499,0.049999403362502484,0.8097340240711277,0.04048621808587461,0.05977854579957277,0.806388322445254,0.04820472126553428,3.228299129397906e-06,0.7830140075785067,2.52780343897206e-06,0.0002224372163948699,1.0,0.0002224372163948699,9.956021454221068e-08,0.8050729539194372,8.015323601435055e-08,9.99988067250047e-17,1.0,9.99988067250047e-17,1.0,1.0,1.0,0.01268820183356008,0.05978442662399675,-11.462958370308042,-0.6895135971533665,6.700964754996721,-2.9470883714050093,-3.3469619786229976,-102.51216477412306,60.12597727671206,7.464636688004788,-4.3003786619698925,303.15,7.0,0.05
7,5.907500651530413e-06,0.3950870856717346,2.3339772160170236e-06,2.5427223316779083e-07,0.8157205499233383,2.074150858698655e-07,0.9977944468868205,1.000129774245,0.9979239349078304,0.002919121325817047,1.0097100987240941,0.002947466282078341,0.009768467769521297,0.7906157797179215,0.0077231047622494655,0.04999940218827141,0.8083982209378239,0.04041942777695334,0.059783839456090476,0.8051097207367931,0.04813255028906628,4.272573421427669e-06,0.7811930723389768,3.3377047578789348e-06,0.00021609787639213527,1.0,0.00021609787639213527,1.361958064449811e-07,0.8035830550095556,1.0944464222254798e-07,9.999880437654263e-17,1.0,9.999880437654263e-17,1.0,1.0,1.0,0.012693496595989874,0.05979000122897516,-11.432038415376937,-0.6989955232658773,6.683159659365639,-2.8952732040046367,-3.2259079231452645,-100.85324362134149,59.397630822032575,7.426650526493809,-4.3048514220979355,308.15,7.0,0.05
8,6.187728282421585e-06,0.39219872580842396,2.4268191480144917e-06,2.6251154493008593e-07,0.8137416891744349,2.1361658799919883e-07,0.9977943609615493,1.0001305918991281,0.9979246648220866,0.0029207804033797523,1.0097109115325185,0.0029491438434828855,0.009771264989303351,0.7896271686110768,0.007715656307252147,0.049999400738018285,0.8070381808918421,0.04035142541729251,0.05978857461519146,0.8038114002962808,0.04805873788315571,5.610630769661614e-06,0.7793768217069823,4.3727955770302656e-06,0.0002100229194962463,1.0,0.0002100229194962463,1.8531208024828612e-07,0.8020962145852876,1.4863811808407545e-07,9.999880147603674e-17,1.0,9.999880147603674e-17,1.0,1.0,1.0,0.012698233120965526,0.0597950248550188,-11.408611503379174,-0.7088816827844995,6.670365026003026,-2.847335996721772,-3.1091484937137395,-99.25789554499156,58.69624244799574,7.39240210057909,-4.309361732959123,313.15,7.0,0.05
9,6.484537218141623e-06,0.38906995475938544,2.5229386020979133e-06,2.681877427914328e-07,0.8117681596278539,2.177062704005495e-07,0.9977942858405086,1.0001314355410715,0.997925431472346,0.002922836862728478,1.0097116186575719,0.0029512223397375917,0.009773032857742135,0.7886402862766386,0.007707407430720756,0.049999398944510665,0.8056564124921066,0.04028233638039608,0.05979269406275669,0.8024955712748382,0.04798337217995356,7.310618823048329e-06,0.7775652392589245,5.684483074274371e-06,0.00020420133149172154,1.0,0.00020420133149172154,2.5075498737878824e-07,0.8006123881503449,2.0075754928594123e-07,9.999879788902132e-17,1.0,9.999879788902132e-17,1.0,1.0,1.0,0.012702354257688753,0.059799446787717654,-11.392040490609066,-0.7191541559484251,6.662129062180124,-2.8029731071758213,-2.9964801501781144,-97.72279992484698,58.02054586980757,7.36161357436061,-4.313894267084171,318.15,7.0,0.05
10,6.787699894874234e-06,0.3862270735404852,2.621593466468335e-06,2.713797451465372e-07,0.8098000631198154,2.1976333474910503e-07,0.9977942226452041,1.0001323023582513,0.9979262331739095,0.002925365088797046,1.009712208527644,0.002953776844558933,0.009773639860479114,0.7876553312830898,0.0076982595421472904,0.04999939674514473,0.8042554475768849,0.040212287207840626,0.0597961303828363,0.8011642307696144,0.04790652080116461,9.452345751139987e-06,0.7757585447696781,7.332737984564212e-06,0.00019862064502817334,1.0,0.00019862064502817334,3.3741141672340426e-07,0.7991317698525169,2.696361826146193e-07,9.999879349028968e-17,1.0,9.999879349028968e-17,1.0,1.0,1.0,0.012705792649171035,0.059803189462476335,-11.38174963772058,-0.729796431777936,6.658044763433932,-2.7619091312321595,-2.88771209407956,-96.24486520283757,57.36935254661485,7.334032540399711,-4.318437689600244,323.15,7.0,0.05
11,7.06327262799701e-06,0.3850167949810687,2.719478589308919e-06,2.724893396626033e-07,0.8074364008865944,2.2001781169713727e-07,0.9977941691282541,1.0001335171021695,0.9979273917142778,0.0029284179810265816,1.009712701530785,0.0029568608308336766,0.009773185856187291,0.7862823630706367,0.0076844836697314645,0.04999939409783297,0.8024395270398408,0.040121490152143696,0.05979900235022098,0.7994220669554157,0.04780464206068542,1.2116881850432787e-05,0.7735730973877397,9.373293823720569e-06,0.0001930809645092259,1.0,0.0001930809645092259,4.514584339415523e-07,0.797259018640851,3.599293080013778e-07,9.999878819566564e-17,1.0,9.999878819566564e-17,1.0,1.0,1.0,0.01270866710984187,0.05980633811218863,-11.377016035401088,-0.7407801319838713,6.657542159138456,-2.723896562316245,-2.7826651595047287,-94.82121272288184,56.74154993433335,7.309431124817287,-4.323413431577191,328.15,7.0,0.05
12,7.392606612003214e-06,0.3811873431082002,2.817968073073617e-06,2.7145313300967835e-07,0.8050806057538498,2.1854165275721215e-07,0.9977941303374759,1.000134750985074,0.9979285840794399,0.002932194353348056,1.0097130480899679,0.002960674898111257,0.009771102008401868,0.7849120079005855,0.007669455296816156,0.04999939083039872,0.8006095984709772,0.040029992216518984,0.059801021131412245,0.7976696202298961,0.04770145781525359,1.5413960023441002e-05,0.7713940961906707,1.1890237761001411e-05,0.00018776118390184524,1.0,0.00018776118390184524,6.005724972196739e-07,0.7953906227890116,4.776897325935087e-07,9.999878166079752e-17,1.0,9.999878166079752e-17,1.0,1.0,1.0,0.012710688968361928,0.05980868519115726,-11.37753924500744,-0.752101936504586,6.660465776823438,-2.6886884803494886,-2.681171350856034,-93.4491348399571,56.13607114097959,7.287591009854312,-4.32838638523516,333.15,7.0,0.05
13,7.722063653921176e-06,0.37765483500452596,2.916274675116049e-06,2.6848092267881066e-07,0.8027328143217068,2.1551844665365018e-07,0.9977941079514618,1.0001360009718354,0.9979298089198348,0.0029367666369661057,1.0097132304764407,0.002965292128166479,0.009767266291439062,0.7835450925185797,0.007653093569979224,0.04999938688620653,0.7987683114870344,0.03993792583848215,0.05980208344039773,0.7959083875486067,0.04759697980309418,1.9460304002929014e-05,0.7692223895596431,1.4969301546690142e-05,0.00018264779751753826,1.0,0.00018264779751753826,7.943123640608352e-07,0.7935274100057408,6.303086329887313e-07,9.999877377241296e-17,1.0,9.999877377241296e-17,1.0,1.0,1.0,0.012711754992059088,0.059810073984974337,-11.382891217694262,-0.7637487708492757,6.666515551781535,-2.6560767009300905,-2.5830726154977945,-92.12611969073949,55.55193148402177,7.268322043488971,-4.333352251397622,338.15,7.0,0.05
14,8.139226123002773e-06,0.3702135832884953,3.0132520681921848e-06,2.638237746670517e-07,0.8003933218561392,2.11162787390387e-07,0.9977941037067407,1.000137266229078,0.9979310671407527,0.002942361108997816,1.0097132300646248,0.0029709409393827175,0.009761256508749405,0.7821806030356638,0.0076350655023994084,0.04999938207195844,0.7969162649922871,0.03984532081270744,0.05980208075806281,0.794140107957021,0.04749123086926247,2.438317843787343e-05,0.7670570251530487,1.8703288316331168e-05,0.00017772182784539495,1.0,0.00017772182784539495,1.0443704457513817e-06,0.791668340345958,8.267950174943652e-07,9.999876414391715e-17,1.0,9.999876414391715e-17,1.0,1.0,1.0,0.012711756843870225,0.059810483807960474,-11.392640462250874,-0.7757056274611333,6.675382613860536,-2.625848334698334,-2.4882202455816156,-90.8497955071304,54.988182254236825,7.251439536424003,-4.3383089893261495,343.15,7.0,0.05
15,8.48019439140823e-06,0.36653368166498457,3.108276871517611e-06,2.577051537526748e-07,0.7980621468329966,2.0566472825378717e-07,0.9977941197392116,1.0001385424923142,0.9979323566233766,0.0029489710204623387,1.0097130239014258,0.002977614446468701,0.009753109572751072,0.7808207805716774,0.007615430629596591,0.04999937640669247,0.7950572637686832,0.03975236739604537,0.05980087936614726,0.792365708642683,0.04738416615641288,3.0325570788192456e-05,0.7649002498575356,2.3196036672960773e-05,0.00017297402853315102,1.0,0.00017297402853315102,1.365132286475697e-06,0.7898156739338957,1.0782028768517227e-06,9.999875281338524e-17,1.0,9.999875281338524e-17,1.0,1.0,1.0,0.012710560787604817,0.05980961726569242,-11.406456179763818,-0.7879627423072183,6.686840183940801,-2.597841275497625,-2.3964742060858977,-89.61797490949643,54.443963692203816,7.2367912153492995,-4.343254403640968,348.15,7.0,0.05
16,8.821921005434645e-06,0.362399714220568,3.1970616512459434e-06,2.5063065904213213e-07,0.7953319914826613,1.9933458118259068e-07,0.9977941544402485,1.0001401671216656,0.9979340123748913,0.00295680353012627,1.0097126243610663,0.002985521852123862,0.00974261361176353,0.779065650591906,0.007590135611914115,0.04999936971940062,0.7927857070088972,0.03963878567299427,0.05979855134322507,0.7901817429174759,0.04725172352432975,3.7400884143004294e-05,0.7623606742471383,2.8512963252699878e-05,0.00016821871269132366,1.0,0.00016821871269132366,1.7739165660823844e-06,0.787565103333824,1.3970747836722552e-06,9.999873943880097e-17,1.0,9.999873943880097e-17,1.0,1.0,1.0,0.012708239062895234,0.05980762389488954,-11.42376464339666,-0.800492016030224,6.700417352007085,-2.5718766246583304,-2.3077023694366647,-88.42857710147523,53.91843526786469,7.224222854980391,-4.348631971889322,353.15,7.0,0.05
17,9.164461854957149e-06,0.35806666876990234,3.281488327473344e-06,2.425730097672768e-07,0.7926133270688175,1.9226660032873792e-07,0.9977942135628595,1.0001418001770772,0.9979357009590294,0.002966057726648723,1.0097119728771646,0.0029948639988420416,0.009729228427360043,0.7773160981327378,0.0075626858789976225,0.04999936184937319,0.7905112410200033,0.039525057585756196,0.059794755484059145,0.7879963954867653,0.047118051790451095,4.578745249876877e-05,0.7598315272094486,3.479074995916953e-05,0.00016361855869300771,1.0,0.00016361855869300771,2.2914041269783016e-06,0.7853223176141901,1.7994907995893207e-06,9.999872369874673e-17,1.0,9.999872369874673e-17,1.0,1.0,1.0,0.012704450615863724,0.05980416251892385,-11.444453433115777,-0.8132958550765177,6.716096152853304,-2.547790304730321,-2.2217803872699493,-87.27965013565475,53.410804075884506,7.213592980050944,-4.3539986166810145,358.15,7.0,0.05
18,9.432132837577391e-06,0.35630249633520134,3.360692475794049e-06,2.3374400108779937e-07,0.7899063826296959,1.8463587836065521e-07,0.9977942993601924,1.0001434387536992,0.9979374217309407,0.0029768442582822838,1.0097110436313705,0.003005752522758258,0.009712768708936417,0.7755733054602114,0.007532964132760327,0.04999935271917278,0.7882362367246104,0.03941130162602716,0.059789341369263505,0.7858106198599659,0.04698309940240006,5.5647141387026135e-05,0.7573140258632938,4.214236067159269e-05,0.0001591620274601131,1.0,0.0001591620274601131,2.942278093224778e-06,0.783088503004701,2.3040641474469155e-06,9.999870543834578e-17,1.0,9.999870543834578e-17,1.0,1.0,1.0,0.012699045100056278,0.059799007246102175,-11.468246142819515,-0.8263644034605373,6.733683903201587,-2.525443586511354,-2.1385907354672455,-86.16937289410083,52.92033400451276,7.204777955964922,-4.359354912997053,363.15,7.0,0.05
19,9.752453772276391e-06,0.3520462269284576,3.4333145538241067e-06,2.2436345106390853e-07,0.7872114940478412,1.7662148752174908e-07,0.9977944137848279,1.0001450833100116,0.9979391771010908,0.002989473778411216,1.0097098130297881,0.0030185010098570443,0.009692659050102349,0.7738357068232862,0.0075005256670330695,0.04999934207482336,0.785960149309592,0.03929749036250954,0.05978217152645196,0.7836256992653847,0.046846845966019096,6.713461049719401e-05,0.7548067089313292,5.06736544047737e-05,0.0001548316268932541,1.0,0.0001548316268932541,3.7552469355540288e-06,0.7808620712047608,2.9323298999820475e-06,9.999868414964702e-17,1.0,9.999868414964702e-17,1.0,1.0,1.0,0.012691885282285842,0.05979214834367529,-11.494834348579705,-0.8396843694336772,6.752956461888411,-2.5046799326106473,-2.058022380673401,-85.09600411251769,52.446300182028914,7.197649713442923,-4.364703184254892,368.15,7.0,0.05
20,1.0057725523052334e-05,0.34784340584054113,3.498513500947862e-06,2.14605423352433e-07,0.7845289061123986,1.6836415802847238e-07,0.9977945588773357,1.0001467312663588,0.9979409665365256,0.0030040694493628345,1.009708255751528,0.003033233723872602,0.009668696538119548,0.7721043764089597,0.007465242911252259,0.04999932983572268,0.7836850526754516,0.039183727436045604,0.05977309843016477,0.7814424261095729,0.04670923505335426,8.040721631926008e-05,0.752310698717187,6.049120909104659e-05,0.00015061742923141896,1.0,0.00015061742923141896,4.763994380527848e-06,0.7786441071769473,3.709456151022099e-06,9.999865967144518e-17,1.0,9.999865967144518e-17,1.0,1.0,1.0,0.012682823713005435,0.05978337076111118,-11.52398328563918,-0.8532466910842025,6.773750357178456,-2.485380777214372,-1.979970344252737,-84.05793099912925,51.98804276042874,7.192103132664855,-4.370045015167201,373.15,7.0,0.05
21,1.046066402156822e-05,0.33951198060621784,3.551520760418831e-06,2.0485336919053734e-07,0.7814301713804309,1.6007860339442034e-07,0.9977947316870808,1.0001487447633794,0.9979431484283469,0.0030208259519766308,1.0097063933463115,0.0030501472768972625,0.009640699435901477,0.7699556971584652,0.007422911455264746,0.04999931586143281,0.7809822073785875,0.03904857606888102,0.059762247607819625,0.7788346086709222,0.04654490672893096,9.550853805465127e-05,0.7494136858098885,7.157540552985025e-05,0.00014635015931620528,1.0,0.00014635015931620528,6.0072977567455524e-06,0.7760077128978017,4.661709392908212e-06,9.999863172286534e-17,1.0,9.999863172286534e-17,1.0,1.0,1.0,0.012671986051899677,0.05977291312521038,-11.555225831178905,-0.8670239403171222,6.795666713356993,-2.4674268602681364,-1.9043351409581737,-83.0536240037985,51.544926688770026,7.188036410467737,-4.375857851788034,378.15,7.0,0.05
22,1.0734104236606208e-05,0.3349684090788339,3.5955858190223505e-06,1.949860272538499e-07,0.778347328203836,1.5176685335011454e-07,0.9977949380372961,1.0001507571775927,0.9979453627859709,0.0030397690368160505,1.009704162434335,0.0030692674493121757,0.009608499893816826,0.7678172251929343,0.00737757172673704,0.049999300169005806,0.7782866589740742,0.038913788279577394,0.05974924981137736,0.7762324202523608,0.04637930478934837,0.00011264668857894102,0.7465328332310279,8.40944515789302e-05,0.000142190972775327,1.0,0.000142190972775327,7.529837529843289e-06,0.7733842859637565,5.8234580214409496e-06,9.999860033801174e-17,1.0,9.999860033801174e-17,1.0,1.0,1.0,0.012659003034869483,0.05976017890164124,-11.588622263843023,-0.8810269310777861,6.818823070199691,-2.4507322204894617,-1.831022875554727,-82.08166478471782,51.116373001094615,7.18536717160551,-4.381668394707389,383.15,7.0,0.05
23,1.0990688593419069e-05,0.33025540421889404,3.6297343040636046e-06,1.851318275868043e-07,0.775280711432667,1.4352913500032754e-07,0.997795178613581,1.0001527689648533,0.9979476107501534,0.0030611610741628176,1.0097015479338947,0.0030908590750571797,0.009571635190530718,0.765687615851984,0.007328882528842414,0.04999928256693936,0.7755977932140631,0.03877933322120454,0.05973401715184977,0.7736368343747598,0.046212435933844664,0.0001319217564276939,0.7436668938419929,9.810584283276309e-05,0.00013812744023983367,1.0,0.00013812744023983367,9.381392592732436e-06,0.770772481244479,7.230919246228961e-06,9.999856513387858e-17,1.0,9.999856513387858e-17,1.0,1.0,1.0,0.012643786953286955,0.05974519297227077,-11.62395199660671,-0.8952450850151026,6.843059932480155,-2.435185168536028,-1.7599444296115,-81.14068164215543,50.70179906190993,7.184003044984938,-4.387480047979443,388.15,7.0,0.05
24,1.1139336361325263e-05,0.32799632019890596,3.653661335972556e-06,1.7537821554471139e-07,0.7722304772898845,1.3543240309634062e-07,0.9977954539416316,1.0001547775539088,0.9979498902812941,0.0030850586099445596,1.0096985351003742,0.0031149791591598176,0.009530053943571443,0.7635681956710381,0.007276846094340505,0.049999263055212774,0.7729176656962701,0.03864531368716881,0.059716463711942516,0.7710482728249518,0.04604427620430718,0.000153424932771706,0.7408172153858587,0.00011365983146669778,0.00013415428780832856,1.0,0.00013415428780832856,1.1618485879489716e-05,0.7681736511994699,8.925014719457095e-06,9.999852611042586e-17,1.0,9.999852611042586e-17,1.0,1.0,1.0,0.012626251889877328,0.05972777842651938,-11.66106560133732,-0.9096724994552504,6.868277415397288,-2.420711197684487,-1.6910153028684698,-80.22940732955587,50.30067958346627,7.1838726120711245,-4.393295281542905,393.15,7.0,0.05
25,1.1338018388860666e-05,0.3233897762221131,3.666599229575855e-06,1.6581582815719403e-07,0.7691968180570232,1.2754500740200384e-07,0.9977957634221243,1.0001567846375143,0.9979522024692058,0.003111719225630616,1.0096951191639263,0.003141887714327785,0.009483312947403993,0.7614568819967821,0.007221133907929956,0.04999924145707813,0.7702447998452727,0.038511655728522616,0.05969656167197415,0.7684675430751622,0.04587487007809687,0.00017719455978195355,0.7379818259431911,0.0001307663647750859,0.00013026078087646965,1.0,0.00013026078087646965,1.4302486760497164e-05,0.7655857228091025,1.0949779664502848e-05,9.99984829141563e-17,1.0,9.99984829141563e-17,1.0,1.0,1.0,0.01260637019142347,0.05970806550619118,-11.699771248878234,-0.924299328985616,6.894336536663728,-2.407214557780995,-1.624155317240251,-79.3466159250165,49.91248671005223,7.1848958756525185,-4.3991181728712,398.15,7.0,0.05
26,1.163848754215365e-05,0.3148573686312663,3.6644635623702754e-06,1.5667762684955694e-07,0.7657133191042612,1.1997014568435326e-07,0.997796099536007,1.0001591914713743,0.9979549401652238,0.0031410671455819536,1.0096913600406066,0.0031715083582015084,0.009431785149681383,0.7588909678805079,0.007157696561082707,0.04999921790364672,0.7671121478955767,0.038355007439165416,0.0596746600803077,0.7654289815953214,0.04567671429231691,0.0002030335601900009,0.7347126847212782,0.0001491713320957148,0.00012629510569602762,1.0,0.00012629510569602762,1.75031693321617e-05,0.762543843613297,1.3346934017960978e-05,9.999843580729347e-17,1.0,9.999843580729347e-17,1.0,1.0,1.0,0.01258449078280549,0.05968645524547671,-11.73972081803207,-0.9391024645712197,6.920926813766034,-2.394652867946829,-1.5592881762859776,-78.4911930997351,49.5367635447347,7.187021437662778,-4.405478429604054,403.15,7.0,0.05
27,1.1791902683383163e-05,0.3096893229763606,3.6518263586200616e-06,1.4779465279397053e-07,0.7622503970655182,1.1265653277636454e-07,0.9977964669434866,1.0001615920061564,0.9979577028763158,0.0031731062744752648,1.00968720022013,0.003203844790275857,0.009375380357630496,0.7563387123231624,0.00709096310723012,0.04999919245926279,0.7639942021452945,0.0381990931508235,0.0596504238683096,0.7624020942305478,0.0454776080789391,0.00023111917223396993,0.7314642147816984,0.00016905540383911684,0.00012241516988201285,1.0,0.00012241516988201285,2.1295868468371533e-05,0.7595190693729003,1.617461820058523e-05,9.99983849185258e-17,1.0,9.99983849185258e-17,1.0,1.0,1.0,0.012560278534789145,0.05966236356564577,-11.781071999984558,-0.9540983792536827,6.948243619151298,-2.382978004279924,-1.4963417295129218,-77.66207298417996,49.17306264167754,7.190196148955789,-4.411851617983372,408.15,7.0,0.05
28,1.1912411228852705e-05,0.30461089667086044,3.628650265932851e-06,1.3920935173067104e-07,0.7588081091045755,1.056331849564242e-07,0.9977968629754209,1.00016398741357,0.9979604891022484,0.0032079679363109094,1.009682651523941,0.0032390295719381826,0.009313921982861495,0.7537985822507844,0.007020821185875411,0.049999165077689305,0.7608899065907632,0.03804386004557915,0.059623921875459694,0.7593874300509271,0.04527765680256259,0.00026138862254360655,0.7282349295364067,0.0001903523251196617,0.00011861485183570903,1.0,0.00011861485183570903,2.576057925932732e-05,0.7565098881435012,1.9488132933985506e-05,9.999833015537847e-17,1.0,9.999833015537847e-17,1.0,1.0,1.0,0.012533802330401257,0.05963597349604027,-11.823698170646125,-0.969280864317606,6.9761996255576175,-2.3721295364443207,-1.4352472203163529,-76.85822787334361,48.820939165905294,7.194362083611301,-4.418241874113315,413.15,7.0,0.05
29,1.1910887121952152e-05,0.30187191893044224,3.595562351667589e-06,1.309394683755238e-07,0.7553863369957329,9.890988538435552e-08,0.997797284854541,1.000166375781864,0.9979632941579505,0.0032455841553534013,1.0096777254603944,0.003276994027767517,0.009247634020118937,0.7512716980885262,0.006947485713595979,0.04999913589909416,0.7578008625870905,0.037889388312942716,0.05959522112672319,0.7563850297866167,0.04507693310707653,0.00029377544292300917,0.7250259006236346,0.00021299480508636182,0.00011489376300317522,1.0,0.00011489376300317522,3.098492981157058e-05,0.7535174539086217,2.3347685421152017e-05,1.020613781263272e-16,1.0,1.020613781263272e-16,1.0,1.0,1.0,0.012505129062594291,0.05960726295331353,-11.8675346719208,-0.9846483498622236,7.004760301392373,-2.3620789732272924,-1.3759392445545064,-76.0787090011741,48.47999351198515,7.199478235460748,-4.424652466277062,418.15,7.0,0.05
30,1.1964843155855164e-05,0.29693112310384934,3.5527343160294813e-06,1.2301003897515493e-07,0.7519849308908364,9.250169565761103e-08,0.997797728297222,1.0001687599091793,0.9979661165512287,0.0032860782117803303,1.0096724476454886,0.0033178626312427577,0.009176364909848835,0.7487555102494574,0.0068708537903090835,0.04999910489317439,0.7547249043271096,0.03773556965694216,0.05956447082697691,0.7533953199566198,0.044875593556737016,0.0003281357874790873,0.7218346295632022,0.00023685977460139658,0.00011124650803410414,1.0,0.00011124650803410414,3.705856020187153e-05,0.7505392415133081,2.7813903665487908e-05,1.2080563050745036e-16,1.0,1.2080563050745036e-16,1.0,1.0,1.0,0.01247440796478502,0.05957655868017175,-11.912471623531951,-1.0001952124499895,7.0338503060934645,-2.3527761245724674,-1.318355546651811,-75.32258966384265,48.1498164203441,7.205493458469868,-4.431088378883325,423.15,7.0,0.05
31,1.2139604094609063e-05,0.2880617570322859,3.4969556851694187e-06,1.1556791116781584e-07,0.7480776915638683,8.645377620527781e-08,0.9977981789554825,1.0001716029284702,0.9979694040450133,0.0033290665094747552,1.0096669373569274,0.0033612483868788925,0.009101127419040171,0.7457251224098022,0.006786939358630939,0.04999907249946921,0.7511338005107404,0.03755599334853836,0.05953236588582294,0.7498915451619336,0.04464281784126536,0.00036391650952047685,0.7181553707389574,0.0002613485958127053,0.00010753185150813757,1.0,0.00010753185150813757,4.4085817515062436e-05,0.7470495133456765,3.293428852007367e-05,1.4200409449791714e-16,1.0,1.4200409449791714e-16,1.0,1.0,1.0,0.012442333532609536,0.05954462105782873,-11.95823943660131,-1.0159018246860896,7.063216032473369,-2.344241276126555,-1.2624366384166101,-74.58905436176518,47.83008030120891,7.212392508611553,-4.438160318714652,428.15,7.0,0.05
32,1.2152306902827921e-05,0.282559852244859,3.4337540428972366e-06,1.0844336383177609e-07,0.7441954195417064,8.070305464330256e-08,0.9977986417502198,1.0001744375954702,0.9979726953460503,0.0033745865798480556,1.0096611302427865,0.0034071889003115287,0.009021791888330716,0.7427119853628449,0.006700592964912512,0.049999038774861546,0.7475638887772853,0.03737747586166177,0.05949853136584849,0.746404808268049,0.044409989896356646,0.0004013371519469444,0.7145011156807454,0.00028675584283022464,0.00010390525620346686,1.0,0.00010390525620346686,5.216738026747042e-05,0.7435812642488284,3.879068657183503e-05,1.6600621380425714e-16,1.0,1.6600621380425714e-16,1.0,1.0,1.0,0.012408530775081599,0.05951079211611515,-12.005061738466965,-1.031789879409306,7.093110026744798,-2.3364410520851804,-1.2081262159833837,-73.87727181138347,47.520412674455315,7.220133144433513,-4.445264844264724,433.15,7.0,0.05
33,1.2044161480796076e-05,0.27929968771601665,3.3639305403876196e-06,1.0163989063707213e-07,0.7403378314586544,7.524785622394478e-08,0.9977991113256293,1.0001772644774496,0.9979759856636982,0.0034225940379422836,1.0096550594112053,0.0034556393867190543,0.00893855423505535,0.7397153644209666,0.006611985903380543,0.049999003854425794,0.7440147224751805,0.0371999949767861,0.05946316013654623,0.742935205360307,0.0441772750874178,0.0004402065510971377,0.7108710572439272,0.0003129300963841252,0.00010036517839132745,1.0,0.00010036517839132745,6.140881289698824e-05,0.7401337723309305,4.545073634381221e-05,1.9301673968987284e-16,1.0,1.9301673968987284e-16,1.0,1.0,1.0,0.01237319243447843,0.059475305937917666,-12.052887115808364,-1.047858045328114,7.123505868403532,-2.3293553351946445,-1.155370403227118,-73.1864591716852,47.220463019399,7.228679936904175,-4.452407228307513,438.15,7.0,0.05
34,1.2001426131044072e-05,0.27397325657349353,3.2880698006483686e-06,9.516255832271272e-08,0.7365044962290431,7.008765207733659e-08,0.9977995813073368,1.0001800870707145,0.9979792721110945,0.0034731315972583903,1.009648767998578,0.0035066430382688658,0.00885143672950853,0.7367324381631402,0.00652114056297759,0.049998967793392704,0.7404837120276455,0.03702342126920213,0.059426503492031435,0.7394829220866403,0.04394488445167935,0.0004802771375525062,0.7072623599687098,0.0003396819417444023,9.690795965732205e-05,1.0,9.690795965732205e-05,7.191414187391605e-05,0.7367042282390383,5.297945238869603e-05,2.232169871491954e-16,1.0,2.232169871491954e-16,1.0,1.0,1.0,0.012336569752897965,0.0594386000807208,-12.101643616406328,-1.0641029811262916,7.154358488553139,-2.322955057032568,-1.1041177981559631,-72.5158572751819,46.92987887454303,7.237992712731842,-4.45959414860795,443.15,7.0,0.05
35,1.2057965647806468e-05,0.2659742010435445,3.207107779385833e-06,8.900655502627488e-08,0.732695004617532,6.521465824596702e-08,0.9978000456417427,1.0001829061326084,0.9979825493892076,0.0035261118245144695,1.0096422954258113,0.003560111636430886,0.008760722434111636,0.7337625114115661,0.006428289695033405,0.04999893076747869,0.7369703895224304,0.0368477314834138,0.059388791091730675,0.7360479249935412,0.04371299645094326,0.0005213199644284484,0.7036742331213349,0.0003668394261800299,9.35330983364738e-05,1.0,9.35330983364738e-05,8.379100097132586e-05,0.7332919474077092,6.144326627750483e-05,2.567810111477681e-16,1.0,2.567810111477681e-16,1.0,1.0,1.0,0.01229889222427391,0.05940093806393351,-12.151295987194665,-1.0805243233329533,7.1856547772766,-2.3172294030032003,-1.0543193333489898,-71.86475538434348,46.64833168683481,7.248039885893655,-4.466832059873056,448.15,7.0,0.05
36,1.200289380619348e-05,0.2598275140681085,3.1186820592867466e-06,8.327076871916943e-08,0.7282904501221872,6.064530563250446e-08,0.9978004843427184,1.000186275492662,0.9979863501195176,0.0035806423942613534,1.0096358072398817,0.003615144774167404,0.008668478224357068,0.7301887747675325,0.0063296254937423215,0.04999889371423189,0.7328560102634004,0.03664198976499579,0.0593509874824622,0.7320087163813532,0.04344544016300291,0.0005625051672239993,0.6995153170982681,0.00039348098042011037,9.01070372617513e-05,1.0,9.01070372617513e-05,9.718785980556858e-05,0.7292809472033659,7.0877254455673e-05,2.934930844397338e-16,1.0,2.934930844397338e-16,1.0,1.0,1.0,0.012261123512424614,0.05936307364703711,-12.20165489104805,-1.0971077141613614,7.2172028109029895,-2.3122660102301453,-1.0059279085689101,-71.23256902764196,46.37559604610523,7.2588385011415495,-4.474857654428731,453.15,7.0,0.05
37,1.1826631477783079e-05,0.2560146518269252,3.027790940069989e-06,7.781826549169976e-08,0.7239157904401399,5.6333871174104395e-08,0.9978009051316783,1.000189637718806,0.99799012581915,0.003637175177652205,1.009629214220392,0.003672198316594909,0.008573742274005296,0.7266360659404733,0.006229990356370737,0.04999885630757927,0.728768636240122,0.036437598324840365,0.05931257282290966,0.7279925998628051,0.04317911409390196,0.000604204188753175,0.6953855982981808,0.00042015489129039354,8.677778361561414e-05,1.0,8.677778361561414e-05,0.00011219460788184319,0.7252959593512416,8.137429575769786e-05,3.3378706192995553e-16,1.0,3.3378706192995553e-16,1.0,1.0,1.0,0.012222744083135284,0.05932447727265294,-12.252908816083728,-1.1138723913272455,7.249230403712545,-2.3079865647758413,-0.9588989715112199,-70.61857329633962,46.11128232835306,7.270321008478726,-4.482947809472859,458.15,7.0,0.05
38,1.1735186953605473e-05,0.25010086232824125,2.934980376679853e-06,7.264860713494058e-08,0.7195703736241391,5.22757853793625e-08,0.9978013009911462,1.0001929970822676,0.9979938737309203,0.0036957306239138593,1.0096225662250384,0.003731293036592371,0.008476578535113468,0.7231011810300759,0.006129423949834741,0.04999881861979028,0.7247051578389804,0.03623440173961767,0.05927383759071277,0.7239995956779385,0.04291423444995584,0.0006461307880155403,0.6912818144077599,0.0004466584634840983,8.35411874892929e-05,1.0,8.35411874892929e-05,0.00012891192249341168,0.7213337650799888,9.298852241587235e-05,3.7773180019843835e-16,1.0,3.7773180019843835e-16,1.0,1.0,1.0,0.012184044345980933,0.059285645426273514,-12.304993753973998,-1.1308151364075902,7.281699433720981,-2.304367620153598,-0.913189693803808,-70.02212139662292,45.85505723877373,7.282446022789611,-4.491112891894435,463.15,7.0,0.05
39,1.1741833385484303e-05,0.2419627763796494,2.841086605739041e-06,6.775434090179358e-08,0.7152536295017928,4.846153824450958e-08,0.9978016659362305,1.0001963542794248,0.9979975885633542,0.00375619271427277,1.0096159030894523,0.0037923118993985227,0.008377321669530624,0.7195836096492713,0.006028183366153906,0.04999878084665703,0.7206651591092372,0.03603237935412397,0.05923501388649944,0.7200294878865869,0.042650956713651045,0.0006880543194073899,0.6872032985757309,0.0004728331978960379,8.039602882844538e-05,1.0,8.039602882844538e-05,0.00014744113847429694,0.7173938297891395,0.00010577336299854675,4.253759246841365e-16,1.0,4.253759246841365e-16,1.0,1.0,1.0,0.012145256217188878,0.059246823474225795,-12.357880207969494,-1.1479356827814753,7.314602804798187,-2.3014021616817177,-0.8687591006660891,-69.44260395118113,45.606603017597415,7.2951784609085415,-4.49936354562045,468.15,7.0,0.05
40,1.1613305211580532e-05,0.23655821957066228,2.7472228041821848e-06,6.312255165590101e-08,0.710964886625176,4.487791778152942e-08,0.997801995532087,1.0001997060490888,0.9980012626263877,0.0038182939379463074,1.0096092488305977,0.003854984874504395,0.008276612085671367,0.7160860193598582,0.0059267662022141,0.049998743325441734,0.7166513994701239,0.03583166937592533,0.05919624165997936,0.7160815432888087,0.042389336084775284,0.0007298336129986448,0.6831524444193049,0.0004985876167393971,7.734393260122957e-05,1.0,7.734393260122957e-05,0.00016788914799611602,0.7134787778713331,0.00011978534413012817,4.767604458519477e-16,1.0,4.767604458519477e-16,1.0,1.0,1.0,0.012106519328829255,0.05920791808774259,-12.411575798680502,-1.1652371314647907,7.347967301417002,-2.2990996765138045,-0.8255679684441936,-68.87944677524551,45.3656153852459,7.308489107745699,-4.507710999822523,473.15,7.0,0.05
41,1.3866577590971691e-05,0.41662131953425424,5.777111853374747e-06,4.350055851491004e-08,0.8276218251375046,3.600201163261065e-08,0.9978307656780059,1.0001271822120292,0.9979576720020157,0.0009203292341410583,1.009704437269929,0.0009292605114614625,0.009720425376312498,0.7955612387554267,0.0077331936536088565,0.05000120261662252,0.8150097022737717,0.040751465257904046,0.05975096286206382,0.8111821228400403,0.048468912896185344,1.6017863013731468e-06,0.792021696775198,1.2686495042848276e-06,0.00026417457428203994,1.0,0.00026417457428203994,4.342820399040962e-08,0.8120147710366831,3.5264343119806786e-08,1.0000240523324508e-16,1.0,1.0000240523324508e-16,1.0,1.0,1.0,0.010654621188044527,0.05976487294021331,-12.4744162447675,-0.6760985170731038,7.443673232106757,-3.8611268053742234,-4.176750767028487,-114.52114143074762,65.6437037683948,8.040479225650726,-4.278487061567756,273.15,7.5,0.05
42,1.4307539657242481e-05,0.41439969015734635,5.929040000875226e-06,5.0108663831437056e-08,0.8260245987439425,4.139098893495797e-08,0.9978306425497788,1.0001273929693801,0.9979577591582717,0.0009214003932885747,1.0097056116047802,0.0009303431476383254,0.009725755586751013,0.7949605866321526,0.007731592366684524,0.05000120166753847,0.8142978750177329,0.0407158722662097,0.05975780426180743,0.8104881413285677,0.04843299170602867,2.221050833116364e-06,0.7905730539157969,1.7559029400390294e-06,0.00025671277081547935,1.0,0.00025671277081547935,6.098603417773673e-08,0.8109155726802839,4.945452483073881e-08,1.000024033350769e-16,1.0,1.000024033350769e-16,1.0,1.0,1.0,0.01066146351969683,0.0597721619101285,-12.380729319914929,-0.6833038065095377,7.383094197086449,-3.7772740746032913,-4.024793884787313,-112.3951782476588,64.72211265744274,7.972378952170748,-4.281445058148846,278.15,7.5,0.05
43,1.481400109189629e-05,0.412189867251229,6.106181143528299e-06,5.6572251248149005e-08,0.8244304434293757,4.663988618230945e-08,0.9978305249492134,1.0001276557690582,0.9979579037722656,0.0009227583729212561,1.009706731965103,0.0009317153411157571,0.009730419257272353,0.7943605016387854,0.007729460722362565,0.05000120046617019,0.8135393135287906,0.04067794230286355,0.059764331193768734,0.8097556416723503,0.048394504354929056,3.0547428840389846e-06,0.7891270075481422,2.4105801109106666e-06,0.0002493507047938026,1.0,0.0002493507047938026,8.529750960313328e-08,0.8098177728038952,6.907543925252819e-08,1.0000240093234023e-16,1.0,1.0000240093234023e-16,1.0,1.0,1.0,0.010667991631285505,0.05977920176711188,-12.299755522618964,-0.6910374629759917,7.3312425180786995,-3.6997779483794413,-3.878687503867064,-110.35857856764792,63.836595668068405,7.910246520970344,-4.284777994628022,283.15,7.5,0.05
44,1.5387778113692582e-05,0.4097213752662211,6.3047016110335815e-06,6.271975275353824e-08,0.8228395739148311,5.160829463176503e-08,0.9978304153768554,1.000127965679897,0.9979581034243808,0.0009244715357537436,1.0097077740524696,0.0009334460965407805,0.009734204707125878,0.7937610405618281,0.00772663245737008,0.0500011989530969,0.8127383500972066,0.04063789194002215,0.059770402097785,0.8089884365982358,0.048353564147935006,4.166840241200621e-06,0.7876836306952951,3.2821518497161628e-06,0.00024216588726954307,1.0,0.00024216588726954307,1.1876084639676193e-07,0.8087213898671147,9.604443675978418e-08,1.0000239790619402e-16,1.0,1.0000239790619402e-16,1.0,1.0,1.0,0.010674064020993313,0.059785852595651445,-12.230338835044762,-0.6992712293527066,7.287280491719639,-3.628054130869657,-3.7381254830196653,-108.40616623246868,62.98542148445292,7.853606846350158,-4.288371526620091,288.15,7.5,0.05
45,1.6001523886895387e-05,0.40753731627102985,6.521218101112122e-06,6.840272969051454e-08,0.8212521581471695,5.6175889381492615e-08,0.9978303159753311,1.000128317794957,0.9979583553612184,0.0009265951074288475,1.0097087168558383,0.0009355911569668795,0.009736961696250771,0.7931626310671603,0.00772299415759842,0.050001197081418584,0.8118993341111685,0.040595938615165056,0.059775894566551226,0.808189920127714,0.0483102754553037,5.636606951282108e-06,0.7862433695807204,4.431744842378153e-06,0.00023520140520667164,1.0,0.00023520140520667164,1.645368865096134e-07,0.8076268313284166,1.3288440428840246e-07,1.0000239416283729e-16,1.0,1.0000239416283729e-16,1.0,1.0,1.0,0.010679558327566514,0.05979196449316782,-12.17142719720877,-0.7079783078871069,7.250450043066965,-3.561584485008786,-3.602822480588625,-106.53313352838201,62.16690893476459,7.802018756026677,-4.292147529764161,293.15,7.5,0.05
46,1.6667537769500858e-05,0.40509629474639386,6.751957792970375e-06,7.350743630451556e-08,0.8196683930394381,6.025172219217105e-08,0.9978302287405725,1.0001287082047974,0.9979586576780062,0.000929241877909743,1.0097095406097327,0.000938264389659572,0.009738450077854338,0.7925651522704702,0.007718356168832994,0.050001194753238914,0.811025711070635,0.0405522545291269,0.0597806934464712,0.8073632853692244,0.048264737062593446,7.5603087967534786e-06,0.7848061312559349,5.933376697880314e-06,0.00022847602891341325,1.0,0.00022847602891341325,2.26738478505036e-07,0.8065339496812304,1.8287228061337947e-07,1.0000238950647756e-16,1.0,1.0000238950647756e-16,1.0,1.0,1.0,0.010684359493533581,0.05979743449167703,-12.122022785184738,-0.7171309343716131,7.220030535012557,-3.499875744122116,-3.4725123084852583,-104.73498808620641,61.37942034827462,7.755061466960777,-4.296051580216475,298.15,7.5,0.05
47,1.7539701325321923e-05,0.3982356780640106,6.984934850329803e-06,7.804414370953697e-08,0.8176807914047601,6.381519719292112e-08,0.9978301515580131,1.0001294642903147,0.9979593349304392,0.0009326746703523897,1.009710264696278,0.0009417311882770253,0.009738366279138903,0.791572022159579,0.007708618288108636,0.05000119173654082,0.8097151302611804,0.040486721480167416,0.059784911641648675,0.8061097844950624,0.048193202239505774,1.004164652185487e-05,0.7829796509528452,7.86240488867378e-06,0.00022177287505027295,1.0,0.00022177287505027295,3.1062094016689236e-07,0.8050394573768868,2.500621131218534e-07,1.000023834730818e-16,1.0,1.000023834730818e-16,1.0,1.0,1.0,0.010688580650816614,0.05980252938711769,-12.080907870398482,-0.7266841572218868,7.195075884428016,-3.442410440773604,-3.3469462719885965,-103.00748684349166,60.621330759349455,7.712313429323487,-4.300477053751247,303.15,7.5,0.05
48,1.828966311264917e-05,0.3950625655516044,7.225561232357725e-06,8.186699766593747e-08,0.8156987825223515,6.677881032486529e-08,0.9978300911618719,1.0001302489989834,0.9979600575324012,0.0009367156185320727,1.009710823480551,0.0009458118985551132,0.009736833990814342,0.7905829995437657,0.007697775422517697,0.05000118819773704,0.8083797729320645,0.04041994916162009,0.05978816678852831,0.8048342887390424,0.04811956669225642,1.3224083817160446e-05,0.7811602448157131,1.0330128552076564e-05,0.0002153310432282254,1.0,0.0002153310432282254,4.2305693213828154e-07,0.803550310483441,3.399475291718883e-07,1.000023763954743e-16,1.0,1.000023763954743e-16,1.0,1.0,1.0,0.010691839272459064,0.059806538318638615,-12.047658956446844,-0.7366367545671626,7.175361322238049,-3.388917276383081,-3.225892202936491,-101.3468876937199,59.89130633482856,7.673488282891804,-4.304962985322469,308.15,7.5,0.05
49,1.9042812340696302e-05,0.39217870661537085,7.468185514093494e-06,8.497152100451013e-08,0.8137228105013673,6.9143264884366e-08,0.997830049873887,1.000131060759882,0.9979608262384565,0.0009416522530092103,1.0097111933385894,0.0009507968200959013,0.009733302898759412,0.7895965250627124,0.007685382146243254,0.050001183885489665,0.8070207869067408,0.04035199476553651,0.059790321245968996,0.8035397102468734,0.04804389740955342,1.7261247882501454e-05,0.779346411575163,1.3452491596536879e-05,0.00020913424570616706,1.0,0.00020913424570616706,5.725606770348024e-07,0.8020648954627562,4.5923081957200375e-07,1.000023677709791e-16,1.0,1.000023677709791e-16,1.0,1.0,1.0,0.010693997964109319,0.0598094490298307,-12.021406521975162,-0.7469581098637822,7.160250117304645,-3.3389442317780187,-3.109132756634975,-99.7495037800478,59.18788215720952,7.638221955185976,-4.309489735481229,313.15,7.5,0.05
50,1.9811852769442582e-05,0.38905597211458964,7.707919638606613e-06,8.737127152997449e-08,0.8117531676569482,7.092390642667204e-08,0.9978300303831372,1.000131896737781,0.9979616409090047,0.000947682480928726,1.0097113467459278,0.0009568857541060661,0.009727402197608497,0.7886124902436585,0.00767115087065767,0.0500011786311042,0.8056405783490698,0.04028297847049792,0.05979121465386835,0.8022284085498484,0.04796621097703519,2.2327723466114942e-05,0.7775380960524868,1.7360655593029452e-05,0.00020316805535325154,1.0,0.00020316805535325154,7.697674221905105e-07,0.8005830777946944,6.162627720433668e-07,1.0000235726220808e-16,1.0,1.0000235726220808e-16,1.0,1.0,1.0,0.010694896531306666,0.05981111387790933,-12.00141211940181,-0.757622430330404,7.149207351852495,-3.2921149479124527,-2.9964643922138965,-98.21194176558362,58.50971922647264,7.606200252693143,-4.314042697346931,318.15,7.5,0.05
51,2.0558479669394897e-05,0.3862204890985488,7.940106073036263e-06,8.90975859255135e-08,0.809790141227625,7.21503466896621e-08,0.9978300356812051,1.0001327534946143,0.9979625011054728,0.0009549750653041789,1.0097112528478924,0.0009642490696267806,0.009718821806616712,0.7876314949765637,0.00765485014895635,0.05000117229437581,0.8042420644938707,0.04021304603314254,0.059790667252097994,0.8009024535589673,0.04788649210213307,2.861749392876353e-05,0.7757359512254793,2.2199618874518746e-05,0.0001974180806484023,1.0,0.0001974180806484023,1.0277954238437873e-06,0.7991054432957411,8.213169177880237e-07,1.0000234458875162e-16,1.0,1.0000234458875162e-16,1.0,1.0,1.0,0.010694355351590286,0.059811314829353326,-11.987021456820793,-0.7686063887612755,7.14176157773687,-3.2480975843507625,-2.887696310672119,-96.73105365595616,57.855572566548325,7.577142550366454,-4.318611101596888,323.15,7.5,0.05
52,2.1176268053516143e-05,0.38501746875510295,8.153233123644339e-06,9.027615819286629e-08,0.8074328418121417,7.289193495754837e-08,0.9978300651564858,1.0001339543090226,0.9979637287933859,0.0009636193502224942,1.0097109147218126,0.0009729769755567937,0.00970759679500334,0.7862647700292855,0.007632741361560328,0.05000116480935168,0.8024306665037516,0.040122468003931995,0.059788696964217784,0.7991665758294891,0.04778112822620089,3.631032701746716e-05,0.773557527381627,2.8088126786050188e-05,0.00019168655112116958,1.0,0.00019168655112116958,1.3627728964645455e-06,0.7972378316983258,1.086454109074642e-06,1.0000232961870303e-16,1.0,1.0000232961870303e-16,1.0,1.0,1.0,0.01069239241327935,0.05980996350842949,-11.977484384277039,-0.7798778199319557,7.137320521026286,-3.206624883308189,-2.7826493460239385,-95.30394104387376,57.224309882286875,7.550811098794048,-4.323616517445123,328.15,7.5,0.05
53,2.1895198880855326e-05,0.38119944937518535,8.34643775734223e-06,9.091163195238673e-08,0.8050850740600461,7.319159794330703e-08,0.9978301255060193,1.0001351727168444,0.9979650049150333,0.0009740857775120552,1.0097102651687813,0.0009835444087088357,0.009692635627985566,0.7849007247130024,0.007607756728784936,0.05000115576905055,0.8006050359279319,0.04003117711091884,0.059784912278616154,0.7974217144779376,0.0476737872491272,4.5628053512771726e-05,0.7713858883924709,3.519683659456862e-05,0.00018614265910058805,1.0,0.00018614265910058805,1.7933419375158342e-06,0.7953744688854714,1.4263783910816987e-06,1.0000231153810078e-16,1.0,1.0000231153810078e-16,1.0,1.0,1.0,0.010688616604378478,0.059806898389128976,-11.972269351149537,-0.7914160320128328,7.135538771076753,-3.167285228085328,-2.6811555009449837,-93.92773158769293,56.614699588537526,7.526905233633283,-4.328625528006446,333.15,7.5,0.05
54,2.254913085951581e-05,0.3776804609190088,8.51636613634498e-06,9.105480102606298e-08,0.8027471158934117,7.309397891192063e-08,0.9978302200800268,1.0001364037163973,0.9979663278303792,0.0009864508652343469,1.0097092682432947,0.0009960285812937377,0.00967381855917752,0.7835417441223207,0.007579840666180829,0.050001145124948916,0.7987694138382634,0.039939385382697395,0.05977910377803145,0.7956692304698085,0.04756439350124111,5.6790733558626443e-05,0.7692234650300583,4.3684764849565434e-05,0.0001807757034613123,1.0,0.0001807757034613123,2.342153428365682e-06,0.7935177603475261,1.858540342867015e-06,1.0000229024989769e-16,1.0,1.0000229024989769e-16,1.0,1.0,1.0,0.010682818555271383,0.059801743963692,-11.970950929577326,-0.8032053441879118,7.136118396407757,-3.129872384818979,-2.583056722925987,-92.59991537462838,56.02575895305427,7.505235778005223,-4.333633812947742,338.15,7.5,0.05
55,2.3376707924779935e-05,0.37025828960710805,8.655419892873947e-06,9.079969401649603e-08,0.8004196170404146,7.267785631207065e-08,0.9978303512931935,1.000137648624478,0.9979677012685115,0.0010011622059942116,1.0097078965640893,0.0010108813851338794,0.00965030017951127,0.7821847519509211,0.007548317652162953,0.050001132496643445,0.7969222835482351,0.039847016689222955,0.059771111916416556,0.7939113634640597,0.047452964957325185,6.998211912744136e-05,0.7670673277647136,5.368099711039826e-05,0.00017556102167762987,1.0,0.00017556102167762987,3.0345049788560415e-06,0.7916645831188645,2.4023101190581876e-06,1.0000226499328698e-16,1.0,1.0000226499328698e-16,1.0,1.0,1.0,0.01067483909343026,0.05979457942403535,-11.972912165517187,-0.8152153466672815,7.138597891016846,-3.0940421537541902,-2.4882043028897436,-91.31798932618625,55.45640795867642,7.485552388643804,-4.338640577981369,343.15,7.5,0.05
56,2.3908218992753553e-05,0.36659696889675747,8.764680614463348e-06,9.016535764316528e-08,0.7981023844896125,7.1961186933369e-08,0.9978305226552008,1.0001388986295858,0.9979691199473564,0.0010180072739054437,1.009706111129707,0.0010278881656368198,0.009622535299385539,0.7808360458084896,0.0075136224138248175,0.0500011181037372,0.795071622182392,0.039754470081671704,0.05976070948282908,0.7921482370105469,0.047339340659322535,8.542814966062747e-05,0.764923753064735,6.534602085578306e-05,0.00017050014884142058,1.0,0.00017050014884142058,3.901657417865493e-06,0.7898213142363837,3.0816121894786574e-06,1.000022362074743e-16,1.0,1.000022362074743e-16,1.0,1.0,1.0,0.010664450792283736,0.05978470786717949,-11.978006326497102,-0.8274456644250479,7.142901681980719,-3.0597638724179004,-2.3964582071912335,-90.0798975064167,54.905918286913426,7.467768512704101,-4.343642470142434,348.15,7.5,0.05
57,2.4361268168102934e-05,0.3624838741556758,8.830566864919298e-06,8.931624684738166e-08,0.7953883352513296,7.104110089083567e-08,0.997830731275692,1.0001404928404944,0.9979709193494617,0.00103729381001795,1.0097039338074505,0.0010473596404892427,0.009590126183515823,0.779093930104462,0.00747160909851305,0.05000110169956162,0.792810103597607,0.03964137861842394,0.059748023844934474,0.7899769049439779,0.047199558953540326,0.00010318522270059155,0.7623996825183201,7.866838102751312e-05,0.00016540902366711478,1.0,0.00016540902366711478,4.977519067074212e-06,0.787581940341912,3.920204124935173e-06,1.0000220339912347e-16,1.0,1.0000220339912347e-16,1.0,1.0,1.0,0.010651781261701876,0.05977247442934943,-11.985576744220037,-0.8398596076479521,7.148490317118101,-3.026801044393087,-2.307686308055036,-88.88350152120996,54.3733918103627,7.4517011262293975,-4.349083277436516,353.15,7.5,0.05
58,2.4732862937232216e-05,0.35817439367478177,8.858678186384633e-06,8.821986171919703e-08,0.7926880228133107,6.99308277590541e-08,0.9978309827413688,1.0001420916209434,0.997972766163134,0.001059243393303022,1.0097013046830141,0.0010695194361949245,0.009552505332610145,0.777359047153103,0.00742572644328276,0.05000108311861659,0.7905471538333352,0.03952821394800637,0.05973270592739329,0.7878054144872411,0.04705774915157456,0.0001234400270516319,0.7598881460442237,9.380061330391345e-05,0.00016044983403901974,1.0,0.00016044983403901974,6.29994310219171e-06,0.7853519214781914,4.947672420509537e-06,1.0000216623723343e-16,1.0,1.0000216623723343e-16,1.0,1.0,1.0,0.010636481588850399,0.059757527010192255,-11.99549378198397,-0.8524553338872422,7.155331331061034,-2.994978728616249,-2.221764257057688,-87.72683855954067,53.85802476019496,7.437203322206169,-4.35452011137366,358.15,7.5,0.05
59,2.482904109912793e-05,0.35643494800793096,8.84993797325444e-06,8.690376588865064e-08,0.7900015966825565,6.865411380976109e-08,0.9978312782676553,1.0001436902458942,0.9979746568893906,0.0010838216523323743,1.0096982045979532,0.001094332776464385,0.009509789380494394,0.7756341518597619,0.007376117420504742,0.05000106243128385,0.7882867989586265,0.039415177448487174,0.05971464409951021,0.7856343889933316,0.04691387793107295,0.00014630841866989242,0.7573919185352087,0.00011081281391424227,0.00015561843917597635,1.0,0.00015561843917597635,7.912690629737643e-06,0.7831340649229105,6.196697577343862e-06,1.0000212486256773e-16,1.0,1.0000212486256773e-16,1.0,1.0,1.0,0.010618440073925896,0.05973956004437522,-12.00760472938177,-0.8652288236242867,7.163333434372595,-2.964247399787233,-2.1385745313227615,-86.60817670737671,53.35917022607761,7.424196066747346,-4.359952534941818,363.15,7.5,0.05
60,2.498808926572171e-05,0.35220701315376884,8.800980284699593e-06,8.543218005558972e-08,0.7873293230086119,6.726326048631726e-08,0.9978316165845841,1.0001452930649581,0.9979765945984698,0.0011114020664954286,1.0096946381347083,0.0011221767073522687,0.009461293506205469,0.7739145595549864,0.00732223279667546,0.05000103934117175,0.7860253712499913,0.039302085511029934,0.05969386501529563,0.7834653570379816,0.04676807526718567,0.00017178121205710265,0.7549064853492922,0.00012967875104306876,0.00015089701480527735,1.0,0.00015089701480527735,9.860209509916452e-06,0.7809236799250286,7.70007109531572e-06,1.0000207868234331e-16,1.0,1.0000207868234331e-16,1.0,1.0,1.0,0.010597683661966619,0.05971893853674141,-12.021540632040148,-0.8781596549482427,7.172222084733309,-2.93441000814066,-2.0580060972080663,-85.5257341880477,52.876062824489594,7.412531034673264,-4.365383263870035,368.15,7.5,0.05
61,2.504026204027548e-05,0.34803437312705876,8.714871902124555e-06,8.381753615955017e-08,0.784671215657701,6.576920799174758e-08,0.997831997159189,1.0001468961302535,0.9979785748182148,0.0011418908364015908,1.0096906014111078,0.001152956445352155,0.009407258487223106,0.772202652656743,0.007264309958061344,0.05000101397978154,0.7837663490277392,0.03918911217461833,0.059670346036563404,0.7812987087736203,0.046620364310442086,0.00019988217999560015,0.7524342387606009,0.0001503981959467988,0.00014628458417237917,1.0,0.00014628458417237917,1.2194683018722966e-05,0.7787232169073842,9.4962827895058e-06,1.000020279595632e-16,1.0,1.000020279595632e-16,1.0,1.0,1.0,0.010574189585664973,0.05969547011613982,-12.037241743278017,-0.8912488358111097,7.181977387985424,-2.905473751612866,-1.9799539777921908,-84.47802397352777,52.408168467748325,7.402165986324648,-4.370812429344251,373.15,7.5,0.05
62,2.5250344904064084e-05,0.33997564393698393,8.584502268390127e-06,8.217080789199002e-08,0.7815986955117488,6.422459625752597e-08,0.9978324109324666,1.0001488635598197,0.9979809518172614,0.0011753166931486568,1.0096861715409202,0.0011867010122534015,0.00934784001052525,0.7700729483424406,0.007198518717538609,0.050000986371385114,0.7810792033825323,0.03905473060330235,0.059644536390703114,0.778708604266306,0.04644571368491532,0.0002303197027329065,0.7495609695280612,0.00017263865968189228,0.00014162356877381292,1.0,0.00014162356877381292,1.497178705960352e-05,0.7761039790482706,1.1619663510421694e-05,1.0000197274277032e-16,1.0,1.0000197274277032e-16,1.0,1.0,1.0,0.010548407048577972,0.05966986890641506,-12.054360834958594,-0.9044755664514696,7.192298617208439,-2.877406357289097,-1.904318689627983,-83.46360350081946,51.95493908845137,7.393042610308408,-4.376715930770668,378.15,7.5,0.05
63,2.5132506025511975e-05,0.3352235535100844,8.42500797848573e-06,8.039433990238745e-08,0.7785432819888007,6.259047324092792e-08,0.9978328627379403,1.0001508258424536,0.9979833617200906,0.0012114267541601833,1.00968129116377,0.0012231549292907895,0.00928344231780043,0.7679560471210534,0.0071292756660543246,0.05000095680186065,0.7784021158312296,0.03892085056815424,0.05961610188570009,0.7761241375105437,0.04626949565777967,0.0002632621488976918,0.7467068129519167,0.0001965796401742685,0.00013708013513695098,1.0,0.00013708013513695098,1.8255999430189653e-05,0.773500442833348,1.4121023643617047e-05,1.0000191360372125e-16,1.0,1.0000191360372125e-16,1.0,1.0,1.0,0.010520001577986125,0.059641314786065505,-12.073187542564499,-0.9178660868202964,7.203491764772847,-2.8502854841970837,-1.8310063391652207,-82.48121804842545,51.51595933758125,7.385160339848827,-4.382619052451233,383.15,7.5,0.05
64,2.4922369449775297e-05,0.33054307917438797,8.237916738250418e-06,7.851638670598949e-08,0.7755050553195926,6.088985481592284e-08,0.9978333483052034,1.00015278583975,0.9979858031112547,0.0012503536283848744,1.0096759902867054,0.0012624520379480733,0.009213872016073309,0.7658487683890086,0.007056432535603693,0.05000092520881887,0.7757326715829747,0.03878735129385756,0.05958521730031257,0.773546319374945,0.04609192553181308,0.00029854318374482195,0.7438686661311263,0.00022207691987480042,0.0001326457643624274,1.0,0.0001326457643624274,2.211066916273277e-05,0.7709094593797813,1.7045324010767513e-05,1.0000185041763799e-16,1.0,1.0000185041763799e-16,1.0,1.0,1.0,0.010489148013907958,0.059610218186149054,-12.09357151505933,-0.9314138997043406,7.215455061463932,-2.8240494850429125,-1.7599278090854202,-81.5295459586623,51.090696619468964,7.378451823764461,-4.388524271841853,388.15,7.5,0.05
65,2.4453193588751188e-05,0.3283171350971366,8.02840246303446e-06,7.65365276209264e-08,0.7724838114937835,5.9123228575112534e-08,0.997833864558166,1.0001547401255826,0.9979882694956782,0.0012919057407638213,1.0096702856107997,0.0013043988382592398,0.009139584463319573,0.7637533738847401,0.006980388469764873,0.05000089183142626,0.7730739315270669,0.038654386027980304,0.0595519799107076,0.7709751859182868,0.04591309878345988,0.00033606403950109067,0.7410487260039755,0.0002490398283280329,0.0001283222351293794,1.0,0.0001283222351293794,2.660972581079765e-05,0.7683333535672617,2.044513986971548e-05,1.0000178366285278e-16,1.0,1.0000178366285278e-16,1.0,1.0,1.0,0.010455943397672146,0.05957650964082397,-12.115549580758591,-0.9451265129782601,7.228241858204721,-2.7987559396950488,-1.690998601067417,-80.60745207156644,50.67875772907894,7.372911684877459,-4.394432384033639,393.15,7.5,0.05
66,2.4086847388064174e-05,0.32374298951234165,7.79794798133943e-06,7.448218650409717e-08,0.7694793200921848,5.731250223015193e-08,0.9978344052270685,1.0001566945630955,0.9979907604532373,0.001336243526939729,1.009664225185587,0.0013491572852868576,0.009060337329433328,0.7616646985536182,0.006900939100816929,0.05000085658796642,0.7704213446438118,0.03852172716584348,0.05951666961113002,0.7684116012478943,0.04573329939683032,0.00037555359151335765,0.7382419298644223,0.000277249408166336,0.00012410067976140464,1.0,0.00012410067976140464,3.1822889627288226e-05,0.7657669909150823,2.4368918432111282e-05,1.0877897916594765e-16,1.0,1.0877897916594765e-16,1.0,1.0,1.0,0.01042066770376112,0.0595408309407046,-12.138975751891834,-0.9589971379245603,7.241750630086576,-2.7743426349783413,-1.6241385376829074,-79.71374400221384,50.27964834636427,7.368476693808535,-4.400346925420132,398.15,7.5,0.05
67,2.393141210089214e-05,0.31524018197417814,7.544142705584291e-06,7.242752957709833e-08,0.7660249960550263,5.5481298058572025e-08,0.9978349560563538,1.000159050138244,0.9979936618440594,0.0013829965329780164,1.009657929990652,0.0013963534166708334,0.008977097404837285,0.7591196979554738,0.006814691470476948,0.05000081989262441,0.767307612106627,0.03836600971518316,0.05947999122601071,0.7653902588895101,0.04552540588322213,0.0004164440283390265,0.734999743502283,0.0003060862540122421,0.00011984458241896512,1.0,0.00011984458241896512,3.78395035377998e-05,0.7627452417487023,2.8861901273589977e-05,1.2806548820623458e-16,1.0,1.2806548820623458e-16,1.0,1.0,1.0,0.010384025349916195,0.05950399506564119,-12.163723443041551,-0.9730199585476921,7.255853386584328,-2.7509233762073015,-1.5592713255399882,-78.84746360799556,49.89306775448715,7.3651735425390035,-4.406794897868834,403.15,7.5,0.05
68,2.3479043146274537e-05,0.3101015456754119,7.280887570639419e-06,7.028383171906902e-08,0.7625906838226572,5.359779529232146e-08,0.9978355224344995,1.0001613983800954,0.9979965714714222,0.0014319848661092731,1.0096513328879066,0.0014458054287425385,0.00889016102165943,0.7565895709117918,0.006726203112714047,0.05000078198901915,0.7642101794098506,0.038211106574461154,0.05944155358933758,0.7623795245730054,0.04531702336532001,0.0004589726540597577,0.7317794587481095,0.0003358667603680328,0.00011570809744979804,1.0,0.00011570809744979804,4.4750122138403324e-05,0.7597420814557933,3.3998550938831525e-05,1.4993418044515067e-16,1.0,1.4993418044515067e-16,1.0,1.0,1.0,0.010345624930914978,0.059465102916315564,-12.190080316354528,-0.9872222046364982,7.270853074338416,-2.728539621765673,-1.4963248148805646,-78.0076346016657,49.518658088428,7.362993872331022,-4.413251295033001,408.15,7.5,0.05
69,2.2980200983734525e-05,0.3050508036297172,7.010128777660629e-06,6.807074885474288e-08,0.7591761471413802,5.1677688848572206e-08,0.997836097474554,1.0001637431374637,0.9979994862878291,0.001483254821924406,1.0096444848503057,0.001497560050583598,0.008799528332305387,0.7540707802540306,0.006635467195408973,0.050000742913761616,0.7611259764268782,0.038056864272306125,0.05940165364551504,0.7593800434735949,0.04510843032773464,0.0005028483845221606,0.7285775483857652,0.00036636404320489836,0.00011168540854717969,1.0,0.00011168540854717969,5.264168370726625e-05,0.7567539963128349,3.9836804518109985e-05,1.7457905338139265e-16,1.0,1.7457905338139265e-16,1.0,1.0,1.0,0.010305763355213526,0.059424701917247635,-12.217961613385514,-1.0016017173224647,7.286696917279922,-2.707160203364693,-1.4352302497731384,-77.19325854026398,49.1560037739121,7.361894387614701,-4.41971967647073,413.15,7.5,0.05
70,2.2279009956872557e-05,0.30233971455024916,6.7358295108230065e-06,6.579060993021772e-08,0.7557810015034365,4.9723293062581916e-08,0.997836676438699,1.0001660816369993,0.9980023987873798,0.0015365893834376082,1.009637413659893,0.001551398130951196,0.0087057337982986,0.7515653091963977,0.006542927513899818,0.05000070295415831,0.7580574773283102,0.03790340674607143,0.059360453245531526,0.7563916141471804,0.044899749046895816,0.0005479081465879653,0.7253958532788176,0.00039745029751259256,0.0001077780827166506,1.0,0.0001077780827166506,6.161611718286275e-05,0.7537829997819483,4.6445181645014304e-05,2.02231039483939e-16,1.0,2.02231039483939e-16,1.0,1.0,1.0,0.01026460219169308,0.059382798046098334,-12.24741109237979,-1.016166664398226,7.303440116724907,-2.6868313592288393,-1.3759222273033183,-76.40346138717565,48.80477993248907,7.36187144571271,-4.4262022610682425,418.15,7.5,0.05
71,2.1717129505959788e-05,0.29742256045906795,6.459164263483732e-06,6.34648376867059e-08,0.7524047441210454,4.775124496034964e-08,0.997837251326696,1.000168420070049,0.9980053071464619,0.0015920717293215613,1.0096301803453838,0.0016074036671977151,0.008608708116436974,0.7490681428061314,0.006448509000739513,0.050000662116748466,0.7550000221246973,0.03775050100439461,0.05931830793071888,0.7534147510920269,0.04469128820482277,0.0005938030426552651,0.7222293921859705,0.00042886201057509187,0.00010397948407746027,1.0,0.00010397948407746027,7.176386070392175e-05,0.7508240948342504,5.38820357548333e-05,2.3306759418057833e-16,1.0,2.3306759418057833e-16,1.0,1.0,1.0,0.010222496975264495,0.05934008852506251,-12.27832850740778,-1.0309132964260823,7.321015301098837,-2.6675095708209233,-1.3183384920396546,-75.6373231100911,48.46458397581687,7.362877236206253,-4.4327039023964145,423.15,7.5,0.05
72,2.1390561300719456e-05,0.28878404440894434,6.177252804599218e-06,6.116360457588621e-08,0.7485213167166624,4.578226183227957e-08,0.9978378030757744,1.0001712198001873,0.9980086526650365,0.0016491346490210457,1.0096229440016047,0.0016650041793996814,0.008509848823627836,0.7460546602230469,0.0063488123726611586,0.0500006210340342,0.751425692718072,0.03757175129683296,0.059276144650154655,0.7499234188647778,0.0444525690531671,0.0006397349739142423,0.7185724947835346,0.0004596959562058365,0.0001001615215577383,1.0,0.0001001615215577383,8.32198595815145e-05,0.7473518427153826,6.219451540876022e-05,2.670237774379074e-16,1.0,2.670237774379074e-16,1.0,1.0,1.0,0.0101803740339496,0.05929759637505995,-12.310606018939318,-1.0458368210418174,7.339302755195491,-2.6493265549473017,-1.2624195586105045,-74.89413964058592,48.13519973964187,7.364952227828033,-4.439832867350836,428.15,7.5,0.05
73,2.0841529682133664e-05,0.2830860197520425,5.89994568325927e-06,5.881729180190862e-08,0.7446610507521437,4.379894631560466e-08,0.9978383400798656,1.0001740131099646,0.9980119770326648,0.0017078482187938156,1.0096156069924975,0.0017242702160685745,0.008408974733434571,0.7430579900879121,0.006248355864125927,0.050000579733812785,0.747872438591214,0.037394055496501,0.05923339454529528,0.746447670873378,0.044214629396259524,0.000686130787399131,0.7149398635129716,0.0004905422514951825,9.646624003215166e-05,1.0,9.646624003215166e-05,9.608504857633642e-05,0.7439008537264928,7.14777496662882e-05,3.04546115196833e-16,1.0,3.04546115196833e-16,1.0,1.0,1.0,0.010137664481910521,0.05925429489226923,-12.344444317563676,-1.060958534930484,7.358536337322907,-2.632231937798842,-1.2081091218443603,-74.17306269709711,47.81623774844702,7.368045681429367,-4.446986930946361,433.15,7.5,0.05
74,2.0113325384075006e-05,0.2798442641905525,5.628598742531634e-06,5.643928607095202e-08,0.7408235691075374,4.181155334496395e-08,0.9978388561556345,1.0001768006491472,0.9980152747131471,0.001768137584268772,1.0096082093007008,0.0017851262202508622,0.008306350195440126,0.7400773659419044,0.006147341773232352,0.050000538383992287,0.7443397525988018,0.03721738837054772,0.059190290566955954,0.7429876184232224,0.04397765302212113,0.0007327608039422271,0.7113306086318482,0.0005212351886497869,9.289056939424876e-05,1.0,9.289056939424876e-05,0.0001104709720992377,0.7404703523526981,8.180047963506762e-05,3.458143620229703e-16,1.0,3.458143620229703e-16,1.0,1.0,1.0,0.010094601105092972,0.0592104603316261,-12.379808365316151,-1.076280037353257,7.378703697634589,-2.616214821530188,-1.1553533059404544,-73.47331865802073,47.50735670030787,7.372126777358611,-4.454171091198325,438.15,7.5,0.05
75,1.953674025237597e-05,0.2745304523292582,5.3634301385239975e-06,5.404940372053369e-08,0.7370082244690304,3.983485506968029e-08,0.9978393431429564,1.0001795888247997,0.9980185439379305,0.0018300789975221321,1.0096008123859026,0.0018476492426287236,0.008201926230503127,0.7371078428133585,0.006045704150680462,0.05000049700307398,0.7408228755913159,0.037041511970812235,0.059147190798083775,0.7395435911094754,0.0437419258868522,0.0007792737124151032,0.7077397792154505,0.0005515230051730695,8.942776003251763e-05,1.0,8.942776003251763e-05,0.0001264744209905466,0.7370553874965154,9.321865337158481e-05,3.909418604062185e-16,1.0,3.909418604062185e-16,1.0,1.0,1.0,0.010051541968277634,0.059166781587739886,-12.416598439016802,-1.0917971007255127,7.399736758580065,-2.601227087456078,-1.1041007084201395,-72.79412930560541,47.208185084438185,7.37714581767942,-4.461392418209662,443.15,7.5,0.05
76,1.9155171241414917e-05,0.26653651080698243,5.105552506596982e-06,5.1658601223067624e-08,0.7332145542561592,3.7876838269268204e-08,0.9978397949286216,1.0001823785943567,0.9980217795478138,0.0018935910950399228,1.0095934564260436,0.0019117571786989329,0.008095974744136158,0.7341486146333711,0.005943648642514323,0.050000455760266224,0.7373211954406714,0.03686639581373789,0.05910432934377801,0.7361155965541737,0.0435076186538295,0.000825438281463015,0.7041664446816458,0.0005812459399619391,8.607514130425734e-05,1.0,8.607514130425734e-05,0.0001442018740310106,0.7336551405583106,0.0001057944461609929,4.400542453521568e-16,1.0,4.400542453521568e-16,1.0,1.0,1.0,0.010008721010417495,0.05912353617362066,-12.454783748105557,-1.1075112313832265,7.421626280448026,-2.5872602899555717,-1.0543022618014355,-72.13478627129585,46.91839671688229,7.383072400917394,-4.468657398549076,448.15,7.5,0.05
77,1.8634453389964852e-05,0.2603960533388603,4.852338118873793e-06,4.932599910669362e-08,0.7288241652062611,3.594998012190079e-08,0.9978401901495024,1.0001857182171991,0.9980255072506667,0.001957708765638562,1.0095863080918452,0.0019764759650200796,0.007990765140327026,0.7305855304718137,0.005837937388921498,0.05000041572170784,0.7332186423848278,0.03666123693414763,0.059062677378726766,0.7320829728752951,0.04323878044139273,0.0008704051692584754,0.7000216478864112,0.0006093024609131684,8.271216004157133e-05,1.0,8.271216004157133e-05,0.00016387176665259718,0.7296562805794197,0.00011957006374771272,4.927682088697763e-16,1.0,4.927682088697763e-16,1.0,1.0,1.0,0.009967108359355553,0.05908136115811583,-12.49432048499035,-1.1234226430501704,7.444301345418822,-2.5745001667522236,-1.0059108688645368,-71.49480318416404,46.637864282036055,7.389972619106962,-4.476700355220645,453.15,7.5,0.05
78,1.796412165939608e-05,0.25659102633393405,4.609432413772097e-06,4.700119794097437e-08,0.7244615488791685,3.405056065949467e-08,0.9978405403711544,1.0001890535124205,0.9980291856301472,0.0020230174064956616,1.0095792497830103,0.0020423963955478607,0.007885037762548897,0.727042556070055,0.005732758009592459,0.05000037639707619,0.7291423177230784,0.036457390333190426,0.059021549697092786,0.7280721017013316,0.04297194373363193,0.0009147291183608518,0.6959046770319997,0.0006365642716846742,7.946869098514514e-05,1.0,7.946869098514514e-05,0.0001855251769860132,0.7256826096612491,0.00013463239459307505,5.495954091038065e-16,1.0,5.495954091038065e-16,1.0,1.0,1.0,0.009926019290703955,0.05903956081995013,-12.535259167610976,-1.139539950432469,7.467875732816683,-2.5627726566083013,-0.9588819742203786,-70.87335938817209,46.366102414767205,7.397731051685797,-4.484800704684021,458.15,7.5,0.05
79,1.744513960084692e-05,0.25087093316817444,4.376478450913538e-06,4.470024924998176e-08,0.720125949085767,3.2189809415513515e-08,0.9978408383500502,1.0001923906812094,0.9980328136286789,0.002089585936203296,1.0095723366614202,0.002109588156267603,0.00777874413354079,0.7235151056266363,0.005628038883421344,0.05000033779848491,0.7250876908153926,0.036254629474293004,0.05898126771565278,0.7240831160044319,0.04270734011344145,0.0009580957334151216,0.6918109080541481,0.0006628210793367202,7.633772725342862e-05,1.0,7.633772725342862e-05,0.000209244471259524,0.7217295092024713,0.0001510179095454668,6.104973865905466e-16,1.0,6.104973865905466e-16,1.0,1.0,1.0,0.009885775209344933,0.058998757555502886,-12.577499808607651,-1.1558581374447041,7.492281594610932,-2.5520292992328666,-0.9131727487570988,-70.2697830757022,46.10275280794642,7.406293807375956,-4.492969361943865,463.15,7.5,0.05
80,1.71263191949315e-05,0.24253424542587185,4.1537189028653355e-06,4.243299762547914e-08,0.715816824603466,3.037425361867694e-08,0.9978410789822139,1.000195731016563,0.9980363874309713,0.0021573573552069814,1.0095656025624018,0.0021779937782519664,0.007672089483869644,0.7200022350789509,0.005523921576111859,0.05000030005582651,0.721053877376895,0.03605291022526188,0.058942028604941674,0.7201159063679395,0.04244509235201259,0.001000312013105876,0.6877392524623155,0.0006879538361225092,7.331525553763478e-05,1.0,7.331525553763478e-05,0.00023511684674740454,0.7177959903416005,0.00016876592985704745,6.754295786960225e-16,1.0,6.754295786960225e-16,1.0,1.0,1.0,0.009846573158271558,0.05895919735713423,-12.620992083556791,-1.1723764044479177,7.517494385106309,-2.5422495756494614,-0.8687422170515656,-69.68345136514887,45.847484198794206,7.415619051506938,-4.501217454178251,468.15,7.5,0.05
81,1.66245396353158e-05,0.23712659456096835,3.94212046986628e-06,4.020249221924636e-08,0.7115336387495049,2.8605425575558987e-08,0.9978412606692015,1.0001990684487645,0.9980398993810761,0.0022260841616481178,1.0095590434861135,0.0022473633969530595,0.007565680852463875,0.7165087558061705,0.005420876574425456,0.05000026349291782,0.7170457583709027,0.03585247685502422,0.058903809099179735,0.7161695853795564,0.0421851165398361,0.0010414015984729838,0.68369420019666,0.0007120002329515101,7.040128925687464e-05,1.0,7.040128925687464e-05,0.0002632542785466167,0.71388678934279,0.00018793375169239685,7.443958694110061e-16,1.0,7.443958694110061e-16,1.0,1.0,1.0,0.009808389553747307,0.05892047384130725,-12.665755834683308,-1.189100339556306,7.543551586659297,-2.533449051712595,-0.8255511554348415,-69.1137961504443,45.599998386463405,7.425680608354447,-4.509556239210409,473.15,7.5,0.05
82,4.373360034337058e-05,0.4165104793814906,1.8215502844095807e-05,1.3749989918339482e-08,0.8275393141583094,1.137865722670631e-08,0.9978414967033591,1.000127492912817,0.9979687144223035,0.000289864461661736,1.0097098348785123,0.00029267899772162016,0.009688027121007418,0.7954596874272866,0.007706435025463638,0.050001770623961064,0.8149179333708855,0.0407473395817634,0.05978244166826568,0.8110589659217841,0.04848708531974295,5.053048528708816e-06,0.7919201118351532,4.001610755963541e-06,0.0002633591736138779,1.0,0.0002633591736138779,1.3742407166478515e-07,0.8119205714543105,1.1157743079765057e-07,1.0000354124792203e-16,1.0,1.0000354124792203e-16,1.0,1.0,1.0,0.010021625183012525,0.05982618901859896,-13.100090881387546,-0.7100093378833765,7.943908985167597,-4.36287272862941,-4.176745961578515,-115.02288735400283,66.14545930254994,8.291356992728291,-4.278368232463117,273.15,8.0,0.05
83,4.469653438624754e-05,0.4142901962517158,1.851733600265005e-05,1.5984480782133386e-08,0.825942519880167,1.320226233617136e-08,0.9978413944716613,1.0001277019567851,0.9979688207702965,0.0002927659623852095,1.009710804106645,0.0002956089552950256,0.009689811600710287,0.794859368631193,0.0077020375310957855,0.05000176805875251,0.8142058281621558,0.04071173097184862,0.059788088029887866,0.8103666945779587,0.048450275271916254,6.940061766521718e-06,0.7904715605934084,5.485921455197066e-06,0.00025582271800369595,1.0,0.00025582271800369595,1.9122436682519614e-07,0.8108211346885816,1.5504875808931123e-07,1.000035361175047e-16,1.0,1.000035361175047e-16,1.0,1.0,1.0,0.010027274097481744,0.059832800548754894,-13.00147056571029,-0.7175630851957433,7.879351641829874,-4.275199651211163,-4.024789070985932,-112.89310382426669,65.22004786165338,8.221346554276066,-4.281334280765956,278.15,8.0,0.05
84,4.574134793737336e-05,0.4120824667752164,1.8849207491656268e-05,1.8250101754671185e-08,0.8243493063261825,1.504445872184544e-08,0.9978413042928577,1.0001279620045724,0.9979689900664,0.0002963757284570028,1.009711654789418,0.0002992540272197395,0.009690115892582422,0.7942600523712791,0.007696471956326279,0.050001764873052856,0.8134472583105586,0.04067379854667405,0.05979304373103487,0.8096364050095823,0.04841062497097582,9.434051897787237e-06,0.7890260878167091,7.443713061170868e-06,0.00024836920078122267,1.0,0.00024836920078122267,2.64467728809221e-07,0.809723435908767,2.1414571805839053e-07,1.000035297461058e-16,1.0,1.000035297461058e-16,1.0,1.0,1.0,0.010032232968976798,0.059838803329074,-12.914449660431462,-0.7255728386360207,7.822623432938487,-4.193021191134557,-3.878682679325262,-110.85182181040302,64.32984855990712,8.156872966889706,-4.284677594279276,283.15,8.0,0.05
85,4.684516428435467e-05,0.4096176169592474,1.918860456022181e-05,2.0510375600449427e-08,0.8227600957861241,1.6875118593635135e-08,0.9978412301494576,1.0001282680664876,0.9979692213147103,0.0003008293774041778,1.0097123478022532,0.0003037511369466626,0.009688599435976171,0.7936617210577082,0.007689470502995591,0.0500017609501857,0.8126464548922335,0.040633753774537325,0.059797080835759533,0.8088720481066553,0.04836818724642005,1.2687385041809906e-05,0.7875837107203963,9.992377790567102e-06,0.0002410740516488864,1.0,0.0002410740516488864,3.632463627768222e-07,0.8086273990496722,2.937309615464756e-07,1.0000352190037157e-16,1.0,1.0000352190037157e-16,1.0,1.0,1.0,0.010036273977664704,0.05984394651041951,-12.837706761790546,-0.7339975703423733,7.772753166385509,-4.1156254626104225,-3.73812064472885,-108.89373756420943,63.473002492775315,8.097397350511356,-4.288284433571005,288.15,8.0,0.05
86,4.790534596919488e-05,0.40743790161232096,1.9518453637701034e-05,2.2731244652993358e-08,0.8211752194473982,1.8666334816234343e-08,0.9978411758646847,1.0001286142497807,0.9979695124589187,0.00030620920560150023,1.0097128452624649,0.00030918336823345017,0.009685061941071325,0.7930655414796285,0.007680888892559474,0.050001756222929274,0.8118085035788856,0.04059185089565243,0.05979997864626068,0.8080770206886947,0.04832298858171791,1.687728937351519e-05,0.7861456312529865,1.326800730838142e-05,0.00023398065950141177,1.0,0.00023398065950141177,4.95232192840348e-07,0.8075341663784086,3.9991691600908144e-07,1.0000351244585867e-16,1.0,1.0000351244585867e-16,1.0,1.0,1.0,0.010039176492642021,0.05984790672347454,-12.770138026413358,-0.7428036634436973,7.7289409485398535,-4.042454469234559,-3.6028176252368436,-107.01400351260779,62.64778862969393,8.042458603491344,-4.292076990249885,293.15,8.0,0.05
87,4.892461927526103e-05,0.40500330299939885,1.9814632404468755e-05,2.4894705622256635e-08,0.8195951229953794,2.040357931640717e-08,0.9978411449858536,1.000128996870304,0.9979698633706174,0.00031271769299041777,1.0097131116831064,0.00031575515486771726,0.00967909162767136,0.7924710593685991,0.007670399995906463,0.05000175051719133,0.8109364832856087,0.04054824372253551,0.0598015304153132,0.8072547025109963,0.04827506664511596,2.2194285569412875e-05,0.7847114516604199,1.7416110047739876e-05,0.00022710504180693667,1.0,0.00022710504180693667,6.6964103621323e-07,0.8064432341557186,5.400274829671839e-07,1.0000350103438235e-16,1.0,1.0000350103438235e-16,1.0,1.0,1.0,0.01004073393993704,0.05985047992929409,-12.710532023930025,-0.7519467557693043,7.690293639387392,-3.972850528431361,-3.472507431987512,-105.20796287051566,61.852404885579354,7.991553735613145,-4.296001598653341,298.15,8.0,0.05
88,5.026562326649281e-05,0.3981585430503019,2.0013687325302152e-05,2.7045558535451e-08,0.8176127651209538,2.2112793898410718e-08,0.9978411358455851,1.0001297470692774,0.9979706028085655,0.00032086902062006554,1.0097131613840455,0.0003239856732004888,0.00966989552614848,0.791478300086712,0.007653512473052103,0.0500017433788583,0.8096245411160625,0.04048263853811127,0.05980181954147718,0.8060070952546643,0.048200690859569635,2.8779904006531298e-05,0.7828855789035523,2.253137180894191e-05,0.00022022172424956344,1.0,0.00022022172424956344,8.965314894221381e-07,0.8049478591724805,7.21661103091066e-07,1.0000348675771646e-16,1.0,1.0000348675771646e-16,1.0,1.0,1.0,0.01004103017003504,0.05985211221030221,-12.65704110656521,-0.7613394082727772,7.655356381889578,-3.9058115884829037,-3.3469413684324136,-103.47088799120095,61.08474171417112,7.944018906734319,-4.300453374334793,303.15,8.0,0.05
89,5.106333847397495e-05,0.394995231707437,2.0169775212283027e-05,2.9090366055786518e-08,0.8156370410881485,2.37271800939128e-08,0.9978411579499255,1.0001305191403869,0.9979713953201037,0.0003301005928289196,1.0097129007422496,0.0003333068271220246,0.009658355338680742,0.7904947292075354,0.007634878988040589,0.050001735328146904,0.8082927762828778,0.040416041467349506,0.059800300629510056,0.8047375835749213,0.048123549425645756,3.692156305044499e-05,0.7810719903619301,2.8838398739084574e-05,0.00021358930847328636,1.0,0.00021358930847328636,1.190813050068701e-06,0.8034628272269974,9.567740199070022e-07,1.0000347065629349e-16,1.0,1.0000347065629349e-16,1.0,1.0,1.0,0.010039519269983636,0.059851393058350084,-12.610294115505022,-0.7710382710005452,7.624753873347114,-3.8418778402290243,-3.225887268960798,-101.79984825756587,60.34427676662589,7.8999734987904695,-4.304969029843939,308.15,8.0,0.05
90,5.1628808998159066e-05,0.39212268705444225,2.0244827313778707e-05,3.105512441240205e-08,0.8136689706880329,2.526859111522801e-08,0.9978412137942905,1.0001313147971602,0.997972245110878,0.0003409152059115633,1.009712303496344,0.000344226277857895,0.009643504642655289,0.7895155670900063,0.007613697036681101,0.050001725925116945,0.8069390255031512,0.04034834399148952,0.059796820659373855,0.8034498899637452,0.048043748978955726,4.679663496674161e-05,0.7792660243841667,3.646702768508982e-05,0.00020718291389354264,1.0,0.00020718291389354264,1.5668937629656332e-06,0.8019832514931677,1.2566225547675428e-06,1.000034518502338e-16,1.0,1.000034518502338e-16,1.0,1.0,1.0,0.010036048657565012,0.059848480523496415,-12.568888786331165,-0.7809762854091935,7.597418972086402,-3.78018793153185,-3.1091277873768832,-100.19074747980164,59.629135795479534,7.858848774320984,-4.309530371015425,313.15,8.0,0.05
91,5.1989609317303325e-05,0.38901390567937455,2.0224680975268953e-05,3.29464418435523e-08,0.8117089625284141,2.6742922127832556e-08,0.9978413060571684,1.0001321317560372,0.9979731525811841,0.0003535369163473078,1.0097113411521206,0.00035697023395182516,0.009624925977460345,0.7885402007703508,0.007589641062666345,0.05000171498317232,0.8055651941948345,0.04027964124049398,0.05979121361571743,0.8021464494798317,0.04796130971193792,5.858469767470022e-05,0.7774671547615781,4.554767821371642e-05,0.00020098875384499682,1.0,0.00020098875384499682,2.041685217304735e-06,0.8005084987309528,1.6343863681857931e-06,1.0000342996634481e-16,1.0,1.0000342996634481e-16,1.0,1.0,1.0,0.010030452503124957,0.059843236171476584,-12.5320554339812,-0.7911207614959749,7.5727911402805805,-3.7203430329938927,-2.996459382575584,-98.64016985066506,58.937957330830706,7.820319304872176,-4.314123057000512,318.15,8.0,0.05
92,5.2064008616331574e-05,0.386193942102672,2.0106804729208577e-05,3.47616382097491e-08,0.8097572793988393,2.814848958417315e-08,0.9978414373062365,1.0001329659616653,0.9979741162525374,0.00036807610527831515,1.0097099858091538,0.0003716501190372562,0.009602428221466357,0.7875697971390141,0.007562582446422206,0.05000170242045643,0.804174812030381,0.0402101096451696,0.05978331694577623,0.8008291767006793,0.04787622449012175,7.245835072457424e-05,0.7756766169096896,5.620424835689353e-05,0.0001949966832342955,1.0,0.0001949966832342955,2.6346975344037993e-06,0.7990397525109486,2.1052280658312195e-06,1.000034048409132e-16,1.0,1.000034048409132e-16,1.0,1.0,1.0,0.010022568335361004,0.05983541571603076,-12.49932104874451,-0.8014549776063644,7.5505449039336945,-3.662152536611278,-2.887691256008326,-97.14510860821667,58.26963762813642,7.784175081160504,-4.318735944782675,323.15,8.0,0.05
93,5.164629768984258e-05,0.3850041165505748,1.988403721518584e-05,3.6515063494587795e-08,0.8074127563409804,2.94827280641311e-08,0.9978416057451134,1.0001341385748146,0.9979754547959987,0.0003844613078322545,1.0097082505877215,0.0003881937545499732,0.009576364895391409,0.7862175899041627,0.007529106528097463,0.05000168832260236,0.8023754038141774,0.0401201248592387,0.05977320708141096,0.7991023407953499,0.04776490969560068,8.852825387984571e-05,0.7735139438964066,6.847783880486186e-05,0.00018901971328035062,1.0,0.00018901971328035062,3.3695292211658847e-06,0.7971849190719901,2.6861378794858313e-06,1.0000337664520506e-16,1.0,1.0000337664520506e-16,1.0,1.0,1.0,0.010012472500913505,0.059824889894164304,-12.470362252525433,-0.8119700777926173,7.530432333283061,-3.6056789026233984,-2.78264424312474,-95.70299506318898,57.62337410740047,7.7503432113508515,-4.323789320159799,328.15,8.0,0.05
94,5.1283936529729374e-05,0.38120584193266077,1.9549736202436634e-05,3.8222211625168834e-08,0.8050793852050966,3.0771914636369995e-08,0.9978418145487642,1.0001353294557043,0.9979768519384059,0.00040329251604234495,1.0097061018557316,0.0004072069142807063,0.009545393091275159,0.7848665735699302,0.007491859968927219,0.05000167216678627,0.8005601392859539,0.04002934563437303,0.059760688046382064,0.7973675394557808,0.047651232783728154,0.00010682736460297039,0.7713568637038392,8.240202091789377e-05,0.00018322023486219826,1.0,0.00018322023486219826,4.265772869834105e-06,0.7953327848949484,3.3927090162944738e-06,1.0000334433357249e-16,1.0,1.0000334433357249e-16,1.0,1.0,1.0,0.009999969543847234,0.05981201020512342,-12.444323345655778,-0.822620734168324,7.511845480998519,-3.5502640583077842,-2.681150345387109,-94.31071041791539,56.99768872987573,7.718399804302385,-4.328850911284955,333.15,8.0,0.05
95,5.0644871621607415e-05,0.37770756265371425,1.9128951021107612e-05,3.984991006564742e-08,0.8027571043970592,3.1989798414782306e-08,0.997842065501989,1.0001365303928982,0.9979783012712423,0.00042439411333065533,1.009703517618828,0.0004285122290866861,0.009509892156502104,0.7835220357748155,0.007451210062461481,0.05000165413683464,0.7987362919498051,0.03993813581661194,0.059745631700922314,0.7956255077169877,0.04753514855591848,0.00012748363214995777,0.7692106643390975,9.806176937843006e-05,0.00017759865926193584,1.0,0.00017759865926193584,5.3518821024678155e-06,0.7934887353473854,4.2466581612154925e-06,1.0000330827366931e-16,1.0,1.0000330827366931e-16,1.0,1.0,1.0,0.009984931141454366,0.05979631642245399,-12.421400780153839,-0.8334288184465667,7.494988496634352,-3.496180965072763,-2.5830515123613043,-92.96622395488217,56.392077954437426,7.688395278696797,-4.333914508626967,338.15,8.0,0.05
96,5.0264349921820664e-05,0.37031270165594854,1.8613527216529364e-05,4.142753114661867e-08,0.8004465182814652,3.3160523067307864e-08,0.9978423557141222,1.0001377477928444,0.9979798062962283,0.0004482098691108219,1.0097005216538892,0.00045255773865161825,0.009469021930312183,0.78217664902813,0.00740644784302546,0.05000163385381174,0.7968980900922423,0.03984620651959418,0.059728176523531996,0.7938789501904396,0.04741694207529085,0.00015038250649733803,0.7670682056436409,0.00011535363941910614,0.000172130602910628,1.0,0.000172130602910628,6.650960598231956e-06,0.7916454136810904,5.265202454163969e-06,1.0000326770762343e-16,1.0,1.0000326770762343e-16,1.0,1.0,1.0,0.009967496149344824,0.05977848230098495,-12.400952086936295,-0.8443598612267468,7.479378627595412,-3.443068357412798,-2.4881990350691012,-91.66701552984486,55.80544469797631,7.660070758293749,-4.338979218518981,343.15,8.0,0.05
97,4.9229066854373355e-05,0.3666733052249877,1.8050984656634974e-05,4.2874885634163236e-08,0.7981466138453189,3.422044478791273e-08,0.9978426892413504,1.0001389652640003,0.9979813547140916,0.00047412069528518226,1.009697067855762,0.0004787182758391839,0.00942404562443961,0.7808437175967413,0.007358706820188728,0.050001611913070156,0.795060707046547,0.0397543169210726,0.059708053925755254,0.7921264509926716,0.047296328851887566,0.00017577629379616152,0.7649426446711289,0.00013445878304692516,0.0001668330631163322,1.0,0.0001668330631163322,8.20483562620514e-06,0.7898162969927836,6.480312891723808e-06,1.0000322382614014e-16,1.0,1.0000322382614014e-16,1.0,1.0,1.0,0.009947395386579166,0.05975732586749524,-12.383788121183247,-0.8554772397609959,7.465714349918216,-3.39162973066464,-2.396452882919165,-90.41176336466344,55.2377947937043,7.6337067660995395,-4.344038916089602,348.15,8.0,0.05
98,4.805492218522748e-05,0.3625817420307923,1.7423837399073937e-05,4.4247230694135566e-08,0.7954501721081697,3.5196467270959996e-08,0.9978430570332949,1.0001405263317273,0.9979832802577394,0.0005023830954601323,1.0096932371705172,0.0005072528139548858,0.00937466257871507,0.7791177791791872,0.007303966288882721,0.05000158811345439,0.79281306834808,0.03964191249450467,0.059685735450609,0.7899655290828218,0.04714967358393766,0.00020337245806590392,0.7624371525309204,0.0001550587178309817,0.00016152679126003929,1.0,0.00016152679126003929,1.0046703233877716e-05,0.7875916350340382,7.91269942667151e-06,1.0000317622690881e-16,1.0,1.0000317622690881e-16,1.0,1.0,1.0,0.00992510059636043,0.05973383462002492,-12.369307884440817,-0.8667486169752289,7.453500925207178,-3.3416724140126175,-2.3076809288992837,-89.1983728908295,54.68827393829373,7.609142190194915,-4.349536678556433,353.15,8.0,0.05
99,4.677290427300543e-05,0.3582937252846685,1.67584381143583e-05,4.549911804070435e-08,0.7927675186558666,3.607022291015953e-08,0.9978434622030502,1.0001420924191373,0.997985248194515,0.0005331145743526259,1.0096889934569007,0.0005382799179753069,0.009320513787291543,0.777398796852345,0.007245756204286137,0.05000156238259976,0.7905639400419219,0.039529432165440005,0.05966101051330583,0.7878040844282144,0.04700118776349697,0.0002332202997435763,0.7599440614114235,0.00017723438179072291,0.00015637298478400413,1.0,0.00015637298478400413,1.2213734242996149e-05,0.7853762202593843,9.59237643501693e-06,1.0000312476519982e-16,1.0,1.0000312476519982e-16,1.0,1.0,1.0,0.009900401265917175,0.05970782891669688,-12.357561466966832,-0.8781855401548159,7.442851173779415,-3.2931592323970986,-2.2217588252025946,-88.02501906332152,54.15621612768599,7.5862990059516875,-4.355029044316717,358.15,8.0,0.05
100,4.5080701078797306e-05,0.3565732232624158,1.607457089059623e-05,4.6596711712903534e-08,0.7900985158275913,3.6815992766811166e-08,0.9978439046571993,1.0001436566388968,0.997987251558686,0.0005661054978815966,1.0096843291595268,0.0005715878498621,0.009262066930630655,0.7756914750939388,0.007184506359839683,0.05000153495348351,0.7883193610987749,0.03941717808848818,0.05963383508004197,0.7856423327305548,0.046850865301953364,0.00026536346211496713,0.7574680220824597,0.00020100433678117788,0.00015137231400598543,1.0,0.00015137231400598543,1.4754928366958737e-05,0.783174838957752,1.1555688647626068e-05,1.0000306990696684e-16,1.0,1.0000306990696684e-16,1.0,1.0,1.0,0.009873253129591048,0.05967896237783247,-12.348754124013363,-0.8898109360480048,7.433963484000678,-3.2463138183001443,-2.138569050461274,-86.89024312588963,53.6412476063135,7.565234756865289,-4.360514208616887,363.15,8.0,0.05
101,4.3615726028402344e-05,0.35236533188108615,1.536866977723252e-05,4.7562808914129754e-08,0.7874431072251517,3.7453006039698535e-08,0.9978443778449262,1.0001452289859754,0.9979892937720819,0.000601720811876618,1.0096793006757532,0.0006075450485376302,0.009198648460966997,0.7739867160879212,0.007119631714751061,0.050001505530709985,0.7860712224925657,0.03930474457899398,0.059604537668335164,0.7834820874068913,0.04669908759130993,0.00029949248191083236,0.7550001255924581,0.00022611686145667555,0.00014650536991476183,1.0,0.00014650536991476183,1.7707305499469196e-05,0.7809783878888873,1.3829022902831486e-05,1.0000301106141974e-16,1.0,1.0000301106141974e-16,1.0,1.0,1.0,0.009843984998872018,0.059648200957172486,-12.342455320780134,-0.9016021022149956,7.426513319378105,-3.200892772358956,-2.0580005708801297,-85.79221695226599,53.142556641363754,7.545777943110348,-4.36599498329676,368.15,8.0,0.05
102,4.2095060539392255e-05,0.34821137631649557,1.465797896654798e-05,4.836628007720506e-08,0.7848010880336788,3.795790922873212e-08,0.9978448807303962,1.0001468032945708,0.997991367646358,0.0006397328173659446,1.0096739080659858,0.0006459215338279368,0.009130769075829664,0.7722888508010995,0.007051591156502707,0.05000147437085995,0.7838249918828945,0.039192405242872055,0.05957311861350471,0.7813234018277216,0.046545871692589856,0.00033560540879523036,0.7525446405118309,0.00025255805171563276,0.00014177407567402938,1.0,0.00014177407567402938,2.1128003221147366e-05,0.7787912803698686,1.645430468025606e-05,1.0000294874171977e-16,1.0,1.0000294874171977e-16,1.0,1.0,1.0,0.009812596953735,0.05961526204032416,-12.338873140185509,-0.9135819115332122,7.42069771709383,-3.1571068897378285,-1.9799484107197094,-84.72965711165273,52.65981274001825,7.52798812245961,-4.371470431973433,373.15,8.0,0.05
103,4.0964829243329646e-05,0.3401706918699945,1.3935034306039635e-05,4.905159440973699e-08,0.7817437888257305,3.834577926181076e-08,0.9978454000603768,1.0001487458465823,0.997993825419167,0.000680114912905441,1.00966826839757,0.0006866904464246006,0.009058691185127648,0.7701703455476565,0.0069767353202592735,0.05000144154897974,0.7811481029825124,0.03905853121237649,0.05954025992333166,0.7787408377066891,0.0463664318899693,0.00037317285147605195,0.7496852629493899,0.0002797621872843977,0.00013702590492348482,1.0,0.00013702590492348482,2.5073730855973745e-05,0.77618278802275,1.946179832192174e-05,1.0000288309795925e-16,1.0,1.0000288309795925e-16,1.0,1.0,1.0,0.009779770927276419,0.059581273804169395,-12.337742527244025,-0.9257385616580274,7.416282432084841,-3.114986664788893,-1.9043130874186427,-83.70118380831926,52.19253060036984,7.5118383662676464,-4.377415633892493,378.15,8.0,0.05
104,3.944100641280095e-05,0.33543351070531086,1.3229835246796508e-05,4.953657633621672e-08,0.7787024810310538,3.8574254894796156e-08,0.9978459442607045,1.000150682883055,0.9979963025644305,0.0007225409131830063,1.0096622881903121,0.000729522311715472,0.00898298001659723,0.7680657564323435,0.006899519341464378,0.05000140742604909,0.7784826943043157,0.03892523037203851,0.05950541697375304,0.7761626991082267,0.04618588504990864,0.0004125780193676189,0.7468460202855831,0.00030813225182201444,0.00013242270583929377,1.0,0.00013242270583929377,2.961903548985411e-05,0.7735913168652289,2.2913028668874182e-05,1.0366894592518318e-16,1.0,1.0366894592518318e-16,1.0,1.0,1.0,0.009744961936193036,0.059544907516742185,-12.339511769171597,-0.9381134303523571,7.4137024540711325,-3.0747283751518424,-1.8310007077077575,-82.7056609393802,51.74041349145094,7.49738741678367,-4.383355678933832,383.15,8.0,0.05
105,3.7914512469116727e-05,0.33076624024639517,1.2540840740184814e-05,4.9835242681454e-08,0.7756771992349428,3.865606146634392e-08,0.9978465067860304,1.0001526199374908,0.9979987980575216,0.0007671678200750305,1.009656019802752,0.000774575607737709,0.008903392740403316,0.7659696848723674,0.006819728931661652,0.05000137191467306,0.7758240971763375,0.03879226922327951,0.05946889477025762,0.7735903005896154,0.04600456018105579,0.0004535270257754746,0.7440215922708697,0.0003374338998553405,0.0001279532546680554,1.0,0.0001279532546680554,3.482389971023566e-05,0.771011486147544,2.68496266690418e-05,1.208691056872491e-16,1.0,1.208691056872491e-16,1.0,1.0,1.0,0.009708475072947463,0.05950685911796943,-12.343939445764661,-0.9506965549901489,7.412782396830184,-3.0362005563432026,-1.7599221540984504,-81.74169702996258,51.302859000743204,7.484533014401575,-4.389293178716279,388.15,8.0,0.05
106,3.614272384680506e-05,0.32855199702865945,1.1874764097923157e-05,4.9935258845417596e-08,0.7726677301001976,3.8583363104054664e-08,0.9978470854199548,1.0001545521255855,0.9980013048080157,0.0008137927953536909,1.0096494703874144,0.0008216454648339476,0.008820416218710311,0.7638855710400418,0.006737788680040371,0.050001335271084295,0.7731765397808156,0.03865985938931741,0.059430734968214445,0.7710235838689613,0.04582249826715909,0.0004959780305691057,0.7412153111163708,0.0003676265102351646,0.00012361804390014175,1.0,0.00012361804390014175,4.076993541595469e-05,0.7684467830307394,3.13295257147614e-05,1.4030798407732186e-16,1.0,1.4030798407732186e-16,1.0,1.0,1.0,0.009670351737910808,0.05946692762732008,-12.351091964022956,-0.963501028295897,7.413599919930189,-2.99948188057798,-1.6909929285285505,-80.80817801244937,50.879495015039616,7.473280327857791,-4.3952287352574375,393.15,8.0,0.05
107,3.465714495058204e-05,0.3239878282679209,1.1228493126505614e-05,4.9858234161471853e-08,0.7696736987455579,3.837457149998223e-08,0.9978476717778292,1.0001564886013636,0.9980038235643597,0.0008626182982047594,1.0096427093159357,0.0008709362757049552,0.008733720744484356,0.7618056792576385,0.006653398064198434,0.05000129737004493,0.7705328582566383,0.038527642579080854,0.05939134169954575,0.7684636419669434,0.04564008674373611,0.0005395385811483752,0.7384195605783468,0.000398405842006648,0.00011940524380593533,1.0,0.00011940524380593533,4.752057220105029e-05,0.7658894874460153,3.639550668620376e-05,1.6213262761068527e-16,1.0,1.6213262761068527e-16,1.0,1.0,1.0,0.009630996187639696,0.05942604870273048,-12.360703475892139,-0.9765139578820992,7.415956460927974,-2.9644188379270613,-1.624132853061193,-79.90382020516256,50.46973591855642,7.463520479904609,-4.401166313303023,398.15,8.0,0.05
108,3.325869031123496e-05,0.31871425513532187,1.060001870932159e-05,4.96350589049547e-08,0.7662285912570813,3.803180126170567e-08,0.9978482533430154,1.0001588240034611,0.998006735597458,0.0009131081197922633,1.0096358363168756,0.0009219066801741916,0.008644622076956085,0.7592716852193673,0.006563616772454996,0.050001258799057244,0.7674305326531384,0.03837249267348793,0.0593512960138481,0.7654448671931648,0.045430144895062176,0.0005837555904970056,0.7351903628881434,0.000429171484415476,0.00011518759738039654,1.0,0.00011518759738039654,5.5191801774189135e-05,0.7628791976339339,4.2104677453464496e-05,1.8643515698461978e-16,1.0,1.8643515698461978e-16,1.0,1.0,1.0,0.009590988887059584,0.059384604339218244,-12.372803103895983,-0.9897449921190632,7.419853105051372,-2.931231766319304,-1.5592656363036863,-79.02777199810757,50.07338752307176,7.455333426831305,-4.4076312229520624,403.15,8.0,0.05
109,3.220970388160897e-05,0.31035998542014664,9.996603227083396e-06,4.924147160812902e-08,0.7628025200245312,3.756151863239726e-08,0.9978488318770621,1.0001611633406773,0.9980096485282982,0.0009656127291142666,1.0096288240992413,0.0009749104442308958,0.008552348629641802,0.7567438975425385,0.006471937635137723,0.050001219297518475,0.7643359164893085,0.03821772777735168,0.05931043887824181,0.7624371358113151,0.045220481142038756,0.0006286559931310777,0.731974408799882,0.0004601600989106232,0.00011109689000986504,1.0,0.00011109689000986504,6.384479165886869e-05,0.7598789384199381,4.8514312509383256e-05,2.134931412036645e-16,1.0,2.134931412036645e-16,1.0,1.0,1.0,0.009550171062637678,0.059342697823595046,-12.387273227152823,-1.0031920108301295,7.425256857291513,-2.8996847498594467,-1.4963191242233074,-78.17877972975948,49.68981459783628,7.448572127035165,-4.4141022439445,408.15,8.0,0.05
110,3.0867079546730945e-05,0.30531396551711254,9.424150460344575e-06,4.866427608415475e-08,0.7593948942491238,3.6955402790636876e-08,0.9978494074906415,1.0001634960522199,0.9980125519294761,0.0010197314927985403,1.0096216508165752,0.0010295429931489128,0.008457816401631284,0.754230903891677,0.006379146509552215,0.05000117933491051,0.7612581908477729,0.038063807320749016,0.05926864301954902,0.7594392179839174,0.045010931905734276,0.0006743616963930048,0.7287800101556301,0.0004914613239458622,0.00010713905136567906,1.0,0.00010713905136567906,7.360009179683156e-05,0.7568973206213382,5.5707712278506305e-05,2.4360334796272736e-16,1.0,2.4360334796272736e-16,1.0,1.0,1.0,0.009508414973976555,0.05929955876337182,-12.404274539460042,-1.016875242696057,7.432322059823067,-2.869899962296005,-1.435224564099944,-77.35599829919529,49.318754904189795,7.443269952753551,-4.4205801617630085,413.15,8.0,0.05
111,2.934928717269174e-05,0.30260730350731246,8.881308651190003e-06,4.791879179596285e-08,0.7560055351087477,3.622687183347159e-08,0.9978499741717454,1.0001658236728634,0.9980154413194292,0.0010754490748539534,1.009614357153231,0.0010857888263597112,0.008361159184193633,0.75173097481154,0.0062853423440883405,0.05000113901331859,0.7581960412690064,0.03791066565883943,0.05922614546450702,0.7564516086073628,0.04480171300823999,0.0007206409179486309,0.7256053761406521,0.0005229009243304611,0.00010330895964640047,1.0,0.00010330895964640047,8.455569349254542e-05,0.7539326200621008,6.374929553600266e-05,2.7697032744871663e-16,1.0,2.7697032744871663e-16,1.0,1.0,1.0,0.009465957546220278,0.05925554267047149,-12.423687452747865,-1.0307922991365697,7.440969165389002,-2.841809255017363,-1.3759165517030452,-76.55843928296417,48.959769179478144,7.439366069207244,-4.427068390884953,418.15,8.0,0.05
112,2.8099553351940532e-05,0.2976921561185429,8.365016623307213e-06,4.7029134418894076e-08,0.7526338767260397,3.539571975676229e-08,0.9978505231111241,1.0001681544140335,0.9980183160811308,0.001132894615483941,1.0096070129630723,0.0011437783487406904,0.008262211628369829,0.749237530661472,0.006190359038242309,0.05000109829220883,0.7551432112033013,0.037757989928070466,0.05918335319061406,0.7534749788764407,0.04459317579513486,0.0007670954532258437,0.7224439814211877,0.000554183493358569,9.959779324566173e-05,1.0,9.959779324566173e-05,9.679573924011026e-05,0.7509782631299128,7.269149613291398e-05,3.13737935592165e-16,1.0,3.13737935592165e-16,1.0,1.0,1.0,0.00942320579720571,0.05921149977310041,-12.445311059645201,-1.0449334892616837,7.4510492520535365,-2.815292654361021,-1.3183328310760503,-75.7851061936312,48.61237838128418,7.4367744389399055,-4.433572226379972,423.15,8.0,0.05
113,2.722425627175697e-05,0.28905244300167365,7.869237784254986e-06,4.6048189746765906e-08,0.7487541645561108,3.447877384316102e-08,0.9978510348414149,1.0001709482776286,0.998021615757151,0.001191535183920298,1.0095997768157825,0.0012029736557540845,0.008162323589139075,0.7462262910589156,0.006090940458345948,0.05000105779625012,0.7515721241421212,0.03757940121728068,0.05914119012192723,0.7499837797623996,0.04435493330728967,0.0008129255136636935,0.7187904331515346,0.0005843230820862598,9.588216687891856e-05,1.0,9.588216687891856e-05,0.00011048075852055054,0.7475091514682264,8.25853780552627e-05,3.537904238639531e-16,1.0,3.537904238639531e-16,1.0,1.0,1.0,0.00938108302933113,0.059168460426388715,-12.469044074135303,-1.059296788140374,7.462448187238792,-2.7904857662210545,-1.26241391761451,-75.0352988518597,48.27637023290762,7.435537474460902,-4.440699385088858,428.15,8.0,0.05
114,2.610644511029302e-05,0.2835645072354756,7.402861243370227e-06,4.493417190839891e-08,0.7448966092202091,3.34713122926843e-08,0.9978515213208353,1.0001737361765164,0.9980248842288806,0.001251478340592109,1.0095925178285396,0.0012634831688862703,0.008061241896394853,0.7432321305118967,0.005991373989229308,0.050001017515006414,0.7480224371209394,0.03740188298010187,0.05909889368756137,0.7465074943733643,0.044117767046939274,0.0008587595937587249,0.7151612066525678,0.0006141515472969588,9.22961444012315e-05,1.0,9.22961444012315e-05,0.00012570672635268411,0.7440616032337889,9.353354834724927e-05,3.976464753505272e-16,1.0,3.976464753505272e-16,1.0,1.0,1.0,0.009338826682097255,0.05912504506684356,-12.4949970148024,-1.0738979727037148,7.4753272601459875,-2.7672678033704585,-1.2081035051904774,-74.30809856266875,47.9512848473264,7.435569230869058,-4.447848498048105,433.15,8.0,0.05
115,2.48618520913756e-05,0.28011154096907515,6.9640917006604425e-06,4.370540875695111e-08,0.7410608805370702,3.238836869765876e-08,0.9978519762990156,1.0001765200121058,0.9980281171419517,0.0013127138571897524,1.0095852771561404,0.0013252965833376222,0.007959100731808633,0.7402532504928928,0.005891750187721701,0.050000977555428455,0.7444925833983674,0.03722535695268472,0.05905670367953756,0.7430464159283113,0.043881872005620694,0.000904363250440605,0.7115544053161047,0.0006435036548570045,8.883450530701972e-05,1.0,8.883450530701972e-05,0.0001425821430858655,0.7406337998955348,0.00010560115443093333,4.45460233039398e-16,1.0,4.45460233039398e-16,1.0,1.0,1.0,0.00929667644108976,0.05908160923703768,-12.523057349547184,-1.0887338668108228,7.489610925513948,-2.7455706722178705,-1.155347717488835,-73.60267450870842,47.63672372789879,7.436810291154072,-4.4550250168218914,438.15,8.0,0.05
116,2.383757169979798e-05,0.27479497239669237,6.550444857250167e-06,4.238405875272969e-08,0.737246312362906,3.124749101842267e-08,0.9978523916919183,1.0001793066242803,0.9980313132358026,0.0013753272070627788,1.0095781165587472,0.001388500251358443,0.007855827373771255,0.7372843899072142,0.005791978892487334,0.05000093792229875,0.7409774738071383,0.03704956866965246,0.059014979948840425,0.7396009035221561,0.043647532491504305,0.0009493841022037967,0.7079647631375249,0.0006721304910432426,8.548978586084323e-05,1.0,8.548978586084323e-05,0.00016119779122578877,0.737220466231453,0.00011883831080295643,4.973104869437941e-16,1.0,4.973104869437941e-16,1.0,1.0,1.0,0.009254992152533831,0.05903885990459897,-12.553067697286872,-1.1037969041539002,7.505184848099062,-2.7253006530793087,-1.1040951518098336,-72.91820287122864,47.332269763282035,7.4391881571013405,-4.462236170911054,443.15,8.0,0.05
117,2.309217090947804e-05,0.26679524815522254,6.160881468237002e-06,4.098534632593198e-08,0.7334525003768443,3.006080474156574e-08,0.9978527619184673,1.0001820971964057,0.9980344681088383,0.0014392763473555247,1.0095710717039281,0.001453051764477832,0.007751613005819778,0.7343245347179642,0.005692199613812328,0.05000089874637592,0.7374762713991552,0.03687447637408401,0.05897393033325381,0.7361710477039434,0.04341490008065083,0.0009936184382973365,0.7043911520088607,0.0006998960364095056,8.225801606763339e-05,1.0,8.225801606763339e-05,0.00018165678628816228,0.7338205662287722,0.00013330348577327825,5.5329703775681e-16,1.0,5.5329703775681e-16,1.0,1.0,1.0,0.00921398152408478,0.058997063489509616,-12.584947534941561,-1.1190857282798246,7.5219993973305055,-2.7064119334392065,-1.0542967403417656,-72.25393791477948,47.03755940328526,7.442653744118882,-4.4694887255868565,448.15,8.0,0.05
118,2.2201284998608907e-05,0.26084787123456427,5.791157930559001e-06,3.955698824183454e-08,0.7290614334267507,2.8839474549636986e-08,0.9978530661927505,1.0001854366519238,0.9980381047244573,0.0015036397701582106,1.0095642945343095,0.001518021023793506,0.007648687820817314,0.7307612990973437,0.00558936504833049,0.05000086110279402,0.7333746789519486,0.03666936545858254,0.0589344402229623,0.7321365668021544,0.04314805873124642,0.0010362971335218863,0.7002462852754541,0.0007256632181903023,7.902422215074892e-05,1.0,7.902422215074892e-05,0.00020423115282013757,0.729822528117038,0.00014905249627145,6.129814040133568e-16,1.0,6.129814040133568e-16,1.0,1.0,1.0,0.009174528875974133,0.05895668106494918,-12.618687974901658,-1.1346051042647294,7.540012656652748,-2.6891139178641423,-1.0059053870619332,-71.60941693527596,46.75248899675318,7.447284976465525,-4.477516249066943,453.15,8.0,0.05
119,2.120067930355771e-05,0.2568410903398994,5.445205588272302e-06,3.807147284150136e-08,0.724697352616487,2.759029557844648e-08,0.9978533174417201,1.000188773348386,0.9980416855536517,0.0015690416381469545,1.009557662283182,0.001584038008232613,0.007545677132236228,0.7272174766185603,0.005487348283483204,0.05000082442514556,0.7292985881385501,0.03646553065902219,0.05889579429577278,0.7281234810448839,0.042883410761541486,0.0010780131805281372,0.6961283810322713,0.0007504355700925017,7.591005341168379e-05,1.0,7.591005341168379e-05,0.00022891627072858204,0.7258489642375697,0.0001661586380054683,6.768941663469238e-16,1.0,6.768941663469238e-16,1.0,1.0,1.0,0.009135919449686739,0.058917033046549175,-12.654223410623233,-1.1503546057796596,7.559243646842283,-2.673147093889295,-0.9588765348866537,-70.98373382545309,46.476487730715654,7.452923709660019,-4.485599423247622,458.15,8.0,0.05
120,2.0392993775916468e-05,0.25111487421111894,5.120984066827397e-06,3.654727706628443e-08,0.720359504166228,2.6327178386094408e-08,0.9978535087770487,1.0001921135996803,0.9980452100065734,0.0016355520674698016,1.009551228472558,0.0016511735989449708,0.007442520055699591,0.723688408633889,0.00538606549533504,0.05000078871522534,0.7252433886971822,0.03626274144536186,0.05885830442519404,0.7241319316625099,0.042621177677795816,0.0011184619653379349,0.6920327439726124,0.0007740123029018123,7.290825247526774e-05,1.0,7.290825247526774e-05,0.00025578424865639783,0.7218951781194731,0.00018464941574396595,7.449484394739536e-16,1.0,7.449484394739536e-16,1.0,1.0,1.0,0.00909846511694531,0.05887873396624701,-12.691417830669463,-1.166327076010033,7.579595683887232,-2.658434241839674,-0.9131673545005097,-70.376188018309,46.20916853906641,7.459501672935948,-4.493749277455205,463.15,8.0,0.05
121,1.9843257204720812e-05,0.24276921014494762,4.817331878293113e-06,3.499787882288601e-08,0.7160473939744086,2.5060139925759712e-08,0.9978536356285451,1.0001954589584543,0.9980486750608548,0.0017031418202253258,1.0095450234560381,0.0017193983488483363,0.007339357594613061,0.7201729361537196,0.00528560670839459,0.05000075406941091,0.7212079719578146,0.03606094243876128,0.05882214750143246,0.7201618720726051,0.042361467863962506,0.0011574714811208307,0.6879580852978828,0.0007962918639387909,7.001405171253712e-05,1.0,7.001405171253712e-05,0.0002849128397570405,0.7179599612246169,0.00020455601138436025,8.170545697826201e-16,1.0,8.170545697826201e-16,1.0,1.0,1.0,0.009062342672043108,0.05884202575651601,-12.730186912701665,-1.182519619840942,7.601016508409081,-2.644929705101172,-0.8687368701352898,-69.78613149460058,45.95017502207846,7.466964463149069,-4.50197719111612,468.15,8.0,0.05
122,1.910333692363133e-05,0.23735435191593018,4.534260154940173e-06,3.3429916742468e-08,0.7117605904382213,2.379409727891959e-08,0.9978536978774117,1.000198802091595,0.9980520732796556,0.0017715894019438877,1.0095390283881736,0.0017884886435412181,0.007236749307897756,0.7166768109908748,0.005186410415924583,0.050000720791728404,0.7171981536808061,0.035860424634537105,0.05878721375883427,0.71621236694848,0.042104129512520946,0.0011951523589370423,0.6839098279121834,0.0008173764441294729,6.722695084471805e-05,1.0,6.722695084471805e-05,0.0003164180563405504,0.7140489800526827,0.00022593799040022234,8.9321060814966e-16,1.0,8.9321060814966e-16,1.0,1.0,1.0,0.009027442046765274,0.05880635052567463,-12.770534443083525,-1.1989372794478643,7.623530767193054,-2.6326361680659986,-0.8255458580266569,-69.2129832667977,45.69919609763317,7.475279463939333,-4.5102945357651105,473.15,8.0,0.05
123,0.0001371757012941604,0.41616777418207485,5.708810627945592e-05,4.340875704650064e-09,0.8272830105972746,3.591132721571477e-09,0.9978433329951127,1.0001280820143956,0.9979711387792539,9.048407481268373e-05,1.0097263942493813,9.136415859760234e-05,0.009586324047147576,0.7951449944841937,0.007622517581592852,0.050001950494403036,0.814618922481528,0.040732535033725314,0.05987892280094037,0.8109203518048247,0.048557037143432506,1.5865605856159907e-05,0.7916054101822677,1.255929943155564e-05,0.0002608671930077832,1.0,0.0002608671930077832,4.355918209713503e-07,0.8116284356727553,3.5353870824682376e-07,1.0000390098880619e-16,1.0,1.0000390098880619e-16,1.0,1.0,1.0,0.00981398382325442,0.06001610284311023,-13.727354892627583,-0.744006300906845,8.444768543862795,-4.868488428737409,-4.176744906551888,-115.52850305411081,66.65107711271118,8.544165897808918,-4.277899950704305,273.15,8.5,0.05
124,0.00013569842160242486,0.41395711467731017,5.6173327072805016e-05,5.2124570810787935e-09,0.8256925523769894,4.303886991431467e-09,0.9978432891447878,1.0001282768626847,0.9979712893513704,9.438202186809472e-05,1.0097267884998282,9.53000558329919e-05,0.009586203341003664,0.7945534818360499,0.007616751242182833,0.05000194711933359,0.8139147050346189,0.04069732004078901,0.05988121938283904,0.810231212929006,0.04851763301222557,2.1090499606515114e-05,0.7901648640168445,1.6664971753629314e-05,0.00025334165692685387,1.0,0.00025334165692685387,5.867921474942725e-07,0.8105364903805694,4.7561644781288497e-07,1.0000389423866707e-16,1.0,1.0000389423866707e-16,1.0,1.0,1.0,0.009816283784474184,0.06001692301689853,-13.611164709504441,-0.7512126641903336,8.366139140604226,-4.766824082745693,-4.02478799671408,-113.3847282558012,65.71167444173162,8.467159844315184,-4.280884681018684,278.15,8.5,0.05
125,0.0001337551227199763,0.4117613546515074,5.5075190522756084e-05,6.177317789918197e-09,0.8241074597076056,5.090773671656094e-09,0.9978432691563806,1.0001285192477332,0.9979715112226882,9.915447460853432e-05,1.0097269470251993,0.00010011894493036297,0.009584301592355331,0.7939649950474321,0.007609599966307499,0.05000194299600132,0.813165836351784,0.04065987179555765,0.05988214265952216,0.8095048210552365,0.048474883178000625,2.7612169647581972e-05,0.7887295018961441,2.177853281240914e-05,0.0002458917495610402,1.0,0.0002458917495610402,7.818333957810986e-07,0.8094481832135544,6.328536217906942e-07,1.0000388599200259e-16,1.0,1.0000388599200259e-16,1.0,1.0,1.0,0.00981721118968384,0.06001590395955992,-13.503923921225978,-0.7586912853335982,8.293216210630272,-4.668544930305268,-3.8786815821740555,-111.32734554957375,64.80537449338024,8.394635933626267,-4.284250240830415,283.15,8.5,0.05
126,0.0001313092775473917,0.4093124629991663,5.3746523807564045e-05,7.240214411612769e-09,0.8225283384044205,5.955281529675599e-09,0.997843277160381,1.0001288047690924,0.9979718041332859,0.00010493752256145177,1.0097268287893786,0.00010595823187698864,0.009580280283792236,0.7933789455309809,0.007600792669446333,0.05000193800986365,0.8123759756624538,0.040620373175776506,0.0598814535613206,0.8087452402486276,0.048428840546887265,3.55943041834827e-05,0.7872987932415667,2.8023352729929188e-05,0.00023859271457310488,1.0,0.00023859271457310488,1.0296486008675665e-06,0.8083628637262102,8.323296916289918e-07,1.0000387601972738e-16,1.0,1.0000387601972738e-16,1.0,1.0,1.0,0.009816527083901079,0.06001277007908241,-13.404397662669876,-0.766398197035185,8.225097702880692,-4.573008672171181,-3.738119520743881,-109.3511207737702,63.93038795030601,8.326090079276703,-4.2878832088119125,288.15,8.5,0.05
127,0.00012823135107426848,0.4071495080866094,5.2209331511169726e-05,8.40002859728255e-09,0.8209553424839107,6.896048353956742e-09,0.997843316934187,1.0001291260410028,0.9979721644912438,0.00011178833265571925,1.0097263958199263,0.00011287563022717838,0.009573990606630422,0.7927978386582563,0.007590239060271048,0.05000193211904992,0.8115515997025982,0.0405791479994357,0.05987893086954543,0.8079556029568763,0.0483795176951167,4.5212918719362766e-05,0.7858752870854191,3.553171547854893e-05,0.00023148970477363356,1.0,0.00023148970477363356,1.3409230257806272e-06,0.807283049748375,1.0825044297300027e-06,1.0000386423809984e-16,1.0,1.0000386423809984e-16,1.0,1.0,1.0,0.009814010290360409,0.06000717062064829,-13.31200134088283,-0.7743223560561933,8.161399701971195,-4.480070405135411,-3.6028164711319732,-107.45161944850862,63.08540687380452,8.261267725546642,-4.291705171839881,293.15,8.5,0.05
128,0.0001246086702479665,0.4047352392031212,5.043351995959357e-05,9.664889872272165e-09,0.8193889406382134,7.919303873826095e-09,0.9978433904169101,1.0001294811733294,0.9979725923499002,0.00011990586790944445,1.0097256278557076,0.00012107202775844736,0.009565028393667378,0.7922197332271622,0.007577604242341404,0.050001925153469566,0.8106943064633395,0.04053627603412381,0.05987445653665477,0.8071394036729211,0.04832703314423577,5.656951588007183e-05,0.784457122441658,4.437635964519884e-05,0.00022459906044942828,1.0,0.00022459906044942828,1.7257980316877844e-06,0.8062067570605004,1.3913500344684032e-06,1.0000385030693944e-16,1.0,1.0000385030693944e-16,1.0,1.0,1.0,0.009809542931824788,0.059999074871792596,-13.225628628957464,-0.7824195338032175,8.10131299227959,-4.389157161577337,-3.472506244397518,-105.62426950366164,62.26871389390532,8.199708239776127,-4.2956625461637445,298.15,8.5,0.05
129,0.00012120932687598799,0.3979296378961694,4.82327835534003e-05,1.1085239449863822e-08,0.817422413460238,9.06132318489231e-09,0.997843489652136,1.0001302106129033,0.9979734194645051,0.00012984728199493575,1.009724600413606,0.00013110999492712928,0.009552508803144613,0.7912369602688275,0.007558298028341359,0.05000191661502498,0.8093904690774815,0.04047107474380819,0.05986847046764489,0.8058995513585345,0.04824797349039669,6.94490039401661e-05,0.782641085036971,5.4353643798468515e-05,0.00021769536908531692,1.0,0.00021769536908531692,2.1884770225888266e-06,0.8047195087663133,1.7611101545640438e-06,1.0000383323005e-16,1.0,1.0000383323005e-16,1.0,1.0,1.0,0.009803565412015536,0.05998969087976032,-13.1427162184702,-0.7905534717491741,8.04280837959269,-4.298701593821089,-3.3469401426884873,-103.86377799653917,61.477634170997156,8.140465135147338,-4.300151633684908,303.15,8.5,0.05
130,0.00011668529776396343,0.3947874423798528,4.606589026756671e-05,1.257713717774486e-08,0.8154624066800639,1.0256182552109114e-08,0.9978436291931032,1.0001309510984355,0.997974297912413,0.000140863432701287,1.0097231695156228,0.000142233071735994,0.009537689563435724,0.7902727417432732,0.007537376081192553,0.05000190720255792,0.8080762815114959,0.040405355240725895,0.05986013392520616,0.8046364452532379,0.04816564537396062,8.44235218313891e-05,0.7808467741065716,6.592183468075585e-05,0.0002110460698119979,1.0,0.0002110460698119979,2.755618990391505e-06,0.8032520666316776,2.213456648881474e-06,1.000038144051162e-16,1.0,1.000038144051162e-16,1.0,1.0,1.0,0.009795238293900974,0.0599768318001073,-13.067016036191315,-0.7989638750212334,7.989014257650913,-4.2117214602532655,-3.2258860058203958,-102.1696918775901,60.71412291293094,8.084896571942993,-4.304704143013521,308.15,8.5,0.05
131,0.00011173286299685522,0.3919355985724451,4.379208653888542e-05,1.417116789240403e-08,0.813510768665774,1.1528397685041359e-08,0.9978438055147386,1.0001317131785021,0.9979752346940117,0.00015349653557080397,1.009721367619884,0.0001549887318214664,0.009519521714352922,0.7893142543221853,0.0075138941834683275,0.05000189643485949,0.8067414446880214,0.040338602166999374,0.05984963596296307,0.8033552412345548,0.0480805187368265,0.00010133102109345231,0.7790615396395795,7.894310130631569e-05,0.00020462357853923114,1.0,0.00020462357853923114,3.4352378313807416e-06,0.8017914484840644,2.754344316710019e-06,1.0000379286971924e-16,1.0,1.0000379286971924e-16,1.0,1.0,1.0,0.009784751112920582,0.05996138299712782,-12.996337489237053,-0.8075360955780494,7.9382310504591596,-4.12673182764058,-3.1091264863812698,-100.53729137591036,59.97568229357949,8.032122023370965,-4.309302985626316,313.15,8.5,0.05
132,0.0001065646729133136,0.38884869668868655,4.1437534175398186e-05,1.5866852394673227e-08,0.811567537984244,1.2877022333504346e-08,0.9978440175709515,1.0001324967483076,0.9979762286585978,0.00016794050398340944,1.009719202413158,0.00016957275173499199,0.009497643614601065,0.7883592747493059,0.007487555431834271,0.050001884149643905,0.8053862843213764,0.040270831684349626,0.05983702134084876,0.8020583185277507,0.04799278072235029,0.00012013900817289581,0.7772832434541038,9.338203793798761e-05,0.00019841543364670892,1.0,0.00019841543364670892,4.241089456645764e-06,0.8003354386168756,3.3942941904979945e-06,1.0000376829928767e-16,1.0,1.0000376829928767e-16,1.0,1.0,1.0,0.009772148791497787,0.059943601880614455,-12.930268498162661,-0.8162590657615827,7.890184551078195,-4.043618969145715,-2.9964580439409882,-98.96344578681689,59.26123594425172,7.981958611582682,-4.313933172181581,318.15,8.5,0.05
133,0.00010119111650408355,0.38604932406256076,3.906476212753727e-05,1.764798153569496e-08,0.809632485872127,1.4288379161370095e-08,0.9978442655378118,1.0001332974812303,0.997977275665068,0.00018426007324392037,1.0097166690894523,0.00018605046740202997,0.009471952167223888,0.7874094453056589,0.007458304601955493,0.05000187030505329,0.804014861319965,0.0402022468190563,0.05982226204429191,0.8007472744754257,0.04790251328492146,0.00014088354519004828,0.7755135699850401,0.00010925710108248308,0.00019241353722763686,1.0,0.00019241353722763686,5.19144179805866e-06,0.7988857352570198,4.147368797886121e-06,1.0000374061010657e-16,1.0,1.0000374061010657e-16,1.0,1.0,1.0,0.00975740335697189,0.059923470808777544,-12.868919743774219,-0.8251536019310935,7.845017033714072,-3.9626560474444985,-2.8876898811096843,-97.4456121190499,58.57014388876692,7.9344282114757565,-4.318582471267243,323.15,8.5,0.05
134,9.54187727797863e-05,0.38487255380615193,3.672406676080531e-05,1.9494571132065297e-08,0.8073037101819651,1.573803960332252e-08,0.9978445464002872,1.0001344344471985,0.9979786910802726,0.00020233032608330507,1.009713791833863,0.00020429572075255576,0.009442906461953613,0.7860803163690971,0.0074228828990562865,0.05000185503798305,0.8022370891759589,0.040113342639069786,0.05980549896183425,0.7990256759923541,0.04778612923603963,0.00016360606247050084,0.7733743167782992,0.00012652872678391142,0.00018643573510896427,1.0,0.00018643573510896427,6.3133484386414775e-06,0.7970526024387544,5.032070803121834e-06,1.0000371007596578e-16,1.0,1.0000371007596578e-16,1.0,1.0,1.0,0.009740655560816705,0.059900937229185165,-12.812677308374896,-0.8342588916136741,7.803049366162691,-3.8844681767427556,-2.7826428347753507,-95.98178433730834,57.902166198218616,7.88973925675992,-4.323669850614571,328.15,8.5,0.05
135,9.021012533478932e-05,0.38109419322234933,3.437855493494855e-05,2.1424416066463506e-08,0.804985438073338,1.7246342952727582e-08,0.9978448565781753,1.0001355966714047,0.9979801610193058,0.0002227657903117362,1.0097106040707162,0.00022492898070195364,0.009409124710049125,0.7847469561343312,0.007383781976099373,0.05000183779987678,0.8004381369002092,0.04002337789011983,0.05978692676689174,0.7972961284577337,0.04766788524362884,0.000187953059290502,0.7712353413430441,0.0001449560418383797,0.00018064019464880915,1.0,0.00018064019464880915,7.61237142180948e-06,0.7952168743544376,6.0534862084763795e-06,1.0000367559975386e-16,1.0,1.0000367559975386e-16,1.0,1.0,1.0,0.00972210062569565,0.05987715831664258,-12.760223999454718,-0.8435030610361046,7.763302981972121,-3.808033786733537,-2.6811489053605304,-94.56848014634114,57.25546133835464,7.84728610854184,-4.32876391816413,333.15,8.5,0.05
136,8.506643111156129e-05,0.3776137088065498,3.212225054697354e-05,2.3383708096021954e-08,0.8026772422490963,1.8769570328072762e-08,0.9978451997513093,1.0001367706793918,0.9979816757172072,0.0002453391308884608,1.0097070646919921,0.0002477206537034721,0.00937109326335293,0.7834191524985757,0.007341493942361062,0.0500018188262525,0.7986298495388497,0.039932945045878854,0.05976630596902328,0.795558755986155,0.04754760802660406,0.00021416177091973187,0.7691063626920835,0.00016471318065977008,0.00017502945436232692,1.0,0.00017502945436232692,9.122629983099675e-06,0.793388468970993,7.237789435280327e-06,1.0000363765250513e-16,1.0,1.0000363765250513e-16,1.0,1.0,1.0,0.009701498825352952,0.059851395783842944,-12.712458937559237,-0.8529577154300043,7.726545669109227,-3.7341819682249673,-2.5830500438917174,-93.20422495803437,56.63008189452879,7.807397248742486,-4.33385713935986,338.15,8.5,0.05
137,8.08208230980688e-05,0.3702426601271632,2.9923316537495886e-05,2.538486272536666e-08,0.8003797569290794,2.0317530257806994e-08,0.9978455680709504,1.0001379685302612,0.9979832393574047,0.00027049477662937174,1.0097032467832834,0.00027311945420059543,0.009327960689177985,0.7820848135616729,0.0072952563965063754,0.050001797727825766,0.7968016542952348,0.03984151514726728,0.05974406230757091,0.793816865498413,0.04742584427313781,0.00024183123042868345,0.7669755013518817,0.0001854786292005821,0.0001695782735020959,1.0,0.0001695782735020959,1.0856398805054168e-05,0.7915552566913683,8.593439542878517e-06,1.000035954556517e-16,1.0,1.000035954556517e-16,1.0,1.0,1.0,0.009679276288905426,0.0598249085155317,-12.66853363087861,-0.8625790361518706,7.692129084803194,-3.6623897171789226,-2.488197541094021,-91.88633688961097,56.024769045692594,7.769732932151891,-4.338948825967551,343.15,8.5,0.05
138,7.607180892098244e-05,0.3666171501869752,2.7889229796178722e-05,2.732850856725566e-08,0.7980914827389167,2.1810649923484278e-08,0.9978459729011753,1.0001391639744304,0.9979848371126336,0.0002975692782849536,1.009699031037594,0.0003004554119508737,0.009281096231495731,0.780765844319872,0.007246362935397746,0.05000177515703084,0.7949773986037094,0.039750281139903955,0.059719500738139315,0.7920677264579755,0.0473018891748634,0.00027163854850658286,0.7648644107214323,0.0002077666583327128,0.00016430537069572694,1.0,0.00016430537069572694,1.2874511772773062e-05,0.7897393254795875,1.0167508243308799e-05,1.0000355031406181e-16,1.0,1.0000355031406181e-16,1.0,1.0,1.0,0.009654737318701668,0.059795599875568865,-12.629980915648828,-0.8724843405121946,7.6613313929276075,-3.593929707206728,-2.3964513674761907,-90.61406334120554,55.44009780113234,7.734858269813556,-4.34403195287366,348.15,8.5,0.05
139,7.160384088094034e-05,0.3625372554378481,2.595905995178451e-05,2.9240382936759708e-08,0.7954052320646299,2.3257953575471985e-08,0.9978464007889839,1.000140705860418,0.9979868036253718,0.00032683076230979793,1.0096945414115939,0.00032999923666959276,0.009230169642236462,0.7790523739678411,0.007190785571910211,0.05000175089765834,0.7927415584637488,0.03963846593252583,0.05969334337493232,0.7899094153366595,0.04715233396478325,0.0003030393175918503,0.7623718755571618,0.00023102865292006153,0.00015903277918684594,1.0,0.00015903277918684594,1.520507606673624e-05,0.7875265021042462,1.1974400369065782e-05,1.0000350179531642e-16,1.0,1.0000350179531642e-16,1.0,1.0,1.0,0.009628604245427202,0.05976497645619621,-12.595914108138379,-0.8826274869025353,7.633428500698661,-3.528383943647139,-2.307679395630693,-89.38508442046401,54.87498853446543,7.7024994882807665,-4.349549934780044,353.15,8.5,0.05
140,6.741209368417353e-05,0.358259745231041,2.4151039508783075e-05,3.107758482187865e-08,0.7927315743560601,2.4636182743031904e-08,0.9978468555786683,1.0001422555165294,0.9979888047985258,0.0003584017804527477,1.0096897350470369,0.00036187459874572123,0.009174813559612924,0.7773441752117358,0.0071319878792187605,0.0500017248713295,0.7905026866661135,0.0395264978487258,0.059665340504140234,0.7877500440473741,0.047001374610238046,0.000336125330169193,0.7598900323038874,0.0002554182880004228,0.0001539183260055654,1.0,0.0001539183260055654,1.7883633245095075e-05,0.7853213703903159,1.4044399367595864e-05,1.0000344974265935e-16,1.0,1.0000344974265935e-16,1.0,1.0,1.0,0.009600627433749846,0.05973278367540923,-12.566250169704048,-0.8930159257148946,7.608426583117421,-3.4656093104385266,-2.2217572774735603,-88.19746914136294,54.328669301185485,7.672525592701436,-4.355059557234291,358.15,8.5,0.05
141,6.304468249226869e-05,0.35654569120749663,2.2478309896163117e-05,3.2794027440166694e-08,0.790070476902795,2.5909592899215832e-08,0.9978473395923204,1.000143803388968,0.9979908334214265,0.00039207406770165745,1.0096845799105114,0.0003958711403411533,0.009115501257519656,0.7756480721262512,0.007070420976859538,0.05000169731694759,0.7882689414699471,0.039414785015730966,0.05963530548901121,0.7855896864601203,0.046848880941065804,0.00037108321299461134,0.7574256189396643,0.00028106793228056283,0.000148962308564139,1.0,0.000148962308564139,2.0967130592283834e-05,0.7831308223583968,1.642000622323113e-05,1.0000339463389478e-16,1.0,1.0000339463389478e-16,1.0,1.0,1.0,0.009570620007713583,0.05969838296553092,-12.541213116769796,-0.9036789031947828,7.5865394107506905,-3.4058429646767814,-2.1385674917435367,-87.04977227226627,53.80077987012561,7.645000888771343,-4.360558970913627,363.15,8.5,0.05
142,5.9339487586327496e-05,0.3523458173724679,2.090802025606796e-05,3.4401742825503054e-08,0.7874218231766594,2.708868305611218e-08,0.9978478432228607,1.0001453641214,0.9979928944978815,0.00042822555430162035,1.0096791632136053,0.00043237041933394236,0.009051525282920019,0.7739512467657043,0.0070054392778472405,0.05000166791921153,0.7860284524698664,0.039302733655450006,0.05960374637133665,0.7834304994300297,0.046695392787597094,0.00040742512070436284,0.754966039419554,0.0003075921297382066,0.00014414415110696152,1.0,0.00014414415110696152,2.4483475070895e-05,0.7809420211634418,1.9120174506969493e-05,1.000033358384228e-16,1.0,1.000033358384228e-16,1.0,1.0,1.0,0.009539090324807967,0.059663120260665795,-12.520085521039684,-0.9145777831316804,7.567212108121722,-3.348615284099289,-2.057999003956983,-85.93993946400632,53.290282286950394,7.619640765903662,-4.366051565873881,368.15,8.5,0.05
143,5.5860162991840406e-05,0.3481985462883802,1.9450427549190803e-05,3.586024203586631e-08,0.7847855387315738,2.8142599365162002e-08,0.9978483679785554,1.0001469288400888,0.9979949806818469,0.0004666337626730434,1.0096734592618055,0.0004711477253664441,0.008983394494373697,0.7722601686279782,0.00693751774707668,0.05000163693740066,0.7837888251789217,0.03919072427218824,0.05957051344572799,0.7812724066825767,0.046540798407060706,0.0004452995269475603,0.7525176728420753,0.00033509576373625516,0.00013946539730354284,1.0,0.00013946539730354284,2.84980212644158e-05,0.7787615054295475,2.219316194163971e-05,1.0137688851546121e-16,1.0,1.0137688851546121e-16,1.0,1.0,1.0,0.00950588842003858,0.059626409468961854,-12.50306766748355,-0.9257390306159669,7.550635791840495,-3.294129554348347,-1.9799468384430474,-84.86667977626325,52.79683854918209,7.5965010270415325,-4.371536398033744,373.15,8.5,0.05
144,5.314690609523355e-05,0.34016543127955545,1.8078740233059157e-05,3.719318060827064e-08,0.7817329349282469,2.907513423621974e-08,0.9978488990476444,1.0001488657360726,0.9979974445584904,0.0005072819995714571,1.0096675996501745,0.0005121861988530541,0.008911351971866556,0.7701457648015858,0.006863039979789286,0.050001604439674656,0.7811159378716611,0.03905705014698429,0.05953637336455859,0.7786901827306503,0.046360389454368336,0.000484090592255261,0.74966268279153,0.0003629046521042198,0.00013477531625014067,1.0,0.00013477531625014067,3.306974175224134e-05,0.7761570017783626,2.5667311608004353e-05,1.1668651982055043e-16,1.0,1.1668651982055043e-16,1.0,1.0,1.0,0.009471780877533247,0.05958955746383443,-12.489772438024577,-0.9371458309071794,7.536478271512156,-3.242319798127073,-1.9043115124896723,-83.82851694165744,52.319866883565965,7.575506507865707,-4.377488702863143,378.15,8.5,0.05
145,5.014251572224803e-05,0.33543220124666717,1.681941442475928e-05,3.8326163834174746e-08,0.7786954757935628,2.984441038219475e-08,0.9978494495137293,1.0001507966900973,0.9979999219079314,0.0005498555055457054,1.0096614444486562,0.0005551679039673228,0.008835954078931512,0.7680460792002609,0.006786419886316901,0.05000157078658167,0.7784554130183102,0.038923993438232704,0.05950051089173826,0.7761117977858845,0.04617904847736559,0.0005244551906625712,0.746828551521889,0.0003916781103806642,0.00013023270376503936,1.0,0.00013023270376503936,3.828413028188185e-05,0.7735703815956344,2.9615469271212336e-05,1.3397399589503032e-16,1.0,1.3397399589503032e-16,1.0,1.0,1.0,0.009435952100199466,0.05955069173362438,-12.480600657682036,-0.9488397365191702,7.525136996778629,-3.193342603830778,-1.830999132693846,-82.82427516805913,51.8590308701577,7.556696106137048,-4.383433770127953,383.15,8.5,0.05
146,4.7325912976981916e-05,0.33076796860436036,1.565389609774304e-05,3.926725593587415e-08,0.7756732745762399,3.045856099540283e-08,0.9978500115843585,1.0001527291728713,0.9980024123912775,0.0005945228746071582,1.0096550585987725,0.0006002630277998011,0.008756931720275401,0.7659540590753865,0.00670740739619095,0.05000153587688775,0.7758009056757773,0.03879123681846939,0.05946330434572798,0.7735388287386814,0.04599717479652617,0.0005660267912295029,0.7440083204811712,0.00042112864229000904,0.000125825650536287,1.0,0.000125825650536287,4.4197398637290194e-05,0.7709946021089589,3.4075955776608596e-05,1.5337528328011784e-16,1.0,1.5337528328011784e-16,1.0,1.0,1.0,0.00939878050785954,0.0595106695259609,-12.475129009354852,-0.9608004174324302,7.516290618613849,-3.1469227782487232,-1.759920581268536,-81.85241925186811,51.41358436830854,7.53989569818425,-4.389374462504248,388.15,8.5,0.05
147,4.4374345332134164e-05,0.32855494506547966,1.4579410592915976e-05,3.999952372708441e-08,0.7726662340960564,3.0906281363842135e-08,0.9978505844320852,1.0001546570472655,0.9980049090570856,0.0006410930109169929,1.0096484347613786,0.0006472785550088012,0.008674755722421906,0.7638740952614902,0.006626421179079466,0.05000149996255577,0.7731575871132581,0.03865903906309328,0.059424710956965415,0.7709711899177574,0.04581474011701042,0.0006088484197802937,0.741206260426331,0.0004512822603918325,0.00012155420342980186,1.0,0.00012155420342980186,5.089816106693197e-05,0.7684340895221068,3.911188205781742e-05,1.7513128857063804e-16,1.0,1.7513128857063804e-16,1.0,1.0,1.0,0.009360223078671034,0.059469125301821295,-12.473344385088126,-0.9730378638850952,7.509953245998385,-3.1030751243899286,-1.6909913600910662,-80.91177125626132,50.98309139572653,7.52507851820125,-4.395311486763303,393.15,8.5,0.05
148,4.191596315573447e-05,0.3239923976943982,1.3580453404496464e-05,4.054020076012251e-08,0.7696739323481345,3.1202735737226325e-08,0.9978511582919962,1.000156591706113,0.9980074135073199,0.0006897768557453642,1.0096416565230093,0.0006964274472659822,0.008589074086774166,0.7617966976548384,0.006543128275217307,0.050001462905427584,0.7705165199888588,0.03852695319224208,0.05938521768015985,0.7684101298348287,0.0456322028278812,0.0006524453156899132,0.7384130214607971,0.0004817741168965326,0.000117406002148097,1.0,0.000117406002148097,5.844398615747033e-05,0.7658793650279847,4.4761043007987675e-05,1.9936449744268361e-16,1.0,1.9936449744268361e-16,1.0,1.0,1.0,0.009320766905675265,0.05942717418351634,-12.474832747959752,-0.9855303401126343,7.505807327023381,-3.0615293388338807,-1.6241312908531362,-80.00093070606938,50.56684954387934,7.512077292566076,-4.401249111294857,398.15,8.5,0.05
149,3.9684001194006884e-05,0.31871968107608395,1.2648072204376807e-05,4.090719213464505e-08,0.7662299073495027,3.1344314039257363e-08,0.9978517215316098,1.0001589265330024,0.9980103066461633,0.0007400525304986586,1.0096348121691798,0.0007471827976253394,0.00850118925350297,0.7592645314894013,0.0064546514756636635,0.05000142529575129,0.7674161742850908,0.038371902509267204,0.05934533890262621,0.7653900117517398,0.04542232964009204,0.0006964290141093923,0.7351855976976979,0.0005120045809920321,0.00011325583433260868,1.0,0.00011325583433260868,6.696824406667719e-05,0.7628710095638409,5.108813195986372e-05,2.2617404964717067e-16,1.0,2.2617404964717067e-16,1.0,1.0,1.0,0.009280925785195635,0.059385063811012356,-12.479607029569442,-0.9982886220213831,7.503841230123159,-3.022491863638712,-1.5592640823222181,-79.11903209542699,50.164650728354104,7.500965029472479,-4.407712619618139,403.15,8.5,0.05
150,3.796193327048109e-05,0.31036659320229276,1.1782115900531993e-05,4.108486970749783e-08,0.7628043660836231,3.133971799285616e-08,0.9978522759889844,1.000161267296636,0.9980131969279753,0.0007922761261216244,1.0096278756203887,0.0007999040621209268,0.00841030996407458,0.7567372318952394,0.006364394681594751,0.050001386857662936,0.7643222129812363,0.03821717065517984,0.05930492265438762,0.7623808206339859,0.0452129356008871,0.0007408222685237393,0.7319700215331738,0.0005422596918435759,0.00010923258459267504,1.0,0.00010923258459267504,7.652078245511632e-05,0.7598713672344747,5.8145951586021027e-05,2.558356464325996e-16,1.0,2.558356464325996e-16,1.0,1.0,1.0,0.009240548023466686,0.05934292567252781,-12.487403761519616,-1.0113011523881548,7.5039049158028925,-2.985611570623851,-1.4963175801023036,-78.2647065505239,49.7757445068427,7.49153708153837,-4.4141810478754255,408.15,8.5,0.05
151,3.597625350992777e-05,0.30532015622824893,1.0984275342158231e-05,4.105847526894243e-08,0.7593968029284331,3.117967485235099e-08,0.9978528238866051,1.000163601248488,0.9980160738544003,0.0008460599696689335,1.0096208026445215,0.0008541997456625482,0.008317339234473569,0.7542251375459155,0.006273146328136868,0.05000134806040443,0.7612455670128486,0.03806330455564937,0.05926371124244112,0.7593811562338617,0.04500374556599464,0.0007858776537727604,0.7287763355136582,0.0005727290366785839,0.00010534193562051533,1.0,0.00010534193562051533,8.723484524578288e-05,0.7568907883184666,6.602725078692005e-05,2.886833920008425e-16,1.0,2.886833920008425e-16,1.0,1.0,1.0,0.00919937545765243,0.05929972855442633,-12.498352926349671,-1.0245875826798678,7.506128418029988,-2.9509850117474348,-1.435223031504128,-77.43708334864672,49.39984301883286,7.483814010075083,-4.420655242144991,413.15,8.5,0.05
152,3.3862675493796005e-05,0.3026121252420413,1.0247256197559199e-05,4.0841659260021284e-08,0.7560070911343821,3.087658401427028e-08,0.9978533590422596,1.0001659303219295,0.9980189331713638,0.0009013969754775923,1.009613635533769,0.0009100626774710753,0.008222394739473867,0.7517261499226027,0.0061809891406485505,0.05000130899874226,0.7581845444906257,0.03791021968714642,0.05922195106436501,0.756391603876664,0.04479498655028035,0.0008313542674566431,0.7256023840178001,0.0006032326384299118,0.00010157850624804345,1.0,0.00010157850624804345,9.920854936387132e-05,0.7539271756354606,7.479602142079471e-05,3.2491603335882575e-16,1.0,3.2491603335882575e-16,1.0,1.0,1.0,0.009157654390445254,0.05925585458151804,-12.512258316416384,-1.0381410162179214,7.510370753213714,-2.91848331921431,-1.3759150321981242,-76.63511334716111,49.03644628268493,7.477704620810638,-4.427138709026199,418.15,8.5,0.05
153,3.21222642224792e-05,0.2976957325834827,9.562660979951134e-06,4.045709383037009e-08,0.7526346218733108,3.044940951711359e-08,0.9978538718842205,1.0001682640303444,0.9980217747983985,0.0009584212928090355,1.009606452342881,0.0009676283212828075,0.008125296076869364,0.7492326959057308,0.006087737484705089,0.05000126962288314,0.7551318859004275,0.0377575530277435,0.059180096882358875,0.753412913630037,0.04458704922104587,0.0008768063439438578,0.7224406626770096,0.0006334405561582069,9.793324000246571e-05,1.0,9.793324000246571e-05,0.00011252076731136378,0.7509729612104488,8.450005382548675e-05,3.64653798218347e-16,1.0,3.64653798218347e-16,1.0,1.0,1.0,0.009115839633900879,0.059212259603675176,-12.528842010149157,-1.0519469168211177,7.516421124901243,-2.887925954493846,-1.3183313259942324,-75.85773949376403,48.68501469158064,7.473092594088135,-4.433636922676855,423.15,8.5,0.05
154,3.0861326537483496e-05,0.28905489075553537,8.920617370863198e-06,3.9949119215938726e-08,0.7487536393275666,2.9912048400864906e-08,0.9978543426226055,1.0001710623577986,0.9980250379391942,0.0010166148882008136,1.0095994117236393,0.0010263737930770345,0.00802737875277915,0.7462205150066262,0.005990194707052105,0.05000123055983772,0.751560033807615,0.037578926529973994,0.059139073103721455,0.7499195941130349,0.044349549698163876,0.0009214315617238486,0.7187857940339062,0.0006623119167415785,9.42848054309919e-05,1.0,9.42848054309919e-05,0.0001273495254249691,0.7475030646781576,9.519416054047334e-05,4.0775613566134154e-16,1.0,4.0775613566134154e-16,1.0,1.0,1.0,0.009074854967517447,0.05916997437937815,-12.547988117330814,-1.0660034106290448,7.524153845118762,-2.859436328485528,-1.262412428436115,-75.10424941412415,48.345323773528875,7.470014244771535,-4.44075758692699,428.15,8.5,0.05
155,2.9368222904779064e-05,0.28356486951915344,8.327796296003093e-06,3.928493967489965e-08,0.744894474257451,2.92631344853701e-08,0.997854785135917,1.0001738546870513,0.9980282668673095,0.0010760900639241748,1.0095923652919145,0.0010864123129043354,0.00792837758537746,0.7432256536086663,0.005892573612948465,0.05000119179032448,0.7480098112762829,0.03740138203466983,0.059098015190058376,0.7464410028381551,0.044113181724211685,0.0009659629324121365,0.7151554172746675,0.0006908136240010633,9.07647061155121e-05,1.0,9.07647061155121e-05,0.00014378572107440966,0.7440549658385918,0.0001069844797820972,4.547841977015655e-16,1.0,4.547841977015655e-16,1.0,1.0,1.0,0.009033835872206415,0.059127422697902825,-12.569743343204335,-1.0803221383471953,7.533679156789286,-2.832842585279701,-1.2081020332244603,-74.37367334457798,48.016862573167685,7.468358093789696,-4.4478994550265245,433.15,8.5,0.05
156,2.777260101955673e-05,0.2801092243873481,7.779361730807313e-06,3.8482532673807706e-08,0.7410568235321254,2.8517743424723166e-08,0.9978551930736481,1.0001766432123038,0.9980314574203667,0.0011368423181954217,1.009585355394469,0.001147739355842797,0.007828414066838766,0.7402460563150998,0.005794952640179046,0.050001153414912194,0.7444793897874147,0.03722482818300074,0.059057169880151056,0.7429774883174367,0.04387814774469081,0.0010101591825380188,0.7115473831876536,0.0007187761229379065,8.736759773619847e-05,1.0,8.736759773619847e-05,0.0001619364963556521,0.7406265873174812,0.00011993447465803643,5.058799310961317e-16,1.0,5.058799310961317e-16,1.0,1.0,1.0,0.008993028986053744,0.05908498096370331,-12.593949445138186,-1.09489710819867,7.544884842668823,-2.808040476760061,-1.1553462639605903,-73.66514431325061,47.69919643949747,7.468046646953412,-4.455068046026916,438.15,8.5,0.05
157,2.6457131689656417e-05,0.274790036217417,7.270156175209657e-06,3.7563839034544084e-08,0.737239991004428,2.769356435191907e-08,0.997855557969671,1.0001794355674871,0.9980346087479853,0.0011989603142059807,1.0095784484073247,0.0012104444937180328,0.0077274036133454915,0.7372758715132331,0.005697228233563803,0.050001115430475765,0.7409630846044356,0.037048980723027765,0.059016923921052185,0.7395294526874722,0.0436447534466339,0.0010536411325280113,0.7079558459911296,0.00074593139934992,8.40859090541676e-05,1.0,8.40859090541676e-05,0.00018188704516264683,0.7372120633859438,0.00013408932386752714,5.610966753935715e-16,1.0,5.610966753935715e-16,1.0,1.0,1.0,0.008952821059241129,0.059043418616580884,-12.620404982009969,-1.109717901969243,7.557621143974612,-2.7849017366087496,-1.104093717766258,-72.97780395475807,47.391873714898615,7.468990132909638,-4.462270715341588,443.15,8.5,0.05
158,2.5477862843015804e-05,0.2667878925823905,6.79718533539138e-06,3.654426009120666e-08,0.7334436020768076,2.680315375652633e-08,0.997855874434187,1.0001822329113845,0.9980377166153274,0.0012624068924696516,1.009571678454045,0.0012744902453225412,0.007625526054851964,0.7343140908324725,0.005599531232087953,0.05000107796187676,0.7374600617199958,0.036873798039831956,0.058977476156176656,0.7360970097763262,0.043413143842716204,0.001096214138105789,0.7043796852924079,0.0007721509696120439,8.091559114755885e-05,1.0,8.091559114755885e-05,0.00020373881991621545,0.7338103617074693,0.00014950565713657093,6.205215890115332e-16,1.0,6.205215890115332e-16,1.0,1.0,1.0,0.00891341081016463,0.05900299056327977,-12.64899909090456,-1.124781356485925,7.571814102296809,-2.7633565037865555,-1.0542953267571724,-72.31088248512684,47.094506800801796,7.471127442877149,-4.46951428345992,448.15,8.5,0.05
159,2.4362715399264186e-05,0.26083739020622737,6.354707103081136e-06,3.546600460706879e-08,0.7290496334526207,2.5856477658812466e-08,0.99785612177782,1.0001855793852246,0.9980413033034421,0.0013262829712215633,1.0095651908190935,0.0013389691209214115,0.007524998063154123,0.73074900144662,0.005498884820537624,0.05000104209413675,0.7333566989213419,0.036668599172783194,0.05893967318286358,0.7320598342388148,0.04314736738033703,0.0011371458131006818,0.7002322754252609,0.0007962662001977987,7.774373820071406e-05,1.0,7.774373820071406e-05,0.00022779724767811027,0.7298105789731304,0.00016624884121644725,6.83690765432183e-16,1.0,6.83690765432183e-16,1.0,1.0,1.0,0.008875643749774951,0.058964071364267456,-12.679733458245035,-1.1400939884602548,7.5874306379061895,-2.743621142713749,-1.0059039952082853,-71.66392416012556,46.80699900531008,7.474539980743976,-4.477532283336637,453.15,8.5,0.05
160,2.314881908597409e-05,0.25682704328659633,5.94524276142706e-06,3.4309163628325416e-08,0.7246824079963965,2.4863247314517265e-08,0.997856313708225,1.000188923379281,0.9980448320950475,0.0013912042293223318,1.009558860050055,0.0014045025558514685,0.007424436443503042,0.727203298557067,0.005399074671642713,0.050001007243396824,0.7292787835289904,0.03646467373768868,0.0589027840303578,0.7280439572898674,0.0428838159808521,0.0011770471631048314,0.6961117447772649,0.0008193563543940341,7.468961295571513e-05,1.0,7.468961295571513e-05,0.00025402985134478066,0.7258352268764672,0.0001843838147842341,7.511466719313584e-16,1.0,7.511466719313584e-16,1.0,1.0,1.0,0.008838789491911346,0.05892596715860741,-12.712483364435991,-1.155650830133084,7.604442150083958,-2.7253901581075275,-0.95887516568191,-71.0359768896713,46.52873353334337,7.479046610973879,-4.48560552529533,458.15,8.5,0.05
161,2.2164171298037153e-05,0.2510973970846149,5.5653657214746635e-06,3.3092578559578944e-08,0.7203411508547316,2.3837946124357722e-08,0.9978564431768584,1.0001922717612324,0.998048302792645,0.0014572420589780781,1.0095527425044668,0.0014711627171341743,0.007323770207344701,0.7236719228055761,0.005300006868135331,0.050000973403472634,0.725221302263531,0.03626177104611061,0.05886713709351416,0.7240495472992032,0.04262272396335907,0.0012155970749718305,0.6920130070641056,0.0008412089872295872,7.174592626393992e-05,1.0,7.174592626393992e-05,0.000282501157707475,0.7218792089689977,0.00020393171225869833,8.2277066388871945e-16,1.0,8.2277066388871945e-16,1.0,1.0,1.0,0.008803176437620816,0.058889334357390764,-12.74708699205114,-1.1714430095554023,7.622731166099737,-2.708566267508202,-0.913166008691893,-70.42632004397754,46.25930325635217,7.484569031578829,-4.493745143622001,463.15,8.5,0.05
162,2.1474331471852653e-05,0.24274865880074534,5.212865163434865e-06,3.1830315859780534e-08,0.7160253897209748,2.2791314318441063e-08,0.9978565058156799,1.0001956260972795,0.9980517125895575,0.0015243699586151755,1.0095468673810015,0.0015389229164496578,0.00722313036740412,0.7201536989044305,0.005201764051754997,0.05000094066419412,0.7211831291037392,0.03605983484633391,0.05883290253286354,0.7200765749413308,0.04236419494972152,0.0012526302810707962,0.6879347607606243,0.0008617279127299516,6.890789329673556e-05,1.0,6.890789329673556e-05,0.0003132843875666761,0.7179412995826,0.00022491980034855836,8.9845113851837e-16,1.0,8.9845113851837e-16,1.0,1.0,1.0,0.008768974657491147,0.058854408694651264,-12.783441603934769,-1.1874665006419522,7.642230629414281,-2.6930893435715384,-0.8687355483761614,-69.83429113307095,45.99833730406709,7.49104560414338,-4.501962572955373,468.15,8.5,0.05
163,2.0591590888225725e-05,0.2373301802657443,4.887005977461065e-06,3.052986166010418e-08,0.711734746095868,2.1729163336996225e-08,0.9978565022185265,1.0001989783113066,0.9980550540202643,0.0015923730517555146,1.0095412084617919,0.0016075662149912535,0.00712306648470112,0.7166549274984568,0.0051047806951601705,0.05000090932654002,0.7171706285391177,0.03585918356924215,0.05879992762558638,0.7161240682082786,0.04210804338158726,0.0012883003741069605,0.6838829713340957,0.0008810466878150948,6.617500626582477e-05,1.0,6.617500626582477e-05,0.0003464987883235156,0.7140277100690119,0.0002474097363683271,9.781867280773953e-16,1.0,9.781867280773953e-16,1.0,1.0,1.0,0.00873603112734486,0.05882054974633628,-12.821540648575649,-1.2037258998082916,7.662956995498208,-2.6789534845218475,-0.8255445609828451,-69.25930058325356,45.745516008176644,7.49843941921107,-4.510269197392636,473.15,8.5,0.05
164,0.00042090115629147146,0.415129496499398,0.000174728485087293,1.372169242446386e-09,0.8265078310495557,1.134108624407275e-09,0.9978392035519034,1.0001297530005093,0.99796867618259,2.7619519409155336e-05,1.0097765521615665,2.788954308133634e-05,0.00927709929000053,0.794195645630987,0.00736783186020474,0.05000200797422776,0.8137125419073604,0.04068726100918097,0.060171123371371864,0.8105761703437604,0.04877327874764855,4.883437817542296e-05,0.7906560528164316,3.861119668992478e-05,0.00025327394169914427,1.0,0.00025327394169914427,1.3807885544477392e-06,0.8107473236845347,1.119470625092741e-06,1.0000401594845562e-16,1.0,1.0000401594845562e-16,1.0,1.0,1.0,0.009725619965701156,0.06059202589983258,-14.356764774820098,-0.7781195675825513,8.94534534692335,-5.383822888542512,-4.176745978219616,-116.04383751391593,67.16640942918082,8.801832056043741,-4.276453162849224,273.15,9.0,0.05
165,0.00040759252670530044,0.41295407667363077,0.00016831699552465954,1.6838052542410414e-09,0.8249419351599236,1.3890415648660528e-09,0.9978393299188985,1.0001298951131559,0.9979689443715696,2.945615343941613e-05,1.0097752676425749,2.9744095223007165e-05,0.009281089638950654,0.7936390159993155,0.007365834848458237,0.050002006715478685,0.8130414681939566,0.040653704952596875,0.060163640454852486,0.8098943277293638,0.0487261911399339,6.354067620663361e-05,0.7892478943572987,5.01493449021245e-05,0.00024604903783598025,1.0,0.00024604903783598025,1.8200546111421126e-06,0.8096867700580238,1.4736741394248686e-06,1.0000401343095705e-16,1.0,1.0000401343095705e-16,1.0,1.0,1.0,0.009718138319095371,0.06057123466536303,-14.228732915229967,-0.7852968198848397,8.857284758494288,-5.272516475039998,-4.024789017197328,-113.89042064809551,66.21736479305942,8.720005019979087,-4.279487502204965,278.15,9.0,0.05
166,0.0003918439081590719,0.4105350149097066,0.0001608656446783623,2.048203447830734e-09,0.8233870951080123,1.6864642870995607e-09,0.997839506656342,1.0001300779856848,0.9979693036094046,3.178244306797151e-05,1.009773483449089,3.209306824926794e-05,0.009284119830330468,0.793088667978611,0.0073631302295906,0.050002005108522,0.8123285572884322,0.0406180566713345,0.06015324669610494,0.8091773374188777,0.04867464399865508,8.107356662651731e-05,0.7878483824619552,6.387367832712328e-05,0.0002389079626843976,1.0,0.0002389079626843976,2.362422511249495e-06,0.8086328446432365,1.9103324355208988e-06,1.0000401021704404e-16,1.0,1.0000401021704404e-16,1.0,1.0,1.0,0.009707746181557512,0.06054509265246744,-14.10725633750563,-0.7925883251170598,8.773022851083029,-5.162649954960981,-3.878682542878159,-111.82145057422946,65.29947759662774,8.64168748525002,-4.282911091870595,283.15,9.0,0.05
167,0.0003735848038711915,0.4084041938182437,0.00015257360064776062,2.471622031722462e-09,0.8218426802373477,2.0312844750844636e-09,0.9978397369622559,1.0001302896770239,0.9979697451793065,3.465600937406664e-05,1.009771166637245,3.499463901664255e-05,0.009286010849782474,0.7925509057895394,0.0073596363101665905,0.05000200311378226,0.8115845926627928,0.040580855329422676,0.06013975016514297,0.8084278991274646,0.048618651880057116,0.00010154748576947083,0.7864638664190723,7.986342828339371e-05,0.00023192816203312623,1.0,0.00023192816203312623,3.0215796884052375e-06,0.8075919604139319,2.4402034641061047e-06,1.0000400622756469e-16,1.0,1.0000400622756469e-16,1.0,1.0,1.0,0.009694251663027733,0.060513337440636195,-13.991812058693526,-0.799983692284911,8.692229250741965,-5.054141856838099,-3.738120416754441,-109.83225395843712,64.41151934295182,8.566655775599603,-4.286607080435908,288.15,9.0,0.05
168,0.00035315249278177927,0.4060299304472038,0.00014339048208144252,2.9660640854086234e-09,0.820309198769291,2.433089653399916e-09,0.9978400177637616,1.0001305333180062,0.9979702691321196,3.821792297856442e-05,1.0097683455387871,3.859124885599376e-05,0.009286449486719245,0.7920192915093545,0.007355047143108788,0.05000200060997624,0.8108070239502184,0.040541973306131844,0.06012331587858115,0.8076501580248093,0.0485586055703116,0.0001247598050743374,0.7850880247927192,9.794742893933628e-05,0.00022514710114684175,1.0,0.00022514710114684175,3.803957311863074e-06,0.8065576391507104,3.0681108288863634e-06,1.0000400121995284e-16,1.0,1.0000400121995284e-16,1.0,1.0,1.0,0.00967781990247959,0.06047647133742703,-13.880970953374954,-0.8074177471688915,8.613841888085412,-4.946181760244687,-3.6028172959493583,-107.91773080361791,63.551516579279024,8.494322578283894,-4.290498540440132,293.15,9.0,0.05
169,0.00033080396354490934,0.4039416590075377,0.0001336255018405997,3.54044276546646e-09,0.81878519132546,2.8988621070993003e-09,0.9978403462947878,1.0001308002036802,0.9979708640153234,4.2567231334977976e-05,1.0097650450974849,4.298290226863911e-05,0.009285225066564633,0.7914985120610892,0.007349241824338236,0.050001997516006584,0.8100043561546557,0.0405018358043996,0.060104089116134296,0.8068459212521847,0.04849473915393079,0.0001505435722684335,0.7837255723914166,0.00011798484734592662,0.00021858635450298802,1.0,0.00021858635450298802,4.718574647605204e-06,0.8055347337142864,3.800975772269638e-06,1.0000399503201294e-16,1.0,1.0000399503201294e-16,1.0,1.0,1.0,0.00965859626144452,0.060434896620121976,-13.774524723305007,-0.8148918675042783,8.537772442647821,-4.838905241468833,-3.4725069965292166,-106.07401758355313,62.71846046953342,8.424581527590178,-4.294527192541984,298.15,9.0,0.05
170,0.00030863852870362046,0.39724436220274806,0.00012260491548606435,4.236501542974714e-09,0.8168650502199144,3.4606500456587846e-09,0.997840689925635,1.0001314659281217,0.9979718719780537,4.8141022862025904e-05,1.009761582916336,4.861095544837078e-05,0.009281651753638579,0.7905518554051869,0.007337627015063784,0.05000199341058049,0.8087336379119284,0.04043829403378703,0.06008392001805465,0.8056212035828647,0.04840487996092177,0.00017726720015298503,0.7819444566172763,0.00013861310449969188,0.00021202685952985382,1.0,0.00021202685952985382,5.734832776877e-06,0.8040795658401323,4.61126184939702e-06,1.0000398682116074e-16,1.0,1.0000398682116074e-16,1.0,1.0,1.0,0.009638431305204226,0.060392562783259794,-13.668475229016929,-0.8221786399550435,8.460842316026188,-4.729603237218596,-3.346940816118596,-104.29467963993665,61.908534467534444,8.355915283415984,-4.299093474907192,303.15,9.0,0.05
171,0.00028472622954318054,0.39415795099639994,0.00011222710723167063,5.0201889611664414e-09,0.8149483974795412,4.09119494894707e-09,0.9978410795544215,1.00013211897363,0.9979729132936982,5.460484826379476e-05,1.0097576528805488,5.5137663418747906e-05,0.009276210334003212,0.7896458009402272,0.0073249205388839795,0.05000198864931976,0.8074750720680984,0.04037535938815772,0.060061025321169595,0.8043687195323452,0.04831121003138895,0.00020646583217962452,0.7802071488376017,0.00016108611825724764,0.0002057171660430137,1.0,0.0002057171660430137,6.913066769614742e-06,0.8026666776756052,5.548888336516291e-06,1.0000397729863921e-16,1.0,1.0000397729863921e-16,1.0,1.0,1.0,0.009615541411810187,0.06034575657090176,-13.569039359327471,-0.8296593680468017,8.388149825504131,-4.623273691622904,-3.2258866083736732,-102.58124410895977,61.125673939194016,8.290672085074535,-4.303716139901421,308.15,9.0,0.05
172,0.00026079618643043634,0.39109755747989916,0.00010199675151301617,5.922793854501451e-09,0.8130393085318917,4.815464220040792e-09,0.9978414920700949,1.0001327965852584,0.997974002012871,6.237555542308597e-05,1.0097534803183328,6.298393417525013e-05,0.00926806784186264,0.7887434817030757,0.007310128098251048,0.05000198283534674,0.8061940775892326,0.04031130242957501,0.06003671762753523,0.8030975467362834,0.04821534064077253,0.00023685095924710353,0.778477083532826,0.0001843830439866373,0.00019963270109755083,1.0,0.00019963270109755083,8.229541011723707e-06,0.8012589042463486,6.593993013504126e-06,1.0000396567069337e-16,1.0,1.0000396567069337e-16,1.0,1.0,1.0,0.009591239583716162,0.06029751973675952,-13.473235595299291,-0.8371684773838465,8.3173618396954,-4.517802167803858,-3.109127022814369,-100.92836171607364,60.36675156087657,8.227656657019503,-4.308380905447112,313.15,9.0,0.05
173,0.00023734668711938186,0.38832112764905685,9.216673318596616e-05,6.9519579547044274e-09,0.8111362899596413,5.638985383334369e-09,0.9978419212862099,1.0001334965697855,0.9979751297598896,7.162990768536048e-05,1.0097491233757525,7.232823649277885e-05,0.009256888087764242,0.7878451170175648,0.007292994078723121,0.05000197581516223,0.8048935572114357,0.04024626818146611,0.06001133564393765,0.8018090957496088,0.048117634767391906,0.00026809470309558395,0.7767544715735349,0.00020824375943467416,0.00019376245052273695,1.0,0.00019376245052273695,9.690615634771665e-06,0.7998565663362138,7.751102547312487e-06,1.0000395163032472e-16,1.0,1.0000395163032472e-16,1.0,1.0,1.0,0.009565864682568984,0.06024868928301498,-13.381394786980891,-0.8447376641065114,8.248799031133485,-4.4136671606126505,-2.9964585221546916,-99.33349397828383,59.63128317929125,8.166982229102446,-4.313069796772318,318.15,9.0,0.05
174,0.00021412533470875414,0.3879283469192194,8.306528712709158e-05,8.098078582521304e-09,0.8092378490130427,6.553271693258129e-09,0.9978423714349871,1.0001342007286804,0.9979762826083419,8.241466299102478e-05,1.00974453663895,8.32177556941275e-05,0.009242612149948159,0.7869642091268624,0.007273604960850282,0.050001967572470454,0.8035896252351019,0.04018106238257925,0.05998461479321581,0.8005033337852205,0.048017884117791516,0.00030046754124576414,0.7750526682329787,0.00023287816955993226,0.0001881004942505174,1.0,0.0001881004942505174,1.132495821252066e-05,0.798473317792598,9.0426769578139e-06,1.0000393514494109e-16,1.0,1.0000393514494109e-16,1.0,1.0,1.0,0.009539152147647938,0.06019874822600316,-13.294798011749018,-0.8524608657730015,8.18354182617834,-4.312070813766607,-2.8876903132630822,-97.795026885372,58.91955779078225,8.109135162483412,-4.317766662379853,323.15,9.0,0.05
175,0.00019344188734046525,0.3844123429242135,7.436144913222996e-05,9.404084319066248e-09,0.8069418781012501,7.588549462249824e-09,0.9978428078653192,1.0001352841649203,0.9979778001963029,9.524965671394606e-05,1.0097400574704283,9.617739384437855e-05,0.009224376232847432,0.7856711624166111,0.007247326397429401,0.05000195760929338,0.8018464091845499,0.040093890161209976,0.05995852037092374,0.7987879203731305,0.04789414179574015,0.00033221257158018544,0.7729487400938186,0.00025678328864623204,0.00018243783658177703,1.0,0.00018243783658177703,1.3099586606124728e-05,0.7966739737553696,1.0436099716054007e-05,1.0000391521858667e-16,1.0,1.0000391521858667e-16,1.0,1.0,1.0,0.009513067776901843,0.06015197166234851,-13.211265545473651,-0.8602117641389895,8.11984123079026,-4.2116544419586,-2.7826432224651545,-96.30897060252417,58.22935168805485,8.053332001678037,-4.32289996518252,328.15,9.0,0.05
176,0.0001744971054508922,0.38067115584090916,6.642601482288415e-05,1.084338973485364e-08,0.8046520374401352,8.725155642907424e-09,0.9978432473183175,1.000136392315872,0.9979793454696965,0.00011016434247035551,1.0097355190146629,0.0001112368495212134,0.009201978083094942,0.7843762139871977,0.00721781273001118,0.05000194593400548,0.8000848009710024,0.0400057969607716,0.05993208034619563,0.7970621108088946,0.04776959046590696,0.00036411971039370777,0.7708472836809497,0.0002806806896916836,0.0001769566022156541,1.0,0.0001769566022156541,1.5053251189429418e-05,0.7948748003969277,1.196545003452252e-05,1.0000389186801095e-16,1.0,1.0000389186801095e-16,1.0,1.0,1.0,0.00948663953101619,0.06010658829503625,-13.132596840988533,-0.8681184307736506,8.059226817176468,-4.11383052179902,-2.6811492602662224,-94.87427688140663,57.56125736360874,8.000184121168889,-4.328029098199052,333.15,9.0,0.05
177,0.00015729217764556217,0.37696438547243033,5.9293549085779695e-05,1.2402686353597751e-08,0.802368094448088,9.951519815573517e-09,0.997843691119408,1.000137521450453,0.997980916031136,0.00012730004090729633,1.0097309039815423,0.00012853878538221172,0.009175174558253608,0.7830809729651824,0.007184904620202622,0.05000193244361227,0.7983082595135327,0.039916955661373356,0.05990519398193893,0.7953271402774816,0.0476442266174233,0.0003963020916348625,0.768749910405915,0.0003046571974379774,0.00017164426973291828,1.0,0.00017164426973291828,1.7212935833409942e-05,0.7930774154404855,1.3651190662903668e-05,1.0000386488722418e-16,1.0,1.0000386488722418e-16,1.0,1.0,1.0,0.009459766776806468,0.06006249856227083,-13.059255697456079,-0.8762264609569757,8.002110587886168,-4.019109993938619,-2.583050374486561,-93.48915298374803,56.915009259052766,7.949860931004468,-4.333149460362015,338.15,9.0,0.05
178,0.0001428665260251116,0.3698924575489546,5.284525041291024e-05,1.4088741606663231e-08,0.800091067622835,1.127227631353743e-08,0.9978441271856076,1.0001386891337969,0.9979825173232711,0.00014703709877451516,1.0097263286795932,0.00014846722992528983,0.009143223789380681,0.78176847756103,0.0071478841418239295,0.05000191679231494,0.7965012913618806,0.03982659129564815,0.05987853882919544,0.793587171819257,0.04751884028213078,0.0004281041765127804,0.7666398819512221,0.00032820173534458326,0.00016647840866807745,1.0,0.00016647840866807745,1.9575107678411375e-05,0.7912647905761955,1.5489093477664652e-05,1.000038335846301e-16,1.0,1.000038335846301e-16,1.0,1.0,1.0,0.009433127414180308,0.06002141944396215,-12.990573270475782,-0.8845061707374665,7.947988374052906,-3.927111747599184,-2.4881978553032607,-92.15105892003125,56.289490447694384,7.902093633152783,-4.338260772620486,343.15,9.0,0.05
179,0.0001289937003253794,0.36628612486340345,4.724860262397436e-05,1.5827980010492536e-08,0.7978191492206586,1.2627865545852758e-08,0.9978445849107256,1.0001398529433083,0.9979841364128895,0.00016898722285613505,1.0097214938271866,0.00017063003110000447,0.009106996571278838,0.780474466846399,0.0071077782935408335,0.05000189942391242,0.7947015683765914,0.03973658789399179,0.05985037138702301,0.7918377052274671,0.04739178073611196,0.0004612596736681004,0.7645525770963755,0.0003526572722135795,0.0001614693480601672,1.0,0.0001614693480601672,2.2244145492893967e-05,0.7894727763392408,1.7561147299569e-05,1.0000379884782461e-16,1.0,1.0000379884782461e-16,1.0,1.0,1.0,0.009404977494460353,0.059979380915328395,-12.928750560830801,-0.8931234720027798,7.898670050869547,-3.839654268717563,-2.396451672400804,-90.85978790271636,55.68582175279395,7.8577202456443604,-4.343357043867715,348.15,9.0,0.05
180,0.00011684244662300765,0.36197052167654564,4.2293521358094015e-05,1.7628015124122334e-08,0.7951453648657508,1.401683451772924e-08,0.9978450440596675,1.0001413725391002,0.9979861119471746,0.00019339958025525232,1.0097165901103766,0.00019527876470411154,0.009066186056065217,0.7787804564738918,0.007060568515219704,0.050001880129689605,0.7924848461544103,0.03962573228200834,0.05982180251015218,0.7896777696535966,0.047239947582874905,0.0004948315425367368,0.7620782502691054,0.00037710035611435876,0.00015644302131932072,1.0,0.00015644302131932072,2.523751662973844e-05,0.7872785305067785,1.9868955005900858e-05,1.0000376025937944e-16,1.0,1.0000376025937944e-16,1.0,1.0,1.0,0.009376428082943478,0.05993866258479033,-12.87279998795114,-0.9020295792127737,7.853350053894617,-3.7562418603862913,-2.30767969662879,-89.61294233720317,55.10284584920839,7.816428145652246,-4.3488832594651186,353.15,9.0,0.05
181,0.00010600577331647815,0.35795427771675264,3.794522002130573e-05,1.9447107999255094e-08,0.792481355077619,1.54114704995905e-08,0.9978455147357995,1.0001429034388465,0.9979881102912928,0.0002203553833947497,1.0097115137806367,0.00022249536773722545,0.00902051363563122,0.777089853683226,0.007009749621260207,0.05000185887365906,0.7902633112586586,0.03951463456258596,0.05979222777498917,0.7875158830088673,0.04708732905328793,0.0005292666831541656,0.7596126301131345,0.0004020376572219909,0.00015155690848010897,1.0,0.00015155690848010897,2.8596483019763335e-05,0.7850902463291028,2.2450819898132003e-05,1.039778474617699e-16,1.0,1.039778474617699e-16,1.0,1.0,1.0,0.009346874792342448,0.059898252995413646,-12.8227886376565,-0.9112467371619211,7.812155920698251,-3.6768464363794635,-2.2217575797021674,-88.40870626730387,54.53990582266921,7.7781438534432965,-4.354396426809837,358.15,9.0,0.05
182,9.586571122452999e-05,0.3562426794967175,3.4151457838485086e-05,2.1240978003352862e-08,0.7898276193766591,1.6776711089620158e-08,0.9978460035441501,1.0001444345940849,0.9979901270266311,0.0002497452268744306,1.0097061897620574,0.0002521693014386419,0.008970269138986218,0.7754104124837523,0.006955640093151578,0.05000183581654366,0.7880459961299141,0.03940374651437257,0.05976120979811018,0.7853523439410182,0.04693360619169676,0.0005650045994963352,0.7571633985600756,0.00042780080275671943,0.00014680908337114272,1.0,0.00014680908337114272,3.239006161291456e-05,0.7829156951039802,2.535868760213577e-05,1.1699102385037396e-16,1.0,1.1699102385037396e-16,1.0,1.0,1.0,0.009315880077085177,0.059857096750312706,-12.778932133367134,-0.9208081600048732,7.775293174355225,-3.6017045914466284,-2.138567799144627,-87.2456338990361,53.99664088209327,7.742931394755178,-4.359895913011931,363.15,9.0,0.05
183,8.746400534860497e-05,0.3520500822308926,3.07917102752196e-05,2.3006754956394592e-08,0.7871841215324638,1.8110552189662144e-08,0.9978464967170231,1.0001459874701537,0.9979921698026806,0.00028188509431555786,1.0097007477563718,0.00028461959051179415,0.008914850695921529,0.7737238760243518,0.006897632834626798,0.050001810684765204,0.7858155444414785,0.03929220008630851,0.059729504161924594,0.7831898160846998,0.04677953937940803,0.0006013072470652334,0.7547125795863624,0.00045381414355657643,0.00014218167721122174,1.0,0.00014218167721122174,3.663053023038602e-05,0.7807365853469652,2.859879509152036e-05,1.3141325201171571e-16,1.0,1.3141325201171571e-16,1.0,1.0,1.0,0.009284199795585691,0.05981699117402817,-12.740339359236776,-0.9306670715575482,7.742068307871073,-3.5302064686277315,-2.057999319321193,-86.12153064853477,53.47187284075041,7.710436042803672,-4.36538606896796,368.15,9.0,0.05
184,8.00150295179356e-05,0.3479080675481438,2.783787429439266e-05,2.469718927916235e-08,0.7845512562274457,1.9376210874253845e-08,0.9978470018598833,1.0001475477279622,0.9979942319178615,0.0003165799323855137,1.0096951005245571,0.00031964920665404856,0.008854730492784062,0.7720409236067194,0.006836214307937589,0.05000178372968977,0.7835837687190816,0.039180586137586765,0.05969660262687154,0.7810280489638953,0.046624721079438436,0.0006386811593956895,0.7522707357322217,0.0004804611456769037,0.00013767670003259308,1.0,0.00013767670003259308,4.140188315540227e-05,0.778563637830397,3.223400076249903e-05,1.475082820253111e-16,1.0,1.475082820253111e-16,1.0,1.0,1.0,0.009251325454687511,0.05977664235357875,-12.70728372735581,-0.9408593820633174,7.712731147682315,-3.462613022462325,-1.9799471642805484,-85.03516324437722,52.965321365621065,7.6807424352610205,-4.370866341510628,373.15,9.0,0.05
185,7.416170736838336e-05,0.33988456052831145,2.520641931693221e-05,2.6313686106435923e-08,0.7815001556315073,2.0564149787418285e-08,0.9978475020067753,1.0001494877058812,0.9979966679406694,0.0003538029627802933,1.0096893994005895,0.00035723110099578347,0.008790173943617701,0.7699297158033096,0.006767816126271234,0.05000175503316438,0.7809137437769598,0.039047057718366834,0.05966338683489964,0.778441873936076,0.04644447865313228,0.0006763925546446577,0.7494173193619276,0.0005069002951381656,0.00013314639071669256,1.0,0.00013314639071669256,4.67682024222391e-05,0.7759617920026421,3.629033816030296e-05,1.6527925087122987e-16,1.0,1.6527925087122987e-16,1.0,1.0,1.0,0.009218138613766379,0.059737574855954136,-12.679302891455507,-0.9513668805815508,7.68688924143152,-3.3987984080197395,-1.9043118504474192,-83.98499555155011,52.47634481754313,7.6537454748542935,-4.376812811208777,378.15,9.0,0.05
186,6.832826855045558e-05,0.3351527887783677,2.290040975708242e-05,2.7785793897373348e-08,0.7784630436722384,2.163021368819876e-08,0.9978480189484024,1.0001514203971689,0.9979991134917457,0.0003932488608641073,1.0096834175631708,0.00039705685379009555,0.008721740339188155,0.7678347480765059,0.006696855296129238,0.05000172496594737,0.7782575670209229,0.03891422081884754,0.0596285353558362,0.7758590186279197,0.04626333692339928,0.000715605548154621,0.7465862002462125,0.0005342612270718665,0.00012874851249489565,1.0,0.00012874851249489565,5.283575123903472e-05,0.7733793528582815,4.08620791010258e-05,1.851886335002156e-16,1.0,1.851886335002156e-16,1.0,1.0,1.0,0.009183317468602719,0.059696891410180544,-12.656795588432242,-0.962234985374131,7.664939190077914,-3.3389142570694754,-1.8309994844882937,-82.96984682129784,52.0046018198075,7.62948158096195,-4.382750847083793,383.15,9.0,0.05
187,6.31103779761627e-05,0.3304890704084892,2.0857290150470396e-05,2.910937865770381e-08,0.7754402146650019,2.2572582835094672e-08,0.9978485424560044,1.000153356584476,0.9980015691002998,0.00043504940264875246,1.0096772446362303,0.00043925948214703015,0.008649224427678714,0.7657461623967818,0.00662311041320348,0.05000169345276978,0.7756060715921738,0.03878161703185889,0.059592570302851706,0.7732814792209824,0.04608183091436956,0.000755808028099666,0.7437676480522549,0.0005621455594387011,0.0001244729729910925,1.0,0.0001244729729910925,5.965274772988063e-05,0.7708064711541776,4.5980723972319625e-05,2.0733933694484777e-16,1.0,2.0733933694484777e-16,1.0,1.0,1.0,0.00914738420830363,0.05965570979020652,-12.639162064227774,-0.9734337960112358,7.646418744561947,-3.2825432275529116,-1.7599209482383642,-81.98803970117231,51.549204083673075,7.607705555866515,-4.38868360749813,388.15,9.0,0.05
188,5.8024238120575936e-05,0.3282720896709124,1.9047737899404088e-05,3.025861169007807e-08,0.7724318233648378,2.3372714600255607e-08,0.9978490740233947,1.0001552879485285,0.9980040279590408,0.00047900497874648864,1.0096708489800688,0.00048363736355664717,0.008573125005305908,0.7636699845102963,0.006547038240006798,0.05000166076420675,0.7729660659250709,0.03864958701062886,0.05955530733822506,0.7707091126602729,0.045899818072853274,0.0007971833965156365,0.7409675575385161,0.0005906870342264495,0.00012032103512848063,1.0,0.00012032103512848063,6.731995456731851e-05,0.7682491973327796,5.17185010608216e-05,2.320099949305473e-16,1.0,2.320099949305473e-16,1.0,1.0,1.0,0.009110154222172972,0.05961336183495733,-12.62632463494114,-0.9849717583514054,7.631290843985788,-3.2296464979960904,-1.690991743512215,-81.03834262986747,51.10966200249039,7.588363821583181,-4.394611947018533,393.15,9.0,0.05
189,5.383583274588424e-05,0.3237088999529368,1.7427138196220497e-05,3.124022958691426e-08,0.76943738026483,2.4037400412227126e-08,0.997849601217132,1.0001572295889174,0.9980064926997327,0.0005252919136207335,1.0096643416273017,0.0005303685141280234,0.008493146731734848,0.7615938647836634,0.006468328443596684,0.05000162678324444,0.7703257408018401,0.03851754019309991,0.05951739331179531,0.768143385589573,0.045717891999988644,0.0008390955752546484,0.7381737562079337,0.0006193983326031805,0.00011628178569751641,1.0,0.00011628178569751641,7.588379629918862e-05,0.7656951970689996,5.8103858361651074e-05,2.592790101333816e-16,1.0,2.592790101333816e-16,1.0,1.0,1.0,0.009072274478101466,0.05957126038477077,-12.617712259285568,-0.9968180340029663,7.619112502046643,-3.179827484004133,-1.6241316915534059,-80.11922885123963,50.68514688764906,7.5712259644509325,-4.400540468995695,398.15,9.0,0.05
190,5.064236656023179e-05,0.3152186847346047,1.5963420178964006e-05,3.2065966535501124e-08,0.7659902745798297,2.4562218511196118e-08,0.9978501086427182,1.0001595824090108,0.9980093479668871,0.0005735513482793463,1.0096578463474641,0.0005790906190734093,0.008410271916626041,0.7590548990389825,0.006383858100564969,0.05000159195615384,0.7672179285379839,0.03836211780420186,0.05947954932916816,0.7651191991856442,0.045508945150656156,0.0008809519590190147,0.7349378135684099,0.0006474449066202419,0.00011222726411746148,1.0,0.00011222726411746148,8.548083021529757e-05,0.7626794669552073,6.519447402349174e-05,2.891751044123111e-16,1.0,2.891751044123111e-16,1.0,1.0,1.0,0.00903446563146562,0.059530223761694895,-12.613168084677064,-1.0089726508808807,7.6097324093689345,-3.133172198550592,-1.5592644995015983,-79.22971243033885,50.27533022890722,7.556304779749039,-4.406996012963988,403.15,9.0,0.05
191,4.726782036086091e-05,0.31008439368939017,1.4657013417616565e-05,3.269195282844522e-08,0.7625610119579526,2.492960863174081e-08,0.9978506133670003,1.0001619270847053,0.9980121924077943,0.0006236342011229076,1.0096511810862443,0.0006296530077295198,0.008324764770393655,0.7565326945165092,0.006297956722962021,0.05000155651539424,0.764128461362386,0.03820761244583259,0.059440714734476596,0.7621041424236654,0.04530001492776803,0.0009236704665282737,0.7317253426778312,0.0006758730886417935,0.00010830048867568342,1.0,0.00010830048867568342,9.622003339155601e-05,0.7596843281587049,7.309685142247242e-05,3.222373538556558e-16,1.0,3.222373538556558e-16,1.0,1.0,1.0,0.008995666791877424,0.05948801524679029,-12.612767322967509,-1.021453808342983,7.603284539402745,-3.0895481906407136,-1.496318017228579,-78.36864317054075,49.87968025260701,7.543504954420526,-4.413454040433045,408.15,9.0,0.05
192,4.4197258767476946e-05,0.3050356490412253,1.3481739513980309e-05,3.312931035763923e-08,0.7591494120234678,2.515009647874485e-08,0.9978511053020861,1.0001642723328439,0.9980150246309848,0.0006756193953520775,1.0096444296229798,0.000682135359062471,0.008236549401667617,0.7540197210443709,0.006210520682213598,0.05000152045678213,0.7610502251953433,0.03805366840374361,0.05940137761995046,0.7590994198628893,0.0450915512903608,0.0009667706883803715,0.7285288660821199,0.0007043203533671822,0.0001044937714849589,1.0,0.0001044937714849589,0.00010817568489575446,0.7567022601515953,8.185678525406416e-05,3.5859133043234e-16,1.0,3.5859133043234e-16,1.0,1.0,1.0,0.008956366055787172,0.0594456080080283,-12.616106843542257,-1.0342407907528355,7.599460344599857,-3.0486738873940986,-1.4352234880821242,-77.53477222429338,49.49753098132353,7.532657991320419,-4.419918686610741,413.15,9.0,0.05
193,4.109489902119376e-05,0.30232209283534595,1.2423895876944504e-05,3.3375728636144084e-08,0.7557553600833322,2.522388581345264e-08,0.9978515827802825,1.0001666124345396,0.9980178372617987,0.0007293264585985476,1.0096375865852814,0.0007363554054922279,0.00814611049435613,0.7515201638423071,0.006121966293396056,0.05000148405452839,0.7579878737423833,0.037900518582455654,0.05936150669101368,0.7561047698189735,0.04488351835271635,0.0010102839993832522,0.7253523925997419,0.000732811916157878,0.00010080736394836254,1.0,0.00010080736394836254,0.00012147172043216765,0.7537374480695118,9.155778457115521e-05,3.9851567058571527e-16,1.0,3.9851567058571527e-16,1.0,1.0,1.0,0.008916531851975872,0.05940263496576351,-12.623071289189664,-1.0473351592139981,7.598188008272666,-3.0104671438544734,-1.37591550909062,-76.72709717180129,49.128429153540104,7.523696056238225,-4.4263923750694625,418.15,9.0,0.05
194,3.8548798840547894e-05,0.2974030476951986,1.146453026016809e-05,3.344870541440941e-08,0.7523781622400564,2.516607550900239e-08,0.9978520346422145,1.0001689590218876,0.9980206307459762,0.0007848691287030591,1.0096307467782109,0.000792428004535633,0.00805329863690471,0.7490248707792568,0.006032120970854316,0.050001447269047594,0.7549325650880475,0.03774772084493685,0.059321654291734534,0.7531210403344998,0.04467638599455466,0.0010536663036310942,0.7221868609006135,0.0007609439602560927,9.723297002821175e-05,1.0,9.723297002821175e-05,0.00013617793317546542,0.7507807504791361,0.00010223977086817352,4.420922750899052e-16,1.0,4.420922750899052e-16,1.0,1.0,1.0,0.008876716564448318,0.0593602365392805,-12.63329232998078,-1.0607167769421766,7.599184504661079,-2.9746747104574376,-1.3183318238350135,-75.94448824972761,48.77176245186267,7.5164664742291505,-4.432880726139996,423.15,9.0,0.05
195,3.6660630295603014e-05,0.2887631923011831,1.0586240635931801e-05,3.338102553781312e-08,0.7484916788943121,2.4985419848011624e-08,0.9978524402666352,1.0001717736469635,0.9980238450194312,0.0008417327409253071,1.009624072029579,0.0008498336374536274,0.007959469059997485,0.746009206079962,0.0059378371942667455,0.05000141074940421,0.7513563587392459,0.037568877912497724,0.05928276331494829,0.7496223922899311,0.044439686857709305,0.001096095425382096,0.7185265653270921,0.0007875736812705351,9.36506576200409e-05,1.0,9.36506576200409e-05,0.00015250020059884206,0.7473067029360237,0.00011396442210660283,4.891491062961574e-16,1.0,4.891491062961574e-16,1.0,1.0,1.0,0.008837862431218394,0.059319457326269434,-12.646640270421992,-1.0743843184429314,7.602313348396991,-2.9414079659343253,-1.2624129475401051,-75.18622105157294,48.42729437276969,7.510999544391944,-4.439991957496882,428.15,9.0,0.05
196,3.458962235342772e-05,0.2830594135703075,9.790918218979649e-06,3.314688329720449e-08,0.7446267815515694,2.4682057028062834e-08,0.9978528160780726,1.0001745821743024,0.9980270233923373,0.0009000212077623722,1.009617391454536,0.0009086770640348074,0.007864363032125302,0.743011099237665,0.005843309021303475,0.05000137447408375,0.7478019770719515,0.03739112668803484,0.059243838148904625,0.7461384187973052,0.04420410371990716,0.0011384359933912743,0.7148909704195847,0.000813857612076072,9.019138369916816e-05,1.0,9.019138369916816e-05,0.0001705185514807515,0.7438546721883481,0.00012684102121374632,5.403044231849556e-16,1.0,5.403044231849556e-16,1.0,1.0,1.0,0.008798973862241101,0.05927846091814135,-12.663078842680257,-1.088343973290392,7.607618648580887,-2.910427698200945,-1.2081025743260234,-74.45125845749922,48.0944466038858,7.507150109148756,-4.447124347333493,433.15,9.0,0.05
197,3.24097171139742e-05,0.2798086636990797,9.068519636526308e-06,3.2760421390579136e-08,0.7407832377377714,2.4268371027366978e-08,0.9978531559975539,1.000177385874876,0.9980301610526283,0.0009596950246251554,1.0096107442245854,0.0009689184080404352,0.007768174213927022,0.7400291627514923,0.0057486754596401445,0.05000133857818647,0.7442682675549512,0.03721440963901539,0.05920510702805181,0.7426694411156982,0.04396982374771833,0.0011804641028328256,0.7112785748564838,0.0008396388247321698,8.685098203557853e-05,1.0,8.685098203557853e-05,0.00019034345929893666,0.7404232480782447,0.00014093472238456794,5.957003517325953e-16,1.0,5.957003517325953e-16,1.0,1.0,1.0,0.008760278955666152,0.05923754950558718,-12.682412711092075,-1.1025879580386393,7.614959373959308,-2.8815965436147355,-1.1553468280767987,-73.73870038010529,47.77275137811973,7.50482411626454,-4.454283175456425,438.15,9.0,0.05
198,3.0634154688229645e-05,0.2744862520832009,8.40865430610918e-06,3.2242461952958556e-08,0.736960241706278,2.376141255405782e-08,0.9978534499304978,1.0001801950963738,0.9980332582290751,0.001020854546489932,1.0096042147308266,0.0010306590527633618,0.007670780735126692,0.7370555243253485,0.005653791316713587,0.05000130303532053,0.7407475159279302,0.03703834101657336,0.059167061650575205,0.7392160071080927,0.04373723906565656,0.001221695832443102,0.7076815519226395,0.0008645716026807556,8.362164378880981e-05,1.0,8.362164378880981e-05,0.0002120459807703682,0.737004550724651,0.00015627885279063326,6.5533449571885445e-16,1.0,6.5533449571885445e-16,1.0,1.0,1.0,0.008722269436304853,0.05919772804772537,-12.704368753696285,-1.1171008742819366,7.62412774524817,-2.8547315935603925,-1.1040943054445824,-73.04763381170973,47.46170239649361,7.503904473707133,-4.4614761336574285,443.15,9.0,0.05
199,2.928860833904658e-05,0.26648457076236204,7.804962221457769e-06,3.160657103838567e-08,0.733157465466825,2.3172593514600025e-08,0.9978536927759281,1.0001830105126952,0.9980363104918378,0.0010834475762222663,1.0095978343496885,0.0010938463265854192,0.007572391814121586,0.7340895355285726,0.005558813589668879,0.05000126798379983,0.7372392523627609,0.03686289742556663,0.05912988485054119,0.7357782204676088,0.04350648145178581,0.0012619519780888737,0.7040991341528198,0.0008885392951148144,8.049990630478139e-05,1.0,8.049990630478139e-05,0.0002357274644238374,0.7335979073954007,0.00017292917461695078,7.192837728600091e-16,1.0,7.192837728600091e-16,1.0,1.0,1.0,0.008685127998682898,0.05915920506545126,-12.728805090026539,-1.131877910079061,7.635025356540375,-2.829736706937582,-1.0542959386299424,-72.37726268827787,47.16088578020728,7.504316932579893,-4.468709964045165,448.15,9.0,0.05
200,2.7844880434739298e-05,0.2603330776496597,7.248943420362473e-06,3.08880007656551e-08,0.7287564092125899,2.2509828525734573e-08,0.9978538634586841,1.0001863773644903,0.998039840831902,0.001146595502037995,1.009591743572226,0.001157593352074611,0.007475231787730033,0.7305197450770491,0.005460804419964395,0.05000123453474092,0.7331301119561129,0.036657410672398465,0.059094395276323874,0.7317352108357885,0.04324144978673427,0.0013005273049767553,0.6999450147216852,0.0009102976036279084,7.737369980494806e-05,1.0,7.737369980494806e-05,0.0002617427760074712,0.7295926657466376,0.00019096560968721613,7.870497700220047e-16,1.0,7.870497700220047e-16,1.0,1.0,1.0,0.008649672170202767,0.059122271044759395,-12.755733949773235,-1.1469275472094715,7.647627813334037,-2.806835681866011,-1.0059046315985662,-71.72713869927782,46.87021227168179,7.506146613929826,-4.476718873719059,453.15,9.0,0.05
201,2.627886645912579e-05,0.25651455972876275,6.740911859933608e-06,3.0072870886857206e-08,0.7243819913496671,2.178424609862302e-08,0.9978539773414532,1.0001897409970504,0.9980433111500245,0.0012108724233000315,1.0095858073343786,0.0012224796130562983,0.0073779642909547255,0.7269700653112031,0.0053635591824590795,0.050001202109045434,0.7290471136921582,0.036453232078737824,0.059059805973538056,0.7277134376554132,0.042978614432265076,0.0013380887698146505,0.6958184577636105,0.000931066864163237,7.436232159581144e-05,1.0,7.436232159581144e-05,0.00029002314367586497,0.7256125606687088,0.00021044443593583334,8.592081484261445e-16,1.0,8.592081484261445e-16,1.0,1.0,1.0,0.008615115580713883,0.05908611491286804,-12.784968575941067,-1.1622402267479546,7.661857465375846,-2.785671068126477,-0.9588758275144372,-71.09625779969026,46.589013119697256,7.509186404150826,-4.484782830282735,458.15,9.0,0.05
202,2.502130614682041e-05,0.2507816522607475,6.27488449722162e-06,2.918009115655551e-08,0.7200333435963914,2.101063860190213e-08,0.9978540263088601,1.0001931103835693,0.9980467222826267,0.0012763608869951202,1.0095800949821467,0.0012885885455240298,0.0072804801290583315,0.7234339064589645,0.005266946180661537,0.05000117067592375,0.724983708703581,0.036250034156151946,0.059026521003104994,0.7237131728483842,0.0427182707973589,0.001374239831806972,0.6917128822144585,0.0009505793949131129,7.1458214314192e-05,1.0,7.1458214314192e-05,0.00032061693411341425,0.7216509718285953,0.00023137352208765013,9.355783312632517e-16,1.0,9.355783312632517e-16,1.0,1.0,1.0,0.00858186232220027,0.05905157148934293,-12.816302840436215,-1.177803868455299,7.677560747352857,-2.766112712533379,-0.9131666964414947,-70.48386648900271,46.31684832587814,7.513341566341816,-4.49291327197517,463.15,9.0,0.05
203,2.4117815229116753e-05,0.24243365346582008,5.846970059608365e-06,2.822326418273782e-08,0.7157100276228946,2.0199673187835565e-08,0.9978540062757536,1.0001964867439315,0.9980500713603657,0.0013430230832773371,1.0095746335890836,0.0013558820372013987,0.007182929172017596,0.7199103501554788,0.005171065055369193,0.050001140332339836,0.7209390309314319,0.036047773656663604,0.05899469813871069,0.7197343802537586,0.04246051250312251,0.0014088272477040895,0.687627238793739,0.0009687479902761463,6.865696479337288e-05,1.0,6.865696479337288e-05,0.00035359397945514836,0.7177069299935627,0.00025377684945896133,1.0160265355940015e-15,1.0,1.0160265355940015e-15,1.0,1.0,1.0,0.00855007007052405,0.05901884417720399,-12.849615014529597,-1.1936134140279686,7.694655656982475,-2.748084304387696,-0.8687362625449354,-69.8892860938871,46.053330836545705,7.5185423703826855,-4.501121584864346,468.15,9.0,0.05
204,2.301651196520672e-05,0.23701204433658085,5.455190554371015e-06,2.7210117587095914e-08,0.7114117338523162,1.9357596930961303e-08,0.9978539187608766,1.0001998608284761,0.9980533506717784,0.0014106438244712465,1.00956938701199,0.0014241428211636854,0.00708586762959193,0.7164065511808921,0.005076361990640279,0.05000111138519239,0.7169203017429453,0.03584681186175475,0.05896412683031929,0.7157760186392101,0.04220510794514338,0.0014420622137996397,0.6835683334405216,0.000985748064204569,6.595829794404981e-05,1.0,6.595829794404981e-05,0.00038907978792249664,0.7137874960409197,0.00027772028758133095,1.1005570000992644e-15,1.0,1.1005570000992644e-15,1.0,1.0,1.0,0.008519527966028383,0.058987170552402074,-12.8848856715846,-1.2096729265276036,7.713148557378845,-2.7315688109116327,-0.8255453021799115,-69.31191590964335,45.7981298521723,7.524746341208895,-4.509419104664158,473.15,9.0,0.05
205,0.001212688578078081,0.41198505333895613,0.000499609568523041,4.34921214494113e-10,0.824364046599565,3.585334123323646e-10,0.997824863817834,1.0001343937238336,0.9979589652170162,7.89181835240583e-06,1.0099166760773637,7.970078958668029e-06,0.008413723981788166,0.7915775397746284,0.006660114929846669,0.050002028447325944,0.8112128441629409,0.04056228771067156,0.06098734588890543,0.8096463694302005,0.04937818318013615,0.00014183596656865285,0.7880378546884302,0.0001117721108124211,0.0002317851890611806,1.0,0.0002317851890611806,4.380771987704785e-06,0.8083191080259232,3.5410617055664823e-06,1.000040568946517e-16,1.0,1.000040568946517e-16,1.0,1.0,1.0,0.009634304378218654,0.06220003490190472,-14.992882374217487,-0.8125963845492031,9.445470365476208,-5.927801663847574,-4.176750204243321,-116.58781628922097,67.71037975243848,9.073817217672568,-4.272436021820464,273.15,9.5,0.05
206,0.0011699252354321265,0.4099043104253738,0.00047955739687904897,5.358357112232858e-10,0.8228614835028426,4.409185682509934e-10,0.9978254734579666,1.0001343955052213,0.9979595767165947,8.455140411715391e-06,1.0099106055369833,8.538935973095705e-06,0.008420564769835511,0.7911093678119467,0.0066615876716841224,0.050002029173663164,0.810624446423061,0.040532867218930436,0.060951987402328364,0.8089865353057054,0.04930933710860663,0.0001837931051188774,0.7867112715097069,0.00014459210742278933,0.00022518742842694137,1.0,0.00022518742842694137,5.750418682260821e-06,0.8073368436816611,4.642524868784504e-06,1.0000405834732645e-16,1.0,1.0000405834732645e-16,1.0,1.0,1.0,0.009598945145679355,0.06212191317359619,-14.862586981363831,-0.8202798071523292,9.355641611495422,-5.814513480709945,-4.024793093817128,-114.43241765376544,66.75935364548975,8.99099944619426,-4.27561360749646,278.15,9.5,0.05
207,0.0011193143410087088,0.4078641127207837,0.0004565281505511658,6.547081886661155e-10,0.8213841748028519,5.377669452841862e-10,0.9978262170184287,1.000134405902463,0.9979603307516283,9.170089297226479e-06,1.0099032001016435,9.260902526486859e-06,0.008427325815260064,0.7906675414679337,0.006663212983500925,0.05000203004197548,0.8100130672683208,0.04050229772394328,0.060908853393988396,0.8082960409028013,0.04923238505428998,0.0002334402072327441,0.7854139611814847,0.00018334719786169612,0.0002186754002194823,1.0,0.0002186754002194823,7.429302210877635e-06,0.8063805883623437,5.990845087929172e-06,1.0000406008395131e-16,1.0,1.0000406008395131e-16,1.0,1.0,1.0,0.009555810245566,0.06202816838970531,-14.738576911736926,-0.82805782425784,9.26940589590569,-5.7024078815999655,-3.8786864476877803,-112.36120850086844,65.8392277136475,8.91156254375989,-4.279202479538433,283.15,9.5,0.05
208,0.0010611928217544135,0.4056102852864305,0.0004304307231757199,7.952447214342661e-10,0.819933140790598,6.520475021427409e-10,0.997827089615502,1.000134429722494,0.9979612272342558,1.0073260295685471e-05,1.0098945030213324,1.01729302001158e-05,0.00843388535784344,0.7902436479992144,0.006664824331989358,0.05000203103782689,0.8093746553031678,0.04047037663569943,0.0608581956110744,0.8075795273287633,0.049147832845672874,0.0002904563750733919,0.7841377525246553,0.0002277578091565079,0.00021231823737133924,1.0,0.00021231823737133924,9.437992066588789e-06,0.8054419368658979,7.601754610238249e-06,1.0000406207565364e-16,1.0,1.0000406207565364e-16,1.0,1.0,1.0,0.009505151439893538,0.061919389228073544,-14.619440582300099,-0.8358684355613295,9.185720764441392,-5.590697310127835,-3.7381241235925873,-110.36880941172683,64.94806738256524,8.834929795406326,-4.283089570588994,288.15,9.5,0.05
209,0.0009984839673991973,0.39995833654713475,0.00039935198666996653,9.67236522891139e-10,0.8185229542356044,7.9170529616143e-10,0.9978280430918793,1.000134561078411,0.9979623119094264,1.1268517455216408e-05,1.0098849847644598,1.1379906578579262e-05,0.008439956561467052,0.7897437761623035,0.006665403165498802,0.050002032017948304,0.8086179090125805,0.040432538576733464,0.060802754224105846,0.8068588146159621,0.04905923819864772,0.0003520773712451606,0.7827895966616608,0.00027560250343069704,0.00020613983094332458,1.0,0.00020613983094332458,1.172130588343121e-05,0.8044260810663613,9.428924156788649e-06,1.0000406403589687e-16,1.0,1.0000406403589687e-16,1.0,1.0,1.0,0.009449709046321465,0.061801239158741555,-14.50115131778078,-0.8434919262986437,9.101436449810835,-5.476531896507176,-3.602820758769634,-108.4480809398804,64.08185978990096,8.759494183594862,-4.2872178209631295,293.15,9.5,0.05
210,0.000928170508700017,0.3977776777031919,0.0003692055094632832,1.1647806858561415e-09,0.8171134512604604,9.517579661814393e-10,0.9978291266111325,1.0001345889575033,0.9979634233930494,1.267676582371242e-05,1.0098741527660626,1.2801938146035354e-05,0.008445766364098602,0.7893711716230871,0.006666844490083373,0.050002033169035044,0.8079540015321742,0.040399342783666366,0.06073965999859483,0.806092183305435,0.048961765141497096,0.00042111320920803163,0.7815713537437391,0.00032913002100009155,0.00020019963107004865,1.0,0.00020019963107004865,1.440740363380461e-05,0.8035394007391298,1.1576916482114113e-05,1.0000406633807004e-16,1.0,1.0000406633807004e-16,1.0,1.0,1.0,0.009386613638622332,0.06166783167207553,-14.389729144158812,-0.8512869584040942,9.021473479468506,-5.364925253334405,-3.4725102345328085,-106.6000375954187,63.24447400539181,8.68758829551937,-4.291465162474077,298.15,9.5,0.05
211,0.000854394064178228,0.39507583075039404,0.000337550444693419,1.4003508237052327e-09,0.8153060643088766,1.1417145187268051e-09,0.9978302672443357,1.0001349656999314,0.997964940104767,1.4424651073653588e-05,1.0098627178789665,1.4566917337695554e-05,0.008451187081197605,0.7886214008651137,0.006664786994947208,0.050002034310035144,0.8068712732578402,0.04034520508922026,0.06067305332825096,0.8048951401839167,0.04883544576402881,0.0004936232681426111,0.7799836125795493,0.0003850180599391973,0.00019429764267993316,1.0,0.00019429764267993316,1.7421940869964944e-05,0.802269703970258,1.3977095344334111e-05,1.0000406862007014e-16,1.0,1.0000406862007014e-16,1.0,1.0,1.0,0.009320005796449487,0.061527448792780014,-14.28091550624983,-0.8590178122659444,8.942442476161158,-5.252969738749119,-3.3469438327214247,-104.81804614146716,62.43189493585931,8.617595517578415,-4.296248364387148,303.15,9.5,0.05
212,0.000778975680997993,0.3921515180579095,0.00030547649583355694,1.6804135751556569e-09,0.8135125168578623,1.367037476886997e-09,0.9978314385642459,1.000135367495322,0.997966512506838,1.6593362339235684e-05,1.0098509387596297,1.675682253545583e-05,0.008455823123510495,0.7878749760061845,0.006662131440548373,0.0500020353380118,0.8057629100839664,0.040289785504077705,0.0606044407544009,0.8036788842516102,0.04870650932618973,0.0005679007772770841,0.7784034911551755,0.00044205594766222,0.00018863396889714758,1.0,0.00018863396889714758,2.0731834019130446e-05,0.8010050035046105,1.6606302781150578e-05,1.0000407067602324e-16,1.0,1.0000407067602324e-16,1.0,1.0,1.0,0.009251392166847724,0.06138341811581248,-14.174421890918891,-0.8666746110043994,8.864219579227262,-5.1405303794620565,-3.225889393855414,-103.0985007967989,61.6429250560697,8.549297643512368,-4.301098495038785,308.15,9.5,0.05
213,0.0007035216483884872,0.389504409196676,0.00027402478401262944,2.0113877285030625e-09,0.811726329478556,1.6326963780160033e-09,0.9978326138426599,1.000135787336936,0.9979681068760015,1.9262747006107612e-05,1.0098390745706365,1.945227461033602e-05,0.008459498003353274,0.7871385239014127,0.006658796771306446,0.050002036163607655,0.8046389854026318,0.040233587646750966,0.06053533183420382,0.8024419430579589,0.04857608930069682,0.0006424386491167452,0.7768374125955118,0.0004990703779312083,0.00018320603040067164,1.0,0.00018320603040067164,2.4317732736909025e-05,0.7997524278548362,1.944816579626802e-05,1.0000407232721557e-16,1.0,1.0000407232721557e-16,1.0,1.0,1.0,0.009182282398747868,0.06123885549398003,-14.070531891733681,-0.8742818810273966,8.787094570690261,-5.028061560423119,-3.109129588244902,-101.4386211086929,60.877005822634764,8.482783787898601,-4.305981666165354,313.15,9.5,0.05
214,0.0006301203927789502,0.3868747197567851,0.00024377765036939165,2.4017869692188174e-09,0.8099429997832782,1.945310542689478e-09,0.9978337589466202,1.000136241154058,0.9979697049694972,2.2545439043971296e-05,1.0098274591020175,2.276700342411295e-05,0.008461955140019017,0.7863987354779828,0.006654470821782371,0.05000203664818217,0.8034890073032369,0.040176086789587964,0.06046767090496521,0.8011855401847681,0.04844582357770933,0.0007153023702575191,0.7752719941751675,0.0005545538950277706,0.00017800383315360116,1.0,0.00017800383315360116,2.8138362735576883e-05,0.7984989076062676,2.2468451906187048e-05,1.0712791331610356e-16,1.0,1.0712791331610356e-16,1.0,1.0,1.0,0.009114620971841939,0.06109779369953113,-13.969106135842482,-0.8818385732351508,8.711011059525413,-4.915669164065806,-2.996460882897827,-99.83549598173697,60.13328046125813,8.41798087008589,-4.310875708076576,318.15,9.5,0.05
215,0.0005583611554159561,0.38656767873861736,0.00021584437574695845,2.852829977802927e-09,0.8081568889405215,2.3055341995374725e-09,0.9978348807177958,1.0001366816837656,0.9979712664694124,2.6504760378315744e-05,1.0098160192658,2.6764931616824717e-05,0.008463116286847112,0.7856949523746305,0.006649427747935299,0.05000203677458998,0.8023554541778122,0.04011940692609181,0.0604010322655879,0.799905460678576,0.04831511553986663,0.0007869217336800242,0.7737459844983494,0.0006088775315493983,0.00017302326423222056,1.0,0.00017302326423222056,3.2238012468838244e-05,0.7972842400903338,2.57028592732404e-05,1.222702889815947e-16,1.0,1.222702889815947e-16,1.0,1.0,1.0,0.009047982202641384,0.06095939627383382,-13.871645990574047,-0.8894482895017429,8.637228431215014,-4.8047206747621996,-2.887692496167598,-98.2876767463676,59.41220328596881,8.355457910076693,-4.315753570046203,323.15,9.5,0.05
216,0.0004942879695754879,0.38292727227279916,0.00018927634390680185,3.3886350229812985e-09,0.8059627945562464,2.731113752853174e-09,0.9978358780798148,1.0001375709181661,0.9979731512777413,3.140130677526952e-05,1.0098057516611383,3.170922019134301e-05,0.008462482649443576,0.784529978927991,0.00663907133464646,0.050002036154908884,0.8007342980364393,0.04003834532089362,0.060341221352316454,0.7982128128033434,0.04816513602362168,0.0008516833616448669,0.7717692717862318,0.000657303047809109,0.0001680717890850165,1.0,0.0001680717890850165,3.644663580318038e-05,0.7956054141590599,2.899714077289376e-05,1.375477336657767e-16,1.0,1.375477336657767e-16,1.0,1.0,1.0,0.008988171925794331,0.06083551271052697,-13.77555537464248,-0.896953796744739,8.563660210805853,-4.693541884880157,-2.78264524556064,-96.79085804544575,58.71123508478543,8.29427370004333,-4.3210516450452054,328.15,9.5,0.05
217,0.00043547823229399886,0.3795604511222525,0.00016529031430343125,4.005431288645836e-09,0.80376407031199,3.2194217559169815e-09,0.997836796088112,1.0001384994430056,0.9979749959285807,3.731946658297057e-05,1.00979621109221,3.768505595546604e-05,0.008459799260414475,0.7833565000368472,0.006627038739652589,0.05000203478638976,0.7990893951003786,0.039956095731244284,0.0602856449803182,0.7965043746407615,0.04801777995486331,0.0009120129051227584,0.7697883212163131,0.0007020568831620606,0.0001633169382003806,1.0,0.0001633169382003806,4.084556923448415e-05,0.7939213843946534,3.242817087302933e-05,1.533672632560916e-16,1.0,1.533672632560916e-16,1.0,1.0,1.0,0.008932596959291446,0.060721127218043486,-13.683111081639012,-0.9045096765035444,8.492222125436408,-4.583910037608371,-2.6811511530767604,-95.34435639721598,58.03133309379702,8.235221986263028,-4.32631842062869,333.15,9.5,0.05
218,0.0003826593822218914,0.37595736338135416,0.00014386361241328004,4.70961784885581e-09,0.8015597760519476,3.775040228219113e-09,0.9978376250825847,1.000139477537865,0.9979768010177201,4.4444073443723166e-05,1.0097874918033147,4.487906944825955e-05,0.008454703142637658,0.7821649159146148,0.006612972172644215,0.05000203249317496,0.797412848010718,0.039872263136707095,0.06023485226415444,0.7947822741831971,0.047873592867593566,0.0009673781509855784,0.7677934874797745,0.000742746644256953,0.00015874159433789138,1.0,0.00015874159433789138,4.5424422530319975e-05,0.7922224654869732,3.598624801029211e-05,1.6967715398981433e-16,1.0,1.6967715398981433e-16,1.0,1.0,1.0,0.008881806598303272,0.06061751635599418,-13.594470216518733,-0.912137322552435,8.423078416008172,-4.476100342521296,-2.5830521652335334,-93.94614333233069,57.371996026141495,8.178354314548836,-4.3315502447971195,338.15,9.5,0.05
219,0.0003379424097565826,0.36901804337201893,0.00012470684682079926,5.514410084437458e-09,0.799351447025647,4.4079516804878996e-09,0.9978383345441705,1.0001405445868146,0.9979785753206069,5.305671234684236e-05,1.0097798987115825,5.3575601619564044e-05,0.008446578414118187,0.7809194201073577,0.006596097117044501,0.0500020289544108,0.7956701351784885,0.039785121137354745,0.06019061956769418,0.7930534714392631,0.0477343797962399,0.001016024300838653,0.7657492266337098,0.0007780198226082545,0.00015432379828144352,1.0,0.00015432379828144352,5.0108593223436894e-05,0.790472701272147,3.960947504227738e-05,1.861867240481397e-16,1.0,1.861867240481397e-16,1.0,1.0,1.0,0.008837577536221611,0.06052856749186083,-13.509013101085033,-0.9198058622739568,8.355763174821536,-4.369775296472933,-2.4881995707575437,-92.593722468905,56.732150565659566,8.123423692135376,-4.336747773931424,343.15,9.5,0.05
220,0.00029627082635549223,0.36547702923356323,0.00010828018146497818,6.39669214732364e-09,0.797135319571336,5.099029239056292e-09,0.9978390062360862,1.0001416011412383,0.9979803013781414,6.314059395454577e-05,1.0097726080970901,6.375764223428101e-05,0.008435699761579917,0.7797049948752647,0.00657735723937194,0.05000202440126904,0.7939483582792654,0.03969902518402732,0.060148148537198645,0.7913067020092642,0.04759563305093402,0.0010627511969661407,0.763739630686233,0.0008116652066822723,0.0001500623451725098,1.0,0.0001500623451725098,5.513792136469971e-05,0.7887570885983703,4.349042632698642e-05,2.0377712556903617e-16,1.0,2.0377712556903617e-16,1.0,1.0,1.0,0.008795111181889954,0.060444425760246265,-13.429472979571822,-0.9277135851797232,8.292512497676691,-4.267177489936478,-2.3964533413027094,-91.2873111239353,56.11334163620905,8.071480187351913,-4.34190369342308,348.15,9.5,0.05
221,0.00026020210945185986,0.36121175521084065,9.398806066466963e-05,7.367766221220983e-09,0.7945047866139037,5.853725529412296e-09,0.9978395970633004,1.0001430405795306,0.9979823286175429,7.495481893891625e-05,1.0097660377151858,7.568683052760862e-05,0.008421684516050906,0.778075877537947,0.006552709570174047,0.050002018572572526,0.7917956555529188,0.039591381074639276,0.060109872813567326,0.7891440712239209,0.04743534975285061,0.001105291305286056,0.7613278736282919,0.0008414890791932726,0.00014579080768498327,1.0,0.00014579080768498327,6.048156852033343e-05,0.786625333076806,4.757633398231493e-05,2.2208322504081735e-16,1.0,2.2208322504081735e-16,1.0,1.0,1.0,0.008756841444441683,0.060370082290785394,-13.354925433360199,-0.9358133257991543,8.232567644706497,-4.1678765599164125,-2.307681343026747,-90.02457703673329,55.5144772559426,8.022243849019349,-4.347467208866178,353.15,9.5,0.05
222,0.00022742696716159964,0.35949466827782783,8.175878211719173e-05,8.408622196501972e-09,0.7918747906923685,6.658575941866195e-09,0.9978401498334782,1.0001444841885996,0.9979843219578791,8.862504246560688e-05,1.0097597613169742,8.949000172677793e-05,0.008404233310169278,0.7764598822583458,0.006525550006485708,0.050002011442129846,0.7896486317939119,0.039484019922221364,0.06007330936582081,0.7869741862049463,0.0472761437508048,0.001145982973702564,0.7589337991972723,0.0008697252120474744,0.00014165383675278224,1.0,0.00014165383675278224,6.623611411812267e-05,0.7845099092862506,5.196288787828218e-05,2.416238966455174e-16,1.0,2.416238966455174e-16,1.0,1.0,1.0,0.008720285319796486,0.06030074474160461,-13.286137149654715,-0.9441744279831878,8.176618642709466,-4.072392893539158,-2.221759228274331,-88.80425272446358,54.93544898268458,7.975915433450981,-4.352995046337596,358.15,9.5,0.05
223,0.00020016277238638186,0.3555300611323125,7.116388270294348e-05,9.52540051880668e-09,0.7892455505519876,7.517879976693766e-09,0.9978406331235224,1.0001459848846395,0.9979863027732376,0.00010449746925141512,1.0097540917528143,0.00010551674715443023,0.008382605480983052,0.7748132281848316,0.006494953613320342,0.05000200263476545,0.7874641897494175,0.039374786490633806,0.06004028072331311,0.7848023969475448,0.0471197562250596,0.0011830253168246551,0.7565141499526912,0.000894975391930117,0.00013762932800890441,1.0,0.00013762932800890441,7.233127136772768e-05,0.7823668622970387,5.658958982592471e-05,2.621086930878991e-16,1.0,2.621086930878991e-16,1.0,1.0,1.0,0.00868726572262085,0.060240453021100024,-13.222135444148911,-0.9527439446893722,8.12390461209862,-3.980075413137941,-2.1385694633447843,-87.62400472072743,54.37500837538427,7.9321151414006765,-4.358496107742683,363.15,9.5,0.05
224,0.00017668546090211698,0.3513588472556627,6.207999986940331e-05,1.0696819010092039e-08,0.7866188126320439,8.414319068658472e-09,0.9978410749850164,1.0001475124643293,0.9979882689809964,0.00012267205299946289,1.0097487388221658,0.00012386795080493346,0.008356734594543579,0.7731586950653726,0.0064610820141249685,0.05000199217453203,0.785266241344032,0.03926487645460847,0.060009096366277256,0.7826282412681624,0.04696481354923123,0.0012181156767674375,0.7540915119416405,0.0009185706924133713,0.00013371048862200602,1.0,0.00013371048862200602,7.88936954489477e-05,0.7802188781291971,6.155435055464448e-05,2.8396632573243243e-16,1.0,2.8396632573243243e-16,1.0,1.0,1.0,0.008656092108445158,0.06018579252399834,-13.16357768534657,-0.9615841423219111,8.074981023679799,-3.891512305755192,-2.0580010168381637,-86.48283648566222,53.83317528284394,7.891087263850432,-4.363971519227607,368.15,9.5,0.05
225,0.00015639752495192458,0.3472300847245729,5.430592583977024e-05,1.1904827373095875e-08,0.7839959015427929,9.333335869081613e-09,0.9978414855388971,1.000149060652201,0.9979902244415249,0.0001432885561025448,1.0097435915914026,0.0001446847012729298,0.008326432221992199,0.771499968524085,0.006423842197184907,0.050001980009461114,0.7830593746287858,0.03915451919640967,0.05997911006711773,0.7804527729856422,0.04681086277309308,0.0012519092332697174,0.7516695919516161,0.0009410221025323096,0.00012988830267451264,1.0,0.00012988830267451264,8.600545731822191e-05,0.7780695443945013,6.691822699102969e-05,3.0745178422198566e-16,1.0,3.0745178422198566e-16,1.0,1.0,1.0,0.008626118303046668,0.06013551949689702,-13.110577567835822,-0.970719641870621,8.029963105385157,-3.806864041311022,-1.9799489082068136,-85.37941426322593,53.309568896617236,7.852866200759103,-4.369424975930912,373.15,9.5,0.05
226,0.00014039978132166528,0.3389912653447125,4.759429952435227e-05,1.314577900778247e-08,0.7809476897018872,1.0266165745459296e-08,0.997841842332782,1.000151015375737,0.9979925317935278,0.00016648718262281877,1.0097388523411797,0.00016810857671108143,0.008291635829082097,0.7693954743879858,0.006379547082169043,0.05000196607932265,0.7803967533750495,0.03902137199067276,0.05995150025057844,0.7778515475101176,0.04663336724546565,0.0012833720271550714,0.74881828630363,0.0009610124420642766,0.00012601823068659167,1.0,0.00012601823068659167,9.373989815430233e-05,0.7754739700221032,7.269285097118447e-05,3.3241583686047613e-16,1.0,3.3241583686047613e-16,1.0,1.0,1.0,0.008598522793026581,0.060091913177679125,-13.062844326181487,-0.9801451676413958,7.988591728409826,-3.7261577990043504,-1.9043136503628495,-84.31235494253471,52.803700608696886,7.817423370431168,-4.3753359071197275,378.15,9.5,0.05
227,0.00012533245141785145,0.33426002599646265,4.189362846913142e-05,1.437199627848652e-08,0.7779088088338647,1.1180102505562192e-08,0.9978422000393422,1.000152958620336,0.9979948286055731,0.00019218623157298486,1.0097339657013347,0.00019405696575938516,0.008252551305135665,0.7673126909269637,0.006332287348956471,0.050001950626302985,0.7777534608583495,0.03888919014927547,0.059923031575131014,0.7752512468057492,0.046455404941000596,0.0013155949388726277,0.7459942539291939,0.0009814262648973095,0.00012224503094120226,1.0,0.00012224503094120226,0.00010228417398027672,0.772903328604803,7.90557785329487e-05,3.5977152097574146e-16,1.0,3.5977152097574146e-16,1.0,1.0,1.0,0.008570069988126502,0.06004837839854514,-13.021140545708839,-0.9899343712247333,7.951554214571604,-3.649837717595171,-1.8310013491256363,-83.28077028182354,52.3155215510585,7.784941446587455,-4.381230991485454,383.15,9.5,0.05
228,0.0001121961355724154,0.3298275290174497,3.7005374161156555e-05,1.5572322227801453e-08,0.7748803059515086,1.2066685812254261e-08,0.9978425430990031,1.000154911726376,0.9979971206100059,0.00022056603400107212,1.0097290774151466,0.0002227119380210204,0.008208846900339756,0.7652326748933593,0.0062816778713370505,0.05000193350469801,0.7751111337188398,0.03875705536696051,0.05989455307270124,0.7726554019670381,0.04627784998002408,0.0013477391027940926,0.743178813411684,0.0010016111472030418,0.00011855835833706267,1.0,0.00011855835833706267,0.000111656866046782,0.7703386455047239,8.601359895178039e-05,3.895080770674422e-16,1.0,3.895080770674422e-16,1.0,1.0,1.0,0.008541609069913244,0.060006764780595884,-12.98489875888526,-1.000061493432202,7.91841199511331,-3.577520875720618,-1.759922884066075,-82.28301734934,51.84417786018536,7.755192444122658,-4.387115299692977,388.15,9.5,0.05
229,0.00010017016500102025,0.3275921077194641,3.281495548329075e-05,1.672023849452663e-08,0.7718632539035268,1.2905737690428312e-08,0.9978428807851029,1.0001568622103905,0.9979994046250052,0.00025159089146902885,1.009724075845051,0.0002540373803795975,0.008160728467151575,0.7631642899973403,0.006227976546494814,0.05000191486667288,0.7724793569244659,0.03862544704119935,0.05986541438480058,0.7700640891390427,0.046100205799162804,0.0013804562429251415,0.7403807285889813,0.0010220631989221246,0.00011495703408961782,1.0,0.00011495703408961782,0.00012199119828744443,0.7677887464420278,9.366346921007776e-05,4.220101580611769e-16,1.0,4.220101580611769e-16,1.0,1.0,1.0,0.008512489523621623,0.059965601270040095,-12.954155506029231,-1.0105456413992029,7.889217166189782,-3.5092687174160733,-1.6909937554210388,-81.31796484928748,51.38928019809272,7.72817291938435,-4.392991385801511,393.15,9.5,0.05
230,9.035903265735999e-05,0.3230187652254108,2.918766315594299e-05,1.7808125424125126e-08,0.7688571865186268,1.3691905210763649e-08,0.99784319574085,1.0001588346758188,0.9980016878413634,0.00028543371162367923,1.0097191248035897,0.0002882078774901016,0.00810787306223509,0.7610877988633926,0.006170803262400298,0.05000189456862236,0.7698388701641028,0.038493402020772824,0.05983656982120813,0.767479470767361,0.04592333893891505,0.0014128012745446411,0.7375805633710772,0.0010420547600100128,0.00011143165691286982,1.0,0.00011143165691286982,0.00013330065861677235,0.7652338988425106,0.0001020061827115873,4.572314999674636e-16,1.0,4.572314999674636e-16,1.0,1.0,1.0,0.00848366580651613,0.059926946661990936,-12.928352799626284,-1.0213590986857635,7.863536116150051,-3.4446993707951585,-1.6241337824501223,-80.38410073803067,50.95001459264665,7.703659816949728,-4.39886545864099,398.15,9.5,0.05
231,8.275984638117428e-05,0.3145285628814896,2.603033554656361e-05,1.8826770647853e-08,0.7653951554378906,1.440991904640697e-08,0.9978434744052428,1.0001612318056081,0.9980043585103355,0.0003218784552484981,1.0097143180954595,0.0003250052849508572,0.008051045734199312,0.7585403770524362,0.006107043266885953,0.05000187299346179,0.7667225295289337,0.0383375625427315,0.05980856589241755,0.7644359657225215,0.04571981882644927,0.001444352007280056,0.7343300869148038,0.0010606311350415353,0.00010785837658777471,1.0,0.00010785837658777471,0.00014579429148471953,0.7622091264302313,0.00011112573955108266,4.951907357214714e-16,1.0,4.951907357214714e-16,1.0,1.0,1.0,0.008455684035828984,0.059891344565569396,-12.907487075331597,-1.0325162848205607,7.8413384590054065,-3.384028305099674,-1.5592666707226082,-79.48056853688794,50.52618199301428,7.681730661802568,-4.4052663585149086,403.15,9.5,0.05
232,7.532856915367251e-05,0.3093798350554358,2.3305140299725215e-05,1.973707661019242e-08,0.7619494767331421,1.5038655195378068e-08,0.9978437494601176,1.000163617760314,0.9980070144195475,0.00036082821471594017,1.0097093203955099,0.00036433161146035714,0.007990433707561612,0.7560127103327375,0.006040869443987718,0.050001850346787925,0.763627284738974,0.03818277721224219,0.05977944908945167,0.7614011299666903,0.04551614008549473,0.001476924206661886,0.7311058558899604,0.0010797879361961389,0.00010437518886308282,1.0,0.00010437518886308282,0.00015960342720952998,0.7592078029587455,0.00012117216731643338,5.367192452564888e-16,1.0,5.367192452564888e-16,1.0,1.0,1.0,0.008426590491431225,0.05985479739568196,-12.891673761826592,-1.0440412419211171,7.822790998008949,-3.3271526181915037,-1.4963202704851766,-78.60624759809153,50.1172801736446,7.662304914939325,-4.411669346619425,408.15,9.5,0.05
233,6.878799119798364e-05,0.3043159343529809,2.0933281813679026e-05,2.0534538446969052e-08,0.7585201643426938,1.557586147749631e-08,0.9978440070143886,1.0001660069798513,0.9980096560843557,0.0004023416027838881,1.0097042556288558,0.00040624602854742644,0.007925977533349103,0.7534925881963639,0.005972165325589447,0.05000182662306829,0.7605413203767288,0.038028455241156625,0.05974994136063667,0.7583768158129607,0.04531297027409075,0.0015098012195344827,0.7278957940901564,0.0010989779576113386,0.00010097679177897643,1.0,0.00010097679177897643,0.00017478053682726553,0.7562177358181145,0.00013217214182458943,5.818518012743995e-16,1.0,5.818518012743995e-16,1.0,1.0,1.0,0.008397107127330975,0.05981874988637309,-12.880463613129042,-1.0559121793839685,7.807547923829221,-3.273755321190869,-1.4352258242558191,-77.75985365809015,49.722607742772915,7.645196372045109,-4.418079177281064,413.15,9.5,0.05
234,6.255749860953993e-05,0.3015788700010501,1.8866019740757303e-05,2.120513942878998e-08,0.7551075760249898,1.6012161433345546e-08,0.9978442493590745,1.0001683900901759,0.9980122764422055,0.0004462686288519616,1.0096990757116129,0.00045059702207091455,0.007858127417355637,0.7509868240681966,0.005901350152283133,0.05000180209441185,0.7574719233242316,0.03787496120213174,0.05971976258672254,0.7553627053134251,0.045110081428182194,0.0015432615783621904,0.7247065359098408,0.0011184117524576165,9.766510604494047e-05,1.0,9.766510604494047e-05,0.00019147770451318985,0.7532457240253247,0.0001442297621707449,6.309453343562206e-16,1.0,6.309453343562206e-16,1.0,1.0,1.0,0.00836695354481714,0.059782341290471504,-12.873756901534804,-1.0681345233071886,7.795550040022231,-3.2237663059250043,-1.3759179289271204,-76.94039633387182,49.341723475937634,7.63034321743699,-4.424498613019927,418.15,9.5,0.05
235,5.747324048482956e-05,0.2966442723870681,1.704910760534926e-05,2.175147151158756e-08,0.7517108474004565,1.6350817082182376e-08,0.9978444612396239,1.0001707848741705,0.9980148779803785,0.0004926810903987266,1.0096939197253885,0.0004974571013392686,0.007786785702688975,0.7484816737924397,0.005828266396211684,0.05000177673234572,0.7544056509585775,0.03772162292485072,0.059689723028149864,0.752359966120685,0.044908157995211896,0.0015765007443386636,0.7215245098884072,0.0011374839268976638,9.443437508562296e-05,1.0,9.443437508562296e-05,0.0002097351192783702,0.7502780517878458,0.00015735965668366706,6.839646647782669e-16,1.0,6.839646647782669e-16,1.0,1.0,1.0,0.00833694003357253,0.05974721802010621,-12.87111815862454,-1.080685114557063,7.786460539920114,-3.176878890721236,-1.3183343271916355,-76.14669242999142,48.97396162541322,7.617566061004428,-4.430933883953124,423.15,9.5,0.05
236,5.3649887530357856e-05,0.28778601596263026,1.5439687389204895e-05,2.2183532615710997e-08,0.7478029248712517,1.658891057400549e-08,0.9978446200426548,1.0001736574607651,0.9980179032056097,0.0005411380441981149,1.0096889534660247,0.000546381105527046,0.007713243934177538,0.7454511258673082,0.005749846374821832,0.050001751198820305,0.7508131639738099,0.03754197302181752,0.05966078863706335,0.7488419447499169,0.04467650098829227,0.0016086692273518405,0.717842792048123,0.0011547716096441416,9.116894919388004e-05,1.0,9.116894919388004e-05,0.000229846685185562,0.7467878573798186,0.00017164671355557952,7.406544332088037e-16,1.0,7.406544332088037e-16,1.0,1.0,1.0,0.00830803186590601,0.05971446070812631,-12.872467324333746,-1.0935692592821522,7.780182134001754,-3.133246210399692,-1.262415533154316,-75.37805929603832,48.61912744600664,7.606916081010415,-4.437994925910455,428.15,9.5,0.05
237,4.968068658167656e-05,0.28228011407219067,1.4023869875460403e-05,2.2478127035953212e-08,0.7439162933276884,1.6721844945535212e-08,0.9978447517455648,1.000176520469208,0.9980208917693395,0.0005916664271959399,1.0096839184118445,0.0005973960766039328,0.00763737578703525,0.7424410656694471,0.005670301418244484,0.05000172552172518,0.7472452053206102,0.03736354965386634,0.05963145330110137,0.74533858384121,0.04444562295583613,0.0016411427972277894,0.7141886065322426,0.0011720854874725417,8.799920513045011e-05,1.0,8.799920513045011e-05,0.00025187030007680033,0.7433224701952897,0.0001872208536219162,8.018616114967319e-16,1.0,8.018616114967319e-16,1.0,1.0,1.0,0.008278722900812868,0.05968115646581008,-12.877711467930487,-1.1067908397329562,7.776715807910027,-3.0925748982974888,-1.2081052425285392,-74.63340565759577,48.276588467577305,7.598221040994511,-4.4450783617669645,433.15,9.5,0.05
238,4.577714870833066e-05,0.27900626777301046,1.2772111410401435e-05,2.264011373943153e-08,0.740050782276717,1.675483388370013e-08,0.9978448481534355,1.0001793781676889,0.998023839733935,0.0006442167142084573,1.009678876385691,0.000650452008150877,0.007559379319694042,0.7394476855044784,0.005589765541798176,0.050001699832609846,0.7436982025137873,0.03718617428814587,0.05960207719968545,0.7418505163564014,0.04421583174650075,0.0016735639150590783,0.7105580820986354,0.0011891643657538625,8.492266381472586e-05,1.0,8.492266381472586e-05,0.00027590247501956417,0.7398780731636608,0.00020413419159856023,8.676582082495087e-16,1.0,8.676582082495087e-16,1.0,1.0,1.0,0.00824937318261083,0.059647876988507514,-12.886579822424045,-1.120337908581195,7.775859873632948,-3.0546684917359417,-1.1553495788178372,-73.91177232822649,47.945817824758855,7.591357339584106,-4.452189734623361,438.15,9.5,0.05
239,4.25988192788132e-05,0.273668749144739,1.1657965587075609e-05,2.2679993053811536e-08,0.7362054115729681,1.6697133620653353e-08,0.9978448965382241,1.000182244512221,0.998026748294666,0.0006988312442591084,1.0096739417103706,0.0007055916969814569,0.007479218689992121,0.7364605384202916,0.005508149423394705,0.05000167413253184,0.7401618753293193,0.03700933289554029,0.05957332637613194,0.738378412327087,0.043987658146651676,0.0017052718719470098,0.706940862998994,0.0012055263688021294,8.193399212692573e-05,1.0,8.193399212692573e-05,0.00030198672309639566,0.7364442306550262,0.00022239637995875755,9.379290885384202e-16,1.0,9.379290885384202e-16,1.0,1.0,1.0,0.008220648753530043,0.0596159478754038,-12.898738059526721,-1.1341918550056802,7.777358077330168,-3.019293154177272,-1.104097138253799,-73.2121953723266,47.626258291492064,7.586182421206357,-4.459336926028039,443.15,9.5,0.05
240,4.0138906130620266e-05,0.26566254083165014,1.0663403788863683e-05,2.2603891177602854e-08,0.7323799804370147,1.655463737845317e-08,0.9978448920823686,1.00018511984567,0.9980296129747934,0.0007554317782377396,1.0096691436955938,0.0007627361566537387,0.007397149543986908,0.7334791789907694,0.0054256551743954605,0.05000164857988473,0.7366359709070892,0.03683301294859846,0.059545371607898794,0.7349224221631848,0.04376122873068392,0.0017360976339394043,0.7033363923839941,0.001221060646681329,7.903164093700312e-05,1.0,7.903164093700312e-05,0.0003302206417176851,0.733020479641826,0.00024205849317952892,1.0127164527175606e-15,1.0,1.0127164527175606e-15,1.0,1.0,1.0,0.008192720228355268,0.059585533117920586,-12.91400409873384,-1.1483462796896995,7.78108032782412,-2.986318685490647,-1.0542988530574302,-72.53384466683093,47.317461929905384,7.5826050074289375,-4.466526640029967,448.15,9.5,0.05
241,3.765344612684699e-05,0.25949745589008694,9.770973475411234e-06,2.2430885565422253e-08,0.727954783500947,1.6328670445511452e-08,0.9978448132370137,1.0001885512242794,0.9980329580981905,0.0008132091993583541,1.0096646003439833,0.0008210685412662031,0.007315411309286558,0.7298937278902776,0.005339472831585862,0.05000162436499964,0.7325086953809865,0.03662662463053603,0.059518900465164136,0.730860128040203,0.04349999121478195,0.0017654637998403917,0.6991600861264498,0.001234341822349537,7.610690200080766e-05,1.0,7.610690200080766e-05,0.00036111652966941486,0.7289977123652615,0.00026325312402628563,1.0914641799127354e-15,1.0,1.0914641799127354e-15,1.0,1.0,1.0,0.00816627395477176,0.05955657634217656,-12.932447967932328,-1.1628167289847264,7.787049176052378,-2.9560122914954428,-1.005907626612846,-71.87631530890725,47.01938289128265,7.580731923730262,-4.47449483825297,453.15,9.5,0.05
242,3.5097087942031864e-05,0.2556577161287612,8.972841346030156e-06,2.215356896649505e-08,0.7235562287299718,1.602935281430649e-08,0.997844678314081,1.0001919786315259,0.998036243169899,0.0008726251367643301,1.0096601703242913,0.0008810548442147319,0.007232764896301853,0.7263292259420476,0.005253368528551739,0.050001600894835053,0.7284082343777388,0.03642157782386718,0.059493089527091675,0.7268193005763821,0.04324072571920885,0.0017940740473867708,0.6950121690220663,0.001246903295060477,7.32787906553649e-05,1.0,7.32787906553649e-05,0.00039447766625288935,0.7250008241911711,0.0002859966331583546,1.1747959004650036e-15,1.0,1.1747959004650036e-15,1.0,1.0,1.0,0.008140487121008216,0.059528208768602674,-12.953753255280558,-1.1775838971544867,7.795084011947131,-2.927909748588248,-0.9588789031280922,-71.23849648015204,46.731245648931726,7.580302668768057,-4.482519550962784,458.15,9.5,0.05
243,3.305794308127555e-05,0.24972013631302792,8.255234052484445e-06,2.1785877227294543e-08,0.7191832539703198,1.5668038074923572e-08,0.9978444770234304,1.000195414546256,0.998039470349142,0.0009337237276146932,1.0096559500735187,0.0009427397173110003,0.007149139944532184,0.722776627309146,0.005167231257270066,0.05000157814028479,0.7243255900112857,0.03621742258795718,0.05946850065195228,0.7228003284221782,0.04298385180200562,0.00182137258972795,0.6908836550063006,0.0012583565519195374,7.054119976211545e-05,1.0,7.054119976211545e-05,0.00043031587712205626,0.7210207574372703,0.0003102666796598285,1.2623892847355978e-15,1.0,1.2623892847355978e-15,1.0,1.0,1.0,0.008115921615228153,0.059501580380910794,-12.977656512679452,-1.1926320901135727,7.8049853817431964,-2.901835173645742,-0.9131698520914945,-70.61958895011506,46.45256447569051,7.581199641247998,-4.490612485820694,463.15,9.5,0.05
244,3.149844216453617e-05,0.2415622707082358,7.608835213037398e-06,2.133733206734815e-08,0.7148355534566184,1.5252683577650473e-08,0.9978442061653318,1.0001988586973292,0.9980426361643071,0.0009964249439512291,1.0096519587609225,0.0010060423964186012,0.00706476562121965,0.7192360832800901,0.005081234354697854,0.050001556233351466,0.7202609825494559,0.036014170021635594,0.05944524554521908,0.7188031323248977,0.04272942869972614,0.00184725046994973,0.686774545359365,0.0012686446016645988,6.789154275180204e-05,1.0,6.789154275180204e-05,0.00046869767370124964,0.7170576143531441,0.00033608323575708653,1.3540719830285778e-15,1.0,1.3540719830285778e-15,1.0,1.0,1.0,0.008092689007335415,0.059476765324715686,-13.00401288520697,-1.2079555845388736,7.8166537392396345,-2.8776899274011405,-0.868739497930354,-70.01889171690054,46.18292998878831,7.583341946503989,-4.4987847673822925,468.15,9.5,0.05
245,2.976050564324158e-05,0.23612896241030215,7.027317318344575e-06,2.0814003141536993e-08,0.710512941811441,1.4788618602966027e-08,0.9978438688842071,1.0002023000055276,0.998045732704398,0.001060519789984125,1.009648142742803,0.001070751836299459,0.0069801961801315045,0.7157160528535833,0.00499583845818738,0.050001535485555755,0.7162229480196425,0.03581224715097352,0.05942301170525865,0.714826544833961,0.04247714614089806,0.0018720199554394194,0.6826929400990815,0.0012780148073030892,6.533043615924292e-05,1.0,6.533043615924292e-05,0.0005097598868486117,0.7131197573414134,0.00036351984681186827,1.4498510089441975e-15,1.0,1.4498510089441975e-15,1.0,1.0,1.0,0.00807047647575887,0.059452793024905026,-13.032774027424182,-1.2235571428697283,7.830072391326164,-2.8554335270318134,-0.8255486170866964,-69.43578062576353,45.921987938478914,7.586675384362201,-4.507047752864395,473.15,9.5,0.05
246,0.0029977421318339837,0.4020474333560715,0.0012052345299672115,1.3829199184352698e-10,0.8196937695628845,1.1335708409458016e-10,0.9977917123023479,1.0001451469139273,0.9979365386901307,1.9025212922604232e-06,1.0102334366195718,1.9219906233221575e-06,0.006466238411100416,0.7855789903611692,0.005079741042426878,0.05000204246405125,0.8054731368489781,0.040275301992375175,0.06283205846099148,0.8076639163220567,0.0507471864071808,0.0003543416777005213,0.7820398715990752,0.00027710932013111665,0.00018168638876753232,1.0,0.00018168638876753232,1.3951782763337952e-05,0.8027401738578537,1.1199656521068908e-05,1.0000408492810286e-16,1.0,1.0000408492810286e-16,1.0,1.0,1.0,0.00946588306422666,0.06582980073111748,-15.647386302978324,-0.8480697186893347,9.945551334054887,-6.545513023311656,-4.176759963989615,-117.20552764868505,68.32807159240997,9.382663137658316,-4.263642795434135,273.15,10.0,0.05
247,0.002889708252495247,0.3999422453064693,0.0011557164067835827,1.706637681826144e-10,0.8183283030928745,1.3965899181631467e-10,0.9977934041173996,1.000144845582151,0.9979379300838855,2.0437625419047597e-06,1.0102164935756812,2.064642628784349e-06,0.006475471040458355,0.7852855045368539,0.005085093543120126,0.05000204623312644,0.8050458047389476,0.040253937548341334,0.06273340247491858,0.8070540561872401,0.050629246925809696,0.00045819170091456927,0.7808729104381358,0.0003577894870317595,0.00017649712821294055,1.0,0.00017649712821294055,1.8277166092477992e-05,0.8019096615685223,1.4656636075650706e-05,1.000040924662527e-16,1.0,1.000040924662527e-16,1.0,1.0,1.0,0.009367223055495507,0.0656231108980776,-15.516011474046392,-0.8563429042106231,9.85493109741022,-6.431072347921581,-4.024802514153701,-115.0489765209771,67.37589367202825,9.299269459463504,-4.267140261532689,278.15,10.0,0.05
248,0.002761928313698818,0.3981400923688763,0.0010996343939322622,2.0881240755249893e-10,0.81701618996554,1.7060311763607417e-10,0.9977954173757874,1.0001444645885196,0.9979395634801852,2.2224041660505566e-06,1.0101963067204236,2.245064480584356e-06,0.006485521210542762,0.7850773016079764,0.005091635491494208,0.05000205084027423,0.8046520058356059,0.0402342505045206,0.06261585626494698,0.806420870715773,0.05049473332979223,0.0005808574809694992,0.7797953618962271,0.0004529499695827414,0.0001713833968138892,1.0,0.0001713833968138892,2.3570314575259253e-05,0.8011628724354829,1.8883660929322646e-05,1.0000410168054836e-16,1.0,1.0000410168054836e-16,1.0,1.0,1.0,0.009249671928407631,0.06537778478745822,-15.391035659845569,-0.8647149299344807,9.768013036710276,-6.317832377207006,-3.8786954853268103,-112.97663299647547,66.45463413397648,9.21926575392438,-4.271091018346138,283.15,10.0,0.05
249,0.0026151666255142827,0.3964133557078084,0.0010366869777551824,2.5391436182902697e-10,0.815760024136896,2.0713318593435123e-10,0.997797737249053,1.0001440237816699,0.9979414438525132,2.447621132140283e-06,1.0101730074525122,2.4725208001584715e-06,0.006496379404876151,0.7849322196220921,0.005099217505776684,0.0500020563338721,0.8042739727293077,0.04021535249227795,0.06248018385126857,0.8057703796765591,0.050344681464097894,0.0007215210071829006,0.7787855804501431,0.0005619101563859073,0.00016639924637018626,1.0,0.00016639924637018626,2.9894108223216537e-05,0.8004776023355001,2.3929564074478327e-05,1.1761672651481888e-16,1.0,1.1761672651481888e-16,1.0,1.0,1.0,0.009113993651522575,0.06509535073069722,-15.271042355695936,-0.8731238525433435,9.683750314850855,-6.205003420992883,-3.738132733043989,-110.98311552259189,65.56235627452749,9.142074241387448,-4.275385712213686,288.15,10.0,0.05
250,0.0024517554888865397,0.39452486934702335,0.0009672785139238092,3.0749708092985057e-10,0.814557792791259,2.5047414353197385e-10,0.9978003222325516,1.0001435490892658,0.9979435555600772,2.731219952238547e-06,1.0101469912344392,2.758933617153237e-06,0.006508003144138701,0.7848265944158376,0.005107653944061942,0.05000206271466682,0.8038924588841663,0.04019628114497379,0.06232868686281744,0.8051062432582136,0.05018121492734052,0.0008778491512298059,0.7778203974088979,0.0006828089756746311,0.00016157617721906706,1.0,0.00016157617721906706,3.726118250613676e-05,0.7998305652209589,2.980263266468469e-05,1.4633899658540118e-16,1.0,1.4633899658540118e-16,1.0,1.0,1.0,0.00896248985297748,0.06478044265920105,-15.154797247972455,-0.8815127049728587,9.601237099740716,-6.091929342322564,-3.602828921257814,-109.0634783856958,64.69724091073999,9.067184744014376,-4.279942583784894,293.15,10.0,0.05
251,0.0022743094159329135,0.39292516175883735,0.0008936333951450869,3.7105266267383205e-10,0.8133975690089542,3.018133337931948e-10,0.9978031259304292,1.000143013482406,0.9979458252302242,3.0847927512913236e-06,1.0101187017062219,3.1160068489671543e-06,0.006520348613768244,0.7847884947104533,0.005117094573586573,0.05000206997642146,0.8035409341941229,0.040178710020493606,0.06216394758261725,0.8044226949220389,0.05000609024140134,0.00104723432574134,0.7769278314559304,0.0008136254937244328,0.00015693948580172175,1.0,0.00015693948580172175,4.567620587303108e-05,0.7992512388408756,3.650676412957095e-05,1.7895378988830946e-16,1.0,1.7895378988830946e-16,1.0,1.0,1.0,0.008797742822452449,0.06443825736960282,-15.041932743391502,-0.8898708964816483,9.520261577466691,-5.978602574396269,-3.4725178929822196,-107.21371491648057,63.85813600955485,8.994419297600892,-4.284677639460125,298.15,10.0,0.05
252,0.0020891248858600758,0.3905624149992083,0.0008159336606564565,4.473476393907359e-10,0.8118497830603426,3.631790839919254e-10,0.9978060367199033,1.0001428297580974,0.9979485531147562,3.527425291831782e-06,1.01008922465286,3.563014278047255e-06,0.006533422421112881,0.7843772806793567,0.00512466811220206,0.05000207801326647,0.802773733231592,0.04014035483604722,0.061992288069992775,0.803306637070445,0.04979881645380816,0.0012234975756176716,0.775671828184947,0.0009490326012592093,0.00015234593372357374,1.0,0.00015234593372357374,5.504073562323285e-05,0.7982928906921889,4.393862794649508e-05,2.1479582289305985e-16,1.0,2.1479582289305985e-16,1.0,1.0,1.0,0.008626074732264788,0.06408141340320049,-14.931236158844648,-0.8981355441801822,9.43987917107732,-5.864519831887647,-3.3469509640719175,-105.42959623460571,63.043430766296865,8.923363432797187,-4.289975219650365,303.15,10.0,0.05
253,0.0018953989614742333,0.3904063745284979,0.0007399758368342354,5.366721906199779e-10,0.8103168953406574,4.3487454331885e-10,0.9978090687411606,1.0001424868630977,0.9979512434253359,4.0668550130072575e-06,1.0100584073302548,4.1077610972811706e-06,0.0065471295275461895,0.784125476241784,0.0051337710588038,0.05000208690993305,0.8021393259921891,0.04010864029213655,0.06181281817699487,0.8021566156930372,0.04958356103530727,0.0014073477818386069,0.7745799516555462,0.0010901033768190883,0.00014797689533466816,1.0,0.00014797689533466816,6.545657140075449e-05,0.7974977968285821,5.220147148005447e-05,2.5436678867376484e-16,1.0,2.5436678867376484e-16,1.0,1.0,1.0,0.00844659534403343,0.06370821767514129,-14.824481629562364,-0.9064215774383108,9.361636014316115,-5.751116872045884,-3.225896038696186,-103.70908728938272,62.25349825897198,8.854584244963512,-4.2953048027418985,308.15,10.0,0.05
254,0.0017068015969001532,0.38811794734421085,0.0006624403323127086,6.448205384444684e-10,0.8088052879030193,5.215342612423585e-10,0.9978119946088094,1.0001423415192745,0.9979540246840722,4.750667535869608e-06,1.0100285110896203,4.798309657936171e-06,0.006560922173447865,0.7837277257605149,0.00514197661388803,0.05000209618096219,0.8013316500564992,0.0400682622389742,0.06163870716562844,0.8010033734394286,0.04937281237411347,0.0015856538832521563,0.7733491953945125,0.0012262641547872394,0.0001437935545551064,1.0,0.0001437935545551064,7.643237898646534e-05,0.7965585947607455,6.088286839967955e-05,2.956570795508452e-16,1.0,2.956570795508452e-16,1.0,1.0,1.0,0.008272474437883887,0.06334550940734913,-14.718121943077897,-0.9145203206670859,9.282717156116167,-5.635943680714413,-3.109135716558376,-102.04650322898418,61.48487568629911,8.786718719730773,-4.3007046012763785,313.15,10.0,0.05
255,0.0015237937755373252,0.38583623176771886,0.0005879348483444266,7.73267516768746e-10,0.8072910819501513,6.242519702491486e-10,0.9978148054423678,1.000142246859432,0.9979567414647368,5.59844717173909e-06,1.0099996149437773,5.654429487739563e-06,0.006574780433435034,0.7833188329414811,0.005150149335964816,0.05000210583963267,0.8004915147865423,0.04002626144608456,0.061470415692393546,0.7998266385185998,0.049165675951588106,0.001757940157776154,0.7721126357565854,0.001357327808722894,0.00013981099379524462,1.0,0.00013981099379524462,8.800248374257744e-05,0.7956125001267033,7.001587610779158e-05,3.387908667969673e-16,1.0,3.387908667969673e-16,1.0,1.0,1.0,0.008104172656144097,0.06299421024119842,-14.613961603895955,-0.9225468633978315,9.204640078264587,-5.5205862442508735,-2.9964665243668227,-100.44041306192204,60.73818625850522,8.720433768709427,-4.306092642710974,318.15,10.0,0.05
256,0.0013506749913692402,0.383304638447155,0.0005177199892264007,9.253439006938147e-10,0.8057637689953057,7.45608589039865e-10,0.9978174300685965,1.0001422360336496,0.997959355662156,6.648055987870031e-06,1.00997242604619,6.714353234559991e-06,0.006588486277430418,0.7828745154935873,0.005157958002279486,0.05000211571578831,0.7995975414282627,0.039981568792555836,0.061312062901659484,0.7986257405678475,0.04896539164058026,0.0019200959977561693,0.7708456265325422,0.0014800976023929804,0.00013602046069972732,1.0,0.00013602046069972732,0.00010001585328998789,0.7946357085299062,7.947616844331261e-05,3.8316217679032476e-16,1.0,3.8316217679032476e-16,1.0,1.0,1.0,0.007945809324787528,0.06266273881837262,-14.512044553663946,-0.9305105691278764,9.12748909776897,-5.405282627675112,-2.8876976795119558,-98.8882386992805,60.01275487219301,8.65573370318879,-4.311442033432305,323.15,10.0,0.05
257,0.0011907337511727113,0.38022325694799874,0.0004527446650287962,1.1046304208172509e-09,0.8038032423435666,8.879055138442453e-10,0.9978198089395234,1.00014265167542,0.9979621496070358,7.937842418935659e-06,1.0099475198327919,8.016804263827599e-06,0.00660206529578834,0.7820085233154408,0.005162871332791556,0.05000212574552675,0.7982584165455174,0.03991461772153404,0.061167001170790214,0.7969924228983484,0.0487496364645342,0.0020689038353586854,0.7691675162876235,0.001591333624480779,0.00013228706475384262,1.0,0.00013228706475384262,0.00011243989640144007,0.7932370461571503,8.919149129169426e-05,4.282134240630503e-16,1.0,4.282134240630503e-16,1.0,1.0,1.0,0.007800736889379986,0.062357736026593336,-14.412822087453565,-0.9384474993251168,9.051633247058488,-5.29072616658819,-2.782650033255791,-97.38804232715378,59.308409791103166,8.592861053202196,-4.317157201456646,328.15,10.0,0.05
258,0.001044959536949653,0.37688803857243974,0.0003938327502685198,1.313901274445101e-09,0.8018188926454081,1.053510864920961e-09,0.9978219318038329,1.0001431668507397,0.9979647868274082,9.520750610750366e-06,1.0099250150538528,9.615244203886034e-06,0.0066151678701553565,0.7810956279811473,0.005167078701739705,0.05000213577204262,0.7968592157859885,0.0398446626989344,0.0610359231402249,0.7953365591501169,0.04854410109489748,0.0022035482541863573,0.7674472700554472,0.001691107092110767,0.00012873338319488456,1.0,0.00012873338319488456,0.00012515348384253735,0.791797128193586,9.909616908994352e-05,4.738069939877528e-16,1.0,4.738069939877528e-16,1.0,1.0,1.0,0.00766964815771576,0.06208088399107583,-14.316549927306456,-0.9463825782114218,8.977360981127653,-5.17711888331334,-2.6811555958523825,-95.93756524292095,58.62453305395074,8.53182196633989,-4.322796924470577,333.15,10.0,0.05
259,0.0009192737782641298,0.37028254017749646,0.00034039102973420663,1.5594233069221733e-09,0.79981284549892,1.2472467924467597e-09,0.9978237051380269,1.000143891566191,0.9979672835537419,1.1477726244914311e-05,1.0099058622485624,1.1591423020023132e-05,0.0066273294925153405,0.7800385924196064,0.005169572768842608,0.05000214543126848,0.7953036916112635,0.039766890849971086,0.060924366288631175,0.7936731936627293,0.04835403636417582,0.002318511966601385,0.7655881675132452,0.0017750253278678847,0.00012533876360668086,1.0,0.00012533876360668086,0.00013783340114103688,0.7902184069703995,0.00010891849067698211,5.18710605251251e-16,1.0,5.18710605251251e-16,1.0,1.0,1.0,0.007558080997024385,0.06184364162631862,-14.22241410522417,-0.9542699726840277,8.90404760426548,-5.064007430534381,-2.583056307014978,-94.53405042034379,57.95989483059169,8.472303716773933,-4.32836278363782,338.15,10.0,0.05
260,0.0008018423655251443,0.36692770542873593,0.000294218179297691,1.836424564308415e-09,0.7977709340208422,1.4650461399271428e-09,0.99782531949707,1.0001445748391564,0.9979695799321425,1.38262964057414e-05,1.0098881311689787,1.3963012638182542e-05,0.0066391240965016085,0.7790582616945552,0.0051722644777949765,0.05000215526379297,0.7938161867890353,0.03969252022273742,0.06082108854409509,0.7919698505419283,0.048168468404064364,0.002425028993168676,0.7638084969872435,0.0018522577504226547,0.00012211194243166146,1.0,0.00012211194243166146,0.00015109729600613195,0.7887220861085371,0.00011917377451131552,5.652777245279879e-16,1.0,5.652777245279879e-16,1.0,1.0,1.0,0.007454792758432495,0.061622932746044815,-14.133393647838254,-0.9623188780580115,8.83414869749403,-4.953763221956603,-2.488203485335749,-93.17771039438867,57.316130661986826,8.415413740299005,-4.333828230751785,343.15,10.0,0.05
261,0.0006982047798958001,0.3635634757006789,0.00025384175652974443,2.1502991653558124e-09,0.7957013407660831,1.7109959289218092e-09,0.9978266876455625,1.0001453466024113,0.9979717183644071,1.6665040949359853e-05,1.0098727082510606,1.6829570036644858e-05,0.006650077774459746,0.7780370335455099,0.0051740067844875896,0.050002164910565534,0.7922792150705095,0.039615675967169035,0.06073125367677405,0.7902464546370647,0.047992657903734894,0.002517958424710142,0.7619915564154187,0.0019186630590341972,0.00011902960366219997,1.0,0.00011902960366219997,0.0001646451575461809,0.7871898650235283,0.00012960699934555565,6.123474558346645e-16,1.0,6.123474558346645e-16,1.0,1.0,1.0,0.007364947595304906,0.061429460606969015,-14.048324445061363,-0.9704641020925122,8.766751023801328,-4.845636717644324,-2.396457076418052,-91.86577035164312,56.69179339368621,8.360706066090493,-4.339208770512299,348.15,10.0,0.05
262,0.000608103366970543,0.35968726182295296,0.000218727034970953,2.5031312952317544e-09,0.7931921483497376,1.985464089666334e-09,0.9978278075623995,1.0001465506402543,0.9979740398664614,2.006559645984518e-05,1.0098595855577073,2.0263434924907455e-05,0.006660330848628218,0.7765770916185423,0.0051722603596449585,0.05000217444945575,0.7902891496615115,0.03951617592688694,0.060654816074193575,0.788095410484712,0.0478017821718663,0.0025974714781123393,0.759747807425685,0.001973423260346603,0.0001159662415710021,1.0,0.0001159662415710021,0.00017863506718748234,0.7852193045863097,0.0001402677032316837,6.598184399913875e-16,1.0,6.598184399913875e-16,1.0,1.0,1.0,0.0072884998120586065,0.06126292194429542,-13.967570761823316,-0.9787429299534571,8.702137963448141,-4.74018381298675,-2.3076849500783982,-90.59688428980364,56.08677729490964,8.308393868502867,-4.344950968794044,353.15,10.0,0.05
263,0.0005268724255492233,0.35804231737788683,0.000188642624206152,2.8916789280865634e-09,0.790664385560726,2.2863475429144632e-09,0.9978287614203256,1.0001477717348985,0.9979762123075323,2.410733779246131e-05,1.009847952693503,2.4344745714607756e-05,0.0066697495714797,0.7751288487962201,0.005169915307100145,0.05000218393390987,0.7883050578416338,0.03941697449822883,0.06058705571952366,0.7859278539764878,0.04761705468039911,0.002668174522869671,0.7575193442269916,0.0020211938148474,0.00011303557122673057,1.0,0.00011303557122673057,0.0001932057318448926,0.7832652390039865,0.00015133133373042997,7.087546953479472e-16,1.0,7.087546953479472e-16,1.0,1.0,1.0,0.0072207293348213845,0.06111393103675182,-13.891716813522873,-0.9872097230648609,8.64085775272566,-4.637762167793649,-2.2217627573785745,-89.36962199871807,55.50081119873059,8.258596541473983,-4.350612637928701,358.15,10.0,0.05
264,0.0004593135462633273,0.35393510246398624,0.00016256718705980766,3.321225331358561e-09,0.7881179482217876,2.6175172937325313e-09,0.9978294764630875,1.000149130932598,0.9979782837034863,2.893573588162032e-05,1.0098385593334076,2.922042183594747e-05,0.0066777544860255065,0.7735938923871657,0.005165870085250329,0.05000219295314025,0.786228627616042,0.03931315554333997,0.060532339778916075,0.7837540682681478,0.0474424675635153,0.0027257219714087234,0.7552087766279026,0.002058489155455376,0.00011021549345573599,1.0,0.00011021549345573599,0.00020804659704025874,0.781228842898926,0.00016253200227482056,7.579629862285861e-16,1.0,7.579629862285861e-16,1.0,1.0,1.0,0.007166003768170454,0.06099165664640473,-13.819748255878947,-0.9958059742722366,8.582110440289883,-4.537710325578837,-2.138572953023677,-88.1816396331683,54.93263630846738,8.210929107942233,-4.356212180533355,363.15,10.0,0.05
265,0.0004006361226795183,0.3500889266593571,0.000140258270169839,3.78673735919475e-09,0.7855569349799608,2.9746977934631417e-09,0.9978300293052427,1.0001505441562422,0.9979802467850775,3.4636853089199554e-05,1.009830620515635,3.497735484777526e-05,0.006684477835266813,0.7720375272929387,0.005160667739183843,0.05000220170034515,0.7841263816697341,0.03920804549481188,0.06048609615749716,0.7815707722202343,0.0472741648824024,0.0027746899639967196,0.7528806834840521,0.002089010476550191,0.00010750220770650765,1.0,0.00010750220770650765,0.00022345819926679257,0.7791751506862921,0.00017411307608579065,8.085199479831628e-16,1.0,8.085199479831628e-16,1.0,1.0,1.0,0.007119750811035531,0.06088673606691403,-13.752445062406286,-1.0046002239105551,8.526557148691046,-4.440684295117475,-2.0580045078706046,-87.03200847502453,54.38234029014133,8.165669767499132,-4.361749298020574,368.15,10.0,0.05
266,0.00035328582102785297,0.3426275222656827,0.00012104544551037068,4.29040435153133e-09,0.7829840525381938,3.359318186189508e-09,0.9978303850550828,1.0001520713519765,0.9979821264707812,4.137232769483342e-05,1.0098245006011881,4.1778790153143896e-05,0.006689435270618741,0.7704081799289196,0.0051535956515897045,0.05000220987040768,0.7819471131709654,0.039099083660334044,0.06045044748554661,0.7793865266455803,0.04711426429993122,0.002812971533772837,0.7504840831546653,0.0021110903624636805,0.00010487966388252556,1.0,0.00010487966388252556,0.00023926345909598687,0.7770523502483726,0.00018592023321909192,8.597358080468484e-16,1.0,8.597358080468484e-16,1.0,1.0,1.0,0.0070840934193414275,0.0608037375969788,-13.68922824754349,-1.0135634889603218,8.473748858926488,-4.346330793754307,-1.9799524322075404,-85.9188810156692,53.84902860105907,8.12259605298002,-4.367234523849045,373.15,10.0,0.05
267,0.0003100532309184453,0.33786957808134904,0.00010475755431317427,4.8210485633597556e-09,0.7799685365558606,3.760266192628446e-09,0.9978306437758412,1.0001539558508525,0.9979842656416104,4.915876136444661e-05,1.0098191093853222,4.9641456619531047e-05,0.006693468499811938,0.7683858395356244,0.0051431664126332525,0.05000221814290131,0.7793661104764653,0.038970034269228744,0.0604190433873662,0.7767601399890932,0.046931104599577673,0.0028470217146203953,0.7477090592558718,0.0021287439279198553,0.00010224406502888642,1.0,0.00010224406502888642,0.0002562333892442362,0.774536814985744,0.00019846219319823315,9.133385550373224e-16,1.0,9.133385550373224e-16,1.0,1.0,1.0,0.00705268049209483,0.060729101439333216,-13.631468547778242,-1.022810782348666,8.424781409886798,-4.255903153682462,-1.9043172475431052,-84.84210029721284,53.333438769014485,8.08229245058997,-4.373143653969527,378.15,10.0,0.05
268,0.00027271223777317885,0.33316142512234065,9.085719778481483e-05,5.3766280112447045e-09,0.7769499216353524,4.177370711999016e-09,0.9978307898023017,1.0001558794204632,0.9979863310875365,5.81858111296165e-05,1.0098146493972153,5.875688446574633e-05,0.006695794267794178,0.7663499020451454,0.005131321281238516,0.050002226071388094,0.7767695932461312,0.03884020880687322,0.060393063673882946,0.7741329836284742,0.04675226257232743,0.0028755621906627095,0.7449251827834551,0.0021420786904846117,9.969335032005009e-05,1.0,9.969335032005009e-05,0.0002740620451196309,0.7720115464987837,0.00021157906328942566,9.690188728941839e-16,1.0,9.690188728941839e-16,1.0,1.0,1.0,0.0070266923166969735,0.06066578128828415,-13.578399083919303,-1.0323000440854557,8.379096982472102,-4.168708194424907,-1.831005046981377,-83.79964075865327,52.834384632176764,8.04437298714658,-4.3790119514063335,383.15,10.0,0.05
269,0.00023885319456222532,0.33088139525598803,7.903207827809903e-05,5.948325016297879e-09,0.7739314978294186,4.603596089439614e-09,0.9978308597531989,1.0001578052956355,0.9979883227470163,6.855898303658447e-05,1.009810729913604,6.923159670230779e-05,0.006696440628335458,0.7643274411122901,0.005118273330016018,0.05000223377191298,0.7741853271578512,0.0387109957113318,0.06037023238173571,0.7715045601012342,0.04657590957688029,0.00290087378362239,0.7421592284615889,0.002152910249117644,9.722280845946077e-05,1.0,9.722280845946077e-05,0.00029298375706544367,0.7695033909070764,0.00022545199454255404,1.0275231193760895e-15,1.0,1.0275231193760895e-15,1.0,1.0,1.0,0.007003852805934268,0.060609091524622946,-13.530247424152503,-1.0420627605006285,8.336902787523277,-4.084960026129643,-1.7599267126143863,-82.79045649974904,52.35160935349777,8.00890819077886,-4.384843559760223,388.15,10.0,0.05
270,0.00021112259195630394,0.32624773936030055,6.887826835363135e-05,6.535365235336266e-09,0.7709124521039196,5.038194438967783e-09,0.9978308156993245,1.0001597960085349,0.9979902650808663,8.047435241700288e-05,1.0098077439880557,8.126362426311346e-05,0.006694855013109608,0.7622690473451177,0.005103280752956746,0.05000224091049473,0.7715641286927546,0.03857993544079107,0.06035283915214917,0.7688798729309346,0.046404083298325585,0.002920680740246558,0.7393624665626288,0.002159441716150659,9.481812821752048e-05,1.0,9.481812821752048e-05,0.00031282383975091073,0.7669628502072556,0.00023992426374813632,1.08812846249665e-15,1.0,1.08812846249665e-15,1.0,1.0,1.0,0.006986451957482914,0.060563968279470706,-13.486411786455257,-1.0520666239164758,8.297725075793585,-4.004270156515524,-1.6909977326496262,-81.81296628838692,51.884273682735,7.975669661705487,-4.390650074563682,393.15,10.0,0.05
271,0.00018711767543129135,0.3216679097098555,6.018975152575069e-05,7.127263957897809e-09,0.7678957203642187,5.472995491175865e-09,0.9978306936390406,1.0001618118844247,0.9979921545039152,9.404116233706271e-05,1.0098053040067585,9.49632645229265e-05,0.006691072912185574,0.7602043858287489,0.005086582973743414,0.05000224761467706,0.7689363005019978,0.038448543297614615,0.060338626099859224,0.766257894293809,0.04623494857985958,0.0029372442237745,0.7365642424944594,0.002163469066705691,9.247619325650696e-05,1.0,9.247619325650696e-05,0.00033383312562348754,0.7644194186614424,0.0002551885238190386,1.151616051230473e-15,1.0,1.151616051230473e-15,1.0,1.0,1.0,0.006972231749953928,0.060525750902554486,-13.447127071555201,-1.062343037708065,8.261774909642666,-3.9268495826896315,-1.6241379310359132,-80.86625094992513,51.43215650736955,7.944730774311175,-4.396434941510873,398.15,10.0,0.05
272,0.00016826994465325687,0.31319003604336476,5.2700470030968506e-05,7.722436327600507e-09,0.764412462320079,5.9031265682911204e-09,0.9978304581169934,1.0001642901286494,0.9979943918113277,0.0001093537379418884,1.009803703938688,0.00011042580961325963,0.006685280810929896,0.7576464973153163,0.005065079589970333,0.05000225403729231,0.7658103055707195,0.03829224144352356,0.06032930569815851,0.7631742901212653,0.04604177504970092,0.0029489630803547474,0.7332926251337818,0.0021624528786159353,9.008587782120356e-05,1.0,9.008587782120356e-05,0.0003562756027113846,0.7613838998465031,0.0002712625078125574,1.2172931486362488e-15,1.0,1.2172931486362488e-15,1.0,1.0,1.0,0.006962904493525042,0.0604975833652481,-13.412269310475635,-1.0728956301596262,8.228917905018491,-3.852848136633266,-1.5592710078820187,-79.94938836842155,50.99499315022905,7.916136240409954,-4.402732509505225,403.15,10.0,0.05
273,0.00015032180159574708,0.3080165399313311,4.6301601203766074e-05,8.302910313599793e-09,0.7609387623112545,6.318006297611976e-09,0.9978301835413662,1.0001667546919686,0.9979965764062595,0.00012651775506865854,1.0098022037986867,0.0001277579078879939,0.006677320004475747,0.7551141375413318,0.005042138736267183,0.05000226022932151,0.7627111402105623,0.03813728091261106,0.060320567374401904,0.760095783013464,0.04584940889026243,0.0029600382982122,0.7300519163514143,0.0021609816320833954,8.77568309405582e-05,1.0,8.77568309405582e-05,0.0003803135421112935,0.7583775892862769,0.00028842126723928774,1.286885444801987e-15,1.0,1.286885444801987e-15,1.0,1.0,1.0,0.006954159561140152,0.060470897478907965,-13.38207770402752,-1.0837569491533738,8.19941994553806,-3.7822616818778525,-1.49632481273309,-79.06135666177788,50.57238015283512,7.889854904534585,-4.409018818782387,408.15,10.0,0.05
274,0.00013371950484649672,0.30518439317995233,4.0809105942901826e-05,8.861827981739609e-09,0.7574760974361683,6.7126228757587476e-09,0.9978298623552068,1.0001692161286626,0.9979987112615785,0.00014566602114511297,1.009800867193166,0.0001470936744729132,0.006666982027744544,0.7525969783884414,0.005017550529050586,0.05000226611696285,0.7596287952027673,0.03798316116783664,0.0603127816507592,0.7570251348938206,0.04565829166498752,0.002970105536052412,0.7268319134579599,0.0021587674899410545,8.548277820955091e-05,1.0,8.548277820955091e-05,0.00040599782213436494,0.755390099076627,0.00030668673508697276,1.360393582865989e-15,1.0,1.360393582865989e-15,1.0,1.0,1.0,0.0069463675537361535,0.06044651001743366,-13.35631984209925,-1.0949218301929045,8.17310775138169,-3.7149504527987562,-1.4352305870375948,-78.20104878969805,50.163793348817244,7.865789175067277,-4.415299628390868,413.15,10.0,0.05
275,0.0001201452486912678,0.3001330732502206,3.6059562726122225e-05,9.396038873601882e-09,0.7540233710011094,7.084832905530749e-09,0.9978294707118133,1.0001717117968432,0.9980008098031722,0.00016697730349197549,1.0097999380800928,0.00016861367072697767,0.006653827288440225,0.7500663529011038,0.0049908119670742015,0.05000227145689423,0.7565348066486925,0.037828458768636906,0.06030736963684791,0.7539649502047514,0.04546964294522557,0.002977752697912119,0.7236044014856814,0.002154714958745072,8.32543976092792e-05,1.0,8.32543976092792e-05,0.00043323709225767047,0.7523927688971376,0.00032596445543269333,1.4373251478248098e-15,1.0,1.4373251478248098e-15,1.0,1.0,1.0,0.0069409498406234685,0.060427524281578056,-13.334598638143797,-1.106370523288998,8.149670388050493,-3.650661840213193,-1.3759229187722204,-77.36729186816,49.76860903053562,7.843785994735985,-4.42158422946913,418.15,10.0,0.05
276,0.0001082631051778569,0.29516037921186705,3.1954979178950486e-05,9.895371652447112e-09,0.7505822047697724,7.42728987191007e-09,0.9978290257560581,1.000174218961741,0.9980028664929206,0.0001905217442076451,1.0097992138267948,0.00019238870751778976,0.006637941048958259,0.7475389120645908,0.004962119230087147,0.050002276388068,0.7534462202548854,0.03767402614872993,0.06030315095751082,0.7509145824611778,0.0452825154223526,0.002984161456544052,0.720385795824992,0.0021497475257427536,8.107056763999615e-05,1.0,8.107056763999615e-05,0.0004622557489564409,0.749402154634292,0.00034641545426004525,1.5182483808996117e-15,1.0,1.5182483808996117e-15,1.0,1.0,1.0,0.006936725898343761,0.06041142395806033,-13.316968645826437,-1.1181196232686663,8.129169626129594,-3.5894549487556957,-1.3183395541218428,-76.55926848802588,49.386527229587266,7.823848863091451,-4.427876916712652,423.15,10.0,0.05
277,9.906398163516172e-05,0.28649641290877925,2.838147538693502e-05,1.0360246317799038e-08,0.7466233561384485,7.735201876216123e-09,0.9978284901435432,1.0001772279380592,0.9980053332293882,0.0002162570416181458,1.009798970838053,0.00021837613806248551,0.006619984372741468,0.744473989928423,0.004928406179238648,0.05000228137309341,0.7498188998271282,0.037492655608019405,0.0603017357755792,0.7473471887310702,0.04506633270748292,0.002987827382353896,0.7166549860609065,0.0021412413910532266,7.882614133402288e-05,1.0,7.882614133402288e-05,0.0004935250443664368,0.7458766983136468,0.000368108830627134,1.6022468866708641e-15,1.0,1.6022468866708641e-15,1.0,1.0,1.0,0.006935305395994775,0.0604008101174607,-13.303383425588297,-1.1301773616597657,8.11152834743551,-3.5315367017324713,-1.2624210031019722,-75.7763497873711,49.017406997444105,7.80605585672915,-4.434792750285252,428.15,10.0,0.05
278,9.001090354330926e-05,0.280943550766846,2.5287982849189378e-05,1.0774886292958507e-08,0.7426826958254656,8.002321599267268e-09,0.9978279160988865,1.000180226192762,0.9980077508252366,0.0002443111010595675,1.0097987211230417,0.0002467050374061133,0.006599523830560471,0.7414325835983794,0.004893102004211525,0.05000228623494801,0.7462187054755477,0.03731264130506071,0.06030028140370745,0.7437933303615,0.04485094712699918,0.0029914839390575054,0.7129540641897124,0.0021327906323092994,7.663011797886595e-05,1.0,7.663011797886595e-05,0.0005269763669411337,0.7423787886355353,0.0003912160769293142,1.6908477972386727e-15,1.0,1.6908477972386727e-15,1.0,1.0,1.0,0.0069338458351633474,0.06039030308213707,-13.293797887067656,-1.1425519016565089,8.096783999072917,-3.4766592471018214,-1.2081109609229441,-75.0174900064001,48.66066137959283,7.790257497002273,-4.441727876584954,433.15,10.0,0.05
279,8.146701052208856e-05,0.27739962679763747,2.259891831514655e-05,1.113543190575035e-08,0.7387606443187451,8.226418849459642e-09,0.9978272963016955,1.0001832211568866,0.998010119373297,0.00027475957439676525,1.009798524693101,0.00027745181287115777,0.006576470228925799,0.7384079767324201,0.0048561180757820946,0.05000229095823867,0.7426391148387492,0.03713365709713596,0.060299137423461886,0.7402544139429582,0.04463670263467068,0.002994785070525811,0.7092763645015002,0.0021241302672859157,7.447895262933214e-05,1.0,7.447895262933214e-05,0.0005626682801593396,0.7389016871192913,0.0004157565414982461,1.7839649765194177e-15,1.0,1.7839649765194177e-15,1.0,1.0,1.0,0.0069326968138446535,0.06038061556941588,-13.288013068612349,-1.1552378502000695,8.084789182089406,-3.4246961837890573,-1.1553555493344063,-74.28180002027962,48.31583357577883,7.776365215094095,-4.448689206081717,438.15,10.0,0.05
280,7.443737359702454e-05,0.27201665725029,2.0248205540353594e-05,1.1440998438070239e-08,0.7348561499415206,8.407488063687246e-09,0.9978266159766995,1.0001862347426673,0.9980124459597526,0.00030770701453050587,1.0097985300113317,0.0003107220909470804,0.006550578914533329,0.7353839360754413,0.004817190505742311,0.05000229541191096,0.7390640291485218,0.036954897913801556,0.06029916866559296,0.7367316317052662,0.04442430492147336,0.002996871182687861,0.705605911427064,0.002114610022289971,7.23672425193759e-05,1.0,7.23672425193759e-05,0.0006005598502651986,0.7354291817554562,0.0004416692392757144,1.8811752002059515e-15,1.0,1.8811752002059515e-15,1.0,1.0,1.0,0.00693272330266086,0.06037361748018842,-13.28575594362444,-1.1682225121024779,8.075333740591196,-3.375474485096689,-1.104103362004465,-73.56837670324602,47.98242717491014,7.7642668629154,-4.455686375845527,443.15,10.0,0.05
281,6.889747654586143e-05,0.26398640055335715,1.8187996840551307e-05,1.1688909010778304e-08,0.730969567324573,8.544236762104932e-09,0.9978258735932036,1.0001892671187802,0.9980147292213428,0.0003431959912608653,1.009798738820534,0.0003465588791434849,0.0065218419564634185,0.7323598648986283,0.004776335294125755,0.050002299625326124,0.7354930316537854,0.03677634294109204,0.0603003852840955,0.7332255223785434,0.044213781499558354,0.002997734196422314,0.7019420842500718,0.002104235789864393,7.029294998528722e-05,1.0,7.029294998528722e-05,0.0006407262417009328,0.7319606518415973,0.00046898639752743167,1.9824212295054246e-15,1.0,1.9824212295054246e-15,1.0,1.0,1.0,0.0069339354242701455,0.06036929444955037,-13.286896584263813,-1.181504833396878,8.06832672578239,-3.3289159893178804,-1.0543053297993081,-72.87644197065815,47.66004628024886,7.753897182600677,-4.4627271921228555,448.15,10.0,0.05
282,6.348812470877083e-05,0.2579731793418397,1.637823338157282e-05,1.1881092095312685e-08,0.7264792943709055,8.631367401758491e-09,0.9978250484041602,1.0001928643033389,0.9980174932369748,0.00038083592543001273,1.0097991755603681,0.0003845678035229968,0.006492150220640252,0.728731966993686,0.004731037400305662,0.05000230486257436,0.7313204037300595,0.036567705779531404,0.06030292972021415,0.7291107893437703,0.04396751668804724,0.002997330096076885,0.6977066439270907,0.0020912571220754674,6.815925142886232e-05,1.0,6.815925142886232e-05,0.0006841801725971784,0.7278929961452707,0.0004980099557349486,2.0869725965356735e-15,1.0,2.0869725965356735e-15,1.0,1.0,1.0,0.006936474270779035,0.06036642972601501,-13.291667446687498,-1.1951158281428629,8.063920396869285,-3.2854187824809618,-1.0059143562061672,-72.20572179989277,47.348775923081526,7.7454284396297,-4.470551253991962,453.15,10.0,0.05
283,5.825365155872335e-05,0.2538772488890302,1.4789276795468843e-05,1.20108432277347e-08,0.7220147866524149,8.672006410588458e-09,0.9978241691003262,1.0001964589205181,0.9980202005594546,0.00042091931185323704,1.0097996726108591,0.00042504418330498677,0.006460191276763837,0.7251252725518692,0.004684447960300586,0.05000231029984838,0.7271743432978129,0.03636039715566571,0.0603058254927041,0.725017866197048,0.04372280091797187,0.0029965290145958163,0.6934996322537373,0.002078091769659853,6.60714511313741e-05,1.0,6.60714511313741e-05,0.0007302996092218465,0.7238511505708823,0.0005286282123966992,2.195668849065486e-15,1.0,2.195668849065486e-15,1.0,1.0,1.0,0.006939364240175798,0.06036409115510606,-13.299688379127858,-1.2090317426765296,8.061880409763003,-3.2444786147152467,-0.9588858841102325,-71.55506534627904,47.04780055309444,7.7385801208494165,-4.478434687472752,458.15,10.0,0.05
284,5.452155818929985e-05,0.24550685119482146,1.3385416073290232e-05,1.2082396821042003e-08,0.7175746081281944,8.670021164108555e-09,0.9978232186328808,1.000200077970832,0.998022861077714,0.0004635291474561425,1.0098004188877143,0.0004680719272678777,0.006425655321465056,0.7215202039790791,0.004636240138242723,0.05000231572751664,0.7230353093084525,0.0361534398181839,0.060310173072479996,0.7209481365228382,0.0434805068899743,0.0029942361580915606,0.6893018067827114,0.0020639323937066373,6.40236063976851e-05,1.0,6.40236063976851e-05,0.0007789348314249435,0.7198155868979209,0.0005606894328373787,2.307649258941715e-15,1.0,2.307649258941715e-15,1.0,1.0,1.0,0.006943706027110498,0.060364706713066096,-13.310667161832377,-1.223235395582576,8.061979842380266,-3.205914382829664,-0.9131770796362629,-70.92366815929898,46.75662922978489,7.7332320182951895,-4.486391133635944,463.15,10.0,0.05
285,5.067605534277317e-05,0.23972049706115117,1.2148089175867982e-05,1.2092820921539974e-08,0.7131597298918632,8.624112902036121e-09,0.9978222131404291,1.0002036920883575,0.9980254616308332,0.0005085269899156507,1.0098012100277864,0.000513511169748612,0.006389105725651123,0.7179382901321938,0.004586983640147775,0.05000232153176022,0.7189249805666946,0.03594791803551034,0.06031478201103151,0.7168995447795791,0.043239639767188046,0.0029916386298289676,0.685134152968126,0.0020496737986345948,6.201955188437622e-05,1.0,6.201955188437622e-05,0.0008303761059265451,0.7158076901261544,0.0005943896023192313,2.423377587229318e-15,1.0,2.423377587229318e-15,1.0,1.0,1.0,0.006948308770909547,0.06036547015919519,-13.324657572888372,-1.237740585873199,8.064285566580999,-3.1697563157824136,-0.8687469714280031,-70.31095810528183,46.47498143017428,7.729367667196977,-4.494429454225366,468.15,10.0,0.05
286,4.681761664607325e-05,0.23612215326744135,1.105467645332042e-05,1.2044878122256124e-08,0.7087701472053872,8.53705003978242e-09,0.9978211495128837,1.0002073032451972,0.9980280010753042,0.0005558750664508504,1.0098020729167998,0.0005613237943848325,0.0063506363545070416,0.7143776056422159,0.004536752393237149,0.050002327761674716,0.7148414842099601,0.03574373819110844,0.06031980892678836,0.7128724484626364,0.043000329880438004,0.002988581460055191,0.6809946752155008,0.0020352080607453525,6.0057701133852085e-05,1.0,6.0057701133852085e-05,0.0008846401621373933,0.7118254973154169,0.0006297094233586407,2.5424469365231195e-15,1.0,2.5424469365231195e-15,1.0,1.0,1.0,0.006953329037603965,0.060366638588312566,-13.341508795013295,-1.2525421179288367,8.068692172960699,-3.135908902663417,-0.8255563329826997,-69.71625600139514,46.2024478823185,7.726905356282001,-4.5025628988153,473.15,10.0,0.05
287,0.005503776074366188,0.39332188799462187,0.002164755596669338,4.421329939873305e-11,0.8133021730644645,3.595877247933932e-11,0.9977443710809065,1.0001601766139148,0.9979041863958187,3.437166297768915e-07,1.0106818994959084,3.4738817627124064e-07,0.0037214205942288025,0.7777254541533057,0.0028942435217420596,0.05000207127976184,0.7979869340686736,0.03990099955762042,0.06544277512838857,0.8049331091681813,0.05267705645668794,0.0006673491502825735,0.7741851849112686,0.0005166518253118922,0.00010745470094589907,1.0,0.00010745470094589907,4.4381999596284544e-05,0.7954768898957562,3.530485500620713e-05,1.7956598276125156e-16,1.0,1.7956598276125156e-16,1.0,1.0,1.0,0.009225540385224768,0.07094655124696807,-16.331757129904023,-0.8851618031711751,10.444195142148722,-7.288449255607195,-4.176774043693191,-117.9484638809806,69.07097966529837,9.754117174102507,-4.251488295169504,273.15,10.5,0.05
288,0.005293326362413827,0.3935277823920896,0.0020830709848783002,5.45685068582977e-11,0.8120863968187533,4.431434211433445e-11,0.9977476032588953,1.0001590354511647,0.997906280499128,3.707337230601863e-07,1.0106485777310654,3.7468150992772e-07,0.0037378882201477876,0.7780380396320566,0.0029082192231675423,0.050002083597847566,0.7981551256475451,0.03990941931667907,0.06524883390864905,0.8043448572669333,0.05248256399708617,0.0008641257970060084,0.7736009104601254,0.0006684885033159297,0.00010463558676244408,1.0,0.00010463558676244408,5.80836233885357e-05,0.7952275662012936,4.6189698463417794e-05,2.351434098539832e-16,1.0,2.351434098539832e-16,1.0,1.0,1.0,0.009031585316284675,0.07054216032563138,-16.199824840881917,-0.8940831911054525,10.353455693798113,-7.172254976359474,-4.024816288014349,-115.79015914941499,68.11704875274485,9.669846999821804,-4.255259644766938,278.15,10.5,0.05
289,0.005048941930322425,0.39207622228461886,0.001979570078575228,6.709238208364444e-11,0.8110078380024769,5.441244774009251e-11,0.9977513475042463,1.0001580902194536,0.9979090822337334,4.068213252659975e-07,1.0106098854988363,4.1113765294555444e-07,0.0037570132638803577,0.7781233436565791,0.0029234197230527006,0.050002098350176986,0.7980315689539123,0.03990325299737957,0.06502362719390858,0.8037923757151688,0.05226549577980923,0.001092135155424308,0.7727969637311165,0.0008439987320959163,0.00010185247954599888,1.0,0.00010185247954599888,7.449663087447212e-05,0.7947398604138531,5.920544202248033e-05,3.0124377753287297e-16,1.0,3.0124377753287297e-16,1.0,1.0,1.0,0.00880636201552805,0.0700725691913234,-16.071628116637658,-0.9029526724487368,10.264301736948266,-7.055073942461285,-3.8787087506985767,-113.71387456172977,67.19184916848721,9.587873271179754,-4.259709640774651,283.15,10.5,0.05
290,0.004769727196594876,0.39075377970967606,0.001863788930253485,8.20408412364851e-11,0.810025961302993,6.645521128869004e-11,0.9977556115027542,1.0001570003839264,0.9979122595168248,4.5278903437807396e-07,1.010565703345437,4.5757306899337933e-07,0.0037789913246561195,0.7783162268717999,0.0029412502691876165,0.05000211577986919,0.7979647476048701,0.039899925697992805,0.064766456084836,0.8032354541439772,0.0520227137665992,0.0013520029451307058,0.7721074362244633,0.001043891527732793,9.917888099631249e-05,1.0,9.917888099631249e-05,9.389172403108984e-05,0.7943564285763902,7.458349457421657e-05,3.7880563880326096e-16,1.0,3.7880563880326096e-16,1.0,1.0,1.0,0.008549171310285373,0.06953618336347173,-15.947926521653914,-0.9118247936409483,10.177470956855482,-6.937682919106678,-3.7381454339708426,-111.71579502070568,66.29501037078758,9.508401289517492,-4.26456609891001,288.15,10.5,0.05
291,0.004459904598904712,0.3895477982753865,0.0017373460170216014,9.993579024639206e-11,0.8091325808509371,8.086130388144122e-11,0.9977603204463463,1.000155783702734,0.9979157552435066,5.110934253307731e-07,1.0105167512902051,5.164684677710359e-07,0.003803784663209704,0.7786067493099582,0.0029616524116967816,0.05000213587099143,0.7979502841242354,0.039899218525076226,0.06448150771850125,0.8026731478143695,0.05175757477622597,0.0016395244143228448,0.7715229725548488,0.0012649307497146082,9.663238474611231e-05,1.0,9.663238474611231e-05,0.00011625367210365844,0.7940685792618163,9.231338824132103e-05,4.675228923408771e-16,1.0,4.675228923408771e-16,1.0,1.0,1.0,0.008264200355539746,0.06894141241734175,-15.827737718553866,-0.9206557937784375,10.092259259985408,-6.819626781755101,-3.602841019830108,-109.79117582512835,65.42491415302794,9.431021365158351,-4.269731322835577,293.15,10.5,0.05
292,0.004126815838227142,0.3882267439726961,0.0016021402758498754,1.2145980005645345e-10,0.8083157696296098,9.817787176169074e-11,0.997765350415299,1.0001545040473472,0.997919509200241,5.85033092273838e-07,1.0104642534832182,5.911550268474629e-07,0.0038311707657418485,0.7789476530454574,0.002984281476390982,0.05000215842969827,0.7979459544014759,0.03989902003031939,0.06417590436273438,0.8021056965323041,0.0514758584694616,0.001947573031119355,0.7709969189399136,0.0015015728064034907,9.421699813786412e-05,1.0,9.421699813786412e-05,0.00014137058118041774,0.7938302653932056,0.00011222424597724282,5.662848652830817e-16,1.0,5.662848652830817e-16,1.0,1.0,1.0,0.007958571637061264,0.06830272032242131,-15.71012607974747,-0.9294007769424808,10.007986386497421,-6.700499590762071,-3.472529345565128,-107.93561193284636,64.58001012075485,9.355356353200886,-4.2751307017581786,298.15,10.5,0.05
293,0.0037806781110033593,0.3863585111881593,0.00146069716624892,1.4750978885660384e-10,0.8071181638978108,1.1905782993889594e-10,0.9977705268419548,1.0001535457895308,0.9979237303052692,6.784383113155426e-07,1.0104099309940227,6.855008073200382e-07,0.0038609453047099996,0.7789589407708061,0.0030075178649309185,0.05000218319831069,0.7975692515063251,0.0398802038271588,0.06385966242700206,0.8010962752479638,0.05115773770886369,0.002266217623706095,0.7701532747052072,0.0017453349240919018,9.184714227551403e-05,1.0,9.184714227551403e-05,0.00016896022577834904,0.7932572926983463,0.0001340289312746346,6.730854567752518e-16,1.0,6.730854567752518e-16,1.0,1.0,1.0,0.0076423018540246745,0.06764034068551522,-15.59454602091773,-0.9380345959127606,9.924242037575898,-6.580329423462993,-3.346961766776356,-106.14540582618106,63.759218752463326,9.281257425880423,-4.281106747898234,303.15,10.5,0.05
294,0.003428832173472657,0.38453905608666966,0.0013185198874667793,1.7886658729504227e-10,0.8059550090924682,1.4415842198971463e-10,0.9977757333621542,1.000152575017636,0.9979279690122687,7.960906831715686e-07,1.0103549635468143,8.043341731757681e-07,0.003892629830331121,0.7790019972232801,0.0030323664122788624,0.05000220983201256,0.7971959206515568,0.039861557701643575,0.06353964861168515,0.8000701651799944,0.05083617716022974,0.0025885001825726437,0.7693497227705616,0.0019914618978538116,8.9613669649769e-05,1.0,8.9613669649769e-05,0.0001986445986901187,0.7927200114971437,0.00015746954855747625,7.867004792112118e-16,1.0,7.867004792112118e-16,1.0,1.0,1.0,0.007322258094486949,0.06696848096402441,-15.481042695368075,-0.9465660581576518,9.841159980283646,-6.459285528983394,-3.2259061675147063,-104.41725594632024,62.96164665827244,9.208658444613745,-4.287153305732314,308.15,10.5,0.05
295,0.0030805165952300737,0.3827374479166309,0.0011790290599231871,2.1655832909942764e-10,0.8048026432680297,1.7428671568092724e-10,0.9977808205084583,1.0001516402744761,0.9979321242659472,9.440341540986852e-07,1.01030086036667,9.537585181014226e-07,0.00392576683899856,0.7790490100437548,0.003058364769584429,0.05000223791779801,0.7968029337581135,0.03984192986737264,0.0632246495623766,0.799020885370847,0.05051781547059169,0.0029056405756525483,0.7685578821621109,0.002233152967147819,8.750951979183889e-05,1.0,8.750951979183889e-05,0.00022997125602567897,0.7921922241492204,0.00018218144080137227,9.052197186928188e-16,1.0,9.052197186928188e-16,1.0,1.0,1.0,0.007007227468382732,0.06630516637416502,-15.369548196079384,-0.9549971252546482,9.758735714016426,-6.337593522671437,-3.1091452473933376,-102.74815307094121,62.18650646658621,9.137534109874323,-4.293208046105701,313.15,10.5,0.05
296,0.0027448607265575385,0.38070017290240976,0.0010449689531934888,2.61787507144737e-10,0.8036398425798138,2.1038287103115846e-10,0.9977856427406661,1.000150810881792,0.9979361196732871,1.1299114019563709e-06,1.0102491023172107,1.1414919795244045e-06,0.003959843234628197,0.7790520420572414,0.0030849239581636494,0.050002266990806114,0.7963462396853049,0.039819117293869104,0.06292328865330979,0.7979449456612505,0.05020932014529245,0.0032090254495154807,0.7677292678328761,0.002463662758813587,8.552405628485848e-05,1.0,8.552405628485848e-05,0.0002624317870324568,0.7916271110563278,0.0002077481174178532,1.026584234094938e-15,1.0,1.026584234094938e-15,1.0,1.0,1.0,0.006705833872587693,0.06566814964165486,-15.26003564299042,-0.9633320792376261,9.676989622500596,-6.215502172867448,-2.996475498726527,-101.13532899053861,61.43308423840239,9.06788275865801,-4.299223715630024,318.15,10.5,0.05
297,0.0024268885871792773,0.37885092013989274,0.0009194289743298736,3.1565991132535224e-10,0.8024451484332961,2.5329976439791295e-10,0.9977901205239907,1.0001500715488267,0.9979398604327817,1.3623105154819713e-06,1.0102005007790005,1.3762067649563843e-06,0.003994553430454234,0.7790345207992033,0.0031118950175007274,0.05000229677991693,0.795853436016665,0.03979449970102192,0.06264029260071229,0.7968325170762439,0.049913822023417986,0.0034939317286923587,0.7668859587994064,0.002679447183737906,8.365327932712575e-05,1.0,8.365327932712575e-05,0.0002957338029501168,0.791049364518043,0.00023394003689019383,1.1496929226269078e-15,1.0,1.1496929226269078e-15,1.0,1.0,1.0,0.006422804328148993,0.06506718150355148,-15.152996552266082,-0.9716083349731682,9.596365214160237,-6.093603124444726,-2.88770616357816,-99.57655919605013,60.701058400830206,8.999885467507394,-4.305147221604735,323.15,10.5,0.05
298,0.0021464934900368433,0.37287867718977896,0.0008003816531614104,3.809178834160775e-10,0.8008046862310564,3.050408261088099e-10,0.9977939366993771,1.0001501270048851,0.9979437325145863,1.6559456440241693e-06,1.010158290217253,1.6727672204601627e-06,0.0040288281377621315,0.7783009476421818,0.0031356407575077543,0.05000232623247053,0.7946208329000213,0.03973289011778432,0.062394498959456805,0.7953096583285164,0.04962294764902457,0.003741634555553834,0.765340739787997,0.002863625358763904,8.178309764111932e-05,1.0,8.178309764111932e-05,0.00032872343451451053,0.7897570823890447,0.00025961166055508603,1.2687388082555625e-15,1.0,1.2687388082555625e-15,1.0,1.0,1.0,0.006176977573442998,0.06454099283041155,-15.046968307183208,-0.9797380203973092,9.515642031580398,-5.971291937247596,-2.782658048104281,-98.06860809781318,59.988959532065586,8.933135923683409,-4.311427842691931,328.15,10.5,0.05
299,0.0018805877668602866,0.36989179371138114,0.0006956139823156321,4.5659335938014564e-10,0.7990928334971841,3.648604813030785e-10,0.9977974573785111,1.0001500549533568,0.9979471818294378,2.0166366214745435e-06,1.0101187235622293,2.0370424099727133e-06,0.004063931781951265,0.7777552475997643,0.0031607442693000567,0.05000235660572205,0.7935688860420942,0.03968031443108239,0.0621640917200363,0.7937129174124352,0.049340442597404215,0.003973826044125749,0.7639858432394298,0.0030359468412082184,8.003907168695109e-05,1.0,8.003907168695109e-05,0.00036280221111002363,0.7886630082901032,0.00028612868322833244,1.3905050649414591e-15,1.0,1.3905050649414591e-15,1.0,1.0,1.0,0.005946536185433026,0.06404467994348993,-14.945548350500362,-0.9879619498097273,9.437873173306865,-5.851079131145105,-2.681163257265902,-96.61152549075271,59.29847797895546,8.868794428842252,-4.317525396907576,333.15,10.5,0.05
300,0.0016406264948872374,0.36708805556388463,0.0006022543899147472,5.448069179463374e-10,0.7973256757532322,4.3438854400659855e-10,0.9978005078558491,1.0001501209310155,0.9979502985970561,2.4628651036951425e-06,1.0100836213805244,2.4876997029121087e-06,0.004098995773861406,0.7771503019571807,0.0031855358033775994,0.0500023871055986,0.7924491949296999,0.03962435140639483,0.06195967495940938,0.792080843852701,0.04907707162668805,0.0041799325402251735,0.7625758685290988,0.003187515687255255,7.838972710081816e-05,1.0,7.838972710081816e-05,0.0003971070947566362,0.7875182136376374,0.0003127290698855781,1.5116027551145651e-15,1.0,1.5116027551145651e-15,1.0,1.0,1.0,0.005742085133852338,0.06360030199910353,-14.847569140365936,-0.9962155013329851,9.362121636780913,-5.732346231911806,-2.5830636985756597,-95.2023892217212,58.62821884884776,8.806465725901964,-4.323476346189296,338.15,10.5,0.05
301,0.001427921213507886,0.3640031036560023,0.0005197677534931157,6.469288042991663e-10,0.7955017643318301,5.146330052170687e-10,0.9978030710061628,1.0001503620295495,0.9979531027010101,3.013523327165742e-06,1.010053176981672,3.043818810512136e-06,0.0041338183741407054,0.7764535759221493,0.0032097180588142355,0.05000241755835646,0.7912302352313919,0.039563424606836664,0.061782377174511086,0.7904175954951796,0.04883387801025333,0.004358835361422078,0.761077986305673,0.003317413639509076,7.68250192894219e-05,1.0,7.68250192894219e-05,0.0004314641005048678,0.7862895872884156,0.0003392557295157401,1.6314236160488566e-15,1.0,1.6314236160488566e-15,1.0,1.0,1.0,0.005564753110975758,0.06321029903494778,-14.753133813077664,-1.004515938110315,9.288502364406291,-5.615323556481603,-2.48821065592469,-93.83927072891366,57.97767665533394,8.746186736972563,-4.329284651875843,343.15,10.5,0.05
302,0.0012399175508397554,0.36110683096060303,0.00044774269743617635,7.638538428907749e-10,0.7936217544234244,6.062110269180509e-10,0.9978051888512,1.0001507409685835,0.997955598971825,3.689455058870886e-06,1.010026967965916,3.7264491065578708e-06,0.004168475436506102,0.7756933175126522,0.003233458540313419,0.050002448048111894,0.789941538073903,0.039499010718585935,0.061629740785514635,0.7887224742471983,0.048608761639564575,0.004512995511412035,0.7595196499084857,0.0034277087708662357,7.534163577888213e-05,1.0,7.534163577888213e-05,0.0004659874516589498,0.785004892287879,0.0003658024292970372,1.7504745535376418e-15,1.0,1.7504745535376418e-15,1.0,1.0,1.0,0.005412082442404728,0.06286965910020824,-14.662640538553111,-1.01290131361926,9.217376168123284,-5.500414544177205,-2.3964640912659263,-92.52054817817601,57.34655719052335,8.688087964509059,-4.334949868083077,348.15,10.5,0.05
303,0.0010721351741517376,0.3595834369877472,0.0003855220508369386,8.961544953967497e-10,0.7912717615626139,7.091017462048419e-10,0.9978069159418976,1.0001515246968264,0.9979581083323271,4.510623206937468e-06,1.0100043522510056,4.5557490703712314e-06,0.004203689061151822,0.7745386079759684,0.0032559194737883375,0.050002479183095486,0.7882467013813637,0.039414289276965324,0.061498028206623846,0.7865791400439083,0.048373066141162206,0.004646218187481506,0.75757725739463,0.003519869231729289,7.387277055676254e-05,1.0,7.387277055676254e-05,0.00050137232274603,0.7833284097711184,0.0003927391842798997,1.8695217611549588e-15,1.0,1.8695217611549588e-15,1.0,1.0,1.0,0.005280334858510497,0.06257016427693006,-14.576759094613353,-1.0214302936973405,9.149291445148387,-5.388337084282868,-2.3076918831571267,-91.24503756109975,56.734916700048295,8.632463571072197,-4.3409126516952625,353.15,10.5,0.05
304,0.0009316644572058412,0.3556322583073918,0.0003313299349008438,1.0459630148909057e-09,0.788875682620062,8.251347873674006e-10,0.9978081645753891,1.0001525734852457,0.997960403644665,5.514203147475412e-06,1.009986350885583,5.569269914960488e-06,0.004238280940094176,0.7732095019984083,0.0032770790950195643,0.050002509977210466,0.7863722434574681,0.03932058594928342,0.06139318757032629,0.7844237826967752,0.04815827642572799,0.00475250758550879,0.7554650777441213,0.0035903535125659256,7.246478937235373e-05,1.0,7.246478937235373e-05,0.0005365611990641879,0.7814839570581111,0.0004193139690485265,1.986162719998521e-15,1.0,1.986162719998521e-15,1.0,1.0,1.0,0.005175459600447492,0.062324853073495154,-14.494482467897479,-1.030045041601509,9.083475102809428,-5.278369143479443,-2.221769636970839,-90.01022897440386,56.14140441523185,8.578893149724616,-4.346767537004976,358.15,10.5,0.05
305,0.0008094902378407151,0.35190518733596543,0.0002848638137939722,1.2126009492270124e-09,0.7864396041265337,9.536374104735494e-10,0.997809072991294,1.0001537262644147,0.997962462452684,6.72939579711109e-06,1.00997152482084,6.796498134331243e-06,0.004272856443178773,0.7718329107961392,0.003297931225952712,0.050002541009346375,0.7844466604774165,0.039224326310166834,0.06130683893606734,0.7822485693647832,0.04795718705001586,0.004840236299549702,0.7533084612851809,0.0036461909590704646,7.112580534606349e-05,1.0,7.112580534606349e-05,0.0005722259209120067,0.779598065483299,0.0004461062209623995,2.1029736199941653e-15,1.0,2.1029736199941653e-15,1.0,1.0,1.0,0.0050890760768166,0.062116330386509,-14.416601413004814,-1.0388132656225944,9.020616720225963,-5.171111605487679,-2.138579838079693,-88.81504091307715,55.566023818264185,8.527622862840635,-4.352508159922317,363.15,10.5,0.05
306,0.0007102918274197237,0.34458410082418,0.0002447552706741891,1.3978252507905126e-09,0.7839689628629161,1.0958516121258335e-09,0.9978095772993847,1.0001551016885288,0.9979643392496541,8.201831468150476e-06,1.0099605789539783,8.283526458056211e-06,0.0043067975706348825,0.7703071268975894,0.0033175568627652756,0.05000257174856519,0.7823680745748977,0.03912041578271812,0.06124308864881932,0.780069516715945,0.04777386656447627,0.004905314361205055,0.7510068124265263,0.0036839245023586706,6.983873878526876e-05,1.0,6.983873878526876e-05,0.0006078227113999886,0.7775684680462004,0.0004726237745469768,2.2178973566467784e-15,1.0,2.2178973566467784e-15,1.0,1.0,1.0,0.005025291229522757,0.0619533818740643,-14.342525626179736,-1.047704927387069,8.960248249134384,-5.066255995716736,-2.058011430462447,-87.65758017562379,55.0078981455569,8.478448695206922,-4.358154502899175,368.15,10.5,0.05
307,0.000619006600630661,0.3406325301705592,0.00021085378456509892,1.5983123242612098e-09,0.7814660337911039,1.249026792799847e-09,0.9978099000271526,1.0001564458002004,0.9979660031954102,9.961773935596669e-06,1.009951150859087,1.0060905050853911e-05,0.004341376469135349,0.7688408567864142,0.0033378276041624,0.05000260338453004,0.7803469570377102,0.039019379395081516,0.06118817783125386,0.7778629374245238,0.04759601574347326,0.004961483866355616,0.7487664431372273,0.0037149926272938326,6.862194660453249e-05,1.0,6.862194660453249e-05,0.0006447025082838547,0.775603330903302,0.0005000334128666716,2.335907123973958e-15,1.0,2.335907123973958e-15,1.0,1.0,1.0,0.004970344843701606,0.061807186030196845,-14.27348382810711,-1.0568223282441849,8.903428245500702,-4.964649602849062,-1.9799594486719692,-86.53719982476396,54.46733337722497,8.431748441062968,-4.363702559841097,373.15,10.5,0.05
308,0.000541356175981544,0.3359369441370832,0.000181861539448977,1.815706632952215e-09,0.7785004762387596,1.4135284784631752e-09,0.9978099393867186,1.0001582581100603,0.9979678509019254,1.2058179060617281e-05,1.0099442216255714,1.2178088265596874e-05,0.004376537189566554,0.7669047689617301,0.003356387242216957,0.050002635837521556,0.7778478266392289,0.03889444161244896,0.06114782101899818,0.7752127182816052,0.04740256854913466,0.005003111686682285,0.7460704439065945,0.0037326737569973213,6.73939159236096e-05,1.0,6.73939159236096e-05,0.0006828257689713498,0.7731695967112132,0.0005279401244196024,2.454029470787564e-15,1.0,2.454029470787564e-15,1.0,1.0,1.0,0.004929951544608716,0.06168917901068637,-14.208945353301722,-1.0661406335070687,8.849695437323156,-4.8661685527543215,-1.9043243908315717,-85.45236569628469,53.943689881509414,8.387418006837432,-4.3696458019665245,378.15,10.5,0.05
309,0.0004740488839328184,0.33150595779461034,0.000157150029309615,2.0482224981558485e-09,0.7755172967254504,1.5884319748620708e-09,0.9978097653958933,1.0001601342755393,0.9979695489398008,1.4549805382135095e-05,1.0099391629073058,1.469441826809773e-05,0.004411853455523878,0.7649426226941072,0.003374814753210495,0.05000266883495524,0.7753214003089467,0.03876813922030203,0.06111835871818086,0.7725564230852421,0.04721738059615853,0.005033792058667135,0.743352035901613,0.0037418795751155867,6.621954314917254e-05,1.0,6.621954314917254e-05,0.0007219486493914655,0.7707144034292064,0.0005564162226222645,2.5737039349652918e-15,1.0,2.5737039349652918e-15,1.0,1.0,1.0,0.0049004521448388315,0.06159240965033616,-14.148806419605943,-1.07566535645673,8.799031379247042,-4.770614556493243,-1.8310123501429623,-84.4015471207216,53.43627638792192,8.345318865019165,-4.375519293668508,383.15,10.5,0.05
310,0.00041351350178228137,0.3292229774344968,0.0001361381462661277,2.293649565854222e-09,0.7725216837802199,1.7718940246154715e-09,0.9978094308592184,1.0001620244289007,0.997971100362405,1.7493460589222866e-05,1.009935410533617,1.7667265301830443e-05,0.004447553570132699,0.7629907019978306,0.0033934420206485046,0.05000270263332421,0.7728045407348465,0.03864231564404722,0.0610965051052888,0.7698935728458183,0.047037806603903574,0.005056811495467454,0.7406470646080731,0.0037453125903943304,6.509847830994649e-05,1.0,6.509847830994649e-05,0.0007624126964494425,0.768273649247392,0.0005857415845337572,2.6960583931539753e-15,1.0,2.6960583931539753e-15,1.0,1.0,1.0,0.004878560532504203,0.061510020900720636,-14.093186900174398,-1.0854188238443776,8.751562256433749,-4.678095042127282,-1.7599342073425013,-83.38359151574667,52.94472938003918,8.305468204049562,-4.381329041119431,388.15,10.5,0.05
311,0.0003638685852671049,0.3246087414017294,0.0001181149234991828,2.552250260063773e-09,0.7695125447756327,1.9639885925259475e-09,0.9978088809265889,1.0001640296241407,0.9979725511422917,2.0968226962645e-05,1.009933575037844,2.1176516418588988e-05,0.0044829965828963175,0.7609701848572903,0.003411426738401212,0.05000273671330529,0.7702183529553933,0.03851302551458417,0.06108581628396919,0.7672318701433102,0.046866985066780366,0.005068627890357084,0.7378778062713851,0.003740028028542643,6.401603674694707e-05,1.0,6.401603674694707e-05,0.0008037204791265683,0.7657683141186888,0.0006154636763234174,2.8191568803251247e-15,1.0,2.8191568803251247e-15,1.0,1.0,1.0,0.0048678333951260675,0.061449687421486585,-14.04155431256932,-1.0953729482738455,8.70686103906303,-4.588311823771449,-1.6910054412759723,-82.39700795564285,52.46829993273824,8.267682786707104,-4.387093115034772,393.15,10.5,0.05
312,0.0003239623517667106,0.316850283017788,0.00010264756284439049,2.8222533099634046e-09,0.766494247469366,2.1632409269883254e-09,0.9978081356906007,1.0001661364996606,0.9979739080415971,2.505281364967664e-05,1.0099334549714238,2.530167464597316e-05,0.004518082316563333,0.7588883486164644,0.003428720028129999,0.050002771051857804,0.7675705409466473,0.038380654025105855,0.061085118977592764,0.7645744283951165,0.046704119925740674,0.005070418599349277,0.7350515195619216,0.003727018896266715,6.296810856351594e-05,1.0,6.296810856351594e-05,0.0008459251285422467,0.7632054687610773,0.0006456146842658599,2.9430984004373985e-15,1.0,2.9430984004373985e-15,1.0,1.0,1.0,0.004867097481979721,0.06140908415161279,-13.993844893178832,-1.1055345587149095,8.6648951091163,-4.501255951001301,-1.6241458713892574,-81.4406573182368,52.00654699497453,8.231926018113665,-4.3928176469132865,398.15,10.5,0.05
313,0.00028709051152487263,0.3115887299542133,8.945416786794052e-05,3.0998727800776466e-09,0.7629972012042956,2.3651942552886205e-09,0.9978072600856563,1.000168648056893,0.9979755383412235,2.979485411509363e-05,1.0099341647963036,3.009084110595478e-05,0.004554308195995217,0.7563706503437276,0.003444745052070672,0.05000280698961134,0.7644824665056529,0.03822626921962419,0.06108925546199687,0.7614411827084364,0.04651587492976072,0.005067399809468947,0.7318072505233547,0.0037083599218700404,6.189800628877005e-05,1.0,6.189800628877005e-05,0.0008905625437443887,0.7602079779783236,0.0006770127506431539,3.0693851549617955e-15,1.0,3.0693851549617955e-15,1.0,1.0,1.0,0.004871193561635184,0.06137634907339453,-13.95063955394751,-1.115961801010953,8.626133184509513,-4.417484400830884,-1.559279212372384,-80.51402463261915,51.55961300544594,8.198446168018398,-4.399032248497547,403.15,10.5,0.05
314,0.00025504939855458954,0.30639804666478476,7.81466375201544e-05,3.382672364294146e-09,0.7595005626838089,2.5691415640563705e-09,0.9978062586324239,1.0001711961637236,0.9979770792360412,3.5304717872756715e-05,1.0099358227265056,3.565549929094974e-05,0.004590457050436645,0.7538433862195726,0.0034604856871966717,0.05000284358099289,0.7613860640640183,0.03807146826614093,0.061098914206846974,0.7583133150843124,0.04633212018024613,0.005058824770463751,0.7285580441068144,0.0036856474802481757,6.086275829021935e-05,1.0,6.086275829021935e-05,0.0009366933905169177,0.7572048028263988,0.0007092687340751535,3.197951381083724e-15,1.0,3.197951381083724e-15,1.0,1.0,1.0,0.004880811166863992,0.06135396698807396,-13.911430798201742,-1.1266269807774238,8.590211964711992,-4.33652295055161,-1.4963332973274768,-79.61561793045165,51.126624452320115,8.166977054277076,-4.405220485139437,408.15,10.5,0.05
315,0.00022555485467781126,0.3035186304751536,6.84601005888315e-05,3.666836387563511e-09,0.756007530296888,2.772155921364653e-09,0.9978051635765737,1.0001737451333277,0.9979785273677544,4.167151584801043e-05,1.0099380707786247,4.2085650321960516e-05,0.00462663864703401,0.7513322498734837,0.0034761428240276727,0.050002881004369386,0.758307430301371,0.03791755620208859,0.061112010132574564,0.7551901143679329,0.04615118592127325,0.005046779649236691,0.7253292401934125,0.003660576848404427,5.986151344434051e-05,1.0,5.986151344434051e-05,0.000984604789415258,0.7542214159971317,0.0007426100184703339,3.3296117347547757e-15,1.0,3.3296117347547757e-15,1.0,1.0,1.0,0.004893865017559832,0.06133756865408877,-13.876255033931596,-1.1375449777779427,8.557182346252189,-4.258410407103202,-1.4352393704581081,-78.74450874400249,50.70723573628067,8.137510368798987,-4.411387188232692,413.15,10.5,0.05
316,0.00020139044231798505,0.29843699904216575,6.010235924115384e-05,3.951181421509383e-09,0.7525164259306765,2.9733289215179296e-09,0.9978039404811068,1.0001763579715959,0.9979799111601003,4.9012120609407916e-05,1.009941303649058,4.9499364982870344e-05,0.004662251893106347,0.7487897325743113,0.0034910463482331774,0.05000291881368821,0.7551991062926562,0.037762159600121574,0.06113084207999442,0.7520757909280221,0.04597502640740781,0.005028976000687296,0.7220741052427074,0.0036312933459833273,5.8883285330647434e-05,1.0,5.8883285330647434e-05,0.001033918439058034,0.7512102881675461,0.0007766901685465254,3.462844819870827e-15,1.0,3.462844819870827e-15,1.0,1.0,1.0,0.00491265445603374,0.06133223647349383,-13.844754036545517,-1.14869807362665,8.526757044747745,-4.182954995630768,-1.3759320132141346,-77.89958502357757,50.30088399706937,8.109923478002857,-4.417545609900672,418.15,10.5,0.05
317,0.0001820568514811669,0.2904516386332082,5.287871083710759e-05,4.2327153429331595e-09,0.7490294498986472,3.1704284448947923e-09,0.9978025990019459,1.0001790284204937,0.9979812340252097,5.743922514970902e-05,1.0099454229454774,5.801048253748339e-05,0.004697110346343798,0.7462190577718604,0.0035050732568991257,0.050002956938899334,0.7520645918844353,0.03760545340326832,0.061154836911038436,0.7489720010468514,0.04580326057495429,0.005005990887354141,0.7187958748094775,0.0035982855991639933,5.792405671170161e-05,1.0,5.792405671170161e-05,0.0010846692681941636,0.7481745411222157,0.0008115219320005379,3.597590120140124e-15,1.0,3.597590120140124e-15,1.0,1.0,1.0,0.004936606422974674,0.06133689799523492,-13.8168446316314,-1.1600902221184626,8.498882044192214,-4.110128048737911,-1.318348967885565,-77.0799415880081,49.907181502042036,8.084175999318836,-4.4237022710052125,423.15,10.5,0.05
318,0.00016392761131336025,0.28453819577477946,4.6643666760772815e-05,4.5084296422988825e-09,0.7450162111105095,3.3588531701638203e-09,0.9978011476958418,1.0001821756402296,0.9979829227587452,6.700565842150917e-05,1.009950077237572,6.767236989815757e-05,0.004732739260804614,0.7431406176872227,0.0035170907776269117,0.050002996745052083,0.7484210316792884,0.03742329441098798,0.061181947772585815,0.7453423668683943,0.04560149776243759,0.0049799355722404985,0.715033701104271,0.003560821763479939,5.692122543534639e-05,1.0,5.692122543534639e-05,0.0011384254802915348,0.744633393013258,0.0008477096280822335,3.733594993128088e-15,1.0,3.733594993128088e-15,1.0,1.0,1.0,0.004963672530539484,0.06134587989232881,-13.79285763138457,-1.1717602168485672,8.473808980612453,-4.040330497952186,-1.2624307554075858,-76.28514358359082,49.52618128905258,8.060443002533393,-4.430470048159507,428.15,10.5,0.05
319,0.00014678788156821575,0.2810720638500772,4.125797282055913e-05,4.773224905327504e-09,0.7410165088400652,3.5370384552542326e-09,0.9977996278365714,1.000185319500312,0.9979845395650137,7.786232024267889e-05,1.0099550320723003,7.863744213791845e-05,0.004767838034008711,0.7400827040984181,0.0035285944649124513,0.05000303725461065,0.7448013392021803,0.03724232911141052,0.061210809022686316,0.7417252748495061,0.04540160414611265,0.004952109955355934,0.7112974028829104,0.0035224229500352804,5.593923889476798e-05,1.0,5.593923889476798e-05,0.0011942527887995092,0.741116611006544,0.0008850805795202061,3.87231085534906e-15,1.0,3.87231085534906e-15,1.0,1.0,1.0,0.004992488235819606,0.061357601677479424,-13.772506215647772,-1.1836950810401896,8.45136021843972,-3.9732078863433262,-1.2081210616856388,-75.51403864564159,49.15718981730895,8.03852171586033,-4.437247456887662,433.15,10.5,0.05
320,0.00013275051767288148,0.2755348464042578,3.657739349708309e-05,5.025655530053354e-09,0.7370286276242076,3.7040519982272387e-09,0.9977980152093907,1.0001885057995432,0.9979861059220304,9.014698657765532e-05,1.0099605736834498,9.104490227980296e-05,0.004801823567688043,0.7370117286146146,0.0035390002881241596,0.050003078058378315,0.7411719758378615,0.03706088016250309,0.061243087734404476,0.7381234021733062,0.045204956278116916,0.004920855388075196,0.7075540093293129,0.003481770959162356,5.4969130752936115e-05,1.0,5.4969130752936115e-05,0.0012518347105726672,0.7375906358333902,0.0009233415601296021,4.012393935163069e-15,1.0,4.012393935163069e-15,1.0,1.0,1.0,0.0050247210719385794,0.061375843277732885,-13.755524569965756,-1.1958825258922585,8.431322925233987,-3.9086281169447226,-1.155365999163164,-74.76573195343528,48.799744609276985,8.018320731843168,-4.4440472513094305,438.15,10.5,0.05
321,0.00012158248937342892,0.2673222111363294,3.250169989476432e-05,5.262838720221841e-09,0.733053818441678,3.857944019701335e-09,0.9977963153863555,1.0001917312833468,0.9979876241544231,0.00010398597354130423,1.009966644877055,0.00010502236481178524,0.00483446950415546,0.7339292474578974,0.003548158565042971,0.05000311906299784,0.7375346735522564,0.03687903409472272,0.061278450730952574,0.7345377301272005,0.0450113341056254,0.004886508524435032,0.7038050932147442,0.003439149587534639,5.400730012796238e-05,1.0,5.400730012796238e-05,0.0013111939234560991,0.7340569605313225,0.0009624910261193235,4.1536512062028075e-15,1.0,4.1536512062028075e-15,1.0,1.0,1.0,0.005060037967070193,0.06140003848316472,-13.741833465024998,-1.208325614253749,8.413644078431686,-3.8465648230082596,-1.1041141635803222,-74.03946704115758,48.45349590967,7.999801230295327,-4.450877600974913,443.15,10.5,0.05
322,0.0001106035948591517,0.2618402353198385,2.8960471305140376e-05,5.48009627405951e-09,0.729093937344626,3.99550496948167e-09,0.9977945621624661,1.000194949550649,0.9979890817639997,0.00011948023063195433,1.0099728449714507,0.00012067178844919994,0.004866021028770979,0.7308697406822887,0.0035564275274524103,0.05000316058215653,0.7339241692139081,0.036698528088328866,0.06131456429805638,0.7309649430781522,0.044818797001990485,0.004851401368568338,0.7000845397932071,0.0033963910944662997,5.3055872576364604e-05,1.0,5.3055872576364604e-05,0.0013727796089385042,0.7305498650383508,0.0010028839580374241,4.297233103029216e-15,1.0,4.297233103029216e-15,1.0,1.0,1.0,0.005096104854262085,0.061425173373011815,-13.731535423098983,-1.2210432563738367,8.398428324835486,-3.787087270552588,-1.0543164906489426,-73.33461325189288,48.1181952397843,7.982971662368396,-4.457744552238499,448.15,10.5,0.05
323,0.0001003368260590142,0.25777427783776,2.5864252877895315e-05,5.679372926161617e-09,0.7245233402498079,4.114838242986942e-09,0.997792695285389,1.0001987541935937,0.9979910107679142,0.00013666304546715793,1.0099795107838987,0.00013802687580315778,0.004897882241661593,0.7272003669581493,0.0035617417634541126,0.050003203843498205,0.7297055998352627,0.036487617854304766,0.06135339019562703,0.7267801259362763,0.04459042465299532,0.004813648245828618,0.6957859197117119,0.003349268671892535,5.204038859816002e-05,1.0,5.204038859816002e-05,0.0014379878918935266,0.7264372518399074,0.0010446079723661955,4.439578393586643e-15,1.0,4.439578393586643e-15,1.0,1.0,1.0,0.005134882113187765,0.061453732701059,-13.724640836164465,-1.23404648548921,8.3856472325195,-3.7304280464882265,-1.005925880395724,-72.65073106390004,47.79376213870968,7.967921547443777,-4.465393785994349,453.15,10.5,0.05
324,9.202242261782224e-05,0.25160226168707567,2.3153049656567964e-05,5.85609370263387e-09,0.7199740707772074,4.216235621938082e-09,0.9977907550594634,1.000202590688613,0.9979928981756225,0.00015574073070809751,1.0099865324237642,0.00015729604056501458,0.004927968251379906,0.723530872506933,0.003565537168607369,0.05000324721544351,0.7254917824957346,0.03627694495290699,0.061394288250141545,0.7226177111808337,0.04436460005489364,0.0047738199651495665,0.6914942091616164,0.003301068861481034,5.102805208747683e-05,1.0,5.102805208747683e-05,0.0015052138290266063,0.7223288706530484,0.0010872594052121392,4.582244638289081e-15,1.0,4.582244638289081e-15,1.0,1.0,1.0,0.005175731404705826,0.06148631652885306,-13.720806227307108,-1.2473142069976777,8.375075126816343,-3.6761949013953794,-0.958897765068977,-71.98678163295916,47.47949307785709,7.954426383230737,-4.473104004431923,458.15,10.5,0.05
325,8.542250719618019e-05,0.24320522838272987,2.0775200371672393e-05,6.008316285033977e-09,0.7154469876923721,4.298631787230584e-09,0.9977887467446237,1.0002064546300349,0.9979947448511857,0.00017682335292028024,1.009993855070896,0.0001785904998825153,0.0049560876253451095,0.7198638763466892,0.00356770844949479,0.050003290622447356,0.721285436250703,0.03606664529058263,0.06143693913330999,0.7184781234755507,0.04414109674058218,0.004732238256971426,0.6872119967981446,0.0032520509018979043,5.001636084986046e-05,1.0,5.001636084986046e-05,0.0015744836224699972,0.718227285694717,0.0011308370985374115,4.724936742974429e-15,1.0,4.724936742974429e-15,1.0,1.0,1.0,0.00521833348546157,0.061522367648822435,-13.719964516561667,-1.2608493638034044,8.366669754143901,-3.6243686250750664,-0.9131893147207605,-71.3421224015444,47.1750590018613,7.942446904333393,-4.4808864883622075,463.15,10.5,0.05
326,7.81349125327969e-05,0.2392626084340715,1.8694762982365006e-05,6.132599774672104e-09,0.7109441825442886,4.359936133675542e-09,0.9977866985422373,1.0002103015631532,0.9979965346446342,0.00019997882078290433,1.0100011314324187,0.0002019788352532543,0.0049825515474032234,0.7162309390888595,0.003568657573855262,0.05000333440865864,0.7171182710004042,0.035858304715392295,0.06147932015732222,0.7143586985323654,0.04391828713423933,0.004690923279824396,0.6829701745520523,0.0032037606912319544,4.9008299920473814e-05,1.0,4.9008299920473814e-05,0.0016462472289701258,0.7141638525420734,0.0011756902632780184,4.8686228329738274e-15,1.0,4.8686228329738274e-15,1.0,1.0,1.0,0.005260665280718925,0.06155746120245478,-13.722196592599252,-1.2746683775611123,8.360519872427615,-3.575000347144445,-0.8687595592957787,-70.71620213664386,46.88020028580077,7.931977095010216,-4.488750116970383,468.15,10.5,0.05
327,7.216271495957686e-05,0.2336933739854839,1.686394833485628e-05,6.2296380851610596e-09,0.7064639468266288,4.4010147089443575e-09,0.9977845905952756,1.000214171604528,0.9979982877220168,0.0002253224762920283,1.0100086192490374,0.0002275776431654856,0.005006743191374489,0.7126035493287688,0.0035678229687511076,0.050003378115832296,0.7129617661696392,0.03565049677591208,0.0615229323991224,0.7102616918510287,0.04369738205343714,0.004648380610116767,0.6787408556786905,0.003155045832830887,4.799660909445972e-05,1.0,4.799660909445972e-05,0.0017201112815177905,0.710110157671083,0.0012214684933304063,5.0116139093928756e-15,1.0,5.0116139093928756e-15,1.0,1.0,1.0,0.005304228382626094,0.06159510134372007,-13.727278301164258,-1.2887593525528016,8.356447179948145,-3.527992759530161,-0.8255692630181848,-70.10833985826187,46.59450587911428,7.922934354679887,-4.496713651780672,473.15,10.5,0.05
328,0.007453454826390644,0.3882781728251051,0.0028940138212254205,1.3985092536384973e-11,0.808368388256028,1.1305106713248939e-11,0.9977048128109132,1.0001717085628723,0.9978761272704917,4.5403406725245237e-08,1.0110442188598017,4.590485188609939e-08,0.0015751152993428877,0.7722968400248368,0.001216456568357287,0.050002159524995544,0.7928673395876746,0.03964507919622172,0.06755116718663569,0.8027805797940085,0.05422876515984941,0.0009249358558030845,0.768752070394174,0.0007110463541304285,4.649381400268867e-05,1.0,4.649381400268867e-05,0.0001420468676979679,0.7905343598253359,0.00011229292962080724,5.879633599559151e-16,1.0,5.879633599559151e-16,1.0,1.0,1.0,0.009028615529140258,0.07500462202701143,-17.05402032652735,-0.924307609002237,10.946725333826677,-8.167405697927046,-4.176786255381236,-118.82742032330046,69.94991168424212,10.19358318357439,-4.241674564486542,273.15,11.0,0.05
329,0.0071502884909823905,0.3869329604036114,0.0027666822935556866,1.7722013905846158e-11,0.8073487928687304,1.4307846534087728e-11,0.9977088429204718,1.000170481360925,0.9978789336818197,5.131432770104132e-08,1.0109988810414514,5.1878727887147104e-08,0.0016144509503105483,0.7724804084069173,0.0012471317294488278,0.050002194656942715,0.7928846952462963,0.039645974872216015,0.06728738353156383,0.8022823757596814,0.053983481918355905,0.0011891073520004843,0.768022508586201,0.0009132612114617064,4.615411744264536e-05,1.0,4.615411744264536e-05,0.00018105360806732506,0.7901254933451702,0.00014305507139611832,7.490948165662765e-16,1.0,7.490948165662765e-16,1.0,1.0,1.0,0.00876479075562064,0.07443767204026822,-16.90545715906458,-0.9330276859370119,10.84442572673919,-8.030927919938945,-4.024828189667663,-116.64883209299445,68.97569789301768,10.099171569958225,-4.245890103258879,278.15,11.0,0.05
330,0.006797909573885036,0.38557613526082235,0.002621111701351136,2.2357307356165965e-11,0.8064614984128976,1.8030307590931303e-11,0.9977135364738046,1.0001690828142777,0.9978822326863946,5.912828981803399e-08,1.0109461283203658,5.977551566574593e-08,0.0016598346404959568,0.7727621992310063,0.001282657467149463,0.050002235332099,0.7929401353670371,0.03964877925288903,0.0669804437248364,0.8017918960696124,0.05370437697372055,0.0014963387240343104,0.7673988353429098,0.001148288594102425,4.591829307531936e-05,1.0,4.591829307531936e-05,0.00022621590279434282,0.789808744489938,0.00017866729816965788,9.341059434428231e-16,1.0,9.341059434428231e-16,1.0,1.0,1.0,0.008457803342670812,0.07377835332107874,-16.760683381575483,-0.9416658811183913,10.74399686429786,-7.892537863401715,-3.8787204358984915,-114.55133848267019,68.02928971902783,10.006593546450054,-4.250693513845735,283.15,11.0,0.05
331,0.006398917571943703,0.3845587980474675,0.00246076005027149,2.8099816026878945e-11,0.8056921033139972,2.263979987743247e-11,0.9977188577543356,1.0001674354549719,0.9978859112652178,6.936321400629629e-08,1.0108863565123904,7.011832668281394e-08,0.0017109631589603685,0.773227696803483,0.0013229641027185375,0.050002281276639096,0.7931273040657979,0.03965817454608049,0.06663264424979537,0.8012984839258672,0.05339263681733268,0.0018443344087159762,0.7669668791356756,0.0014145434055354345,4.5785045499082735e-05,1.0,4.5785045499082735e-05,0.0002772302896923224,0.7896725502929277,0.00021892114987978335,1.1411685480030949e-15,1.0,1.1411685480030949e-15,1.0,1.0,1.0,0.008109950094118077,0.07303156184983889,-16.619234475451634,-0.9502069140758531,10.64512741637559,-7.75231183112568,-3.738156900962295,-112.53042393272467,67.10961634882368,9.91570427853554,-4.2559171002039236,288.15,11.0,0.05
332,0.005960826303120084,0.3836828482655771,0.0022870668139974844,3.522833633828801e-11,0.8050327808811404,2.8359965568228092e-11,0.9977246998427667,1.000165615956411,0.997889938973166,8.273768344363643e-08,1.010820726635285,8.363296529861671e-08,0.0017670719197541672,0.7738153679703205,0.001367387407814592,0.05000233178267364,0.7933897329111769,0.03967133665799148,0.06625073422852196,0.8008050399615587,0.05305392187135414,0.0022263663129565973,0.7666660521556237,0.0017068794718067058,4.573237563515108e-05,1.0,4.573237563515108e-05,0.00033331164212573966,0.7896561340540849,0.00026320158275623017,1.3663761147968904e-15,1.0,1.3663761147968904e-15,1.0,1.0,1.0,0.007727980960557695,0.07221156056687039,-16.480433719895522,-0.9586213177147362,10.547294300764626,-7.610293097375569,-3.6028522552562694,-110.5818421407488,66.2155579977961,9.826343287542423,-4.261475303627273,293.15,11.0,0.05
333,0.005493792274922464,0.38291858459847095,0.002103675161991323,4.4075258355796025e-11,0.8044625871466585,3.54568963660611e-11,0.9977309159312727,1.0001636736651107,0.9978942182070775,1.001660722627215e-07,1.010750817786206,1.0124293945397788e-07,0.0018271878691292224,0.7745007221044266,0.0014151583240610312,0.05000238595304996,0.7937092170387086,0.0396873546048626,0.06584389697912263,0.8003058016258336,0.05269525275404554,0.00263327372772151,0.766472230180241,0.0020183311867617427,4.573644496031256e-05,1.0,4.573644496031256e-05,0.0003934649234522378,0.7897371392520917,0.00031073386304321344,1.6051097661166878e-15,1.0,1.6051097661166878e-15,1.0,1.0,1.0,0.00732108031012395,0.07133768929812033,-16.344017630488853,-0.9669013862161261,10.450299281991839,-7.466836231023534,-3.472540352342587,-108.70194857310783,65.34632474746138,9.738513666554157,-4.267272885344782,298.15,11.0,0.05
334,0.005027316143362531,0.37857033935588236,0.0019031927784420584,5.530055529683094e-11,0.8035741035124863,4.443809414639355e-11,0.9977370665449727,1.0001625967413605,0.9978992953407275,1.2311809874234133e-07,1.0106812806700205,1.244331577105676e-07,0.0018888742984215082,0.7743284465215564,0.0014626091011712213,0.05000244148595309,0.7931181725998434,0.03965784501686972,0.06543919522461784,0.7994409995972334,0.05231477564320698,0.003038110906265036,0.765439350764117,0.0023254896396408915,4.567712280909192e-05,1.0,4.567712280909192e-05,0.00045513630255369464,0.7889490937710689,0.00035907937344205256,1.844060422452417e-15,1.0,1.844060422452417e-15,1.0,1.0,1.0,0.006916313559882781,0.07046651142328092,-16.20781120464484,-0.9749233875475538,10.352244575281428,-7.321401272171903,-3.3469724009559694,-106.88647767488996,64.500269332813,9.651782716055264,-4.273821969771045,303.15,11.0,0.05
335,0.00454522764383564,0.3770269158240512,0.0017136731602735702,6.89702913357966e-11,0.8026534804974192,5.5359244391598113e-11,0.997743388196969,1.000160997003497,0.9979040218927276,1.5254750491980263e-07,1.0106095825112786,1.54165970260139e-07,0.0019535571568323074,0.7747239809107695,0.0015134675774778502,0.05000249977854529,0.7930774263266673,0.03965585383426845,0.06502188723858575,0.798472789700377,0.05191820769497692,0.00345549732744684,0.7649790774992471,0.0026433831578513978,4.567857140482394e-05,1.0,4.567857140482394e-05,0.0005198777570603051,0.7887416780101333,0.00041004925446388963,2.0921637155228816e-15,1.0,2.0921637155228816e-15,1.0,1.0,1.0,0.006498937348172867,0.06956711495139166,-16.07604935052093,-0.9829468830948583,10.256809846275267,-7.176733529120462,-3.2259165893357022,-105.13470394645731,63.67907381476751,9.567372022861283,-4.2802534595917665,308.15,11.0,0.05
336,0.0040727514772337095,0.37528203179689357,0.0015284304493800663,8.580241868249425e-11,0.8017401899058351,6.879124744888294e-11,0.9977495111743185,1.000159487023524,0.9979086392740784,1.906137626536963e-07,1.0105396669304967,1.9262276822443493e-07,0.0020189651091481343,0.7750871540132177,0.0015648739205016125,0.05000255872524609,0.7929810678420698,0.039651082412781445,0.06461492608180418,0.7974815098003677,0.051529208807356355,0.0038625453884701096,0.7644955475045021,0.0029528987515194463,4.567244729420231e-05,1.0,4.567244729420231e-05,0.000585353990274868,0.788508591275626,0.0004615566502692025,2.339288566595782e-15,1.0,2.339288566595782e-15,1.0,1.0,1.0,0.006091907200144497,0.06868767764484032,-15.946956889284529,-0.9908747994109139,10.16246681505608,-7.032324332487771,-3.109155468050779,-103.44288388075755,62.88121683508766,9.484889294125049,-4.286684453344646,313.15,11.0,0.05
337,0.003618470427341171,0.3737136049797828,0.0013522716279144036,1.0637016466001588e-10,0.8008023425471548,8.518147703686743e-11,0.9977553055708256,1.0001580544729454,0.9979130052597761,2.3965604206784147e-07,1.0104728931138434,2.4216593418050465e-07,0.002084428208979447,0.7754483194243215,0.0016163663516137604,0.05000261771971645,0.7928650299067584,0.03964532699375919,0.06422622622117874,0.7964523420250506,0.05115312829328851,0.0042513453144883894,0.7640174590187552,0.0032481020445867103,4.5653227495558393e-05,1.0,4.5653227495558393e-05,0.0006508942296822878,0.7882823946865042,0.0005130884620615814,2.583078469079513e-15,1.0,2.583078469079513e-15,1.0,1.0,1.0,0.005703138292362686,0.06784469675489009,-15.821035777911293,-0.9987467688929649,10.069654833581364,-6.88886198693505,-2.996485558066299,-101.8086888046062,62.10642393379044,9.40455260635204,-4.293035482327741,318.15,11.0,0.05
338,0.0031917083492486197,0.372091634200294,0.0011876079755626415,1.313582226554696e-10,0.7998188465670744,1.0506278213139875e-10,0.9977606313818891,1.0001567825484166,0.9979170628363868,3.0267656875220205e-07,1.0104107322422322,3.058276534654787e-07,0.0021491888323996577,0.7757457292775973,0.0016672240581451407,0.05000267607295461,0.792670725454356,0.03963565751740809,0.063864356083691,0.7953831835767662,0.050796634858926354,0.004613338011359295,0.7634822791684025,0.003522201819486819,4.5610634966645566e-05,1.0,4.5610634966645566e-05,0.0007157365998383873,0.7880019557601831,0.0005640018404817927,2.820797703967408e-15,1.0,2.820797703967408e-15,1.0,1.0,1.0,0.00534119985821703,0.06705606456429782,-15.698479214267067,-1.0065846183211804,9.978551102977832,-6.746810060436449,-2.887716085001082,-100.22976613204185,61.354245493976094,9.326479014080334,-4.29927008732251,323.15,11.0,0.05
339,0.0028017890778515107,0.3696176536197064,0.0010355907048927961,1.6163273193811835e-10,0.7983480194532642,1.2903917142161734e-10,0.9977653320769668,1.000156104538788,0.9979210877739492,3.833449054865526e-07,1.0103547371754327,3.8731434123040706e-07,0.002212965611505164,0.7755436599142024,0.001716251449610985,0.05000273349470266,0.7919574495866284,0.039600037290824605,0.06353836146617751,0.7938547951525092,0.050440232926058426,0.004939521817922763,0.7624595972179793,0.0037661858157428097,4.550013626356626e-05,1.0,4.550013626356626e-05,0.0007795625479766534,0.7872266289751971,0.0006136923967189766,3.048549821433295e-15,1.0,3.048549821433295e-15,1.0,1.0,1.0,0.005015138034262161,0.06634015070566175,-15.579442764842248,-1.0144084909139484,9.889278434275129,-6.606663868443733,-2.7826679029659944,-98.70398002900932,60.62431175353831,9.250812034419765,-4.305787878785257,328.15,11.0,0.05
340,0.0024487646408254955,0.3668522868640299,0.0008983349084786078,1.9787474929996038e-10,0.7968085511464881,1.5766829229817615e-10,0.9977694203675832,1.00015565137408,0.9979247245488784,4.862531796265396e-07,1.0103048463468813,4.912639439282735e-07,0.0022753497921644524,0.7752266575481458,0.0017639118141325172,0.05000278965938654,0.7911201982290856,0.039558216867341144,0.06324788985325785,0.7922881293331646,0.05011055233610771,0.005230206079386586,0.7613274411055803,0.00398189941087424,4.536445539474433e-05,1.0,4.536445539474433e-05,0.0008420152385440442,0.7863468204884351,0.0006621160056319203,3.267919983155119e-15,1.0,3.267919983155119e-15,1.0,1.0,1.0,0.004724600686169575,0.06569665469195811,-15.464347222315176,-1.0222566797812838,9.802255636185944,-6.468764311450295,-2.6811730305113652,-97.2292106710579,59.91614361276974,9.177627245749385,-4.312137645959916,333.15,11.0,0.05
341,0.00213158404028025,0.36423520023933637,0.0007763979397384504,2.408138136533546e-10,0.7951931101160861,1.914934854379268e-10,0.9977729108521142,1.0001553813488766,0.997927946152875,6.169213652156655e-07,1.0102608975055574,6.232515321131319e-07,0.0023364472726992436,0.7748302047878712,0.0018103499187816178,0.05000284467421068,0.7901965927724185,0.03951207749048975,0.06299200179080955,0.790678536682324,0.04980642379864764,0.005486322802413914,0.7601198808261473,0.004170263034744639,4.5211186731636126e-05,1.0,4.5211186731636126e-05,0.0009032192017390025,0.7853978846106389,0.0007093864503855223,3.4798380188232863e-15,1.0,3.4798380188232863e-15,1.0,1.0,1.0,0.004468648234344709,0.06512358607190359,-15.353572289087623,-1.0301663909172865,9.717845996037315,-6.333480830872132,-2.583073426166198,-95.80352382068152,59.229333992627,9.107023297791589,-4.318301929144468,338.15,11.0,0.05
342,0.001850467526913468,0.36362659898750654,0.0006728792133483666,2.912410126039062e-10,0.7934804768178544,2.3109405754986204e-10,0.9977758021150028,1.0001551849438746,0.9979306418968535,7.822011095404049e-07,1.0102229146667747,7.901974847354925e-07,0.0023961753748544656,0.7744518598098998,0.0018557224754867244,0.05000289847351185,0.7892874239760657,0.03946665892749492,0.06277084162607015,0.7890094085696738,0.049526784626806264,0.005707724620260609,0.7589315266962705,0.004331772160016276,4.504325979633519e-05,1.0,4.504325979633519e-05,0.0009631083948573063,0.7844781811927359,0.000755537521889115,3.684485388249703e-15,1.0,3.684485388249703e-15,1.0,1.0,1.0,0.004247425102877474,0.0646067847009186,-15.247719038756127,-1.0381914099282081,9.636597944113879,-6.201273558144106,-2.4882203450929032,-94.42522073057617,58.563607278660015,9.039152048635602,-4.324316416097359,343.15,11.0,0.05
343,0.0015966087325568782,0.36090442517863414,0.0005762231568586279,3.4962876797391416e-10,0.7917342691018886,2.7681307706882053e-10,0.9977782184406329,1.0001552997314986,0.9979331731300518,9.89896581468811e-07,1.0101895439174329,9.999831761594043e-07,0.002455451781640239,0.7738572479670611,0.0019001691582559328,0.050002951904844994,0.7881533801541383,0.03940999556148839,0.06257652947002919,0.7873325570741507,0.04926853896046404,0.005902277154604349,0.7575331458055696,0.004471170580343778,4.487610340488571e-05,1.0,4.487610340488571e-05,0.0010226315134546184,0.7833482586042839,0.0008010766152585387,3.88542381365506e-15,1.0,3.88542381365506e-15,1.0,1.0,1.0,0.0040530504107785855,0.06417313855221483,-15.145898512846733,-1.0462849757019488,9.557813397001851,-6.0717170454202405,-2.396473850746988,-93.09185067941905,57.917840172804254,8.973729455649517,-4.33007457413788,348.15,11.0,0.05
344,0.0013851246330267126,0.3570961379987336,0.0004946226571007521,4.17568406371086e-10,0.7894728948024733,3.296589385558371e-10,0.9977799263134756,1.0001560473148305,0.9979356271917686,1.2505913377200965e-06,1.0101632052281198,1.2633013541418557e-06,0.0025132445996791375,0.7727161332264544,0.0019420246489163318,0.05000300399130399,0.7864623469918358,0.03932547987564306,0.06242315984531075,0.7851993114383351,0.04901462212834313,0.006055947752032145,0.7555987553837051,0.004575866584104234,4.4646509601080395e-05,1.0,4.4646509601080395e-05,0.0010807146538104576,0.7816765970501581,0.0008447693529727984,4.0746140933236905e-15,1.0,4.0746140933236905e-15,1.0,1.0,1.0,0.0038996198240435704,0.06380828489590588,-15.048661110227483,-1.0544976587595258,9.481935144058465,-5.9453899173115135,-2.3077016666792836,-91.8020903941284,57.291949966032625,8.910980204064362,-4.336170277832559,353.15,11.0,0.05
345,0.001200928189530392,0.3534807609267636,0.00042450501025360356,4.950995956151078e-10,0.787150921869872,3.897181031058332e-10,0.9977811653581214,1.0001569417554863,0.9979377588858039,1.5757939936714813e-06,1.0101414490808975,1.5917748282202859e-06,0.002570367421636108,0.7715064191715871,0.001983054965421779,0.05000305553253464,0.7846994266809849,0.039237369008677386,0.062296471750308426,0.7830380937667518,0.04878051048775581,0.006182935881364428,0.7535984915476568,0.004659451153532115,4.441710699972031e-05,1.0,4.441710699972031e-05,0.001138257030812049,0.7799440538807848,0.0008877768029698548,4.259461469744342e-15,1.0,4.259461469744342e-15,1.0,1.0,1.0,0.0037728714051601716,0.06349740043493841,-14.956231016160146,-1.062859031591015,9.409249419980052,-5.822285777500103,-2.221779491675853,-90.5541456084245,56.68530133984249,8.850841612029932,-4.34211223348674,358.15,11.0,0.05
346,0.0010423003219213456,0.3495996674319261,0.0003643878459078919,5.828010530629744e-10,0.7847741035053123,4.5736717393944756e-10,0.9977819636725531,1.0001579973081434,0.9979396105369274,1.9797505841002794e-06,1.0101239918043081,1.999793562788283e-06,0.0026268748052737005,0.7702124388972578,0.002023251650447615,0.05000310659075471,0.7828491766868111,0.03914489082635519,0.062194814981492645,0.7808542149272387,0.0485650834249183,0.006284891564488776,0.7515167345883698,0.004723201185786593,4.41881625055421e-05,1.0,4.41881625055421e-05,0.0011953419599338138,0.7781341207413748,0.0009301363649783699,4.440302996471425e-15,1.0,4.440302996471425e-15,1.0,1.0,1.0,0.0036711548777791465,0.06323711588621503,-14.868539738136953,-1.0713784669443858,9.339735008702911,-5.702411640796528,-2.1385897829172147,-89.34634094838599,56.097303963898,8.79326293565754,-4.34791812927054,363.15,11.0,0.05
347,0.0009130174279129516,0.34240211469346327,0.00031261909806938143,6.815757995614867e-10,0.7823502968693374,5.332310291258854e-10,0.9977822741317716,1.000159323268441,0.9979412440648786,2.4800864822960804e-06,1.0101113824435761,2.505163585211719e-06,0.002682171963419543,0.7687389231044699,0.002061889986740141,0.050003156636071806,0.7808160442982587,0.039043266967003804,0.06212138815459141,0.7786647888029948,0.04837173758754378,0.006358626560696374,0.7492593122352311,0.0047642601636280375,4.394857493867442e-05,1.0,4.394857493867442e-05,0.0012513988201535802,0.7761508024255884,0.000971274198416636,4.61497153156724e-15,1.0,4.61497153156724e-15,1.0,1.0,1.0,0.0035976694778147907,0.06303440626408016,-14.785201731762598,-1.0800419054858992,9.273084586591148,-5.585635168579425,-2.0580214811496043,-88.17695934848646,55.52725721704528,8.738128230951109,-4.353610518506254,368.15,11.0,0.05
348,0.0007939788391164842,0.33873028432929814,0.00026894467792537276,7.904361574252052e-10,0.7798824051799093,6.164472515939348e-10,0.9977823649927526,1.0001606007851047,0.9979426096239341,3.0946564952460788e-06,1.0101006921339513,3.1259146677648936e-06,0.002738284375309037,0.7673457189569052,0.0021012107926799734,0.05000320754051912,0.7788618778761967,0.03894559212484192,0.06205913612628691,0.7764400575379335,0.048185199224648666,0.006421163666844306,0.7470829596058056,0.004797141956339312,4.37332561805437e-05,1.0,4.37332561805437e-05,0.0013085236558176472,0.7742533622607222,0.0010131288401145052,4.79142046862217e-15,1.0,4.79142046862217e-15,1.0,1.0,1.0,0.003535357870920767,0.06285311575583957,-14.707069554677688,-1.088925428129683,9.210104079363092,-5.472309535212297,-1.9799696291972062,-87.0448597571272,54.974972948537726,8.685568226719349,-4.359181546851478,373.15,11.0,0.05
349,0.0006933194496019546,0.3340690793679232,0.0002316165902364001,9.106009738921089e-10,0.77693829196824,7.074807653203499e-10,0.9977820959937811,1.000162391199124,0.9979441270248139,3.846598909790121e-06,1.0100932933464115,3.88542376097262e-06,0.0027950472508581226,0.7654587343813302,0.002139493331177875,0.05000325912789359,0.7764060095386168,0.03882283088341328,0.06201605193262383,0.773766757886191,0.04798595944080798,0.0064645635673144745,0.7444266837048557,0.004812393618015146,4.348824433719757e-05,1.0,4.348824433719757e-05,0.0013665439979547256,0.7718637633341086,0.001054785793022973,4.9633132186568065e-15,1.0,4.9633132186568065e-15,1.0,1.0,1.0,0.0034922132993698675,0.06270937229282676,-14.63356529830426,-1.0980011668477467,9.150285363052841,-5.362309278677287,-1.9043347150833767,-85.94850642220766,54.43980995892877,8.635478045547108,-4.365133835135234,378.15,11.0,0.05
350,0.0006027103191917426,0.3317718272669298,0.0001999623039108789,1.040975784216338e-09,0.7739705284712639,8.056845778357081e-10,0.997781614218855,1.0001641927161806,0.9979454426922487,4.7624486426885975e-06,1.010087760492177,4.810491083952334e-06,0.002852461280907318,0.7635900781431967,0.0021781111323884617,0.050003311465125336,0.7739677846917625,0.03870095220191527,0.06198383393751685,0.7710808065927385,0.04779454466825085,0.006497080911861036,0.7417911280209709,0.004819476978452918,4.326061746033864e-05,1.0,4.326061746033864e-05,0.0014255606822154779,0.7694973953758123,0.001096965231914976,5.136036527383324e-15,1.0,5.136036527383324e-15,1.0,1.0,1.0,0.0034599340487417494,0.06258654529768437,-14.564845490321872,-1.1072947958617,9.093834949406656,-5.255577540224037,-1.831022840780425,-84.88651010445238,53.921218390377796,8.587789866247098,-4.3709961617291215,383.15,11.0,0.05
351,0.0005283742510530045,0.32713920128985646,0.000172851930471606,1.1820469233685276e-09,0.7709780173669734,9.113321934133978e-10,0.997780839342366,1.000166159631925,0.9979466302393729,5.874817670917524e-06,1.0100850109877821,5.934065271679948e-06,0.002909614815092863,0.7616199376569417,0.0022160206540767407,0.050003363745256796,0.7714269712954623,0.03857394344858877,0.06196782496128286,0.7683939572830458,0.04761570224622323,0.006513388583518463,0.7390581579923547,0.0048137729688235865,4.3033566349847546e-05,1.0,4.3033566349847546e-05,0.0014847104973556373,0.7670340805015877,0.0011388235511502363,5.306190137860583e-15,1.0,5.306190137860583e-15,1.0,1.0,1.0,0.003443863883816785,0.062496200394382764,-14.500396859873396,-1.1167810245052325,9.04032328771527,-5.15191205390719,-1.7599448563179008,-83.8574085275266,53.41852509386829,8.542366060964119,-4.376795013725526,388.15,11.0,0.05
352,0.00046425450748720514,0.32253827618838804,0.00014973984855761228,1.3327670555166882e-09,0.7679675775015568,1.0235218869990331e-09,0.9977798572253104,1.0001681949954542,0.9979476788038607,7.218662995737478e-06,1.0100841100433093,7.29145678775206e-06,0.0029670852796220126,0.7596207332824632,0.0022538594958180754,0.05000341652759705,0.7688567223716474,0.038445462938792536,0.06196258130404737,0.7657028439584459,0.047444924723515504,0.006518922511614243,0.7362993215622172,0.004799878222618232,4.281562802574042e-05,1.0,4.281562802574042e-05,0.001544649303006708,0.7645458524466897,0.0011809552180984488,5.476120454894045e-15,1.0,5.476120454894045e-15,1.0,1.0,1.0,0.0034385584501049555,0.06242683714430163,-14.44035078068441,-1.1264828135577332,8.989902865946005,-5.05135203680688,-1.6910162652750191,-82.86004816867828,52.93131849777557,8.49919206922577,-4.382532912116947,393.15,11.0,0.05
353,0.00041270758369886415,0.31482162134060304,0.00012992927063963907,1.4928954527496977e-09,0.7649420411875005,1.1419784949058896e-09,0.9977786411820075,1.0001703595581537,0.9979486223104546,8.836221851897643e-06,1.0100853848384264,8.925338549791744e-06,0.003024379800824709,0.7575426492049786,0.0022910966865187757,0.0500034693985322,0.7662072701928903,0.03831302178802308,0.06197000834048577,0.7630157426160183,0.047284091933836585,0.006511785293083474,0.7334655841417363,0.004776170403797036,4.259826406413581e-05,1.0,4.259826406413581e-05,0.0016049601735430952,0.7619826820000195,0.0012229518575395848,5.644176735257602e-15,1.0,5.644176735257602e-15,1.0,1.0,1.0,0.0034459236063754703,0.06238271741708008,-14.384417498611354,-1.1363903754178264,8.94234207440159,-4.953780519434386,-1.6241568752767725,-81.8931818866699,52.45904955563258,8.458177298442692,-4.388223751134645,398.15,11.0,0.05
354,0.0003651976934774088,0.309559092464548,0.00011305026656301282,1.6612534667922936e-09,0.7614296148845167,1.2649275874452236e-09,0.9977772661052488,1.00017293541922,0.9979498171350507,1.0768497919651678e-05,1.0100877423686812,1.0877127752362796e-05,0.0030836257405086253,0.7550318677020335,0.0023282357021502933,0.05000352429136261,0.7631207879824166,0.03815872885912254,0.061983740912611024,0.759847421168162,0.04709818568680298,0.006498366838633401,0.7302165114725144,0.004745214763175553,4.2359371125544005e-05,1.0,4.2359371125544005e-05,0.0016678303164050397,0.7589880566738368,0.0012658632907099716,5.810912413232548e-15,1.0,5.810912413232548e-15,1.0,1.0,1.0,0.003459591931905686,0.062348940267341904,-14.332915132824604,-1.1465413985868558,8.897934335573614,-4.859404498898334,-1.55929040575482,-80.95594473068661,52.00151071674851,8.419395023669688,-4.394397280078559,403.15,11.0,0.05
355,0.0003217023091351006,0.3066155317738944,9.863892458834866e-05,1.835891047713875e-09,0.7579152283679766,1.3914497826867834e-09,0.9977757732827416,1.000175513405796,0.997950896306931,1.3069966138633825e-05,1.010090975582117,1.320185484779788e-05,0.0031435864730747034,0.752539292461534,0.0023656723402392856,0.05000358017078616,0.7600538627230653,0.038005414258788506,0.06200257313035791,0.756681066606849,0.04691617316864838,0.006479838811656276,0.7269893194287856,0.004710773607694226,4.2131757112466776e-05,1.0,4.2131757112466776e-05,0.0017321648924616272,0.7560154786426182,0.0013095434702623165,5.978901063157256e-15,1.0,5.978901063157256e-15,1.0,1.0,1.0,0.003478358748348438,0.06232427727538406,-14.285618491259763,-1.1569308335578667,8.856532462700807,-4.76801451946476,-1.4963446916280472,-80.0471094993648,51.558093232632125,8.382711444433083,-4.400534234175136,408.15,11.0,0.05
356,0.0002860787937547473,0.3014545782316656,8.623976211236108e-05,2.0162312166458784e-09,0.7543968898998807,1.521038559156704e-09,0.9977741164733874,1.0001781823913976,0.9979519022515352,1.5801499175642912e-05,1.0100956328183297,1.596102530929934e-05,0.0032035376793694277,0.7499984443253476,0.0024026482758647055,0.0500036364287171,0.7569399569102672,0.037849750403709775,0.06202969819861866,0.7535226805689131,0.046740784461503815,0.006453018795669425,0.7237186213669015,0.004670169866456579,4.190380029902935e-05,1.0,4.190380029902935e-05,0.0017973497235844358,0.7529984079001589,0.0013534014802988705,6.145717148862766e-15,1.0,6.145717148862766e-15,1.0,1.0,1.0,0.0035054179722998177,0.062315779008604605,-14.242194984568114,-1.1675439329713264,8.817859776205566,-4.67948366329613,-1.4352509571756442,-79.16558200019541,51.12828581903852,8.348035410177914,-4.406651375800571,413.15,11.0,0.05
357,0.00025504571012496493,0.29636287467969175,7.5586079827358e-05,2.2002171140626635e-09,0.7508786319364196,1.6520960165704715e-09,0.997772341300769,1.0001808881285958,0.9979528264723515,1.9027489155979755e-05,1.0101012081405352,1.921968978433607e-05,0.003263749614947001,0.7474487358741482,0.0024394855239018736,0.05000369336958307,0.7538189162008869,0.03769372994190059,0.062062169684163664,0.7503704956197026,0.04656962102513996,0.006420850325113039,0.7204432981731879,0.004625858585300822,4.167881666011983e-05,1.0,4.167881666011983e-05,0.001863787154487739,0.7499760213747395,0.0013977956748120622,6.3126197661453334e-15,1.0,6.3126197661453334e-15,1.0,1.0,1.0,0.003537822814227946,0.06231721759450575,-14.202669127847674,-1.1783942585365035,8.781964715941205,-4.5938082494840815,-1.3759437999143704,-78.31043827743089,50.71171367752221,8.31533831822928,-4.412752602244319,418.15,11.0,0.05
358,0.0002302021325914768,0.28839310295685083,6.638870732534036e-05,2.3866182192601268e-09,0.7473612206363265,1.7836659055391439e-09,0.9977704315923939,1.0001836672818354,0.9979536893754601,2.2822076278209964e-05,1.010107910504415,2.3052759782755044e-05,0.0033237662172796844,0.7448615154063656,0.0024757455414594286,0.050003750643275675,0.7506622037355859,0.037535925652926044,0.06210120432924241,0.7472288195229708,0.04640380960189462,0.006382122928635816,0.7171352304708869,0.004576845197320779,4.145005551149906e-05,1.0,4.145005551149906e-05,0.0019311626614865064,0.7469196157749604,0.0014424232731164513,6.478304860834685e-15,1.0,6.478304860834685e-15,1.0,1.0,1.0,0.0035767904261493713,0.06233140884845212,-14.166838971525694,-1.1894764548172547,8.7486864890679,-4.510911600834328,-1.318360954738696,-77.48072514010451,50.307941080432194,8.284555788513913,-4.418848728876416,423.15,11.0,0.05
359,0.00020681179044315873,0.28267415121188655,5.846034732413041e-05,2.574393204301968e-09,0.7433117366534489,1.913576683518534e-09,0.9977683960410659,1.0001869312012341,0.9979549100858913,2.725404937963786e-05,1.0101152885825821,2.7529731954156865e-05,0.0033856244816339257,0.741768433834438,0.002511349369293129,0.05000381011685985,0.7469982854329018,0.0373527604224067,0.06214417383246124,0.7435570597712137,0.04620773917677608,0.006339500519873247,0.7133448210117111,0.004522249863652633,4.118446322359299e-05,1.0,4.118446322359299e-05,0.002001617707601111,0.7433595767602083,0.0014879216919581005,6.640423489432692e-15,1.0,6.640423489432692e-15,1.0,1.0,1.0,0.0036196903214567224,0.06235098819729761,-14.134849035804663,-1.2008137989932708,8.71815412943548,-4.430939900076995,-1.262442945916774,-76.67575298571563,49.91676631015902,8.25573551308661,-4.425553749045685,428.15,11.0,0.05
360,0.00018503512609168235,0.2789618376544613,5.16177388051607e-05,2.7601362381040153e-09,0.7392733914195809,2.040495277523239e-09,0.9977662858992301,1.0001901976907648,0.997956058742731,3.241531025809166e-05,1.0101230997847102,3.274345367838664e-05,0.003447660813731871,0.7386932268933978,0.0025467636917295144,0.05000387040762358,0.7433554576365484,0.03717064997045769,0.062189665325425,0.7398973725997094,0.046013969977137206,0.0062943573996255215,0.7095772763074273,0.004466332979731778,4.0918712532864413e-05,1.0,4.0918712532864413e-05,0.002073709212396892,0.739821160209896,0.0015341739554534189,6.802687395790781e-15,1.0,6.802687395790781e-15,1.0,1.0,1.0,0.003665111250081645,0.06237470321165291,-14.106530429471398,-1.2124032052305511,8.690264406011009,-4.353712778814536,-1.2081334559061558,-75.89454353811281,49.53766992133912,8.228761767875419,-4.432265628249277,433.15,11.0,0.05
361,0.00016707425721307933,0.27340669265588263,4.567922009256624e-05,2.9425228112098044e-09,0.7352445083016707,2.1634737374944045e-09,0.9977640777673925,1.0001935157445738,0.9979571608258107,3.84012437980886e-05,1.0101316377229745,3.8790311288362416e-05,0.0035092879605194537,0.7356005954657023,0.0025814343134187303,0.05000393106533349,0.73969845995006,0.03698783080047615,0.06223938853068678,0.7362526198908907,0.045823912866125194,0.006244991187168626,0.7057979833162659,0.0044077021857314705,4.0644844613655314e-05,1.0,4.0644844613655314e-05,0.0021470327457618677,0.7362690852719722,0.001580793835771062,6.963419075003753e-15,1.0,6.963419075003753e-15,1.0,1.0,1.0,0.0037147634615306217,0.062406465730422675,-14.081676811189679,-1.22423766161074,8.664848372353626,-4.27916048696843,-1.1553785954085365,-75.13626432345897,49.17025178680994,8.20357432060965,-4.438998001269774,438.15,11.0,0.05
362,0.00015276768948254817,0.26520141804425384,4.051420788211601e-05,3.1196301987553425e-09,0.7312265406173248,2.281156398241204e-09,0.9977617775685346,1.0001968841040927,0.9979582210022092,4.531189369936594e-05,1.0101408518516215,4.577139490048764e-05,0.003570273058044883,0.7324905149069235,0.0026151911506456117,0.05000399196782539,0.7360274348009819,0.03680430993788742,0.06229304899068875,0.7326241329938717,0.04563739100834812,0.006191698971564559,0.702006984945856,0.004346615926720392,4.0360060548923094e-05,1.0,4.0360060548923094e-05,0.0022215527339190105,0.7327032629341265,0.0016277389369226878,7.12224669045922e-15,1.0,7.12224669045922e-15,1.0,1.0,1.0,0.003768352641226797,0.06244581979980149,-14.060199838104166,-1.2363197130243184,8.64184493806195,-4.207252468807113,-1.1041269591446812,-74.40015468695645,48.81415796434013,8.180132257630394,-4.44575953603145,443.15,11.0,0.05
363,0.00013864152879612636,0.2598976504257512,3.603260758554735e-05,3.2884773860615916e-09,0.7272219755762106,2.391453021329406e-09,0.9977594289210044,1.0002002424185823,0.9979592226822149,5.324798816209895e-05,1.010150226063937,5.378846727939413e-05,0.0036309832761632624,0.7294070573464259,0.002648464826740329,0.0500040535405104,0.7323867334565204,0.03662230543211936,0.06234764120728354,0.7290076967343503,0.045451910313341434,0.006137482457201529,0.6982475862645653,0.004285482311482079,4.006873707806994e-05,1.0,4.006873707806994e-05,0.0022978421642934816,0.7291675229224487,0.0016755118790046358,7.280776264210516e-15,1.0,7.280776264210516e-15,1.0,1.0,1.0,0.0038228727931214875,0.06248628602455704,-14.042167892453278,-1.2486654901757297,8.621338146164712,-4.138003851254761,-1.0543294846071773,-73.68552983259505,48.469085832569995,8.158416958761247,-4.4525555719690795,448.15,11.0,0.05
364,0.00012565837576985475,0.25559566616432694,3.2117736264023345e-05,3.4505892411863545e-09,0.7226012728643137,2.4934001778131666e-09,0.9977569519733953,1.0002042076903905,0.9979607016161288,6.230315124218204e-05,1.0101602216085988,6.293616506571666e-05,0.0036930466294922202,0.7257078932819298,0.002680073089280731,0.05000411728861264,0.7281320289427728,0.03640959937684991,0.06240585118147581,0.7247758080250893,0.045230251215547614,0.006079708315498969,0.6939043748319708,0.004218736197827045,3.972026452529565e-05,1.0,3.972026452529565e-05,0.0023776656469215135,0.7250202623101919,0.0017238557710169684,7.431503935236298e-15,1.0,7.431503935236298e-15,1.0,1.0,1.0,0.003881008156504257,0.0625315130078349,-14.027460868025315,-1.2612744472635486,8.603208013887444,-4.0714914285933945,-1.0059390701911406,-72.9917944460052,48.13479914122402,8.138440048700945,-4.460136004882675,453.15,11.0,0.05
365,0.0001161472918780914,0.24700688755927766,2.8689181065246336e-05,3.602215354637525e-09,0.7179997074290894,2.5863895707263185e-09,0.9977543925443019,1.000208232333013,0.9979621572692353,7.260799421222163e-05,1.0101708046278788,7.334647593577632e-05,0.003753808668493086,0.7219911122371161,0.0027102164956906514,0.05000418097346474,0.7238644080340361,0.03619624685958386,0.062467481516336444,0.7205677734192857,0.04501205406733694,0.006018532298934782,0.6895506917168626,0.004150083109850759,3.935321948823073e-05,1.0,3.935321948823073e-05,0.0024586685939030186,0.7208596790935289,0.0017723550535982684,7.578584336007416e-15,1.0,7.578584336007416e-15,1.0,1.0,1.0,0.003942563954583399,0.06258363241042988,-14.015865105882625,-1.2741370572771016,8.587306059627997,-4.007533440222846,-0.9589111427309426,-72.31812017178662,47.81080486136062,8.120082274982506,-4.467778907848767,458.15,11.0,0.05
366,0.00010661538602986004,0.24101397356688048,2.5695797830423462e-05,3.740495301139295e-09,0.713420293223968,2.668545254541666e-09,0.997751792888848,1.0002122520211818,0.9979635677235265,8.427098390428882e-05,1.0101814631778536,8.512898582387174e-05,0.003813672110831447,0.718302236356307,0.002739369205939907,0.050004245059980225,0.7196296012215444,0.035984534931897946,0.06252955104940718,0.716379722326645,0.04479490241798408,0.005956931263108971,0.6852311655178084,0.00408187495232963,3.897254593931627e-05,1.0,3.897254593931627e-05,0.002541475583922124,0.7167310375988126,0.0018215544322965523,7.723667689335583e-15,1.0,7.723667689335583e-15,1.0,1.0,1.0,0.004004558480765596,0.06263617017593234,-14.007458629807536,-1.2872697506306232,8.57372542781221,-3.946149518690537,-0.913202882193005,-71.66390329515987,47.49681276053228,8.103323783668884,-4.475490867518851,463.15,11.0,0.05
367,9.72774859955461e-05,0.2372179643180419,2.307596720184028e-05,3.863963283344696e-09,0.7088638528746679,2.739023900397969e-09,0.9977491533155214,1.0002162703391075,0.9979649368632533,9.74062760359116e-05,1.0101922046863268,9.839906073900244e-05,0.003872351385828364,0.7146374361634318,0.002767327266292294,0.050004309391094987,0.7154238327215935,0.03577427467717354,0.06259210300966904,0.7122128803172036,0.0445789019696275,0.005894864712747699,0.6809420429668394,0.004014061220511548,3.8575294931786685e-05,1.0,3.8575294931786685e-05,0.002626026411970194,0.712630468453859,0.0018713864321345264,7.866121676241795e-15,1.0,7.866121676241795e-15,1.0,1.0,1.0,0.004067035147859822,0.06268938435962787,-14.002152750646196,-1.3006737812410452,8.56240417812732,-3.8873152578414696,-0.868773309803785,-71.02851704734087,47.19248769548177,8.088120799850723,-4.483285059865951,468.15,11.0,0.05
368,8.975254231933684e-05,0.23144618600031402,2.0772883603642278e-05,3.971924520350587e-09,0.7043287286228338,2.7975405476043923e-09,0.9977464596358682,1.0002203215859515,0.9979662847182328,0.00011212938390889534,1.0102032267112047,0.0001132734654339054,0.003929262856992083,0.710973328804139,0.0027936010931821236,0.050004373539693704,0.7112237318261249,0.035564297156528486,0.06265628772458035,0.7080687402551027,0.04436495871820485,0.005831187774900625,0.676660513154146,0.003945734512062441,3.815542664200214e-05,1.0,3.815542664200214e-05,0.002711962440279769,0.70853466333137,0.0019215193945909463,8.004326070807077e-15,1.0,8.004326070807077e-15,1.0,1.0,1.0,0.004131144783220316,0.06274604423882418,-13.999798119904538,-1.314344356182235,8.553223610081748,-3.8309941678524586,-0.8255831898464876,-70.41134126658417,46.89747943377997,8.074421132012732,-4.491180344475573,473.15,11.0,0.05
369,0.008387219728835046,0.38220142357541476,0.0032056073202005593,4.391916405149245e-12,0.805902919179185,3.5394582517007336e-12,0.9976762724951356,1.0001788126182625,0.9978546696015989,4.928757161562259e-09,1.0112638533170126,4.984273959265273e-09,0.0005488564037645359,0.7686165296677294,0.00042186010434740775,0.050002442051122156,0.7893615794510259,0.03947000663388218,0.06882889951908112,0.8017028999426608,0.05518032834430935,0.0010475160897371488,0.7650705708367281,0.000801423732735858,1.6406713220779272e-05,1.0,1.6406713220779272e-05,0.00045564552117907816,0.7871433665889285,0.00035865834951206646,1.9108797642544373e-15,1.0,1.9108797642544373e-15,1.0,1.0,1.0,0.008936081061356743,0.07721611925230808,-17.79941770072131,-0.9647072597301107,11.451063205856087,-9.131662383336906,-4.176795594263222,-119.79167700871032,70.91414969188801,10.675702187397333,-4.236042089727406,273.15,11.5,0.05
370,0.008021641430365229,0.380942592849762,0.0030557848853944043,6.135686327095596e-12,0.804966050378372,4.939019189082719e-12,0.99768030545029,1.0001773181194153,0.99785721224583,6.752312126935591e-09,1.0112129689731615,6.828025593312021e-09,0.0006183668521135888,0.7689463784070687,0.0004754909514597234,0.050002506012007876,0.7895209101589613,0.039478024056829396,0.06853291010472753,0.8012220816437337,0.054910080895212675,0.0013421025056204931,0.7644762605335094,0.001026005504749408,1.7899115460572814e-05,1.0,1.7899115460572814e-05,0.000526651880390789,0.7868713362705897,0.0004144072688725188,2.2072528619088458e-15,1.0,2.2072528619088458e-15,1.0,1.0,1.0,0.008640015034790945,0.07655455154122845,-17.58755953637811,-0.9706735417508391,11.30635928651378,-8.91162209783518,-4.024837643321954,-117.52952627089068,69.85637316360535,10.53950920525205,-4.240342606742241,278.15,11.5,0.05
371,0.0076041478975167835,0.379853138878701,0.0028884594473696248,8.452840220507457e-12,0.8041631726693209,6.797462809790129e-12,0.9976851006471378,1.0001755870523077,0.9978602812330918,9.259419225984364e-09,1.0111539713693591,9.362698522927884e-09,0.0006925737154053275,0.7694300409504925,0.000532887022205556,0.05000257420812867,0.7897736677066114,0.039490716427125795,0.06818970762744567,0.8007451352596843,0.05460257665745729,0.0016839033566822925,0.7640435052152595,0.0012865754230832805,1.9396065411687316e-05,1.0,1.9396065411687316e-05,0.0006023605606486387,0.7867473394948017,0.00047390556850691374,2.519105358684314e-15,1.0,2.519105358684314e-15,1.0,1.0,1.0,0.008296730872341337,0.07579385553341528,-17.385615473190924,-0.9767764559853511,11.167653159841544,-8.69766015529996,-3.878729989630974,-115.35646077456845,68.83439290346111,10.409145138666696,-4.24522486701506,283.15,11.5,0.05
372,0.0071400185778482715,0.378745437449957,0.002704249459667963,1.1499335445070952e-11,0.803492856066737,9.23963387962952e-12,0.9976905966772108,1.0001736824717773,0.9978638780461107,1.2693874064611416e-08,1.0110876125356099,1.2834618821815658e-08,0.0007705652006019344,0.7700134858892149,0.0005933455962204176,0.05000264579237538,0.7900709482326448,0.03950563777532308,0.06780365897088633,0.8002775053471628,0.05426174305463069,0.0020685794243893835,0.7637195945903642,0.0015798146393726294,2.0868713877326025e-05,1.0,2.0868713877326025e-05,0.0006818314093224144,0.786717749594453,0.0005364088719449442,2.841648761573006e-15,1.0,2.841648761573006e-15,1.0,1.0,1.0,0.00791059647232427,0.07494367756023393,-17.19280964378817,-0.9830011496647812,11.034345237352062,-8.489760399527164,-3.738166490246009,-113.26787250112616,67.84704573865773,10.284418973452567,-4.250578371360126,288.15,11.5,0.05
373,0.0066361289283611725,0.377947646135976,0.0025081093079289615,1.5459249491132773e-11,0.8029308748057803,1.2412708717756032e-11,0.9976967002627058,1.0001715467548677,0.9978678518939782,1.737876359969799e-08,1.0110149335599898,1.757018952610341e-08,0.0008515152893938197,0.7707749625447452,0.000656326665288799,0.05000272000327898,0.7904996426799461,0.039527132295617426,0.0673808129847424,0.7998044181460225,0.05389147192346785,0.002490100426666356,0.7635828271310606,0.0019013979236341566,2.2297428867609537e-05,1.0,2.2297428867609537e-05,0.0007642194241401338,0.7868644903100945,0.0006013371276611004,3.1710444955660116e-15,1.0,3.1710444955660116e-15,1.0,1.0,1.0,0.007487661596518592,0.07401694192856281,-17.008668310557187,-0.9893472650999243,10.906133435841365,-8.287894146452526,-3.6028618679423943,-111.25944318982576,66.8931398215008,10.165134199394778,-4.256254277829449,293.15,11.5,0.05
374,0.006104302946949279,0.37725576965548924,0.002302883506461622,2.056160484271073e-11,0.8024594065572572,1.64998532199465e-11,0.9977032419573175,1.000169283377394,0.997872136531753,2.374116109391069e-08,1.0109377662263377,2.400083636389771e-08,0.0009342514804752775,0.7716385047253499,0.0007209044154313875,0.0500027957603675,0.7909891520507565,0.03955166901866026,0.06693182029848821,0.7993252155031566,0.053500291684107644,0.0029378416103395333,0.7635579468050105,0.00224321230802918,2.3654823810962282e-05,1.0,2.3654823810962282e-05,0.0008483255739689353,0.7871129349104562,0.000667728032286286,3.5018732269539328e-15,1.0,3.5018732269539328e-15,1.0,1.0,1.0,0.007038578168585651,0.07303612326599908,-16.832518052435564,-0.9958007514656061,10.782519919183112,-8.091974600257775,-3.4725499626356187,-109.32708694234206,65.97144389610955,10.051073240878246,-4.26217556432228,298.15,11.5,0.05
375,0.005562383710898498,0.3758067107404949,0.002090381126269272,2.7112955192889575e-11,0.801605909179045,2.173390509792697e-11,0.9977099464390068,1.0001674122240192,0.9978769752800662,3.2341685200468063e-08,1.0108589680806939,3.269288252773579e-08,0.001017554000504921,0.7721396271334072,0.0007856937665379762,0.05000287192161837,0.7910719854882864,0.039555871171151134,0.06647330340877468,0.7983966975504372,0.05307206591683394,0.00339522745960419,0.7631850513937961,0.0025911868432516513,2.4892321555470183e-05,1.0,2.4892321555470183e-05,0.0009328826323631937,0.7869939527477088,0.0007341729902931977,3.824940800212927e-15,1.0,3.824940800212927e-15,1.0,1.0,1.0,0.0065799700530886195,0.07203568714678614,-16.66354473307745,-1.0023364212847181,10.662862233637664,-7.901884180460507,-3.346982114949791,-107.46696058317858,65.08073281311397,9.942014456205744,-4.2686985007752805,303.15,11.5,0.05
376,0.0050200066606565265,0.3743969205422289,0.0018794750348512807,3.541742693209337e-11,0.8007859555965953,2.8361778070588955e-11,0.9977166701432421,1.0001655411155463,0.9978818332738167,4.390729495527248e-08,1.0107800538678182,4.4380617960080525e-08,0.0011006005264656926,0.7726721743135744,0.0008504034018349114,0.050002947760176705,0.7911581436391728,0.03956023932642793,0.06601407528936637,0.7974493598278443,0.052642882079132314,0.0038534292898243128,0.762853700768927,0.0029396027943938544,2.6024616983550266e-05,1.0,2.6024616983550266e-05,0.001017084427004062,0.7869118122798713,0.0008003557496954007,4.1405942518889595e-15,1.0,4.1405942518889595e-15,1.0,1.0,1.0,0.006120651094417174,0.07103408198544033,-16.50170001536067,-1.0089726799289493,10.547266545631462,-7.717528704562238,-3.2259262460779117,-105.67549912189908,64.21984967672488,9.837759953839962,-4.275281888038105,308.15,11.5,0.05
377,0.004490151916551581,0.3729867394127451,0.0016747671228224633,4.585390398691831e-11,0.7999673946270461,3.6681628105893774e-11,0.9977232112107636,1.0001637404930614,0.9978865789013062,5.937904425446808e-08,1.0107031063019056,6.001458447722927e-08,0.0011825322553787817,0.773197642889403,0.0009143311524995633,0.05000302249667576,0.791214597684629,0.039563121327722765,0.06556625726514273,0.7964739919196544,0.052221818659199275,0.004300332020811436,0.7625245522999563,0.003279108748910406,2.7044376014566747e-05,1.0,2.7044376014566747e-05,0.0011000667050274926,0.7868301137529311,0.0008655656106525944,4.4458755007746444e-15,1.0,4.4458755007746444e-15,1.0,1.0,1.0,0.005672743550974617,0.07005640922754822,-16.3466493743654,-1.0157099584779505,10.435551396510368,-7.538775148862596,-3.109165068933753,-103.94933469713237,63.38764844969653,9.738105101429488,-4.281850434737267,313.15,11.5,0.05
378,0.003983989658096953,0.37154098796773016,0.0014802154536225607,5.88556106694556e-11,0.7991207155438733,4.703273771194691e-11,0.9977293932050081,1.0001620726597806,0.9978910978615062,7.99653075148308e-08,1.0106299296267756,8.081533310629704e-08,0.0012626826696100935,0.773680536646964,0.0009769130054387578,0.05000309553056119,0.7912105515283102,0.039562976792858105,0.0651403534870146,0.795462444390005,0.051816704813209616,0.004725432044827105,0.7621610198304013,0.003601540106424685,2.7950216028304784e-05,1.0,2.7950216028304784e-05,0.0011811639846779228,0.7867149905731682,0.0009292394130712582,4.738823848420691e-15,1.0,4.738823848420691e-15,1.0,1.0,1.0,0.005246752293014561,0.06912434320396715,-16.198130738643545,-1.0225519342995801,10.32759974082469,-7.365481269584633,-2.9964950923308757,-102.2853080872558,62.58302414791086,9.642852713412253,-4.288340932253195,318.15,11.5,0.05
379,0.0035101551042037446,0.37003147457987434,0.0012988678692125838,7.490841945866648e-11,0.7982212916907502,5.979349533880923e-11,0.9977350773671693,1.0001605872449382,0.9978953008944218,1.072075197481529e-07,1.0105619288746797,1.0833983794656357e-07,0.0013405987514291207,0.774091095637912,0.0010377455563045852,0.050003166458486625,0.791120093721202,0.03955850973499481,0.0647445472144702,0.794408401871203,0.05143361228252193,0.005120541828175304,0.761732124072484,0.0039004812031779744,2.87458474398129e-05,1.0,2.87458474398129e-05,0.0012599300428800802,0.7865377522047333,0.000990982543862112,5.01844893034919e-15,1.0,5.01844893034919e-15,1.0,1.0,1.0,0.004850861063152613,0.06825470239358238,-16.055941575223006,-1.0295050623499251,10.223346058354604,-7.19749862977962,-2.8877255559227817,-100.68045470138503,61.80491512147587,9.55181382783022,-4.294704147784857,323.15,11.5,0.05
380,0.003079548946716394,0.3674395551480246,0.001131548095038039,9.46476706869206e-11,0.7968242396892417,7.541755823346318e-11,0.9977400747694919,1.0001597591763112,0.9978994729020098,1.4306155363099167e-07,1.0105009456809428,1.4456383523470198e-07,0.001416104713458831,0.7739650043498825,0.0010960154907120531,0.05000323510507082,0.7904736319812289,0.03952623886431662,0.06438956509777835,0.7928921801565818,0.051053982649711616,0.005474955339972285,0.7607791113663195,0.004165231658314399,2.9410405718219747e-05,1.0,2.9410405718219747e-05,0.001336172140491293,0.7858289465063051,0.0010500027455133476,5.279411717825212e-15,1.0,5.279411717825212e-15,1.0,1.0,1.0,0.004495796721728856,0.06746911413914242,-15.919688139505634,-1.0365625436783785,10.122527532695443,-7.0346677851863575,-2.7826773098433435,-99.13198394575194,61.05229685652623,9.464804585913727,-4.301345439812049,328.15,11.5,0.05
381,0.0026884355063091503,0.36498271625419887,0.0009812324935669463,1.1856948208971113e-10,0.7953491422104434,9.430413587238827e-11,0.997744446998776,1.0001591226148772,0.9979032107041617,1.8998415756128586e-07,1.0104463589777317,1.9196880027125294e-07,0.0014893254268875471,0.7737618017181782,0.0011523831256532037,0.050003301623730914,0.7897421311232706,0.03948971398752496,0.06407179896931273,0.7913302286519253,0.050701951328526444,0.005792237978305755,0.7597540388968061,0.00440067619826927,2.9986874846774868e-05,1.0,2.9986874846774868e-05,0.001410063046339687,0.7850545161462326,0.0011069763625798854,5.528039777654371e-15,1.0,5.528039777654371e-15,1.0,1.0,1.0,0.004177950917354258,0.06676023459419138,-15.78957722472947,-1.0437557147973586,10.025469260102883,-6.876848551213868,-2.681182393386673,-97.63729491082147,60.32420912678268,9.381660002755863,-4.307794880406826,333.15,11.5,0.05
382,0.0023294965311895285,0.36450255745521826,0.0008491074432016426,1.4716122785014082e-10,0.7937900765760302,1.16815122324186e-10,0.9977482913756104,1.0001584974847308,0.9979064319701879,2.510435347575172e-07,1.0103970702678626,2.536536520286835e-07,0.0015611858728058262,0.7736263469644373,0.0012077745237112577,0.050003366877091664,0.7890735960725825,0.039456336517443374,0.06378485965982468,0.7897089976273785,0.05037147758576316,0.006078750545382717,0.758798967751357,0.004612549639054404,3.0504827633768608e-05,1.0,3.0504827633768608e-05,0.0014825634493266413,0.7843595215983659,0.0011628627578530678,5.769045078252029e-15,1.0,5.769045078252029e-15,1.0,1.0,1.0,0.003890933447530112,0.06611435633817542,-15.665828102278505,-1.0511175700996336,9.93250093190831,-6.723903066083376,-2.5830827891583663,-96.19394605589278,59.61973750185391,9.302225052405042,-4.3140157041560245,338.15,11.5,0.05
383,0.0020207156977171395,0.36189889431511413,0.0007312947767290273,1.8129382970706771e-10,0.7921480676522208,1.4361155687972442e-10,0.9977513495959076,1.0001583461081351,0.9979093396390027,3.300882959706311e-07,1.0103558625802302,3.3350664500304554e-07,0.0016299078775275232,0.7731766349232069,0.0012602066879815565,0.05000342923721328,0.7880830472544009,0.03940685488643284,0.06354495457065568,0.7880644070415532,0.0500775169442062,0.006318316259200355,0.7575354787984636,0.004786348732613457,3.093136922563646e-05,1.0,3.093136922563646e-05,0.0015518699825740538,0.7833593973731854,0.0012156719343507463,5.994838903892969e-15,1.0,5.994838903892969e-15,1.0,1.0,1.0,0.003650953663540633,0.06556567044966664,-15.54751111181307,-1.0586037453221897,9.842810609626197,-6.575637861771313,-2.488229701381874,-94.79958503420337,58.93795286970929,9.226324844160235,-4.320085181697134,343.15,11.5,0.05
384,0.0017500314719098593,0.35921218987857495,0.0006286326373811667,2.2146972239331688e-10,0.7904228613944755,1.7505473168636596e-10,0.9977537914930569,1.0001584140768427,0.9979118497388525,4.318404941794791e-07,1.0103208824309757,4.362974691488399e-07,0.0016967612066620316,0.7726183303874716,0.0013109488105574507,0.0500034898832454,0.7869792725474986,0.039351710093152664,0.06334129806786883,0.7863801799972411,0.04981034137586959,0.00652168788484547,0.7561662350124952,0.004931480173810201,3.130101667382389e-05,1.0,3.130101667382389e-05,0.0016192963707659343,0.7822601020885286,0.0012667109443069437,6.211431512745919e-15,1.0,6.211431512745919e-15,1.0,1.0,1.0,0.00344722451906607,0.0650913297612484,-15.434959121618215,-1.066253402914658,9.756826145867207,-6.431927045197478,-2.3964831306570265,-93.45206067919628,58.27803161276141,9.153825175628095,-4.325967515451273,348.15,11.5,0.05
385,0.0015176408450763674,0.35545595328516827,0.0005394544733311286,2.685153641725598e-10,0.7881939213093895,2.1164217781898851e-10,0.9977555874573633,1.00015909709041,0.9979143274682681,5.62114408473372e-07,1.0102922885806465,5.678998521807197e-07,0.001762470457500116,0.7715268600548376,0.0013597932980144777,0.05000354945991131,0.7853312541055518,0.03926935020708113,0.06317481832659091,0.7842426437373609,0.04954438654207314,0.006687952836272543,0.7542750474627669,0.005044555943008219,3.1599082083720985e-05,1.0,3.1599082083720985e-05,0.0016855641512695508,0.7806317811442454,0.0013158049456384376,6.415177009075061e-15,1.0,6.415177009075061e-15,1.0,1.0,1.0,0.0032806734169849566,0.06469245944018263,-15.327927911064075,-1.0740665882140743,9.67439777818372,-6.29262512334031,-2.3077109362662704,-92.1493256001572,57.63916663288745,9.084588537491776,-4.332121797183864,353.15,11.5,0.05
386,0.001316111341406345,0.3516504493401626,0.0004628111445872253,3.2282293687583777e-10,0.7858981372559287,2.537059447542088e-10,0.9977568695600503,1.0001599556198741,0.9979164663786044,7.280061874706585e-07,1.0102688061920624,7.354819419164164e-07,0.0018270413031570819,0.7703488490357803,0.0014074591650278902,0.05000360801048942,0.783593644009297,0.03918250941455187,0.06303809569211424,0.7820763635577791,0.049300604644496,0.006824495553916074,0.7523000674888183,0.0051340684657882035,3.186084022249141e-05,1.0,3.186084022249141e-05,0.0017507284645619013,0.7789250487582158,0.0013636862546212748,6.6125850189135056e-15,1.0,6.6125850189135056e-15,1.0,1.0,1.0,0.0031438806507508976,0.06435420735634353,-15.226473724019062,-1.0820637297839695,9.595669356413659,-6.157595396049326,-2.221788758102497,-90.88945522697375,57.02059242553841,9.0184871548779,-4.338113960919651,358.15,11.5,0.05
387,0.0011504534114762622,0.3447634588977372,0.00039663429744125786,3.8516205971584295e-10,0.7835449040925635,3.0179176914014433e-10,0.9977575720494821,1.0001611320374504,0.997918342759948,9.381585420515781e-07,1.0102511800730634,9.477757742032315e-07,0.0018897941911102912,0.7689607557057759,0.0014531775693245547,0.05000366492177066,0.7816423392769312,0.03908498162187265,0.06293546897070305,0.7799026242966666,0.049083537411592736,0.006926986204937206,0.750119093474242,0.005196064612556078,3.2076460528403284e-05,1.0,3.2076460528403284e-05,0.0018141172150944324,0.7770153961676234,0.001409597006581106,6.800998302884397e-15,1.0,6.800998302884397e-15,1.0,1.0,1.0,0.0030411857611286047,0.06408592276734137,-15.130162601271444,-1.0902301569528998,9.520292609046054,-6.026691203198976,-2.138599038564062,-89.67062051078847,56.421565015006756,8.955393461211917,-4.343971588018299,363.15,11.5,0.05
388,0.0009994971201512063,0.34089967178356206,0.00034072824020816157,4.554073943083875e-10,0.7811347418685746,3.5573453739812234e-10,0.9977579912480949,1.000162274798445,0.9979199022250218,1.2029188408302552e-06,1.0102361686593277,1.215232120968477e-06,0.0019530133063247828,0.7676504886325053,0.001499231618906004,0.0500037222993354,0.779767536301006,0.03899127934323244,0.06284806528161577,0.7776865710659268,0.04887609638698728,0.007014257684825847,0.748016541290628,0.0052467807731246385,3.2288871408483125e-05,1.0,3.2288871408483125e-05,0.0018780782062347249,0.775190197516221,0.0014558678156420066,6.9896260988963606e-15,1.0,6.9896260988963606e-15,1.0,1.0,1.0,0.0029537133453168196,0.06384756285717437,-15.039530681863742,-1.0986203414701285,9.448873968175837,-5.899812018798512,-2.0580307690134436,-88.49113619870555,55.841415491536694,8.895207368196813,-4.349684359395435,368.15,11.5,0.05
389,0.0008695400820775295,0.3370201117976055,0.00029305249567426793,5.34116435801084e-10,0.7786783669160066,4.159049139725861e-10,0.9977580431727322,1.0001635469159689,0.9979212234235763,1.534783666605272e-06,1.01022471487881,1.550476391996964e-06,0.0020158805563871545,0.7662763607173173,0.00154472161638915,0.050003779404496344,0.7778267422872662,0.038894276836250484,0.06278137575887008,0.7754521311383384,0.04868395162801261,0.007080832268124652,0.7458524088676309,0.005281255803968424,3.2483631774017304e-05,1.0,3.2483631774017304e-05,0.0019418038998232792,0.7733068743668717,0.001501610304405742,7.175117357552853e-15,1.0,7.175117357552853e-15,1.0,1.0,1.0,0.002886955422131289,0.06365091637506402,-14.954094760160892,-1.1072154094641402,9.381005948356943,-5.776821495832186,-1.9799789363539904,-87.34937171774708,55.279466294844056,8.837814899872509,-4.3552819937113,373.15,11.5,0.05
390,0.0007544521357317405,0.334721866737691,0.0002525316272363659,6.216807675597179e-10,0.7757432540045182,4.822646615788021e-10,0.9977577801025435,1.0001652423885519,0.9979226519813239,1.9485932614738657e-06,1.010216041438909,1.9685001709806616e-06,0.002079984262874357,0.7644829508134587,0.0015901125069277447,0.05000383767287382,0.7754593479088763,0.03877594335474804,0.06273087512234443,0.7727597914427556,0.048475897976564424,0.007131246683682868,0.7432817612013594,0.005300525594609157,3.265129959036688e-05,1.0,3.265129959036688e-05,0.0020069028531306725,0.7710060261953162,0.0015473341937523222,7.35534782082696e-15,1.0,7.35534782082696e-15,1.0,1.0,1.0,0.002836384991867571,0.06348532787975694,-14.873815556325072,-1.1160278786069715,9.316714560270954,-5.657612213661629,-1.904344060890406,-86.24380935719199,54.73509420229905,8.78312016723225,-4.361246982766828,378.15,11.5,0.05
391,0.000659506953540855,0.330308904766258,0.0002178410195098112,7.182388553978988e-10,0.7727757412331892,5.55037563862589e-10,0.9977571672682558,1.0001671334685012,0.9979239258843433,2.462027879291564e-06,1.0102107654750938,2.4871670685601514e-06,0.002143628721719441,0.7625693088773534,0.001634665472811239,0.05000389559921632,0.7729703030355484,0.03865152633428416,0.06270015721766578,0.7700645478275298,0.04828316821653683,0.007161897977758726,0.7405949395490525,0.005304065399894705,3.279887894966433e-05,1.0,3.279887894966433e-05,0.0020717217301284545,0.768590039091555,0.0015923046855462527,7.531454299482666e-15,1.0,7.531454299482666e-15,1.0,1.0,1.0,0.0028055977031395877,0.0633596648894455,-14.798304596405082,-1.125043563151009,9.255677623676986,-5.542061995589026,-1.8310322047509215,-85.17299455981737,54.20768411780178,8.731022729959097,-4.36713373244442,383.15,11.5,0.05
392,0.0005781053142789599,0.3256892514357926,0.00018828268705856804,8.234817624856293e-10,0.7697832975067558,6.339025065628625e-10,0.9977562984876962,1.000169118039022,0.9979250370763182,3.0958409216984432e-06,1.0102078683437905,3.127442858240457e-06,0.002207460544157386,0.7606112845417191,0.0016790194000667114,0.05000395379478609,0.7704362188432266,0.03852485708886641,0.06268329092041344,0.7673630702863887,0.04810084257634338,0.007178706915072794,0.7378668932552849,0.005296930169014993,3.293758396715346e-05,1.0,3.293758396715346e-05,0.0021369598613210205,0.7661343260053969,0.001637198303053766,7.706020220312445e-15,1.0,7.706020220312445e-15,1.0,1.0,1.0,0.002788661699358044,0.06326139705817417,-14.727587138403987,-1.1342786002244971,9.197977530947274,-5.430074989591391,-1.7599542535068222,-84.13557146321078,53.69666923517465,8.681438131617298,-4.372945526687046,388.15,11.5,0.05
393,0.0005125917490716876,0.31793234995647907,0.00016296949935066355,9.37439657939094e-10,0.7667698766107897,7.188004908480205e-10,0.9977551472339872,1.0001712614010727,0.99792602417843,3.874400121229826e-06,1.0102076768718633,3.9139487457396495e-06,0.002271014495234047,0.7585550528131205,0.0017226895203716242,0.05000401185612385,0.7678032764265211,0.0383932441376025,0.06268217941122872,0.7646649197194179,0.04793086368732536,0.0071797767747585105,0.7350446348400765,0.005277456397635633,3.3060390917423776e-05,1.0,3.3060390917423776e-05,0.0022021937244086146,0.7635847632680447,0.0016815615737229247,7.877308070818715e-15,1.0,7.877308070818715e-15,1.0,1.0,1.0,0.002787480644426964,0.06319477209774009,-14.661384630806685,-1.143725527198062,9.143391634995847,-5.321551209034323,-1.6910256892023148,-83.13024734090573,53.20149882214842,8.634282231412197,-4.378697703514958,393.15,11.5,0.05
394,0.00045147266099934994,0.31340985815598316,0.0001414959826451105,1.0589430830640577e-09,0.763740494971358,8.087577144058398e-10,0.9977538693168264,1.0001733767244974,0.9979268566145432,4.8259331598564845e-06,1.0102084539400351,4.875198476236564e-06,0.002335639438627619,0.7565458215912879,0.0017670182580375462,0.05000407104221099,0.7652176995877153,0.03826400021294138,0.0626867076925574,0.7619544963313197,0.04776441878655123,0.007175203775649396,0.7322714921347134,0.005254197175165414,3.3187838310568044e-05,1.0,3.3187838310568044e-05,0.0022688491730137685,0.7610860327547248,0.001726789416007888,8.05044830884905e-15,1.0,8.05044830884905e-15,1.0,1.0,1.0,0.0027919380327868257,0.06313818141249981,-14.599910351154211,-1.1534146312574998,9.092181563747776,-5.216412916783073,-1.6241663475326618,-82.15581428401858,52.72166300846949,8.589484024861147,-4.384390343028623,398.15,11.5,0.05
395,0.000399484783873947,0.3081520963400064,0.00012310207360669115,1.1886139690864204e-09,0.7602198414257173,9.036079230952699e-10,0.9977523609920378,1.0001759932916956,0.9979279587143458,5.983208181064133e-06,1.0102111032095022,6.0443033373249214e-06,0.0024018272835758586,0.7540381416530538,0.0018110693814791423,0.05000413179396351,0.7621290403454689,0.038109600977441774,0.0627021377037209,0.7587681616960275,0.04757638575986349,0.007159761800189771,0.7290181588043034,0.005219596365051734,3.328472068794489e-05,1.0,3.328472068794489e-05,0.002337448446857822,0.7580902064050893,0.0017719967755397022,8.216894676532503e-15,1.0,8.216894676532503e-15,1.0,1.0,1.0,0.0028072952756308697,0.06310162367620882,-14.542788005115163,-1.16332988399206,9.044019969715519,-5.11457247672422,-1.5592999183528469,-81.21111270851247,52.25665966937835,8.546969499984604,-4.390569508329635,403.15,11.5,0.05
396,0.00035190155903606945,0.3051987255649673,0.00010739990734213354,1.3246276017201776e-09,0.756695912691971,1.0023402920606255e-09,0.9977507294745035,1.0001786118433997,0.9979289395715484,7.383830276655114e-06,1.01021469970581,7.459253885609809e-06,0.0024688815358315836,0.7515494642444145,0.001855486595537153,0.05000419354488777,0.7590607685546557,0.03795622158313826,0.06272308331835956,0.7555833261465791,0.04739251591985513,0.007138806171582295,0.7257873673515939,0.005181255337306024,3.338104936844237e-05,1.0,3.338104936844237e-05,0.0024074002726133708,0.7551172778055459,0.0018178695404441375,8.384001443289274e-15,1.0,8.384001443289274e-15,1.0,1.0,1.0,0.0028281669251443084,0.06307498620202323,-14.490050953460798,-1.1734869398997263,8.998984811527983,-5.01595408373419,-1.4963542470019198,-80.29504906363422,51.806013686153804,8.506671671193924,-4.396709547519778,408.15,11.5,0.05
397,0.0003129289008956137,0.30004052257612146,9.389135095389119e-05,1.4665141152645507e-09,0.7531664958193358,1.104529297263394e-09,0.9977489240209193,1.000181329571006,0.9979298454052837,9.07082022844007e-06,1.0102198448270312,9.163522603628624e-06,0.002536055782822265,0.7490079911015848,0.0018995260472132616,0.050004255651339626,0.7559409948374742,0.03780026676318106,0.06275304628813701,0.7524064410354251,0.04721579622178846,0.007108845372637159,0.722508512708775,0.00513620129726073,3.346569020009533e-05,1.0,3.346569020009533e-05,0.0024780331460608194,0.7520953801172532,0.0018637172809297642,8.549038524765305e-15,1.0,8.549038524765305e-15,1.0,1.0,1.0,0.002858055503946319,0.06306597665554672,-14.441402751719593,-1.1838745491572786,8.95682276012656,-4.920481994100167,-1.4352605561076721,-79.40658033099945,51.36926495197851,8.468524976647904,-4.4028282101852625,413.15,11.5,0.05
398,0.0002817074294154011,0.29197348368423065,8.225109954614412e-05,1.6132027441247295e-09,0.7496349856571165,1.2093132159539613e-09,0.9977469603810533,1.0001841364043376,0.9979306819187767,1.1092877679243808e-05,1.0102263852877946,1.120631772034214e-05,0.0026032680510931225,0.7464191317456373,0.0019431290783980854,0.05000431808263407,0.7527754199011982,0.03764202154152794,0.06279113392244962,0.7492398351727484,0.047045618830366114,0.007070772840430395,0.7191870179644069,0.005085208033812853,3.353785381931062e-05,1.0,3.353785381931062e-05,0.002549361702663975,0.7490297765648586,0.0019095478265294052,8.711901581538468e-15,1.0,8.711901581538468e-15,1.0,1.0,1.0,0.0028960683581877675,0.06307284296506777,-14.39673165485099,-1.1944956100190502,8.91746120092327,-4.828091691767563,-1.3759534370072988,-78.54472171971437,50.94597784561983,8.43247040227809,-4.408932296253492,418.15,11.5,0.05
399,0.0002519807495984084,0.2867877262054639,7.226498622487597e-05,1.7627206001476713e-09,0.7461049926901734,1.3151746404879982e-09,0.9977449206165372,1.0001869285379965,0.9979314276158414,1.3504684371793892e-05,1.0102333854007832,1.3642883011686386e-05,0.002671270771568297,0.7438608813716182,0.001987053830521037,0.05000438157491512,0.7496425825634919,0.03748541374330967,0.06283189782071906,0.7460754759534535,0.04687733807165174,0.007030027902174241,0.7158997202506655,0.005032795008520913,3.360764256568073e-05,1.0,3.360764256568073e-05,0.002622257835585162,0.7459981078304662,0.0019561993835901445,8.875464359242138e-15,1.0,8.875464359242138e-15,1.0,1.0,1.0,0.002936756205538499,0.06308388033303806,-14.356118404743032,-1.2053687388790488,8.88101657389337,-4.73872837059605,-1.3183706428307393,-77.70854190986623,50.535738474009825,8.39845448530273,-4.415024244271484,423.15,11.5,0.05
400,0.000224730381917077,0.28321158049960504,6.364624664901524e-05,1.9154001208717275e-09,0.7420408272474789,1.421305090201578e-09,0.997742737472406,1.0001902254140391,0.9979325334977462,1.6367445810120307e-05,1.0102412489719312,1.653506889769633e-05,0.0027413710414057497,0.7407849672365132,0.002030766457090884,0.05000444733189294,0.7459907017244191,0.03730285275446056,0.06287768924788113,0.74238111413662,0.04667920899817816,0.006984293007931238,0.7121185153984398,0.004973644367915699,3.3643023972580414e-05,1.0,3.3643023972580414e-05,0.0026981190182171692,0.7424509943131461,0.002003221147850547,9.031364411292893e-15,1.0,9.031364411292893e-15,1.0,1.0,1.0,0.0029824688691329473,0.06310242154519834,-14.319351719441055,-1.2164880639182558,8.847312688596649,-4.65233587409048,-1.2624526839696733,-76.89714895972911,50.1381428080667,8.366423762040451,-4.421725637444082,428.15,11.5,0.05
401,0.00020240796363774188,0.2775553310730361,5.617940935929248e-05,2.0688081547352077e-09,0.7379839422758933,1.5267471978440024e-09,0.997740439458431,1.0001935878274626,0.9979335898624774,1.9749070255689084e-05,1.0102500425456264,1.995149906604645e-05,0.0028114387593496377,0.737682961715343,0.00207395047067835,0.05000451351364456,0.7423157903287622,0.037119139968886335,0.06292889544435204,0.7387016316711689,0.04648567774400725,0.006933158697296427,0.7083169140757697,0.00491087357326659,3.366364620626205e-05,1.0,3.366364620626205e-05,0.0027749706155941003,0.7388816843885426,0.0020503749625788797,9.184777940597799e-15,1.0,9.184777940597799e-15,1.0,1.0,1.0,0.003033595793243069,0.06313130547679796,-14.286281241118603,-1.2278521110599083,8.81623286842527,-4.568861732164675,-1.2081432341127971,-76.10969249146295,49.75279931827598,8.336326466343847,-4.428438415844034,433.15,11.5,0.05
402,0.00018460490248325406,0.2692122139154187,4.9697894497156835e-05,2.2214073683735166e-09,0.7339362438907007,1.6303713800951826e-09,0.9977380359306774,1.0001970105629294,0.9979346008627923,2.37240700520702e-05,1.0102596800168413,2.3967471419501562e-05,0.002881306604523277,0.7345575478903483,0.002116485514138885,0.05000458003503027,0.7386207280842795,0.036934419313022694,0.06298501490734137,0.7350384018949621,0.04629640470082257,0.006877128059841508,0.7044976254994744,0.004844920388414149,3.366780347817101e-05,1.0,3.366780347817101e-05,0.0028527926243871885,0.7352927759534998,0.0020976378080053253,9.335399230326922e-15,1.0,9.335399230326922e-15,1.0,1.0,1.0,0.0030896355770586013,0.063169622031232,-14.25681224871888,-1.2394636465115971,8.78771345697346,-4.488261532408528,-1.1553884132429881,-75.34536536889908,49.37933319658114,8.308115025495246,-4.4351704929005065,438.15,11.5,0.05
403,0.00016724017032280117,0.26361013677642703,4.408620417330658e-05,2.3709182474153693e-09,0.7299004771845568,1.7305343601540541e-09,0.9977355790044898,1.00020042363735,0.9979355487983476,2.837346894820434e-05,1.0102695539539028,2.8664851818427286e-05,0.002951437072013324,0.7314597465433167,0.0021588574126334146,0.050004647390946906,0.7349568607553801,0.03675125866963005,0.06304251072034028,0.7313863647940763,0.04610843274324127,0.006819732822276494,0.7007108050138244,0.004778660475876563,3.3661377348075647e-05,1.0,3.3661377348075647e-05,0.002932215465376188,0.7317350199306596,0.002145604741998032,9.485091662646582e-15,1.0,9.485091662646582e-15,1.0,1.0,1.0,0.00314705071128433,0.06320975326158132,-14.2309808516368,-1.2513365645678125,8.761819773268346,-4.410496916026923,-1.1041368258151216,-74.60339913417626,49.017382678219064,8.28174461456986,-4.441926446099399,443.15,11.5,0.05
404,0.0001506306606174876,0.2603248524473502,3.9212904499294375e-05,2.515724724026188e-09,0.7258780918142079,1.8261094622059512e-09,0.9977330676542973,1.000203833659045,0.9979364392362274,3.378474839039863e-05,1.010279689245911,3.4132045105103197e-05,0.0030215708427990284,0.7283828336961082,0.0022008603326914952,0.0500047154238202,0.7313175676606762,0.03656932685531248,0.06310152775049326,0.7277477075199212,0.04592199216142616,0.006760830985392761,0.6969498469902139,0.0047119601207961815,3.364127962460797e-05,1.0,3.364127962460797e-05,0.003013151692971015,0.7282016298234424,0.002194181973726757,9.633218175853307e-15,1.0,9.633218175853307e-15,1.0,1.0,1.0,0.0032059862518069144,0.06325216092683549,-14.208679696436194,-1.2634721457386584,8.738473193172373,-4.335530709731882,-1.0543393996794528,-73.88305669107216,48.66659286090256,8.257170472927532,-4.448715707058955,448.15,11.5,0.05
405,0.00013747055854379452,0.2541892677388552,3.494354061189853e-05,2.6575616367742987e-09,0.7212342538903735,1.916724484266594e-09,0.9977303968555554,1.0002079060668987,0.997937831058191,4.005172390947821e-05,1.0102908157147952,4.046388881929053e-05,0.003093167662106146,0.7246576171639669,0.002241487507510477,0.050004785495229215,0.7270316250559165,0.03635506045916902,0.06316631537462994,0.723493124080656,0.04570039484705499,0.006696217113022677,0.6925733492775271,0.004637621513455608,3.3565472844955723e-05,1.0,3.3565472844955723e-05,0.003097206644745939,0.7240242076746191,0.0022424525869667446,9.767648149884982e-15,1.0,9.767648149884982e-15,1.0,1.0,1.0,0.0032706899445594183,0.06330378859073536,-14.189646350187294,-1.2758573005890783,8.7174403094287,-4.263324084654921,-1.0059490231591384,-73.18362710206674,48.32661189134954,8.234346423763709,-4.456296081520604,453.15,11.5,0.05
406,0.0001271639600413485,0.24542666079468664,3.120942608637713e-05,2.79231037332649e-09,0.7166099650516399,2.0009974390428294e-09,0.9977276520043283,1.0002120247384598,0.9979391949487988,4.727272639351785e-05,1.0103024620885217,4.77597518650081e-05,0.0031639831622041494,0.7209249310766437,0.002280994343139687,0.050004855701333215,0.7227429663539958,0.03614065774168509,0.06323412937143107,0.719261827859543,0.04548189547480232,0.006628600228446648,0.6881962818659938,0.004561778031193059,3.34664938818597e-05,1.0,3.34664938818597e-05,0.003182365151674719,0.7198435742552043,0.0022908051053667357,9.897721428471925e-15,1.0,9.897721428471925e-15,1.0,1.0,1.0,0.003338419848639016,0.06336129612378277,-14.173886813566888,-1.2885023006704774,8.698753467191015,-4.193850629497053,-0.9589211356186638,-72.50443736106084,47.99710206485939,8.213230876731886,-4.463936673152146,458.15,11.5,0.05
407,0.00011664304569797354,0.23962163434313238,2.7950197244909108e-05,2.917805623571382e-09,0.7120077059949582,2.077500088578248e-09,0.9977248710448813,1.0002161343500193,0.9979405136613826,5.55503468530222e-05,1.0103141740683375,5.6123302800020786e-05,0.0032343369660667526,0.7172235721446307,0.002319742712321824,0.05000492642616033,0.7184905716861884,0.035928068175057726,0.06330232459545673,0.7150502638220068,0.04526434390252764,0.0065606219059288,0.6838566775472509,0.004486525099232181,3.3348450701043814e-05,1.0,3.3348450701043814e-05,0.0032691561237105453,0.7156982910553845,0.0023397294509328826,1.0024776600295535e-14,1.0,1.0024776600295535e-14,1.0,1.0,1.0,0.0034065303586177484,0.06341897055896034,-14.161420693413282,-1.3014186917385129,8.682458949026863,-4.127083756317307,-0.9132129149917434,-71.84483753278664,47.67772693256157,8.19378086968353,-4.471645260672061,463.15,11.5,0.05
408,0.00010651017335280845,0.23562982902784388,2.5096973936848282e-05,3.0327481917729205e-09,0.707427940302908,2.1454508067632894e-09,0.9977220502489468,1.0002202462856935,0.9979417948246687,6.498998170023465e-05,1.0103260124952074,6.566106906333457e-05,0.0033038757943605794,0.7135443903127519,0.002357462039356078,0.05000499744325225,0.7142653313029202,0.035716836065606244,0.06337125525037379,0.7108600629389386,0.045048094495800245,0.006491931138365503,0.6795455808288842,0.004411563116121707,3.320783019866802e-05,1.0,3.320783019866802e-05,0.003357433560438008,0.7115791901029631,0.002389079853760985,1.0147870302223781e-14,1.0,1.0147870302223781e-14,1.0,1.0,1.0,0.0034753759494136225,0.06347776845647476,-14.15214572615607,-1.314606776694692,8.668481438994828,-4.062998260551363,-0.8687833808752423,-71.20420005005079,47.36815055604876,8.175952230134213,-4.479435858382904,468.15,11.5,0.05
409,9.929573130541915e-05,0.2274548778204982,2.2585298432171145e-05,3.136491166814301e-09,0.7028683656478956,2.204540420287829e-09,0.9977191658971863,1.0002244122458706,0.9979430662959535,7.569790736765611e-05,1.0103382998055996,7.648049502867941e-05,0.0033718409112895972,0.7098523731785209,0.002393509272859348,0.05000506815799953,0.7100322268254214,0.03550520989678138,0.06344279855289618,0.7066938704054578,0.04483463685869998,0.006420657509669413,0.6752288301889566,0.0043354130592980185,3.3037000609903596e-05,1.0,3.3037000609903596e-05,0.003446643647817972,0.7074513963924218,0.002438332861515895,1.0264707217574884e-14,1.0,1.0264707217574884e-14,1.0,1.0,1.0,0.0035468345499626726,0.06354209742069276,-14.145895765262754,-1.3280604550847666,8.656681933967604,-4.0015716641832135,-0.8255932941457339,-70.58191876291492,47.068036721512236,8.159699775878863,-4.487328915613049,473.15,11.5,0.05
410,0.008714642810143579,0.37932441947727863,0.003305676824909553,1.375988610623202e-12,0.8040049608999476,1.10630166908288e-12,0.9976341288770605,1.0001837670548597,0.9978174611627517,4.964528193928134e-10,1.011494991824732,5.021595404930982e-10,0.00017736219062813036,0.7666449103057676,0.00013597382072573732,0.050003347397059646,0.7876274564242743,0.03938400932304544,0.07017329324307621,0.8005651025415579,0.05617828970082211,0.0011026103917956458,0.7630876460227184,0.0008413883683555264,5.383846449789672e-06,1.0,5.383846449789672e-06,0.0014606876446816124,0.7855441920300478,0.0011474346956496905,6.223928952547278e-15,1.0,6.223928952547278e-15,1.0,1.0,1.0,0.008892005497224529,0.07888793605459578,-18.55366287568764,-1.0055864507317882,11.956126432385815,-10.128422568674994,-4.176811788726657,-120.7884371940484,71.91087748829923,11.174066085602941,-4.2292051305670775,273.15,12.0,0.05
411,0.008353624320068961,0.37807627569619673,0.003158307171496847,2.1512936116951475e-12,0.8030609200749584,1.727619827159283e-12,0.9976389013988665,1.0001822419204758,0.9978207130281989,8.537230491145981e-10,1.011440965357355,8.634904649442945e-10,0.00022413038901737827,0.7669738659269824,0.00017190215093637699,0.05000339061083739,0.7877805485522289,0.03939169848487684,0.06985909626903426,0.8000854845954959,0.05589324889181368,0.001415665963002436,0.7624787758864714,0.0010794152505342399,6.586851834888593e-06,1.0,6.586851834888593e-06,0.0015086606681904186,0.785258135472836,0.0011846880633644115,6.42297168703544e-15,1.0,6.42297168703544e-15,1.0,1.0,1.0,0.008577755562809389,0.0782127205912545,-18.26825352540055,-1.0082416673231371,11.762551820382551,-9.809659691191042,-4.024853529060442,-118.42756386424657,70.75437898548424,10.988512116191494,-4.233586036102055,278.15,12.0,0.05
412,0.007934992993673895,0.37700827702080597,0.002991558036717163,3.2709873414873204e-12,0.8022603252643257,2.62418336851711e-12,0.9976444637740884,1.0001804540409682,0.9978244927490261,1.428988933289311e-09,1.0113781933268202,1.4452482456341647e-09,0.0002776217390567733,0.7674678117720337,0.0002130657485742482,0.05000343997348254,0.7880368812743515,0.03940455488969242,0.06949401736402341,0.7996118586177052,0.05556824038725783,0.0017795097503786224,0.7620431166093086,0.0013560631562151782,7.892337416353175e-06,1.0,7.892337416353175e-06,0.0015634599170286426,0.7851310361979379,0.0012275209047106397,6.6404410300588964e-15,1.0,6.6404410300588964e-15,1.0,1.0,1.0,0.008212616161719602,0.07742901036096829,-18.00182499371407,-1.0113969704289827,11.581005821296097,-9.509118743986267,-3.878745565979855,-116.16791936325475,69.64582033944966,10.814858856660967,-4.238559946047906,283.15,12.0,0.05
413,0.007463368074954036,0.37611000757278035,0.002807047423189409,4.847538391541912e-12,0.8015973987178688,3.885774164844996e-12,0.9976507561317761,1.000178420285362,0.9978287572643769,2.3300416107963428e-09,1.011307364303856,2.3563882401327612e-09,0.0003372132334487619,0.768119704226755,0.0002590201291380106,0.05000349489539077,0.7883957761036694,0.039422544165947475,0.06908205214994695,0.7991440814502339,0.05520651311006651,0.0021901769111845014,0.7617746441608199,0.0016684212371668177,9.26868353169472e-06,1.0,9.26868353169472e-06,0.0016244309648624153,0.7851571922330726,0.0012754336553478345,6.874306535039498e-15,1.0,6.874306535039498e-15,1.0,1.0,1.0,0.007800583638444408,0.07654542022974854,-17.753013239555738,-1.0150308638357182,11.41052244352308,-9.225896528412354,-3.738181775928221,-114.00400863001136,68.5831512961785,10.652471752212952,-4.24399622329126,288.15,12.0,0.05
414,0.006947377682298076,0.3753593428033359,0.0026077631210339684,7.018110759104998e-12,0.8010569752183827,5.621906576436241e-12,0.9976576583650726,1.000176180496414,0.9978334261865746,3.705931330283706e-09,1.011229800581793,3.747548200092613e-09,0.00040195960934232705,0.7689115278199871,0.00030907137734133397,0.050003554492715624,0.7888458399365155,0.03944509594361757,0.06863088254820053,0.7986784537408562,0.05481400715246713,0.002640020307238854,0.7616561140630347,0.0020107876082590443,1.0679847016740889e-05,1.0,1.0679847016740889e-05,0.0016905927813256566,0.7853205566797068,0.0013276572641493587,7.121013340909796e-15,1.0,7.121013340909796e-15,1.0,1.0,1.0,0.007349340997571733,0.07557826023751671,-17.52040106483951,-1.0191133462338027,11.250116375675454,-8.95892336593749,-3.6028768510412434,-111.93047240931072,67.56413907478806,10.50063382603841,-4.249785061783273,293.15,12.0,0.05
415,0.006399084684742297,0.3747235923378199,0.0023978880007405586,9.9482482836312e-12,0.8006150831680918,7.964717626976228e-12,0.9976649967383043,1.0001737946582234,0.9978383855854339,5.759226112570383e-09,1.011147376481136,5.8234263742872045e-09,0.00047069391577432237,0.7698149208951282,0.00036234719953762807,0.05000361768153567,0.7893654742618077,0.039471129385991524,0.06815140335103201,0.7982081213308371,0.05439900363488739,0.0031181801128261446,0.7616595650843838,0.002374991708589936,1.2089316176105541e-05,1.0,1.2089316176105541e-05,0.0017607422813595394,0.7855952098181974,0.001383230701960419,7.376158249011281e-15,1.0,7.376158249011281e-15,1.0,1.0,1.0,0.006869784359742732,0.07455048804572256,-17.302582356356893,-1.0236094480387423,11.098829616626174,-8.707022388738878,-3.4725646519901954,-109.94213473082316,66.5864623058815,10.35858244576422,-4.255826030581891,298.15,12.0,0.05
416,0.005837668774893007,0.37333533219288006,0.0021794080113066846,1.3852310621535862e-11,0.7997943384032062,1.1078999608906998e-11,0.9976724774685514,1.0001718018532886,0.9978438794491555,8.760481227451532e-09,1.0110631538832686,8.857399779362308e-09,0.0005420447776926963,0.7703604731412963,0.0004175698714071142,0.050003683181753966,0.7894823589222243,0.039477025753130675,0.06766142157773633,0.797286186426961,0.053945516777940294,0.003606897413522578,0.7613202319983953,0.0027460039756574206,1.3447161321825432e-05,1.0,1.3447161321825432e-05,0.0018334586688333794,0.7855070622040591,0.001440194732627872,7.626704104270483e-15,1.0,7.626704104270483e-15,1.0,1.0,1.0,0.006379722313066931,0.07349909036648165,-17.09796149199635,-1.0284672203707335,10.955499452960122,-8.469031147397335,-3.3469965191052684,-108.03410755011538,65.64785097173986,10.225573535518679,-4.2624756653398785,303.15,12.0,0.05
417,0.00527476629448006,0.37179534213350784,0.0019611335391305097,1.8961011186669704e-11,0.7990141865584791,1.515011692964314e-11,0.9976799334711732,1.0001698424465888,0.9978493818719865,1.3070765628107997e-08,1.0109789350860332,1.3214268715463744e-08,0.0006148607245386576,0.7709059051468855,0.00047399976338974374,0.050003749944033886,0.7895701086771602,0.039481466277576385,0.06717142117454555,0.7963501284682358,0.05349196988174333,0.004095700525313981,0.7609918346672364,0.0031167946570062506,1.4739624374780418e-05,1.0,1.4739624374780418e-05,0.0019075774106599053,0.7854241383873123,0.0014982573441746569,7.876167695694516e-15,1.0,7.876167695694516e-15,1.0,1.0,1.0,0.005889640089784346,0.07244618748798663,-16.905547975573338,-1.033665381791201,10.819584015234097,-8.243678914393216,-3.225940369687985,-106.20164933173007,64.74597163933572,10.100820935145377,-4.269198591513157,308.15,12.0,0.05
418,0.004722260696798548,0.3704470590895946,0.0017493475873834024,2.5548922507621616e-11,0.7982351510494954,2.0394048017023203e-11,0.9976871836199367,1.0001679076638572,0.9978547029441986,1.9168815976822004e-08,1.010896610208177,1.937769109267371e-08,0.000688257275573068,0.7714880860625837,0.0005309822882505144,0.05000381716006517,0.7896726847314183,0.03948664854360762,0.06669240060213272,0.7953815076955394,0.053045902142759234,0.0045736031377868296,0.7607095595926178,0.003479183628697234,1.595340280465133e-05,1.0,1.595340280465133e-05,0.00198220166065946,0.7853865338049102,0.0015567944915676698,8.122476007768687e-15,1.0,8.122476007768687e-15,1.0,1.0,1.0,0.005410537141187593,0.07141466132448017,-16.724326297545066,-1.0391771659267426,10.690496562501979,-8.029729923988057,-3.1091789420268285,-104.44028947225783,63.878575478635845,9.983568615899143,-4.275890860925535,313.15,12.0,0.05
419,0.004193297754415429,0.3690632400717153,0.0015475920558300055,3.393773240010389e-11,0.7974289888555832,2.7062931631866255e-11,0.9976940276777224,1.0001661081234177,0.997859752760405,2.7676747167998625e-08,1.0108182687920055,2.7976161658150377e-08,0.0007612516581617442,0.7720292915699615,0.0005877085783570697,0.05000388393240319,0.7897164517148055,0.03948888979105643,0.06623652238268789,0.7943762964932617,0.05261672334295265,0.005028455551380636,0.7603949172996286,0.003823612043136936,1.7074394647348237e-05,1.0,1.7074394647348237e-05,0.002056335765849189,0.7853176705511786,0.0016148768135077593,8.362504227145012e-15,1.0,8.362504227145012e-15,1.0,1.0,1.0,0.004954577089324341,0.07042982017104105,-16.553325746210074,-1.0449746044151027,10.567625159601668,-7.826186908014041,-2.9965087343187435,-102.74601372568522,63.04370250236453,9.87319189063909,-4.282500961659258,318.15,12.0,0.05
420,0.0036972691529382437,0.36761405359699834,0.0013591681005507676,4.4490709878412724e-11,0.796569572443771,3.5439945745567144e-11,0.9977003209431743,1.0001644974174204,0.997864440069329,3.940453860161774e-08,1.0107454102664128,3.982795653525083e-08,0.0008331838657360363,0.7724979505262533,0.0006436328286926292,0.050003949663312,0.7896738012634067,0.03948680900881164,0.06581251827267787,0.7933278202791586,0.05221090166834583,0.005451529507234551,0.7600150432492653,0.0041432444342155116,1.809825020625871e-05,1.0,1.809825020625871e-05,0.002129316975009506,0.7851870923409218,0.001671912204279881,8.594708252731597e-15,1.0,8.594708252731597e-15,1.0,1.0,1.0,0.004530492423212882,0.06950978747010682,-16.39174579395078,-1.051036788877393,10.45050695163879,-7.632098788346841,-2.887738987084629,-101.11505485995224,62.239488417719386,9.769100475951982,-4.288977864269974,323.15,12.0,0.05
421,0.003244790558052002,0.3652951331152242,0.0011853061988346286,5.7670878852831835e-11,0.7952072924302724,4.5860303424634593e-11,0.9977058826427331,1.000163535749499,0.9978690432220304,5.540459244039951e-08,1.0106798124639391,5.599630309730404e-08,0.0009037917052816152,0.772449925241998,0.0006981338351791214,0.050004014104641996,0.7890955924047264,0.039457947132516775,0.06543074249305729,0.7918109143668198,0.05180877604112763,0.0058324847610881385,0.7591311134793228,0.004427620651036022,1.9010639042372644e-05,1.0,1.9010639042372644e-05,0.0022008708636124235,0.7845455685726727,0.0017266834830478373,8.810114201179009e-15,1.0,8.810114201179009e-15,1.0,1.0,1.0,0.0041486376679260575,0.06867553310878019,-16.23869213771186,-1.0573335281930591,10.33856307618243,-7.446568090925585,-2.7826905533051933,-99.54388425149118,61.46417067534175,9.670741495321492,-4.2957227381128344,328.15,12.0,0.05
422,0.0028242593860267826,0.3649078041524116,0.0010305942909118713,7.383818701121209e-11,0.7937633319827944,5.86100453495885e-11,0.9977108952987549,1.0001625502235687,0.9978730734278427,7.706452318553187e-08,1.0106195989888929,7.788291751803255e-08,0.000973762200281331,0.77250465765384,0.0007522358351645797,0.050004077915543045,0.7886145941012727,0.03943394560877439,0.06508028167901055,0.79023086379427,0.0514284472071789,0.006182192307397449,0.7583530756708027,0.004688284550703231,1.985487115334871e-05,1.0,1.985487115334871e-05,0.0022717305575733634,0.7840199141587771,0.0017810819967405396,9.021847119661824e-15,1.0,9.021847119661824e-15,1.0,1.0,1.0,0.003798098650831299,0.06790454113887553,-16.09407645866743,-1.063884361122125,10.232027942582407,-7.268636989265482,-2.6811955095389277,-98.02908334887309,60.7159713325298,9.577541105629415,-4.302229897881255,333.15,12.0,0.05
423,0.0024575487611417095,0.36244449192647915,0.0008907250121165551,9.356542453366874e-11,0.7922372120977755,7.412601108129848e-11,0.9977150379967352,1.000162090265673,0.99787675789231,1.0602603859889693e-07,1.0105681878069641,1.0714654168723854e-07,0.0010411237477155936,0.7722111600404125,0.0008039673769690806,0.05000413928883852,0.7877761856465624,0.03939207011550063,0.06478103677873107,0.7886284705304081,0.05108816995418479,0.0064807848055994325,0.7572340028010449,0.00490747061963625,2.059476272382594e-05,1.0,2.059476272382594e-05,0.0023398915078594886,0.7831559720700172,0.0018325000083760758,9.220513568345812e-15,1.0,9.220513568345812e-15,1.0,1.0,1.0,0.003498778534895902,0.06723858563343818,-15.956915823266304,-1.0706484506871738,10.130029369795857,-7.098166027503182,-2.5830957036756788,-96.56820901731258,59.99397463423909,9.489343618597632,-4.308588003437599,338.15,12.0,0.05
424,0.00213399411818046,0.35966233237681794,0.0007675173018231947,1.1731773858559017e-10,0.7906224693225682,9.275404017587899e-11,0.9977184666980774,1.0001618928157936,0.9978799901500205,1.444951476023738e-07,1.010523911620928,1.4601580176539413e-07,0.0011068399944628487,0.7717845570563804,0.0008542420148587961,0.05000419912199637,0.7867994033819342,0.03934327403577819,0.06452331017977594,0.7869845363719397,0.050778847347013836,0.006737930722822723,0.7559856485242992,0.0050937789272049346,2.1260738435694187e-05,1.0,2.1260738435694187e-05,0.0024063522214508213,0.7821696786964033,0.0018821757438825658,9.411554260489197e-15,1.0,9.411554260489197e-15,1.0,1.0,1.0,0.0032409786077909107,0.06665730441527414,-15.827037438428876,-1.0776362203044274,10.03266716432342,-6.934342495566373,-2.4882424745948795,-95.15828966799843,59.29663195707833,9.405664387844759,-4.314746406660027,343.15,12.0,0.05
425,0.0018492208277669597,0.3570171496127646,0.0006602035489339173,1.4559201300359002e-10,0.7889209901837066,1.1486059506163124e-10,0.9977212462702593,1.0001619013218526,0.9978827786588708,1.9522721219816524e-07,1.0104860815622287,1.972743806684416e-07,0.001171277753423213,0.7712656244709019,0.0009033662679228291,0.05000425776045996,0.7857261814418962,0.039289654505962515,0.06430309724438725,0.7852978522897285,0.050497084161594874,0.006957621281724313,0.7546476391604826,0.005250552474425983,2.1866705829954065e-05,1.0,2.1866705829954065e-05,0.0024714989388378785,0.7811010753195838,0.0019304904787774777,9.596848189875612e-15,1.0,9.596848189875612e-15,1.0,1.0,1.0,0.0030206938084023707,0.06615231821774624,-15.704133589236719,-1.0848480872163473,9.939828938086947,-6.77663904973026,-2.3964957826698523,-93.79677268372906,58.62271831326855,9.326168525881661,-4.3207061323638625,348.15,12.0,0.05
426,0.001604608773870239,0.3532985822308854,0.000566906004843595,1.7907085005856823e-10,0.7867100962768522,1.408768456899538e-10,0.9977233324809844,1.0001625461877957,0.997885508605154,2.6169676948512653e-07,1.0104550276339666,2.644328164418133e-07,0.0012349784257497088,0.7702065030056597,0.0009511884145841183,0.05000431568748412,0.7841018881142549,0.03920847834441755,0.06412232332447412,0.7831545523738134,0.050217689420347454,0.0071379402350428365,0.7527808538805602,0.0053733047450839535,2.240424915332896e-05,1.0,2.240424915332896e-05,0.002535871607527814,0.7794967590090266,0.0019767036993309423,9.768344685306032e-15,1.0,9.768344685306032e-15,1.0,1.0,1.0,0.002839848896389433,0.0657269322774152,-15.587673343979677,-1.0922676061569152,9.851160381024194,-6.624581528257881,-2.307723478479174,-92.48128200507476,57.971097953379214,9.250554197737655,-4.32693325322544,353.15,12.0,0.05
427,0.0014022441923857271,0.3465079527691439,0.00048588876438600005,2.1826231671897443e-10,0.7844333344572805,1.7121223689023617e-10,0.9977247254079036,1.0001635648106786,0.9978879180637242,3.4803199641447007e-07,1.0104309270769085,3.516622927895004e-07,0.0012968882101434252,0.7689010746416196,0.000997178738469326,0.05000437196332989,0.7822273480951882,0.03911478727404091,0.06398202383111873,0.7810031470640451,0.049970161967630454,0.0072778443625866685,0.7506724064960052,0.00546327694176632,2.2879837888757162e-05,1.0,2.2879837888757162e-05,0.0025984311285496067,0.7776544653197289,0.002020681569942385,9.931462291119411e-15,1.0,9.931462291119411e-15,1.0,1.0,1.0,0.0026994804345255668,0.06538426824176677,-15.477374905976475,-1.0998939295844512,9.766465198630916,-6.478041606162436,-2.2218011825422015,-91.20990143708686,57.341013786772116,9.178697835494749,-4.3330067234312715,358.15,12.0,0.05
428,0.0012177470317925048,0.34269808416209646,0.00041731957478937114,2.633770611892638e-10,0.7820883700310384,2.0598413648907628e-10,0.9977257762294388,1.0001645411170277,0.9978899431431469,4.5978160046249083e-07,1.0104099991068618,4.645679265126573e-07,0.0013593712319470742,0.7676892975746313,0.0010435747461966104,0.050004428765115155,0.7804453481201429,0.039025723815139184,0.06386019105500353,0.7788011715725077,0.04973439161048093,0.0073992973355627,0.7486580686657256,0.005539543652725819,2.3340613694505926e-05,1.0,2.3340613694505926e-05,0.002661599922170658,0.7759137525002118,0.0020651719832657065,1.0096128690925729e-14,1.0,1.0096128690925729e-14,1.0,1.0,1.0,0.0025775780453400413,0.06507793835017309,-15.373444132013507,-1.1077602303853145,9.686166224779098,-6.336347583547272,-2.1386113982650925,-89.98027689113674,56.73119667595299,9.110209291685035,-4.338909578134233,363.15,12.0,0.05
429,0.0010585677932932682,0.33886089329559005,0.00035870722804929846,3.149393087574606e-10,0.7796879651756822,2.455543887989403e-10,0.9977263823362762,1.0001656704929716,0.9978916761578887,6.033320149278868e-07,1.0103933754970726,6.096026711084375e-07,0.0014215616809653611,0.7664021105862697,0.0010894878726204185,0.0500044853055394,0.778585706865901,0.03893277753807895,0.06376341510869803,0.776576902659997,0.04951719540813636,0.007495722477155301,0.7465707046149931,0.005596086811368275,2.377201849593388e-05,1.0,2.377201849593388e-05,0.002724510373390736,0.7741043820855587,0.00210905541907933,1.025839735762354e-14,1.0,1.025839735762354e-14,1.0,1.0,1.0,0.0024807328062735573,0.0648219832169306,-15.275405963487595,-1.1158507582912103,9.609852299308272,-6.19942439535937,-2.0580430531642477,-88.7907485752664,56.14100329979594,9.045001272326438,-4.344676930022349,368.15,12.0,0.05
430,0.0009209022762484983,0.33523442985989377,0.00030871814953484374,3.7326901942744566e-10,0.7772393146836221,2.901193568524157e-10,0.9977266015578804,1.0001669251603782,0.997893147230859,7.866372165380357e-07,1.0103804511347454,7.948028657250804e-07,0.001483733820802945,0.7650566960029754,0.0011351404946913723,0.05000454184460687,0.7766659378496663,0.03883682438848447,0.06368817432779064,0.7743328694650485,0.049315846778228374,0.007570635409939908,0.7444272849182055,0.00563578756332719,2.4180464773112943e-05,1.0,2.4180464773112943e-05,0.00278745907321294,0.7722427980329114,0.002152595194100186,1.0419210395915906e-14,1.0,1.0419210395915906e-14,1.0,1.0,1.0,0.0024054227342679814,0.06460907697730815,-15.183057428437964,-1.1241680233517946,9.537423293969688,-6.06702722791079,-1.9799911552614675,-87.63957744982568,55.5696475891077,8.982905547004334,-4.350323311132436,373.15,12.0,0.05
431,0.0007994842276281852,0.3329406636025908,0.0002661808092863328,4.388808722674632e-10,0.7743076871792873,3.398288331526481e-10,0.9977264765306564,1.000168625011231,0.9978947181689667,1.0197118360484093e-06,1.0103705687823186,1.030286827782294e-06,0.0015473167867174455,0.7632808476899087,0.001181037268610517,0.05000459967626366,0.7743084612188418,0.038718984629191905,0.06363064319492727,0.7716288407802703,0.04909923944660472,0.007627866238257915,0.7418664542756188,0.005658858079865104,2.4563210098172653e-05,1.0,2.4563210098172653e-05,0.0028518924773127357,0.7699526774778555,0.0021958222487858956,1.0572195248018809e-14,1.0,1.0572195248018809e-14,1.0,1.0,1.0,0.002347820726181679,0.06443012786143633,-15.09612901977676,-1.1327087378029326,9.468739775708729,-5.938789522111888,-1.9043562178149285,-86.52498666564226,55.01624719690026,8.923696664532857,-4.356336493127091,378.15,12.0,0.05
432,0.0006997066095040589,0.3283171481124117,0.00022972567854777747,5.118906640652927e-10,0.7713413900148759,3.9484245635576074e-10,0.997725969363364,1.0001705401289112,0.9978961216787973,1.3137473578264087e-06,1.0103643720906175,1.327363524275987e-06,0.0016106560165980901,0.7613729468799163,0.001226309917767155,0.05000465731933099,0.7718176035659685,0.03859447477934352,0.06359456948630383,0.7689222699279198,0.04889928072449757,0.007663665958692408,0.7391777698647168,0.005664811512334402,2.4919370226779453e-05,1.0,2.4919370226779453e-05,0.00291617748456489,0.767535817507499,0.002238270669612476,1.0721905799173722e-14,1.0,1.0721905799173722e-14,1.0,1.0,1.0,0.0023116763734599755,0.06429427660769856,-15.01437584672815,-1.1414704158201323,9.403576154964739,-5.814777074498704,-1.8310443052537286,-85.44570963872705,54.48037499570586,8.86736816891113,-4.362268534690144,383.15,12.0,0.05
433,0.0006136958017594902,0.32371603656688624,0.00019866317260331973,5.92200186708989e-10,0.7683488653987822,4.5501634154679944e-10,0.9977251938415762,1.0001725441890121,0.9978973455260045,1.68283310262904e-06,1.0103606375562246,1.7002683264729977e-06,0.0016744873611331374,0.7594257954438248,0.0012716488961891641,0.05000471546120087,0.7692870104419295,0.03846797806514655,0.06357283036424172,0.7662085055243321,0.04871004334533754,0.0076851452557130315,0.7364529029610167,0.005659747533246948,2.526207826610061e-05,1.0,2.526207826610061e-05,0.0029810912748758967,0.7650845564284214,0.0022807868957110625,1.087124791187172e-14,1.0,1.087124791187172e-14,1.0,1.0,1.0,0.0022898659959952566,0.0641865267582014,-14.937744566722458,-1.1504643522679028,9.34197300572496,-5.694746907877751,-1.7599663049675154,-84.40024338149715,53.96131705053961,8.813762039299785,-4.368121371181043,388.15,12.0,0.05
434,0.0005444487729250265,0.3159994005049283,0.00017204548584995224,6.799050683696803e-10,0.7653338171788189,5.203543412945926e-10,0.9977241140001624,1.0001747165570798,0.9978984329222759,2.1432344006350625e-06,1.0103597940190818,2.1654378675602533e-06,0.0017382950011729829,0.7573755806197937,0.0013165421858018723,0.05000477364515411,0.7666528053809388,0.03833629999749623,0.06356792268372272,0.763498115702664,0.04853398918815492,0.007689814072930374,0.7336290151291339,0.0056414707248500645,2.558388455670094e-05,1.0,2.558388455670094e-05,0.003046143098520271,0.7625347642802637,0.002322790009594107,1.1018075390983068e-14,1.0,1.1018075390983068e-14,1.0,1.0,1.0,0.0022848870084986443,0.06411237213655281,-14.8659551611728,-1.1596839474689922,9.283700817786373,-5.578620615715211,-1.691037697002151,-83.38731674758661,53.45854421322964,8.762804926952805,-4.373911584862629,393.15,12.0,0.05
435,0.0004798043661965501,0.3114921860095828,0.00014945531088350579,7.743580352471981e-10,0.7623017346696767,5.902944735243412e-10,0.9977228983942741,1.0001768587712845,0.9978993544401665,2.715163186640905e-06,1.010359986344634,2.7432922401779594e-06,0.0018034178218585442,0.7553742978964791,0.0013622554710003957,0.05000483311424688,0.7640680169883768,0.03820709367743733,0.06356904590843808,0.7607747678576229,0.048361726143922555,0.007688453900014689,0.7308561245497178,0.005619153621143901,2.5905607751318977e-05,1.0,2.5905607751318977e-05,0.0031127331142829077,0.7600378874034845,0.0023657951002304493,1.1167478157957033e-14,1.0,1.1167478157957033e-14,1.0,1.0,1.0,0.0022859373512417354,0.06404885104899266,-14.799084141956623,-1.1691496569493776,9.228931282726828,-5.466133142666589,-1.6241783165533183,-82.40553450990208,52.9713592963117,8.714332168782247,-4.379639414125594,398.15,12.0,0.05
436,0.0004218800956401311,0.3085043059240104,0.00013015182608861373,8.759998718525383e-10,0.75877768986862,6.646891590894756e-10,0.9977214763134692,1.0001794567169608,0.9979005241340498,3.4224989950404574e-06,1.0103617347094183,3.4579620216703164e-06,0.001870741973564983,0.7529127652281254,0.0014085055123451327,0.05000489466988825,0.7610186044772469,0.03805465515871008,0.06357922856452528,0.7575700814734964,0.04816572136364946,0.00767805774032564,0.7276408386028429,0.0055868683730116,2.620686078574642e-05,1.0,2.620686078574642e-05,0.0031817748654660296,0.7570820955589593,0.0024088647827438473,1.1308469667211991e-14,1.0,1.1308469667211991e-14,1.0,1.0,1.0,0.0022960445682001546,0.06400110953616528,-14.736774977974823,-1.178847599202749,9.177381404400244,-5.357098508968281,-1.5593118579427843,-81.45363874075656,52.49916182244254,8.668220576516696,-4.385849496949701,403.15,12.0,0.05
437,0.0003744275189946449,0.3032929456545237,0.00011356122517000096,9.839746765494484e-10,0.7552445761024317,7.431415374861166e-10,0.9977198441977263,1.0001821724348106,0.9979016012510026,4.2910906674381045e-06,1.010365375767632,4.335569434659079e-06,0.0019384518818296595,0.7503870095869137,0.0014545891108342839,0.05000495670400101,0.7579060556204965,0.03789905949700312,0.06360043051333326,0.7543727388792886,0.04797843096024509,0.007656658838223035,0.7243661344308066,0.0055462243652990885,2.6492245588435093e-05,1.0,2.6492245588435093e-05,0.003251509035264963,0.7540662472946221,0.0024518532162668073,1.1447729926046063e-14,1.0,1.1447729926046063e-14,1.0,1.0,1.0,0.0023171704914917426,0.06397485901630261,-14.678900967183855,-1.188781090721947,9.128928463365675,-5.25160332692017,-1.4963661446871332,-80.5306983068202,52.041639133969355,8.624484395101701,-4.392027811710927,408.15,12.0,0.05
438,0.00033315272349164666,0.2981478161979855,9.932875696944586e-05,1.0974416753277139e-09,0.7517074985311959,8.249551365444813e-10,0.9977180630933369,1.0001849354210375,0.9979025765034117,5.352409955914753e-06,1.0103702452065693,5.407915759603676e-06,0.002006941802317599,0.7478473827445934,0.0015008861741839334,0.05000501960553375,0.7547812174841949,0.03774284957818581,0.0636287840461842,0.7511803082097475,0.0477966896108241,0.00762811941208789,0.7210816878826971,0.005500497221039101,2.6767806914209078e-05,1.0,2.6767806914209078e-05,0.0033223988767033274,0.7510404052675971,0.0024952557988198757,1.158678147419388e-14,1.0,1.158678147419388e-14,1.0,1.0,1.0,0.0023454469357651604,0.06396193786711753,-14.62540186119167,-1.1989583929165462,9.08356966900275,-5.149514531603698,-1.4352724235705732,-79.63561286850297,51.59827375455623,8.583029377936768,-4.3981778879941515,413.15,12.0,0.05
439,0.00030008152238081054,0.2901142997905367,8.705794074558717e-05,1.2157826308173318e-09,0.7481674536303131,9.096089950665651e-10,0.99771611096514,1.000187793204296,0.9979034752705959,6.641865184439737e-06,1.0103766200400037,6.710785295815595e-06,0.002075763608191338,0.7452575464420003,0.00154697849363427,0.05000508299727274,0.7516078372482546,0.03758421228299963,0.06366590179552224,0.7479982550395458,0.04762198344856974,0.007590832317166209,0.717751813693383,0.005448333663088389,2.70275193431869e-05,1.0,2.70275193431869e-05,0.0033940610439130068,0.7479681470744033,0.002538649550073028,1.1723936757361524e-14,1.0,1.1723936757361524e-14,1.0,1.0,1.0,0.0023824869957565884,0.0639659845336857,-14.576082184064838,-1.209376308287004,9.041145253588066,-5.050781278822372,-1.3759652773670141,-78.76741130676918,51.168643751955216,8.543803355445782,-4.404311488529272,418.15,12.0,0.05
440,0.0002683782611574424,0.2851512409647455,7.65283942170052e-05,1.3375974194541738e-09,0.7446285407214539,9.960132145209445e-10,0.9977140794231528,1.000190631391815,0.9979042750467465,8.201433437195801e-06,1.0103834699665466,8.286592774973553e-06,0.002145711610558549,0.7427020662784135,0.0015936244467994163,0.05000514764236718,0.7484710428204402,0.03742740500227263,0.06370578533030744,0.7448179356024379,0.047449211515651644,0.007550786188064872,0.7144598084886568,0.005394733253863622,2.7282267200958893e-05,1.0,2.7282267200958893e-05,0.0034673847045993784,0.7449336584211197,0.002582971573150649,1.1862156538232258e-14,1.0,1.1862156538232258e-14,1.0,1.0,1.0,0.002422291305153187,0.0639741649290623,-14.530963361494651,-1.2200490751006718,9.00173489957283,-4.9552585286156,-1.3183824596460338,-77.92507206788578,50.75224499839878,8.506707747497211,-4.410430778616758,423.15,12.0,0.05
441,0.0002394955642942181,0.2815699754704403,6.743476016360224e-05,1.4633472267855356e-09,0.7405525702588908,1.0836855499772474e-09,0.997711893962161,1.000193988216822,0.9979054383133729,1.0080247037101987e-05,1.0103912743625523,1.0184993649706814e-05,0.0022180734771027493,0.7396240823835389,0.0016405405601613863,0.0500052147238275,0.7448104290023598,0.03724440543080908,0.06375122552484978,0.741105396589173,0.047246377275639594,0.007505215379031148,0.7106693966966682,0.00533372688549462,2.750850834738123e-05,1.0,2.750850834738123e-05,0.003543732279647166,0.7413789124199609,0.0026272483833923253,1.1988659588470524e-14,1.0,1.1988659588470524e-14,1.0,1.0,1.0,0.0024676492884340697,0.06399072255249122,-14.489741164019069,-1.2309633509010736,8.965096717540236,-4.862781120358962,-1.2624644757976962,-77.10759420599757,50.348564470679136,8.47163459334667,-4.417161612326822,428.15,12.0,0.05
442,0.0002159864711778577,0.27571613918155397,5.95509559486069e-05,1.5909234054796031e-09,0.7364830720197953,1.171688157015814e-09,0.9977095822479861,1.0001974178833113,0.997906547961873,1.2328075906759813e-05,1.0104001148535944,1.2456289312113943e-05,0.002290723648412311,0.7365159534221521,0.001687154511937064,0.050005282381376234,0.7411228103574935,0.03706005541120561,0.06380269734919564,0.7374079586220894,0.047048616806853336,0.007453631568226326,0.7068546074459662,0.005268633816205478,2.771694269288684e-05,1.0,2.771694269288684e-05,0.003621088399748433,0.7377980201995605,0.002671631852301988,1.2112664171508472e-14,1.0,1.2112664171508472e-14,1.0,1.0,1.0,0.0025190381954969285,0.06401868541129688,-14.452377159477457,-1.2421274301967296,8.931187959741239,-4.773448577644907,-1.2081550027389418,-76.31427933694319,49.95736262650392,8.438608120457818,-4.4239025639689,433.15,12.0,0.05
443,0.0001970997754641631,0.26740424847392436,5.2705317332373775e-05,1.7190619016841435e-09,0.7324223414498409,1.2590793431287148e-09,0.9977071583474446,1.0002009086108072,0.9979076063066207,1.5003270768453732e-05,1.0104098546453097,1.5159452636357566e-05,0.0023635584877700626,0.7333848685869404,0.0017333980309507946,0.05000535057350538,0.7374155865782132,0.03687472492521065,0.06385940426013602,0.733726731554962,0.046855351966836614,0.007396832030432444,0.7030225732230228,0.005200139887733095,2.790677949348411e-05,1.0,2.790677949348411e-05,0.0036994653365616916,0.7341980656835434,0.0027161402941669123,1.223394518744572e-14,1.0,1.223394518744572e-14,1.0,1.0,1.0,0.0025756615340026792,0.06405650575466208,-14.418774493336525,-1.2535443758365572,8.899946901189015,-4.687200230079575,-1.1554001612526714,-75.54430406657013,49.578248398232816,8.407572626321087,-4.4306610402141,438.15,12.0,0.05
444,0.0001785288353635912,0.26201164015100487,4.6776632967863284e-05,1.8460074423995036e-09,0.7283733286132541,1.3445825854653643e-09,0.9977046786245857,1.0002043863761838,0.9979085958683515,1.8171899158321143e-05,1.0104198477371098,1.836124758064497e-05,0.0024370570235309006,0.730283973808777,0.0017797436875427357,0.050005419796800926,0.7337422293950896,0.036691088203542055,0.06391758532036028,0.7300564275056423,0.046663443993769295,0.007338572245502238,0.6992255292102586,0.005131317062009018,2.8084184105491697e-05,1.0,2.8084184105491697e-05,0.0037794804298064647,0.7306319101039026,0.0027614090056298163,1.2354323683405541e-14,1.0,1.2354323683405541e-14,1.0,1.0,1.0,0.002633757758052813,0.06409611600173132,-14.38892961007786,-1.265225070133657,8.87141251786582,-4.603944429163783,-1.104148555697736,-74.7968466473131,49.210806731590694,8.378456641255674,-4.437441642937917,443.15,12.0,0.05
445,0.00016100628343551914,0.25852405346962215,4.162399702782928e-05,1.970446882047274e-09,0.7243371125630222,1.4272678050009327e-09,0.9977021372113617,1.000207866127751,0.9979095256912727,2.1904826159621128e-05,1.010430179395742,2.2133297426098513e-05,0.002510912357866781,0.727200823954006,0.0018259375355170198,0.05000548983537254,0.7300903761341838,0.03650852688268125,0.06397773686509999,0.7263996899064029,0.04647340821972206,0.007278359195952187,0.6954512556543829,0.005061744041928574,2.824553102266259e-05,1.0,2.824553102266259e-05,0.0038609648794843106,0.7270870605726938,0.0028072576051986512,1.2472824866149291e-14,1.0,1.2472824866149291e-14,1.0,1.0,1.0,0.0026938234674619213,0.06413874511898238,-14.362724223187477,-1.2771701791176893,8.84549453051401,-4.523646898224097,-1.0543511124110654,-74.07117287956437,48.85468562393156,8.351216854442029,-4.444254560331296,448.15,12.0,0.05
446,0.00014852971358325618,0.24978511543018916,3.7100511652206586e-05,2.09403146432643e-09,0.719675617690997,1.5070233875535038e-09,0.99769941130004,1.0002120492066848,0.9979109726687161,2.628461437095656e-05,1.0104417770458136,2.6559072453953266e-05,0.002586441904473421,0.7234472815216224,0.0018711543646049045,0.05000556191906277,0.7257698463217669,0.03629252898923178,0.06404525797177855,0.7221264275096768,0.0462487733380961,0.00721083028882333,0.6910401583375645,0.004982973304533781,2.8356088958362152e-05,1.0,2.8356088958362152e-05,0.003945366526283974,0.722876194586369,0.0028520115407686016,1.2571823715810331e-14,1.0,1.2571823715810331e-14,1.0,1.0,1.0,0.0027612562324276337,0.06419378977939327,-14.339793882423644,-1.2893577656776005,8.821880007800418,-4.4461787993252555,-1.005960711870549,-73.36648181673708,48.509443228597064,8.325762092387466,-4.4518634543083015,453.15,12.0,0.05
447,0.00013607615703414893,0.24366866684412733,3.31574957737832e-05,2.2125624815570876e-09,0.7150351672709826,1.5820599840976732e-09,0.9976966402451763,1.0002162260507625,0.9979123682495556,3.139107274806194e-05,1.010453532331037,3.1719220341939755e-05,0.0026621377471680386,0.7197240890589325,0.001916004665029916,0.050005634789790664,0.7214846141187938,0.03607829612007746,0.06411369602256307,0.717872593805657,0.04602546526218479,0.007142404831180262,0.686665550162466,0.004904443342885449,2.8447375248356782e-05,1.0,2.8447375248356782e-05,0.004031368552918292,0.718699843770908,0.0028973439491653276,1.2667962528039272e-14,1.0,1.2667962528039272e-14,1.0,1.0,1.0,0.0028296049769502493,0.06424977439215969,-14.32033945231712,-1.3018158373489497,8.800777054170354,-4.371590187269029,-0.9589328105224127,-72.68217691883282,48.17481827282386,8.302088980714126,-4.45952707496521,458.15,12.0,0.05
448,0.00012391578333069463,0.23977149246006382,2.9711472308558536e-05,2.3247089594701737e-09,0.710416755931472,1.651512197471629e-09,0.9976938241370947,1.0002204014700646,0.9979137173226089,3.7312485106857826e-05,1.0104654606818664,3.770297745268635e-05,0.0027377314200634517,0.7160263582467974,0.0019602878585658666,0.05000570828283105,0.7172298489697592,0.03586558659932075,0.0641831408030469,0.713639732443566,0.04580363943007413,0.007072995480413438,0.6823226293139669,0.004826064873321504,2.8516712088138715e-05,1.0,2.8516712088138715e-05,0.004118876377786534,0.7145530673269224,0.002943155749687771,1.2760452181593385e-14,1.0,1.2760452181593385e-14,1.0,1.0,1.0,0.002898959688501004,0.06430705891108657,-14.304266020918194,-1.314546017256698,8.78211821441879,-4.299851328750395,-0.9132245766671165,-72.01760510521974,47.85047118164391,8.280152994224702,-4.4672574310231115,463.15,12.0,0.05
449,0.00011409795211427752,0.23388054891678367,2.6685291670768107e-05,2.4295074797923208e-09,0.7058182678129802,1.7147907610256964e-09,0.9976909434142067,1.0002246191754165,0.997915043931237,4.413961561305739e-05,1.0104778245762172,4.460210276231268e-05,0.002812611295821984,0.7123249565466161,0.002003493219078917,0.05000578192328269,0.7129764213961332,0.03565294344477754,0.06425512022768723,0.7094297617271285,0.04558449463287614,0.007001079968250398,0.6779829501301473,0.004746612850971483,2.855777630685774e-05,1.0,2.855777630685774e-05,0.004207453565611102,0.7104068139709826,0.0029890036824766347,1.2847286558615747e-14,1.0,1.2847286558615747e-14,1.0,1.0,1.0,0.002970848863549319,0.064369220609309,-14.291435484969377,-1.327545539791352,8.765788865053151,-4.230950875909438,-0.868795022757743,-71.37215266540885,47.536079887641826,8.259916895930749,-4.475072729499591,468.15,12.0,0.05
450,0.00010634159541876932,0.2259133121716145,2.4023982042667977e-05,2.5257624133247395e-09,0.7012407891264479,1.77116762786576e-09,0.9976880058264912,1.0002288736584648,0.9979163503303912,5.196757117529934e-05,1.0104905547403977,5.25127398254393e-05,0.0028865601106456314,0.7086230413587992,0.0020454830046706986,0.05000585559968628,0.7087275638190275,0.03544052821585173,0.06432923093503036,0.7052431728161184,0.0453677509294416,0.006927063069968118,0.6736496590362991,0.0046664136752069645,2.856899519265884e-05,1.0,2.856899519265884e-05,0.004297071489655194,0.7062641891437472,0.003034867711334039,1.2927868722144867e-14,1.0,1.2927868722144867e-14,1.0,1.0,1.0,0.0030448692772397,0.06443557505621153,-14.281769855058064,-1.3408167349642568,8.75174033411652,-4.1648576764466725,-0.8256049208127482,-70.74520477517838,47.23129948044166,8.241331155343579,-4.482987220436426,473.15,12.0,0.05
