,mCO3-2,gCO3-2,aCO3-2,mH+,gH+,aH+,mH2O,gH2O,aH2O,mCO2(aq),gCO2(aq),aCO2(aq),mHCO3-,gHCO3-,aHCO3-,mCl-,gCl-,aCl-,mNa+,gNa+,aNa+,mNaCO3-,gNaCO3-,aNaCO3-,mNaHCO3,gNaHCO3,aNaHCO3,mOH-,gOH-,aOH-,mNaOH,gNaOH,aNaOH,mNaCl,gNaCl,aNaCl,mDIC,I,pE,Eh,pH,logSI_CO2g,logSI_H2Og,logSI_O2g,logSI_CH4g,logSI_H2g,logSI_NaCl,T,pH_bo,salt_lvl
0,4.3915563966180836e-06,0.4149482573621214,1.8222686738841494e-06,1.209493999323156e-07,0.8267920308486872,9.999999999996938e-08,0.9977949260012304,1.0001274159835596,0.9979220610231176,0.0029138689042566305,1.0097055562829318,0.0029421496229079767,0.009748768714023102,0.7947716558549753,0.007748045053391321,0.04999940680973555,0.8141885427577333,0.04070894416916969,0.05975737638735563,0.8106292671401857,0.048441078227102335,5.245261447499001e-07,0.7912355796036874,4.1502374815847453e-07,0.0002463145386160835,1.0,0.0002463145386160835,1.4174058746906887e-08,0.8112117021364019,1.1498162322259687e-08,9.999881361947089e-17,1.0,9.999881361947089e-17,1.0,1.0,1.0,0.012667029174676351,0.059761888893152086,-11.934169365397164,-0.6468177790546921,7.000000000000132,-1.4232191987596703,-2.2107086527860513,-112.20276261247805,67.3769379669551,9.847331930758381,-4.2531255422110466,273.15,7.0,0.05
1,4.537619078328756e-06,0.4126882473973389,1.8726220647922226e-06,1.3988504901067617e-07,0.8251725109012377,1.1542929712968229e-07,0.9977947819899146,1.0001276475199805,0.997922148019285,0.002914202029951817,1.0097069303341035,0.002942489986036062,0.009756294741969217,0.7941489315419713,0.007747951045143409,0.04999940651480595,0.8134547028247922,0.04067225236791746,0.05976538132590858,0.8099118790211938,0.04840469229008479,7.248248066937117e-07,0.7897657013006432,5.724417717785618e-07,0.00023810894745657568,1.0,0.00023810894745657568,1.9891219076147146e-08,0.8100908147342776,1.6113693867454057e-08,9.99988130296116e-17,1.0,9.99988130296116e-17,1.0,1.0,1.0,0.012675034390999363,0.059770058830035916,-11.837735885316299,-0.6533355008319299,6.9376839488325155,-1.3392631161769255,-2.0581433003264573,-110.07154433335747,66.44615695618818,9.777212579480944,-4.258553180197526,278.15,7.0,0.05
2,4.708947283002752e-06,0.41016993495765003,1.9314686007882426e-06,1.5837391406723786e-07,0.8235565617265487,1.304298761363903e-07,0.9977946483995741,1.000127930173379,0.9979222964419405,0.002914632779496217,1.0097082043729153,0.0029429286301915635,0.009763115294068266,0.7935272152411006,0.007747297691379791,0.049999406133929704,0.8126745421096597,0.04063324448564623,0.05977280359704057,0.8091564131354347,0.048365547361630144,9.948276256734434e-07,0.7882988845345079,7.842215076224884e-07,0.00023041621641659265,1.0,0.00023041621641659265,2.782076497358991e-08,0.8089716974055162,2.2506211463804922e-08,9.999881226785914e-17,1.0,9.999881226785914e-17,1.0,1.0,1.0,0.012682457020847486,0.059777670918237616,-11.754785008659548,-0.6604193713667164,6.884622918151364,-1.261748129287093,-1.9114617392006714,-108.03072338202969,65.55336664525707,9.71354469282762,-4.263864556114686,283.15,7.0,0.05
3,4.897602271644058e-06,0.40793705804604286,1.997913462174093e-06,1.7588561925956823e-07,0.8219441564998976,1.4456815696276791e-07,0.9977945248102362,1.0001282592931193,0.9979225012306667,0.0029151758239852783,1.0097093823749177,0.002943480380750468,0.009769246811920885,0.7929065520958082,0.007746099806213156,0.04999940565461053,0.8118524434608221,0.04059213965228441,0.0597796663629394,0.8083664237797412,0.04832387511255541,1.355816095709997e-06,0.7868351905365427,1.0668038160004862e-06,0.00022319188681747414,1.0,0.00022319188681747414,3.8761388238969405e-08,0.8078544153258959,3.131355863301273e-08,9.99988113092212e-17,1.0,9.99988113092212e-17,1.0,1.0,1.0,0.012689320238177808,0.059784739850830305,-11.684069476490505,-0.6680382070247073,6.83992735557733,-1.1901393004851333,-1.7703545056059233,-106.07495938799205,64.6964645807117,9.6557744015256,-4.2690640506151505,288.15,7.0,0.05
4,5.108300510870278e-06,0.40544704073978277,2.0711453253418743e-06,1.919586964414379e-07,0.8203352906103212,1.574704930304653e-07,0.9977944109621582,1.0001286307900485,0.9979227580455463,0.0029158640634770394,1.009710466729109,0.0029441784644520384,0.009774665624067043,0.7922868340751609,0.0077443388814353855,0.049999405048167675,0.810992253457535,0.04054913017154956,0.05978598354165766,0.8075451929094344,0.0482798836124282,1.8344531997026625e-06,0.7853745278223693,1.4407328155287124e-06,0.00021639534320401615,1.0,0.00021639534320401615,5.377389795162193e-08,0.8067388733783866,4.338149385065581e-08,9.999881009633561e-17,1.0,9.999881009633561e-17,1.0,1.0,1.0,0.012695637988054953,0.05979128380086497,-11.624471271147113,-0.6761633921218662,6.802800812760655,-1.1239518689299315,-1.6345335559180147,-104.19932889599193,63.87351013540452,9.603405364502251,-4.274155939490677,293.15,7.0,0.05
5,5.332880147211124e-06,0.4032409235356733,2.15043551566647e-06,2.0621724140157784e-07,0.8187299637154862,1.688362345702214e-07,0.9977943067832179,1.0001290407143293,0.9979230628733189,0.002916724190025389,1.0097114579548052,0.002945049834362583,0.009779356247600712,0.7916681399954053,0.007742004770890501,0.049999404291817526,0.8100976680154677,0.04050440081896394,0.059791758159031747,0.8066956984072419,0.048233754107097015,2.463818828525276e-06,0.7839169903245831,1.931429440762573e-06,0.00020999045250638852,1.0,0.00020999045250638852,7.425773197374573e-08,0.8056251635426314,5.982389746565384e-08,9.999880858363514e-17,1.0,9.999880858363514e-17,1.0,1.0,1.0,0.012701413317773311,0.05979729725642038,-11.574992701852434,-0.6847689926609501,6.772534342158533,-1.062749095973005,-1.5037304552673099,-102.39928881753293,63.0827121655127,9.555993685841992,-4.279144267509168,298.15,7.0,0.05
6,5.633423660783196e-06,0.39634711758419466,2.2327912300820235e-06,2.186081087491644e-07,0.8167123805932136,1.7853994891351032e-07,0.9977942086390289,1.000129822399422,0.9979237446773237,0.0029178573994939946,1.0097123905487837,0.0029461967701235373,0.009783356455132206,0.790647129262374,0.007735182695800797,0.04999940329605219,0.8087594714798135,0.04043749098402122,0.059797191181715593,0.805410741473292,0.04816130008768575,3.281147427620147e-06,0.7820636132581137,2.5660660128771787e-06,0.0002037389062069298,1.0,0.0002037389062069298,1.0204389076302837e-07,0.8041031483447527,8.205381383189902e-08,9.999880659210424e-17,1.0,9.999880659210424e-17,1.0,1.0,1.0,0.012706847278286984,0.059803043213485126,-11.534507878615626,-0.6938174040114203,6.748264593828897,-1.006125145704439,-1.377694601477191,-100.6706286977331,62.32240310392427,9.513136026955605,-4.2844739247993475,303.15,7.0,0.05
7,5.900641356704038e-06,0.39312663468787246,2.31969927906114e-06,2.2874136084711252e-07,0.8147001445504364,1.8635561974680616e-07,0.9977941207775957,1.0001306351340074,0.9979244677462753,0.002919207758236175,1.0097132235019317,0.0029475626756404957,0.009786592515074825,0.7896285511820945,0.007727772868688064,0.049999402113405235,0.8073949675013418,0.04036926564443933,0.05980204370425797,0.804103761713814,0.048087048300767744,4.337016968935745e-06,0.7802156416807456,3.3838084773984835e-06,0.00019782909483032733,1.0,0.00019782909483032733,1.395174564319272e-07,0.8025848980082686,1.1197460354079137e-07,9.999880422681033e-17,1.0,9.999880422681033e-17,1.0,1.0,1.0,0.012711700914667704,0.05980817308697553,-11.502451590586602,-0.7033008354474992,6.729657506112569,-0.953735140468178,-1.2561921876864428,-99.00947346427525,61.591060042354215,9.474481183419517,-4.289707655246609,308.15,7.0,0.05
8,6.181504033118954e-06,0.3899313336411641,2.410362111542308e-06,2.3653003950160126e-07,0.8126933740433021,1.9222639586515185e-07,0.9977940436428304,1.0001314765211582,0.9979252301325209,0.0029208835243963427,1.0097139520748786,0.002949256846968632,0.009788881673143344,0.7886118222834297,0.00771962781437444,0.049999400649123595,0.8060063493317315,0.04029983438597472,0.0598062881120761,0.802777261971853,0.04801112821931223,5.689562831753034e-06,0.7783725144277449,4.4285993273462485e-06,0.00019223038386712252,1.0,0.00019223038386712252,1.8974895068186742e-07,0.8010698185637735,1.5200215749538981e-07,9.999880129824687e-17,1.0,9.999880129824687e-17,1.0,1.0,1.0,0.012715946701572806,0.05981270614614873,-11.478083394243024,-0.7131983650457194,6.716186976753451,-0.9052433340266046,-1.1390044380874877,-97.41220719419628,60.887246520352875,9.439701980807708,-4.294849417792372,313.15,7.0,0.05
9,6.470024071565791e-06,0.38702340200721846,2.5040507272459877e-06,2.41965982817076e-07,0.8106921379345263,1.9615991991740418e-07,0.9977939779382857,1.000132343652876,0.9979260296381438,0.0029229516760404723,1.009714568873,0.002951346891409817,0.009790119911058508,0.7875970544806334,0.007710669604961881,0.049999398846417804,0.804596285865144,0.040229330607317725,0.059809881323852884,0.801433403100886,0.047933636728435536,7.407811197461349e-06,0.7765343612952369,5.752419936816349e-06,0.00018691676030004666,1.0,0.00018691676030004666,2.5667301878229154e-07,0.799558021963241,2.0522497118890295e-07,9.999879769283573e-17,1.0,9.999879769283573e-17,1.0,1.0,1.0,0.012719541611170546,0.059816593313907256,-11.460747569043281,-0.723491480858723,6.707389724463048,-0.8603502433511618,-1.0259265496897054,-95.87547838849501,60.20963286190508,9.408506406673023,-4.299902810267331,318.15,7.0,0.05
10,6.726893917384145e-06,0.38651891628501694,2.600071746911592e-06,2.4510948881686624e-07,0.8086965102501372,1.982191882353949e-07,0.9977939246217021,1.000133233282026,0.9979268639810651,0.0029254589699338226,1.0097150638689896,0.002953879990672838,0.009790241397378385,0.7865848276715524,0.007700855342419776,0.04999939666767905,0.8031677064350362,0.040157900744715376,0.05981276492193628,0.8000741072898159,0.04785464449945379,9.572882518387735e-06,0.7747017763093665,7.4161290913958615e-06,0.0001818654761945002,1.0,0.0001818654761945002,3.45296014515919e-07,0.7980500929497987,2.7556351647962426e-07,9.999879333535842e-17,1.0,9.999879333535842e-17,1.0,1.0,1.0,0.012722427261229593,0.05981973692534249,-11.44985916203073,-0.7341636063682915,6.702854306755942,-0.8187864288789475,-0.916766601070693,-94.39617414085676,59.556984111024185,9.380632502418177,-4.304871157547346,323.15,7.0,0.05
11,7.038715060863395e-06,0.3828544054849626,2.694803070004908e-06,2.4634328117636826e-07,0.8062941421512655,1.9862514457082804e-07,0.9977938813975994,1.0001344819345213,0.9979280666490233,0.0029285789482923906,1.0097154579180831,0.0029570314338243087,0.00978910761991992,0.7851724504646683,0.007686137617794877,0.04999939396225527,0.8013118203647946,0.04006510539303129,0.059815060395962745,0.7982930187087549,0.047749945127739585,1.2265809347630585e-05,0.7724785750763908,9.475074927016353e-06,0.0001768738285636612,1.0,0.0001768738285636612,4.619175993632648e-07,0.7961377555018688,3.6775004078388143e-07,9.99987879245109e-17,1.0,9.99987879245109e-17,1.0,1.0,1.0,0.012724725283273173,0.059822345454304766,-11.444641330130944,-0.7451833493652612,6.701965773679894,-0.780287941351848,-0.8113444154167421,-92.9713779554596,58.92813050862927,9.35583448519416,-4.310201277601758,328.15,7.0,0.05
12,7.361900711338157e-06,0.37896741647460935,2.789920492918408e-06,2.455837681253101e-07,0.8038998980661594,1.974247661626401e-07,0.9977938531434104,1.000135749003869,0.9979293026650411,0.0029323885981052877,1.0097157030165635,0.0029608788148536365,0.009786405576410041,0.7837634162861429,0.00767022666772889,0.04999939066789946,0.7994427441278618,0.03997165008026654,0.05981648808523227,0.7965017779453745,0.0476439391103358,1.559920039940442e-05,0.7702626370794255,1.201548123597567e-05,0.0001721087946907564,1.0,0.0001721087946907564,6.144228687848296e-07,0.7942305685641748,4.879934244138068e-07,9.999878133579923e-17,1.0,9.999878133579923e-17,1.0,1.0,1.0,0.012726156075226666,0.05982409556971172,-11.444824426232353,-0.7565497625245687,6.704598367709404,-0.744627142773263,-0.7094910965519954,-91.5983846927051,58.32199269265991,9.333896190532354,-4.315453605667796,333.15,7.0,0.05
13,7.68961764737679e-06,0.37511990249732335,2.88452862212568e-06,2.4302674283788246e-07,0.801513938601451,1.94789321837473e-07,0.9977938414520939,1.0001370321924443,0.9979305713297956,0.0029370090989508505,1.009715782228663,0.0029655444397598606,0.009781922346156812,0.7823579156800989,0.007652964378083824,0.049999386684267386,0.7975624735573859,0.03987763452025652,0.059816949320903735,0.7947019821049711,0.047536648188794814,1.9691485130173235e-05,0.7680541837304641,1.5124127538095771e-05,0.00016755049353741632,1.0,0.00016755049353741632,8.125967974636816e-07,0.7923287140265609,6.438437755565002e-07,9.999877336853477e-17,1.0,9.999877336853477e-17,1.0,1.0,1.0,0.01272662106275504,0.05982488196529396,-11.449958813932223,-0.7682487518480342,6.710434854408998,-0.7115896359674824,-0.6110477719894369,-90.27466317816643,57.73755521085498,9.314618630710802,-4.320631500972316,338.15,7.0,0.05
14,8.093158590444625e-06,0.36790423763743096,2.9775073412963524e-06,2.388985591565659e-07,0.7991365473770285,1.9091256973772502e-07,0.9977938480634977,1.0001383304136624,0.99793187329925,0.002942653556004491,1.0097156768463966,0.0029712434270255292,0.009775264703375947,0.7809551532237314,0.0076340433442275,0.049999381830200064,0.7956718330015486,0.03978309978977961,0.05981633510447106,0.7928953321914165,0.04742809289313266,2.4672716653595463e-05,0.7658524764764517,1.889566115055787e-05,0.00016317765308756913,1.0,0.00016317765308756913,1.0684356197077383e-06,0.7904313734481335,8.445250343264946e-07,9.999876366040022e-17,1.0,9.999876366040022e-17,1.0,1.0,1.0,0.012726011417970882,0.05982466716162065,-11.459610675066429,-0.780265516024757,6.719165476593137,-0.6809653971228844,-0.515864989467239,-88.99783439524076,57.17385348026175,9.29781423659356,-4.3257387024076035,343.15,7.0,0.05
15,8.42509886503927e-06,0.364171511969736,3.0681809921758586e-06,2.3340633227773128e-07,0.7967677573898649,1.8597063992952176e-07,0.997793875101229,1.000139639646164,0.9979332066848926,0.002949334994823237,1.0097153639779466,0.0029779888577908405,0.009766433683388767,0.7795571492488629,0.007613493200550621,0.04999937610725391,0.7937744003076147,0.03968822478529035,0.05981451207360284,0.7910827962494965,0.047318231467485,3.0688798937442796e-05,0.7636595450754124,2.3435794235478385e-05,0.00015897773357256297,1.0,0.00015897773357256297,1.3966926249090352e-06,0.7885405828014679,1.1013488164402822e-06,9.99987522145075e-17,1.0,9.99987522145075e-17,1.0,1.0,1.0,0.012724193777077043,0.05982317057880015,-11.473439283505899,-0.7925899630040808,6.730555614508255,-0.6525902624152813,-0.4238020352105881,-87.76570126047179,56.6300117489875,9.283326561712286,-4.330777765655164,348.15,7.0,0.05
16,8.763057031112621e-06,0.35971085727318686,3.1521667569953503e-06,2.27020597296509e-07,0.7939849993678904,1.8025094880096678e-07,0.997793921084121,1.0001413105663393,0.9979349199081993,0.002957263420539327,1.009714854705062,0.002985992804994461,0.009755206373847093,0.7777489621462383,0.007587101632781946,0.04999936934227287,0.7914493402767674,0.03957196788019629,0.05981154477656161,0.7888457526759598,0.047182083057978615,3.785481869100066e-05,0.7610693568922376,2.8810142516432124e-05,0.00015477089221631362,1.0,0.00015477089221631362,1.8151482857168617e-06,0.7862369010358278,1.4271365630825212e-06,9.999873868454592e-17,1.0,9.999873868454592e-17,1.0,1.0,1.0,0.012721232851417533,0.05982053485419002,-11.490858029055255,-0.8051934188711156,6.744122440572806,-0.6262857823759636,-0.33472615538751305,-86.57617786183744,56.10518005896983,9.270999449210658,-4.336213331183046,353.15,7.0,0.05
17,9.031068482193924e-06,0.35783245003084585,3.231609361379803e-06,2.1970196490933917e-07,0.7912141389264914,1.7383130098620106e-07,0.9977939917787886,1.0001429886766737,0.997936665021266,0.002966570564589577,1.009714090205874,0.00299538809865609,0.00974118441185538,0.7759475845664817,0.007558648515195843,0.04999936143581788,0.7891227212311496,0.03945563215605241,0.05980709052362869,0.7866075410010628,0.04704470841121953,4.635709669863606e-05,0.7584909305746269,3.516143741368643e-05,0.00015071337861647237,1.0,0.00015071337861647237,2.345144257295366e-06,0.7839423219218715,1.8384578343058738e-06,9.99987228716358e-17,1.0,9.99987228716358e-17,1.0,1.0,1.0,0.01271678604492715,0.05981634129407579,-11.511780549277175,-0.8180804317125565,6.75987201947756,-0.601898639115225,-0.24851243934440717,-85.4273192379522,55.59856984194563,9.260695479125221,-4.341587186679168,358.15,7.0,0.05
18,9.344549696745586e-06,0.3537005651893059,3.3051725091784735e-06,2.1166929127606814e-07,0.7884555058633562,1.668918181288104e-07,0.9977940892895485,1.000144674119166,0.9979384442705254,0.0029775572376214477,1.0097130460420645,0.003006478388163346,0.009723809414217617,0.7741516197294886,0.00752770280795742,0.049999352139582474,0.7867942674539153,0.039339203639833155,0.059801006924874396,0.7843695171072924,0.04690608692419358,5.635610083091344e-05,0.7559229626824759,4.260087070533645e-05,0.00014678681683986592,1.0,0.00014678681683986592,3.011840141181351e-06,0.7816554221423331,2.3542211769803314e-06,9.999870427916503e-17,1.0,9.999870427916503e-17,1.0,1.0,1.0,0.01271071120153581,0.05981056314386242,-11.535876713345854,-0.8312376417371403,6.777564954085337,-0.5792632120398106,-0.16504283948121448,-84.3172751806992,55.10941474415312,9.252276995250142,-4.346903183928051,363.15,7.0,0.05
19,9.651329215298102e-06,0.34937497650964827,3.371932917881654e-06,2.0310499013667976e-07,0.7857093590134729,1.5958149161272832e-07,0.9977942158532365,1.000146364438248,0.9979402574431269,0.0029903671062796377,1.0097116956885621,0.0030194086416129103,0.009702835442194198,0.7723619429273869,0.007494100834037821,0.04999934135097289,0.7844659366574672,0.03922278014514739,0.05979313944011976,0.7821325998942625,0.04676616360614104,6.801808274444603e-05,0.753366377996794,5.124253663546952e-05,0.00014297937228630026,1.0,0.00014297937228630026,3.845010767758623e-06,0.7793770807822555,2.996713267752057e-06,9.999868270194592e-17,1.0,9.999868270194592e-17,1.0,1.0,1.0,0.012702853877689135,0.059802993874325173,-11.562884895290553,-0.8446553832536002,6.797017479881123,-0.5582484739877877,-0.08420584311597622,-83.24432915227581,54.63701479528289,9.245628770879412,-4.352164080532388,368.15,7.0,0.05
20,1.0041294008243311e-05,0.34165470163139766,3.43065530837951e-06,1.9418812544251362e-07,0.7829760893570727,1.5204465905855993e-07,0.9977943733893031,1.0001480593984569,0.9979421062240109,0.0030052802124779466,1.0097100148925755,0.0030344615280974694,0.009677751463598769,0.7705775685961174,0.007457458192297458,0.04999932884871039,0.7821376909133246,0.03910635961294632,0.05978334675765825,0.7798979735585585,0.046624910988846295,8.149899432379702e-05,0.7508202902697879,6.119109857488907e-05,0.0001392761392214003,1.0,0.0001392761392214003,4.879051134239368e-06,0.7771063012750773,3.7915413806607236e-06,9.999865769742051e-17,1.0,9.999865769742051e-17,1.0,1.0,1.0,0.01269307297008496,0.05979358223979193,-11.592527985538716,-0.8583218059061342,6.81802883091041,-0.5387142527328612,-0.0058960279769273375,-82.20684727125003,54.18069046170334,9.240635585001034,-4.357373312613292,373.15,7.0,0.05
21,1.0327061163161273e-05,0.33671362858336074,3.4772622368503363e-06,1.8524727752688847e-07,0.779810993418507,1.444578635163167e-07,0.9977945594973188,1.000150131043065,0.9979443594353006,0.003022212016606769,1.0097080195514103,0.0030515517099524957,0.009648921906141118,0.7683630501433908,0.007413875066397971,0.04999931474565889,0.7793688252426467,0.03896790719626152,0.059771721488974916,0.7772227667694054,0.046455942750231405,9.686124750216398e-05,0.7478608837381134,7.243873815694445e-05,0.0001355222296747538,1.0,0.0001355222296747538,6.154714623943958e-06,0.7744042655318324,4.766237257913345e-06,9.999862949131779e-17,1.0,9.999862949131779e-17,1.0,1.0,1.0,0.012681460983911048,0.0597822337974156,-11.624408603541548,-0.8722149353502154,6.840258812498956,-0.5205829681564622,0.06998650400936599,-81.20334340675217,53.73985267672414,9.237217756912116,-4.363025994403712,378.15,7.0,0.05
22,1.0590115180639647e-05,0.33184759565519373,3.514304260406837e-06,1.7619924769274671e-07,0.7766625915559769,1.3684736434326222e-07,0.9977947795950094,1.0001522028999363,0.997946646854005,0.0030414905973174594,1.0097056501032518,0.0030710102408473537,0.00961559042488803,0.7661578326546152,0.007367059919626685,0.04999929878715144,0.7766064289258101,0.038829776879884266,0.05975791661243856,0.774554044999672,0.04628573603291738,0.00011430600140574707,0.744916920238713,8.51484745319711e-05,0.00013186320052593892,1.0,0.00013186320052593892,7.717367879739035e-06,0.7717143684135975,5.9556036791281905e-06,9.999859757430282e-17,1.0,9.999859757430282e-17,1.0,1.0,1.0,0.012667671137386127,0.059768682926866885,-11.658515996533138,-0.8863406137064511,6.863763562610453,-0.5037264809880777,0.14353602035128102,-80.23235995404173,53.313886871055814,9.235273652173468,-4.368631735562755,383.15,7.0,0.05
23,1.0749150564230488e-05,0.32944999831533633,3.5413076352770286e-06,1.6714580329696012e-07,0.7735310897331735,1.2929247536862426e-07,0.9977950348052366,1.00015427239454,0.9979489670345161,0.0030632082183618486,1.0097028868469204,0.0030929301810931702,0.009577631302525777,0.7639631449135078,0.007316957330699647,0.04999928093704022,0.7738525165094541,0.038692069376791746,0.05974181733494612,0.7718923431145425,0.04611425136459256,0.00013395479395496125,0.7419896588871807,9.939307187294432e-05,0.00012829226357661795,1.0,0.00012829226357661795,9.619146099990254e-06,0.7690378575650739,7.3974875083419395e-06,9.99985618740804e-17,1.0,9.99985618740804e-17,1.0,1.0,1.0,0.012651588671451856,0.05975273363131366,-11.69468046009841,-0.9006923984012984,6.8884267496824565,-0.48805921443998795,0.21484198609243466,-79.29255539595421,52.902245355011445,9.234726337588272,-4.374192506074786,388.15,7.0,0.05
24,1.0955960671280689e-05,0.3246971573190417,3.557369285664058e-06,1.5818965042111753e-07,0.7704167403813539,1.2187195483950313e-07,0.9977953252806829,1.0001563409290561,0.9979513215288452,0.0030876510171956653,1.0096997185013932,0.003117600362893003,0.009534541049862516,0.7617770341373653,0.007263194402825226,0.04999926098927796,0.7711057944013137,0.03855471986461579,0.0597233579040598,0.7692385555105943,0.045941509564361195,0.00015588468460343488,0.7390772611024127,0.00011521082574452015,0.00012479786453393818,1.0,0.00012479786453393818,1.191744862376404e-05,0.7663727823055672,9.133208259777701e-06,9.999852197855577e-17,1.0,9.999852197855577e-17,1.0,1.0,1.0,0.012633148027729461,0.05973447205438151,-11.732694113937631,-0.9152601953243067,6.914096222681488,-0.4734760448957529,0.28398922390838915,-78.38263709739316,52.50438332548326,9.235492022766616,-4.379711433219224,393.15,7.0,0.05
25,1.1131702746911452e-05,0.3200174793076362,3.562339453468493e-06,1.4939575390165583e-07,0.767319671387366,1.1463430079048628e-07,0.9977956509965402,1.0001584062430564,0.9979537080569527,0.003114872474607357,1.0096961341834074,0.0031450746960853516,0.009486281593284504,0.7596006406674722,0.007205785575810959,0.04999923895400232,0.7683680734676372,0.038417818909934794,0.05970247489374729,0.7665930465047693,0.045767502112672234,0.00018016332637802758,0.7361808898732933,0.00013263279793550886,0.00012137578856959308,1.0,0.00012137578856959308,1.4677010342525217e-05,0.7637203134078507,1.1209130938683628e-05,9.999847790800477e-17,1.0,9.999847790800477e-17,1.0,1.0,1.0,0.012612285770638774,0.0597137559922481,-11.772427091145584,-0.930039248581141,6.940685413650222,-0.45991241314656517,0.35105820619585754,-77.50141673955943,52.11981753064473,9.23750980636009,-4.385190054871399,398.15,7.0,0.05
26,1.1405472150223575e-05,0.3114211994334483,3.551905817127413e-06,1.4099016900003361e-07,0.7637520970563074,1.0768153723809888e-07,0.9977960041797228,1.0001608903581802,0.9979565399362261,0.003144863451814459,1.0096921958370375,0.0031753440842701864,0.009433093764908205,0.7569490105225001,0.007140370991513233,0.049999214904490705,0.765149807823321,0.03825688967548799,0.059679529161715685,0.7634689099677753,0.04556346507648512,0.00020658049868199635,0.7328309618792552,0.00015138858555462353,0.00011787548651333513,1.0,0.00011787548651333513,1.7970039503294803e-05,0.7605932421353834,1.366789060711192e-05,9.999842980898145e-17,1.0,9.999842980898145e-17,1.0,1.0,1.0,0.012589362688872887,0.05969107562403489,-11.81350649085283,-0.9450048457496195,6.967858753182706,-0.4473189615063719,0.41612551053351804,-76.6477806597124,51.748099944768754,9.240728904470926,-4.391182585439981,403.15,7.0,0.05
27,1.1532280963877815e-05,0.3061596746115435,3.530719387429727e-06,1.328143976202996e-07,0.7602061564737976,1.0096632273931059e-07,0.9977963896905583,1.0001633676842296,0.9979593973760748,0.0031776527985014477,1.0096878435331802,0.0032084374016161025,0.009374844497814198,0.7543118136217575,0.007071555955568179,0.049999188885275915,0.7619471593620563,0.03809673994154289,0.05965417154475438,0.7603573385036757,0.04535848710641114,0.00023533159144678836,0.7295026748988082,0.00017167502544862564,0.00011445078508795007,1.0,0.00011445078508795007,2.1874822687347666e-05,0.7574841627395333,1.656983174840129e-05,9.999837777055174e-17,1.0,9.999837777055174e-17,1.0,1.0,1.0,0.012564029577279522,0.059665836640115884,-11.856104044611723,-0.9601749020158695,6.995823460746403,-0.43564691508707465,0.4792635289751794,-75.82067127933186,51.38880083815044,9.245100555019853,-4.397137010798325,408.15,7.0,0.05
28,1.1538108155514096e-05,0.30325389823976967,3.4989762764717264e-06,1.2490341353816152e-07,0.7566819041815018,9.451215279482566e-08,0.9977968052049954,1.0001658378538065,0.9979622776857056,0.0032133096998520827,1.009683085018897,0.0032444244508677976,0.009311483718456252,0.7516887263714308,0.0069993373369546955,0.049999160910084356,0.7587602990110905,0.03793737828243923,0.05962644714639645,0.7572587319906502,0.045152647759187696,0.0002663754218090307,0.7261957156835099,0.00019344069008110578,0.0001110977800969078,1.0,0.0001110977800969078,2.6475783149322427e-05,0.754392775429171,1.997313953167821e-05,9.999832182016888e-17,1.0,9.999832182016888e-17,1.0,1.0,1.0,0.01253633152646385,0.05963811015796551,-11.90011886124913,-0.9755456650567964,7.024512344375493,-0.4248474454364536,0.5405412463339541,-75.0190828271833,51.04150809789315,9.250578027181454,-4.403054603780746,413.15,7.0,0.05
29,1.1594310698800825e-05,0.298140554761798,3.4567342238211265e-06,1.1728926022537038e-07,0.75317926990409,8.83398393841353e-08,0.9977972471997775,1.0001683033612665,0.9979651798303436,0.003251991862436173,1.0096779388226702,0.00328346444073265,0.009242790331191833,0.7490773367670263,0.006923564765585199,0.049999130916643535,0.7555872369629187,0.037778705179853926,0.05959646387589341,0.7541735842019532,0.04494607876704476,0.00029960979873314375,0.722907734927067,0.0002165902409641315,0.00010781067859103602,1.0,0.00010781067859103602,3.186149718755841e-05,0.7513166898143054,2.3938074599484183e-05,1.0759270335034823e-16,1.0,1.0759270335034823e-16,1.0,1.0,1.0,0.012506376504326806,0.05960817547585244,-11.945435136061166,-0.9911117447955283,7.053843394693284,-0.41486512977760515,0.6000242766575993,-74.24205144210785,50.70581927972657,9.257112977139732,-4.408937268390374,418.15,7.0,0.05
30,1.1735016014913883e-05,0.29011875119474884,3.4045481914971937e-06,1.0998632903323817e-07,0.7496981542153116,8.245654786513651e-08,0.9977977118244928,1.0001707643496016,0.9979681001017865,0.003293710940613314,1.009672425448709,0.003325569114135993,0.009168837910849326,0.7464771252609432,0.006844327765674358,0.049999098980159404,0.7524278704670856,0.03762071557091436,0.059564341160684806,0.7511021381692018,0.044738904004430154,0.0003349171167507471,0.7196382040715619,0.00024101915241133345,0.00010458774885386837,1.0,0.00010458774885386837,3.812710722453296e-05,0.7482554184966846,2.8528814572360866e-05,1.2763535325112423e-16,1.0,1.2763535325112423e-16,1.0,1.0,1.0,0.012474283867477554,0.059576186163028746,-11.991984900069546,-1.0068713079767997,7.083774851374404,-0.40566924522279435,0.6577750630832562,-73.48868336940095,50.3813719302805,9.264670920984083,-4.41478580395787,423.15,7.0,0.05
31,1.1743540589968029e-05,0.284395816014803,3.3398138089869203e-06,1.031200609037464e-07,0.745687309788308,7.689532080052106e-08,0.9977981853361025,1.0001737030091553,0.9979715058834251,0.00333784990336427,1.0096666565154608,0.0033701157518802563,0.009091109847655439,0.7433420890103337,0.006757804585578613,0.049999065760025094,0.7487327365124714,0.0374359373295706,0.05953072929749254,0.7474920908883192,0.044498749314689216,0.0003717821381993013,0.7158610605426918,0.00026614435574218154,0.00010129472316265055,1.0,0.00010129472316265055,4.5387590493668527e-05,0.7446620797101379,3.379841753004729e-05,1.5039944102686593e-16,1.0,1.5039944102686593e-16,1.0,1.0,1.0,0.012440703291609677,0.059542575958143405,-12.03955817241282,-1.0228101871193775,7.11410008688702,-0.3973149376614923,0.7138532714933872,-72.75821326754064,50.067904271044874,9.273261871409277,-4.421236491099825,428.15,7.0,0.05
32,1.163925052228552e-05,0.2807256475791626,3.2674361402047084e-06,9.654704484222014e-08,0.7417030348817314,7.160923616833724e-08,0.997798672019258,1.0001766332033055,0.9979749163949508,0.0033847224610230302,1.0096605736454236,0.0034174208216270633,0.00900893309693976,0.740224878176524,0.006668636404182691,0.04999903106521505,0.7450595244799726,0.03725225430990849,0.05949528813816722,0.743900536605155,0.04425857677146091,0.0004103974267486991,0.7121097494926208,0.0002922480087544323,9.807895674743496e-05,1.0,9.807895674743496e-05,5.374459526397267e-05,0.7410909312143824,3.982963215191762e-05,1.7628117397505653e-16,1.0,1.7628117397505653e-16,1.0,1.0,1.0,0.012405294808485076,0.05950702393573434,-12.088334380193958,-1.0389468495971628,7.145030958722199,-0.38973718457091294,0.7683153472748052,-72.04979552387526,49.76504709346956,9.282836563937602,-4.427652210343792,433.15,7.0,0.05
33,1.1584526976948338e-05,0.2751966960101426,3.1880235488965506e-06,9.027467668130338e-08,0.7377449570085455,6.659968746720851e-08,0.9977991659669407,1.0001795578470551,0.9979783286369753,0.0034343824063736857,1.0096542146897518,0.0034675386714515225,0.008922311932817072,0.7371230346134964,0.006576841647686333,0.049998994945257585,0.7414060435718305,0.03706955702493137,0.05945823817741946,0.7403276698952771,0.04401857892596736,0.00045054562318270103,0.7083818000132628,0.0003191583195382591,9.493737355269097e-05,1.0,9.493737355269097e-05,6.330689688488422e-05,0.7375395282177942,4.6691338861410046e-05,2.0552975072874527e-16,1.0,2.0552975072874527e-16,1.0,1.0,1.0,0.012368278866167707,0.05946991297907307,-12.138252165911751,-1.0552795414129277,7.176527808841488,-0.3829091986030175,0.8212152982046255,-71.36266020751052,49.472482630504736,9.293366156248576,-4.434033960671927,438.15,7.0,0.05
34,1.1500807257425702e-05,0.26978102096156675,3.1026995237905033e-06,8.42974967129797e-08,0.7338126630959327,6.185857055527228e-08,0.9977996618757956,1.0001824757492952,0.9979817361167428,0.003486688031648795,1.0096476103176293,0.0035203262390772843,0.008831645072901703,0.7340373584306524,0.006482757419909855,0.04999895763295182,0.7377733685822528,0.0368878993984642,0.05941975808165406,0.7367732602902297,0.04377888888747698,0.0004920468351816009,0.7046778797329657,0.0003467345205450864,9.187147887523965e-05,1.0,9.187147887523965e-05,7.419122360079595e-05,0.7340086830142588,5.445700232643669e-05,2.3840808818514035e-16,1.0,2.3840808818514035e-16,1.0,1.0,1.0,0.012329833911807923,0.05943134318640819,-12.189307195107887,-1.0718112791384775,7.20860012001228,-0.3768318246998398,0.8726046362672465,-70.69610019535615,49.189932816070666,9.304836607242175,-4.44038132116561,443.15,7.0,0.05
35,1.15084143490042e-05,0.26174229245581115,3.0122387542397123e-06,7.86148904876073e-08,0.7299057433567304,5.73814600802649e-08,0.9978001533285364,1.0001853891631467,0.9979851346639496,0.0035416318051342474,1.0096408023502377,0.0035757759773648633,0.008737063259079652,0.7309659781866927,0.006386495991652169,0.049998919237785336,0.7341598377919621,0.036707198437385895,0.05938009148714558,0.7332374024938252,0.043539704041880324,0.0005346591880147386,0.7009960620223242,0.0003747939853223851,8.887964256705717e-05,1.0,8.887964256705717e-05,8.651158845831812e-05,0.7304965332415913,6.319641545402464e-05,2.7515703432956394e-16,1.0,2.7515703432956394e-16,1.0,1.0,1.0,0.012290203478562902,0.05939167851638506,-12.241463313784234,-1.0885422326697523,7.2412284052581155,-0.37149094432553265,0.9225325212279105,-70.04942646974361,48.91711602546653,9.317227283170615,-4.446694742272443,448.15,7.0,0.05
36,1.1318194088171586e-05,0.25750381346202417,2.9144781392075216e-06,7.331614768660212e-08,0.7253796804391389,5.3182043779936096e-08,0.9978006198848208,1.0001888757910535,0.9979890802662154,0.0035982463988607732,1.0096339580428724,0.003632911753695315,0.008640796516616258,0.7272674631807707,0.006284170162500748,0.04999888077862842,0.7299220054106887,0.036495283326226396,0.05934021289661704,0.7290727608740194,0.043263332847388675,0.0005775407931110056,0.6967213890946913,0.00040238502363514956,8.583047322093963e-05,1.0,8.583047322093963e-05,0.00010043173623271097,0.726362507119458,7.294984772435208e-05,3.156074619422553e-16,1.0,3.156074619422553e-16,1.0,1.0,1.0,0.012250361109565204,0.059351604406852915,-12.294556605794815,-1.1054609407373954,7.274234976795857,-0.3669904490639766,0.9710461350070729,-69.42209913613272,48.65387991140486,9.330577598962906,-4.453736443118811,453.15,7.0,0.05
37,1.1186162446761093e-05,0.2515527294813214,2.8139096959042115e-06,6.828222234036513e-08,0.7208855496398114,4.922366738246191e-08,0.9978010686364365,1.0001923575531444,0.9979930032085242,0.003657217169593808,1.0096269943525324,0.0036924251786314725,0.008541420112209182,0.7235891929110176,0.006180479285307376,0.0499988417185224,0.7257105638986295,0.036284687617827216,0.05929963844378604,0.7249332521729414,0.042988279749733384,0.0006210316375991049,0.692475485871503,0.00043004918498801525,8.286720558735518e-05,1.0,8.286720558735518e-05,0.00011604093278415148,0.7222538796655275,8.381101390336015e-05,3.6029171599194533e-16,1.0,3.6029171599194533e-16,1.0,1.0,1.0,0.012209823444249751,0.05931089288845513,-12.348757130561886,-1.1225856522234932,7.307826032554543,-0.3632325894701521,1.0181900709674108,-68.81340595435708,48.39987970465094,9.344826379966088,-4.460742929361562,458.15,7.0,0.05
38,1.1158196090244254e-05,0.24299202107256337,2.7113526194924274e-06,6.350789481670684e-08,0.7164227910954165,4.549850326117917e-08,0.9978014932649634,1.0001958356321274,0.9979968983511345,0.003718473176231249,1.0096199516157118,0.0037542447082709158,0.008439193959054464,0.7199302221546456,0.006075630781748225,0.04999880222681346,0.7215246815050184,0.036075369852333984,0.05925860313690521,0.7208187168824851,0.04271471027739243,0.0006648978344081889,0.6882572725760869,0.00045762077005152694,7.998892171654047e-05,1.0,7.998892171654047e-05,0.0001334562323434073,0.7181696860902743,9.58442204888555e-05,4.0939896830198607e-16,1.0,4.0939896830198607e-16,1.0,1.0,1.0,0.012168825331375957,0.059269824840890266,-12.404054727022595,-1.1399187288181465,7.342002889850631,-0.36021503127919674,1.0640071843637608,-68.22275770423471,48.1548761992068,9.359961054763065,-4.467714127304516,463.15,7.0,0.05
39,1.0986372018435964e-05,0.23738136577968377,2.607959994700032e-06,5.898131529536971e-08,0.7119907546908097,4.1994151189806905e-08,0.9978018891394886,1.0001993063952923,0.9980007574372289,0.003781760451360924,1.009612852275943,0.00381811395592286,0.00833475039867586,0.7162934271264941,0.0059701269273114465,0.049998762646668964,0.7173673509631953,0.03586747991127847,0.0592172377502872,0.7167284142050849,0.04244267690636883,0.0007090063163058338,0.6840693522190118,0.00048500949151451946,7.719832636292708e-05,1.0,7.719832636292708e-05,0.0001528046259149794,0.7141127642394912,0.0001091197338007273,4.631372041543112e-16,1.0,4.631372041543112e-16,1.0,1.0,1.0,0.01212749722205522,0.05922828310362094,-12.46048971010534,-1.1574671806526247,7.3768111925276525,-0.3579575471469002,1.1085384527565043,-67.64961330347658,47.91866144356833,9.375980690478865,-4.474648715524746,468.15,7.0,0.05
40,1.0713381763276132e-05,0.23376140410084648,2.5043751636518307e-06,5.4697374325585386e-08,0.7075888977233343,3.8703254807401587e-08,0.997802250372727,1.0002027709854788,0.998004575718348,0.0038470180599071133,1.0096057335223672,0.0038839714902463166,0.00822832420891459,0.7126779003097967,0.005864144820277518,0.04999872313329318,0.7132377212090194,0.03566097535095071,0.05917575896440372,0.7126621777100988,0.04217232525121986,0.0007531420815565112,0.6799106715795061,0.0005120693384658744,7.449392705084117e-05,1.0,7.449392705084117e-05,0.00017419747448719775,0.710082172560962,0.00012369452113850207,5.216532209551211e-16,1.0,5.216532209551211e-16,1.0,1.0,1.0,0.012086055650584978,0.059186527043541305,-12.518053318124675,-1.1752335703807746,7.412252510809113,-0.3564575939228544,1.151823079474828,-67.09343391858914,47.691013850362154,9.392873727336537,-4.481546646050657,473.15,7.0,0.05
41,1.38733364709828e-05,0.41490957112158666,5.756180085200943e-06,3.824882987910107e-08,0.8267645494455624,3.162277660181492e-08,0.9978304408112487,1.0001279022261504,0.9979580655459492,0.0009203975354374071,1.0097075467588865,0.0009293323375494295,0.009738465656472767,0.794737239658809,0.007739521314337278,0.050001202556355547,0.8141721981982893,0.04070958899786593,0.059769078143224214,0.8103413098796023,0.04843335307287662,1.6566806029791145e-06,0.7912010580132035,1.3107674458670267e-06,0.0002460043264812159,1.0,0.0002460043264812159,4.48256808791342e-08,0.8111799529989423,3.636169370868161e-08,1.000024051127114e-16,1.0,1.000024051127114e-16,1.0,1.0,1.0,0.010672736528381157,0.05978298972852512,-12.559300626222576,-0.6806991495434622,7.499999999998199,-1.9237129043842616,-2.210692983943637,-112.70325631810267,67.87746301026452,10.097594452413091,-4.253187927806061,273.15,7.5,0.05
42,1.4315302515799572e-05,0.41264987642081496,5.907207814071269e-06,4.429057461072443e-08,0.8251450202039126,3.6546147082009054e-08,0.9978303040561295,1.0001281334798033,0.9979581595252416,0.0009214809565953029,1.0097088515240475,0.0009304274783851237,0.009744542449477651,0.7941144084027367,0.0077382815624223,0.05000120159662833,0.8134379995185976,0.04067287740028745,0.05977667938107243,0.8096247822121518,0.04839668102526638,2.286190269665506e-06,0.7897309783279063,1.8054752783066793e-06,0.00023777242700003345,1.0,0.00023777242700003345,6.283023982672787e-08,0.8100587479759866,5.089618540907017e-08,1.0000240319325626e-16,1.0,1.0000240319325626e-16,1.0,1.0,1.0,0.010680338708588755,0.05979103897416284,-12.462226291080553,-0.6878016990954691,7.437158402269032,-1.839295581730238,-2.0581276284464707,-110.57157679891078,66.94622076550145,10.027244484137585,-4.258618390483732,278.15,7.5,0.05
43,1.4830206971400825e-05,0.41013227981445716,6.0823465953008796e-06,5.022162704659023e-08,0.8235292062863883,4.13589766600894e-08,0.9978301801360117,1.0001284156544306,0.9979583171516043,0.0009228610150910837,1.009710032356555,0.0009318220254082213,0.0097495278929524,0.7934925850480952,0.007736178090777308,0.05000120037591246,0.8126574077090318,0.04063384587982889,0.059783558588873756,0.80887039859421,0.04835715086516261,3.1323853054958067e-06,0.788263978217143,2.4691465022190437e-06,0.00023004555893043984,1.0,0.00023004555893043984,8.774238764209114e-08,0.8089392724232639,7.09782632198731e-08,1.0000240075182465e-16,1.0,1.0000240075182465e-16,1.0,1.0,1.0,0.010687219115014884,0.05979843901747221,-12.3784618334629,-0.695459421547914,7.383430215474425,-1.7611948876940144,-1.91144606331772,-108.53017014043661,66.05284475542987,9.963283747914032,-4.263933530566494,283.15,7.5,0.05
44,1.539141072745957e-05,0.4079002560908239,6.278160377329808e-06,5.588103163987058e-08,0.8219171396167286,4.5929577684274424e-08,0.997830069363848,1.0001287437669226,0.9979585337657265,0.0009245782820698151,1.0097110858752112,0.00093355694116535,0.009753388390980455,0.7928720526092806,0.007733189073452203,0.05000119885987101,0.8118350372011139,0.04059272513650369,0.05978969606903064,0.8080817299245783,0.04831496103112705,4.2598628983314825e-06,0.786800362826448,3.351661673998137e-06,0.00022277878146721397,1.0,0.00022277878146721397,1.220148575404328e-07,0.8078218242473721,9.856626480359563e-08,1.0000239771974242e-16,1.0,1.0000239771974242e-16,1.0,1.0,1.0,0.010693358083777728,0.05980514336078973,-12.306737592535935,-0.7036393383472662,7.337907547837736,-1.688859633575233,-1.770338824579978,-106.57367972108216,65.1952162758537,9.905150249096593,-4.269137906258003,288.15,7.5,0.05
45,1.601081826998961e-05,0.40541171127559167,6.490973233758991e-06,6.113258249480082e-08,0.8203089104444166,5.014760213896351e-08,0.9978299723510718,1.0001291137682424,0.9979588059388673,0.0009267276862551775,1.0097120057166582,0.000935728070841873,0.009755980117450786,0.7922525979127721,0.007729200593235739,0.05000119696589529,0.8109746084673237,0.040549701132314465,0.059795054747527984,0.8072621494672101,0.04827028442299895,5.748289713445988e-06,0.7853399464026666,4.514361535464672e-06,0.00021592940280447392,1.0,0.00021592940280447392,1.688705109873338e-07,0.8067061888854993,1.3622888633373887e-07,1.0000239393179027e-16,1.0,1.0000239393179027e-16,1.0,1.0,1.0,0.010698718621975955,0.059811126698380485,-12.245881749039018,-0.7123091235560665,7.29974982840056,-1.6217663425643734,-1.6345178682124535,-104.69714336962637,64.37135598445009,9.852328289025033,-4.274236181016624,293.15,7.5,0.05
46,1.6660014508833215e-05,0.40320744674586545,6.717441912855715e-06,6.586540552477719e-08,0.818704609483534,5.39243111086374e-08,0.9978298901050769,1.0001295212989123,0.9979591303285369,0.0009293824977977092,1.009712781550429,0.0009384093869756099,0.009757198093947058,0.7916345787417443,0.007724135402801529,0.05000119463177444,0.8100800847951948,0.04050497198716887,0.059799574439924834,0.806414672163324,0.048223254217478265,7.69503294699858e-06,0.7838831128387617,6.032006379890077e-06,0.00020946016551496628,1.0,0.00020946016551496628,2.325176442344832e-07,0.8055927289300804,1.8731452354325088e-07,1.0000238926354856e-16,1.0,1.0000238926354856e-16,1.0,1.0,1.0,0.0107032406062536,0.0598163003198392,-12.194856678228637,-0.7214397398158934,7.2682153943687355,-1.5594494006207202,-1.5037147590535431,-102.89598912218067,63.57944386258795,9.804359534379616,-4.2792326942082,298.15,7.5,0.05
47,1.7535628547474943e-05,0.39605411983449473,6.945057930114829e-06,7.008847551248197e-08,0.8166886649954082,5.7240463497852344e-08,0.9978298199999959,1.000130301501137,0.9979598387234211,0.0009328485296867386,1.009713437643055,0.000941909695710266,0.009756681501248492,0.7906129763853971,0.007713759001346411,0.050001191586856494,0.8087404876500882,0.0404379880670398,0.05980339650333926,0.8051326449393039,0.04814966680308745,1.0203934542246805e-05,0.7820292546533137,7.979775324604468e-06,0.00020312554567233137,1.0,0.00020312554567233137,3.1831207258139356e-07,0.8040695829267034,2.559450554410558e-07,1.0000238317371307e-16,1.0,1.0000238317371307e-16,1.0,1.0,1.0,0.010707065659482706,0.05982100222036224,-12.15236111733916,-0.7309821738188913,7.242296858250055,-1.501377627365076,-1.377678893702266,-101.16588117939372,62.817687001134765,9.760777975560849,-4.284573502017257,303.15,7.5,0.05
48,1.8264452206245604e-05,0.39310238084936777,7.179799647184632e-06,7.366127815471387e-08,0.8146785650636458,6.001026438783639e-08,0.9978297680405896,1.000131109722508,0.9979605932245877,0.000936905343656093,1.0097139153025074,0.000946006362810835,0.00975468187223436,0.7895959693974737,0.00770225748907085,0.050001188036050775,0.8073766433967132,0.040369791362394575,0.05980617902540568,0.8038287950497646,0.048073928822522344,1.3420583786984114e-05,0.780183031587858,1.0470511744608123e-05,0.00019712211230804406,1.0,0.00019712211230804406,4.332901992305205e-07,0.8025522986390553,3.4773804537022817e-07,1.0000237607210145e-16,1.0,1.0000237607210145e-16,1.0,1.0,1.0,0.010709851668096699,0.05982451713889009,-12.117968652808406,-0.7409357396836586,7.221774459854041,-1.4473041315115918,-1.256176466244165,-99.50304245531868,62.08466047628218,9.721281400383502,-4.289820503310649,308.15,7.5,0.05
49,1.901848334750979e-05,0.389911876744028,7.4155325348525895e-06,7.658022458886181e-08,0.8126747641816775,6.223481595873323e-08,0.9978297361537494,1.000131945175448,0.9979613949733533,0.0009418879080267728,1.0097141946648935,0.0009510375905178543,0.009750576791233418,0.7885813363660533,0.007689122876370669,0.05000118368543211,0.8059890257432436,0.04030040532463038,0.059807806268030214,0.8025061199036443,0.047996130548105795,1.7499277981647375e-05,0.7783422878094932,1.3620428059249713e-05,0.00019141095341552997,1.0,0.00019141095341552997,5.861269126241189e-07,0.8010385953186065,4.6951027876685617e-07,1.0000236737086443e-16,1.0,1.0000236737086443e-16,1.0,1.0,1.0,0.0107114831826077,0.05982690133160232,-12.090749605480072,-0.7512667885938683,7.205966590412361,-1.3967582472590065,-1.1389886995273755,-97.90372210742869,61.37879291070551,9.68547517598402,-4.294978950765294,313.15,7.5,0.05
50,1.9761485543599893e-05,0.38700988361617306,7.647890220311284e-06,7.885009958918046e-08,0.8106775009301456,6.392200168304987e-08,0.9978297268369654,1.0001328042945696,0.9979622429099384,0.0009479484421974478,1.009714249986573,0.0009571570503393361,0.009744100417475133,0.7875696234104473,0.0076741574962644705,0.050001178407697584,0.8045807221957703,0.04022998423390487,0.05980812824841422,0.8011668449090331,0.04791628940869684,2.261758266318778e-05,0.7765076140271948,1.756272514885479e-05,0.00018596433345405145,1.0,0.00018596433345405145,7.877195906823097e-07,0.7995290091630326,6.298046638365371e-07,1.0000235681539547e-16,1.0,1.0000235681539547e-16,1.0,1.0,1.0,0.01071181034521618,0.0598279685840574,-12.0699746219627,-0.7619506284876643,7.194349633783367,-1.3493872987003253,-1.0259107900659516,-96.36451544384416,60.69870143650175,9.653040693971358,-4.300052954977385,318.15,7.5,0.05
51,2.036987550579926e-05,0.3865110566805654,7.873182106198035e-06,8.048878678376299e-08,0.8086870114907252,6.509023644267546e-08,0.9978297430373775,1.000133682269038,0.9979631351815406,0.000955177182693195,1.0097140507538398,0.0009644558223247864,0.009735108396155958,0.7865626043713831,0.007657272213918148,0.05000117213375184,0.8031558621330824,0.040158734512748116,0.05980696719714547,0.7998128502285422,0.04783438089747385,2.8975804771680963e-05,0.7746808178744253,2.244700013909549e-05,0.00018075963196011237,1.0,0.00018075963196011237,1.0516002411756282e-06,0.7980253205250828,8.392036195284348e-07,1.0000234426750345e-16,1.0,1.0000234426750345e-16,1.0,1.0,1.0,0.010710655454354952,0.05982741756143806,-12.05502452527968,-0.7729667374151216,7.1864841508645885,-1.3048969366035403,-0.9167508162506609,-94.88228464858135,60.04312618838885,9.623703541100506,-4.305046077599563,323.15,7.5,0.05
52,2.1093374395467736e-05,0.38285585818417495,8.075721956176905e-06,8.164584295960716e-08,0.8062911892244454,6.583032381513397e-08,0.9978297837086909,1.0001349179962558,0.9979644089037131,0.0009640060784828101,1.0097136042845292,0.0009733700520570725,0.009722962034091023,0.785155461042215,0.00763403673857269,0.05000116448893425,0.801303442027615,0.04006610521037196,0.05980436572328886,0.7980383409711846,0.04772617680464741,3.674029932073547e-05,0.7724636577778716,2.8380546001149193e-05,0.00017558743514792708,1.0,0.00017558743514792708,1.39379799485305e-06,0.7961170862557992,1.1096263984915866e-06,1.0000232897786879e-16,1.0,1.0000232897786879e-16,1.0,1.0,1.0,0.010708061486969301,0.05982554074352728,-12.044901963230597,-0.7842675125262044,7.181574008636009,-1.2628659024822602,-0.8113285996943354,-93.45395591659,59.4107401012045,9.597139281481773,-4.310406671063278,328.15,7.5,0.05
53,2.1792716727864772e-05,0.3789804885124681,8.259014431540027e-06,8.228650076582366e-08,0.8039051377109396,6.615054072990087e-08,0.9978298558151097,1.0001361691939081,0.9979657295022336,0.0009745560713771075,1.0097128406097184,0.000984021779163627,0.009707272114664149,0.7837528960667678,0.007608102632776206,0.05000115538188474,0.7994388068691369,0.03997286400057226,0.05979991619684747,0.7962548224834376,0.04761597165584522,4.615171973825326e-05,0.7702552533868363,3.554860458122654e-05,0.00017061460992640054,1.0,0.00017061460992640054,1.833833605341845e-06,0.7942150807227082,1.4564583048985877e-06,1.0000231076376966e-16,1.0,1.0000231076376966e-16,1.0,1.0,1.0,0.01070362090276912,0.05982179120007609,-12.039304566695293,-0.7958473342777834,7.179466601437896,-1.2230430646912098,-0.7094752440405829,-92.07680061462305,58.80044031960068,9.573120004002739,-4.315695426476207,333.15,7.5,0.05
54,2.2439676242451278e-05,0.3751469116819965,8.418175241499458e-06,8.246997606632722e-08,0.8015292145077036,6.610209513691233e-08,0.9978299624779338,1.0001374330759794,0.9979670973189815,0.0009870392187448962,1.0097117259461834,0.0009966250731354813,0.00968765814636226,0.7823553837170583,0.007579191506416934,0.050001144642267764,0.7975642328069996,0.03987912456608211,0.05979342179016348,0.7944639588786663,0.0475037185903152,5.742744818772023e-05,0.7680561537008962,4.410750497191788e-05,0.00016582039733512382,1.0,0.00016582039733512382,2.394670836904771e-06,0.7923197699348874,1.8973450465661712e-06,1.0000228928453578e-16,1.0,1.0000228928453578e-16,1.0,1.0,1.0,0.010697137041349607,0.05981594393638201,-12.037709839347677,-0.8076846134970207,7.179784775128886,-1.1851622634747416,-0.6110318763492942,-90.74823580567369,58.21115962964253,9.551420840104573,-4.320916222493712,338.15,7.5,0.05
55,2.322655516832247e-05,0.36795032457542565,8.546218512953279e-06,8.227724672812852e-08,0.7991640407611353,6.575301695795203e-08,0.9978301062063045,1.0001387102146808,0.9979685154345513,0.0010018645379311995,1.0097102318834017,0.0010115928749102683,0.009663353607781025,0.7809604894930178,0.007546697363676791,0.05000113192505794,0.7956788627958634,0.03978484378863603,0.059784716962625176,0.7926678849675466,0.04738942514814751,7.075829076854364e-05,0.7658640593704548,5.419123180211182e-05,0.00016117911775043032,1.0,0.00016117911775043032,3.1023059277702366e-06,0.7904286809803591,2.4521515824849767e-06,1.0000226385011578e-16,1.0,1.0000226385011578e-16,1.0,1.0,1.0,0.010688444700880546,0.05980802579504023,-12.039520605180442,-0.8197506027086175,7.182084315566248,-1.1488978693577014,-0.5158490433035345,-89.46576686747558,57.64181784482397,9.531796418874674,-4.32607388559748,343.15,7.5,0.05
56,2.3730978242725172e-05,0.364236460742728,8.643687525092898e-06,8.173052742512268e-08,0.7968094628287501,6.512365765432238e-08,0.9978302904199237,1.0001399925263539,0.9979699792031519,0.00101886821072046,1.0097083201899255,0.001028759709541471,0.009634721791349781,0.779573859475191,0.007510977251852274,0.05000111740650775,0.7937900052303776,0.039690387247636516,0.05977357898624644,0.7908668399958033,0.04727294152809229,8.637097958469911e-05,0.7636846067981089,6.596018758290849e-05,0.0001566869786113225,1.0,0.0001566869786113225,3.988582846231456e-06,0.7885475308297453,3.1451871549056914e-06,1.000022348130158e-16,1.0,1.000022348130158e-16,1.0,1.0,1.0,0.010677320980312967,0.059797391695016626,-12.04455516618212,-0.8320428859800301,7.186261215390365,-1.1141993837560615,-0.42378603232840334,-88.22731038181257,57.091652876092645,9.514147125264861,-4.331169980766323,348.15,7.5,0.05
57,2.417173449885962e-05,0.35979715023681075,8.696921188970503e-06,8.098228999896838e-08,0.7940431233859483,6.430343048972753e-08,0.9978305122916075,1.0001416324312968,0.9979718374530854,0.0010383583616124493,1.009706012000541,0.001048436680331122,0.009601359124294374,0.7777788339023225,0.007467733903571106,0.05000110084028672,0.7914751042757759,0.03957462650146952,0.05976013095991348,0.7886427060018937,0.047129391391253696,0.00010432033996331565,0.7611100968775263,7.939926405577565e-05,0.00015216576003261711,1.0,0.00015216576003261711,5.088168661359493e-06,0.7862551769344454,4.00059895110951e-06,1.0000220168057334e-16,1.0,1.0000220168057334e-16,1.0,1.0,1.0,0.010663889220405683,0.05978438367670235,-12.052146116639546,-0.844524291558852,7.191765857510959,-1.0808323326430962,-0.3347100894205316,-87.03072441210458,56.55975874117092,9.498288790311207,-4.336669433608927,353.15,7.5,0.05
58,2.43446110696125e-05,0.3579412471766816,8.713940448288346e-06,7.998448933467824e-08,0.7912909319392015,6.32910011063186e-08,0.9978307779432009,1.0001432736156581,0.9979737407665717,0.001060393154309267,1.0097032418917904,0.0010706824055859284,0.009563030509583709,0.7759939317763557,0.00742085364482911,0.0500010822099788,0.789161814960934,0.03945894478683773,0.059743991721311125,0.786418435788622,0.04698377651724188,0.00012482876089271456,0.7585510841017036,9.468899190224095e-05,0.00014777421563680394,1.0,0.00014777421563680394,6.441003206011086e-06,0.78397516840419,5.049586573124468e-06,1.0000216441995759e-16,1.0,1.0000216441995759e-16,1.0,1.0,1.0,0.010647768274962588,0.059768416316870084,-12.062272740025211,-0.8572009558689887,7.198658034811921,-1.048691073006957,-0.24849630456044644,-85.87411167184392,56.04539454540529,9.484107830855047,-4.342113584540541,358.15,7.5,0.05
59,2.456083546480643e-05,0.3538357656646236,8.690502022052624e-06,7.880313157174101e-08,0.7885532311327869,6.214046402427844e-08,0.9978310871455962,1.0001449197485484,0.9979756925758391,0.0010853733235993267,1.0097000049663651,0.0010959014502286003,0.009518995730383456,0.7742148765403544,0.007369748104186986,0.050001061192144654,0.7868469692924392,0.039343183460444825,0.05972513269831717,0.7841956620517798,0.04683618997748724,0.00014794414464629256,0.7560034585650801,0.00011184628502704956,0.0001434926270465422,1.0,0.0001434926270465422,8.088763344732689e-06,0.7817032120341008,6.323012287961236e-06,1.0000212238428913e-16,1.0,1.0000212238428913e-16,1.0,1.0,1.0,0.010628929889447589,0.05974977233691355,-12.07451701839181,-0.8700503048781209,7.206625508042241,-1.017549796697709,-0.1650266296321431,-84.75556176535711,55.54773374850916,9.471436497428162,-4.347506895091102,363.15,7.5,0.05
60,2.46848894456105e-05,0.3495389092785923,8.628329332481327e-06,7.745933183514942e-08,0.785830121539003,6.086987615034553e-08,0.9978314400733743,1.0001465672523793,0.9979776894858835,0.0011132749217124078,1.0096962912166831,0.0011240695595575616,0.009469355863500397,0.7724436005673243,0.007314543338255551,0.050001037852041665,0.7845336680221175,0.03922749763097498,0.05970349556580581,0.7819749781965413,0.0466866396433283,0.000173729585525505,0.7534691844638755,0.00013089988912314945,0.00013931630341504632,1.0,0.00013931630341504632,1.0079945178853126e-05,0.7794412971588641,7.856725545495512e-06,1.000020757040835e-16,1.0,1.000020757040835e-16,1.0,1.0,1.0,0.010607315674658413,0.05972825791458325,-12.0887553188483,-0.8830696101679243,7.2155975818887885,-0.9873771806313257,-0.0841895533384913,-83.67345785891936,55.06617608148139,9.460209413978667,-4.352850978026052,368.15,7.5,0.05
61,2.4943134911404163e-05,0.3418502620386658,8.52681720552931e-06,7.599313151129723e-08,0.7831218967847201,5.9511885291737725e-08,0.9978318348264397,1.0001482183837525,0.9979797318482543,0.0011443299007131388,1.0096921102888894,0.0011554208723177242,0.009413708913022616,0.7706771268648522,0.007254930138230323,0.0500010120257117,0.7822199152518479,0.03911178738925883,0.059679136480838085,0.7797576956628183,0.04653526594144514,0.0002021407785893114,0.7509454123377097,0.0001517966903280162,0.00013523319582235793,1.0,0.00013523319582235793,1.2464486823160863e-05,0.7771864708712393,9.687230525313452e-06,1.0000202405142366e-16,1.0,1.0000202405142366e-16,1.0,1.0,1.0,0.010582981948647159,0.05970415560888099,-12.104738989785542,-0.8962463961869226,7.225396291394937,-0.9580556797951605,-0.0058796539880499755,-82.62618869831232,54.60006463674339,9.450322672521061,-4.358148854324302,373.15,7.5,0.05
62,2.4886597108742393e-05,0.3369406289470484,8.385305682171455e-06,7.446115994045911e-08,0.7799833858969191,5.807846764817139e-08,0.9978322650964412,1.000150240720204,0.9979821801345921,0.0011780037393099155,1.0096875113103352,0.0011894156638580977,0.009353324054612552,0.7684837686699538,0.007187877719079987,0.05000098425299767,0.7794689447851842,0.03897421443390472,0.0596523416531049,0.7771002773811405,0.04635585124506238,0.000233027452671475,0.7480119337124673,0.00017430731548088047,0.000131108013720467,1.0,0.000131108013720467,1.5307159765659125e-05,0.7745037754708011,1.1855453030237728e-05,1.0000196850599547e-16,1.0,1.0000196850599547e-16,1.0,1.0,1.0,0.01055621439103121,0.05967730271137358,-12.122439641149162,-0.9095837275257573,7.235984850653738,-0.9297700482451331,0.07000296285259366,-81.61253048684084,54.149072674499266,9.441827755799679,-4.363892423660448,378.15,7.5,0.05
63,2.4729398112003673e-05,0.33210699951066036,8.212806206682133e-06,7.281882199844538e-08,0.7768629086912932,5.657024186518581e-08,0.9978327330423128,1.000152260977878,0.9979846640300044,0.0012146057124561135,1.0096824636102664,0.001226366088067792,0.009287499380243178,0.7663006935429544,0.007117017216360106,0.05000095430817907,0.7767255654133371,0.038837019506226825,0.0596229323499713,0.7744496772293097,0.046174960713900245,0.00026642602304467907,0.7450952695177665,0.00019851276944702188,0.00012708280353801045,1.0,0.00012708280353801045,1.8666661102354335e-05,0.7718343326000122,1.4407569913806255e-05,1.0000190861635846e-16,1.0,1.0000190861635846e-16,1.0,1.0,1.0,0.010526834490811295,0.05964773456690529,-12.14183795352782,-0.9230852457083163,7.247411964436345,-0.902387612928774,0.14355256465785532,-80.63102108598241,53.712581091609664,9.434620762450391,-4.369591377065743,383.15,7.5,0.05
64,2.4304717437316427e-05,0.3297426390491631,8.014301669124934e-06,7.106798144817208e-08,0.7737603188542062,5.498958398566249e-08,0.9978332361731302,1.0001542755694228,0.9979871774638298,0.0012539708218592294,1.0096769789043007,0.00126610547104897,0.009216634728654543,0.7641301926826295,0.007042708871092209,0.05000092240329009,0.7739929355296306,0.03870036071011177,0.05959097679959796,0.7718060164847242,0.04599267442213131,0.00030226792386106377,0.7421976613473685,0.00022434254619000613,0.00012315815746800871,1.0,0.00012315815746800871,2.2613376899088343e-05,0.7691804970378125,1.739376848294415e-05,1.0000184480658013e-16,1.0,1.0000184480658013e-16,1.0,1.0,1.0,0.01049491026795109,0.05961535258501674,-12.162956648331733,-0.9367577534602207,7.2597195658866704,-0.875959445466814,0.21485861445867777,-79.68045562698103,53.29017884277076,9.428693081467928,-4.3752459494657145,388.15,7.5,0.05
65,2.397103906866342e-05,0.325023005329368,7.791139158964676e-06,6.923653106901812e-08,0.7706754591488644,5.3358895371490126e-08,0.9978337688880683,1.0001562901131582,0.9979897204407208,0.0012962892614513193,1.009671099245034,0.0013088258035490862,0.009140426481345535,0.7619671902868801,0.006964705084014653,0.05000088842772397,0.771266652555137,0.03856401784243356,0.059556719952794754,0.769170242950554,0.04580925675542925,0.0003403174883520442,0.7393141460767269,0.000251601533295968,0.0001193246587072883,1.0,0.0001193246587072883,2.7214713766940386e-05,0.7665372204732273,2.086109104688495e-05,1.0000177685544797e-16,1.0,1.0000177685544797e-16,1.0,1.0,1.0,0.010460686781865517,0.05958076022839448,-12.185634065068731,-0.9505937601574652,7.272793169703052,-0.8504146396894601,0.28400593425723236,-78.75957569218686,52.88135534097465,9.423978030512313,-4.380858725827693,393.15,7.5,0.05
66,2.356234069744336e-05,0.32037602325021747,7.5488090111136526e-06,6.732185477358663e-08,0.7676080592410329,5.16767982872595e-08,0.9978343275196847,1.0001583013463125,0.9979922860371279,0.0013413499579281749,1.0096648458505018,0.001354313898503128,0.00905937506847146,0.7598139133267467,0.006883439223070067,0.05000085264417858,0.7685496816192621,0.038428139380375086,0.05952028540204799,0.7665423036794314,0.045624816687743104,0.00038044910412010256,0.7364468747980618,0.00028018055374897185,0.00011558464248479208,1.0,0.00011558464248479208,3.255122573775498e-05,0.7639067945545273,2.486610251214925e-05,1.134515009740221e-16,1.0,1.134515009740221e-16,1.0,1.0,1.0,0.01042428736709708,0.059543915064600224,-12.209932380995705,-0.964602817153039,7.286704401538702,-0.8258240422326791,0.35107499442957146,-77.86732836864554,52.485762736198275,9.420482409136861,-4.386429480421218,398.15,7.5,0.05
67,2.3359201586808435e-05,0.31180943126048355,7.283619361481722e-06,6.540331647213433e-08,0.7640701479480346,4.997272169315578e-08,0.9978348966718406,1.0001607326608495,0.997995281329871,0.001388893054746685,1.009658350522808,0.0014023074707081226,0.008974227325933627,0.7571837202469648,0.006795138832992394,0.05000081536780675,0.7653508595403827,0.038268167019470875,0.05948244101542862,0.7634358147926221,0.04541102582246783,0.0004220324067188957,0.7331244432003092,0.00030940227318827676,0.00011180098345577822,1.0,0.00011180098345577822,3.87129151122177e-05,0.760800381046427,2.9452800568793195e-05,1.3374864506459117e-16,1.0,1.3374864506459117e-16,1.0,1.0,1.0,0.01038647958226712,0.05950586562033191,-12.235660050017247,-0.9787744263030072,7.301266996682488,-0.8022665066606669,0.41614236983172803,-77.00272820486668,52.10308120851948,9.418219536346284,-4.392510015143295,403.15,7.5,0.05
68,2.286342825322703e-05,0.3065774936669219,7.009412530507836e-06,6.339877226949022e-08,0.7605532842981666,4.821814447003236e-08,0.9978354819661499,1.000163156218023,0.9979982850295968,0.0014387702967617803,1.0096515434948574,0.001452656650860085,0.00888522300304412,0.7545691129367453,0.0067045148396521655,0.050000776815843764,0.762169189401204,0.038109051535162156,0.059442780306924174,0.7603408209870363,0.04519677238031875,0.00046532434537823483,0.7298248151188816,0.00033960525433598493,0.00010812347915170918,1.0,0.00010812347915170918,4.5792684923862457e-05,0.7577133836504735,3.469773024009985e-05,1.5682311135973315e-16,1.0,1.5682311135973315e-16,1.0,1.0,1.0,0.010346856728059128,0.05946570713394966,-12.263111199300067,-0.9931366619162683,7.3167895061512445,-0.7797775086535057,0.47928045187238466,-76.16480187289831,51.73296527751127,9.417182774700272,-4.398547822794515,408.15,7.5,0.05
69,2.2156702176138336e-05,0.3037015705031828,6.7290252480645045e-06,6.132055654343561e-08,0.7570572557270737,4.6423172256430166e-08,0.9978360775698927,1.0001655728631706,0.998001292146231,0.0014909315307605122,1.009644464218237,0.0015053107665607733,0.008792560265324965,0.7519689221170333,0.006611732065365467,0.05000073711920591,0.7590039973119604,0.0379507593420218,0.059401533098870245,0.7572577005061057,0.04498226836098782,0.0005100979152795979,0.726546769091039,0.0003706099922664663,0.00010454946919505726,1.0,0.00010454946919505726,5.3885715264029615e-05,0.754644658600945,4.0664567198891346e-05,1.8291915614546504e-16,1.0,1.8291915614546504e-16,1.0,1.0,1.0,0.010305648498261617,0.059423751121602926,-12.292258065280112,-1.007692377627623,7.333265186017316,-0.7583589432559472,0.5405582243641931,-75.35259432500278,51.37505355177313,9.417350754121438,-4.404543319165586,413.15,7.5,0.05
70,2.157945079002286e-05,0.29861423161237366,6.4439311162797056e-06,5.918879464516981e-08,0.7535815980777789,4.4603586457004564e-08,0.9978366757128688,1.0001679886344326,0.9980043009334085,0.0015454722517441253,1.0096371714254015,0.0015603662327673847,0.008696145348018545,0.749378181536175,0.0065167015872724075,0.05000069627385967,0.7558507172796258,0.037793062143077545,0.05935904154498444,0.7541870081568236,0.0447678179498684,0.000556017186876065,0.723285379534143,0.000402159102037161,0.00010107272457370081,1.0,0.00010107272457370081,6.308302344475367e-05,0.7515892593139444,4.74125228661266e-05,2.12256396520382e-16,1.0,2.12256396520382e-16,1.0,1.0,1.0,0.010263197050552692,0.05938068018456911,-12.323006916462251,-1.0224388435404859,7.350630219407486,-0.7379709037474371,0.6000413010453496,-74.5651572160777,51.028959102471894,9.418682888512398,-4.410498137516818,418.15,7.5,0.05
71,2.0972349173743063e-05,0.293615809838462,6.157813286863571e-06,5.700583820863833e-08,0.7501258926901182,4.2761555274803326e-08,0.9978372714860769,1.0001704008009897,0.9980073037563956,0.001602177104151339,1.009629693247955,0.001617605578193213,0.008596516536289255,0.7467989014922736,0.0064198691059609795,0.05000065457236589,0.7527118019184749,0.037636082800268755,0.059315469537215185,0.7511284876718008,0.044553538929031224,0.0006029167032036217,0.7200425063081037,0.0004341256540697551,9.769516146575089e-05,1.0,9.769516146575089e-05,7.34940328471295e-05,0.7485492223575255,5.501390113563725e-05,2.45107480910516e-16,1.0,2.45107480910516e-16,1.0,1.0,1.0,0.010219665989614336,0.05933649889222712,-12.355413421881037,-1.0373855017622078,7.368946507509529,-0.7186625873946695,0.6577921233444566,-73.80167671157282,50.694399392974766,9.42118465233122,-4.41641157506256,423.15,7.5,0.05
72,2.0592477509661673e-05,0.2849100107955935,5.867002989585726e-06,5.484353346850179e-08,0.7461392360867113,4.092091216648397e-08,0.9978378442166449,1.0001732968299262,0.998010766351828,0.0016605565838846471,1.0096222037009472,0.0016765347975917346,0.008494919570822103,0.7436794899326763,0.006317497453448088,0.05000061257985896,0.7490321591545783,0.037452066799743326,0.05927183094723959,0.747531503304871,0.04430756089162218,0.0006499120762775804,0.7162864655241482,0.0004655232240183287,9.428797451291438e-05,1.0,9.428797451291438e-05,8.525660879509185e-05,0.7449720940978062,6.351379438975699e-05,2.8141545998829565e-16,1.0,2.8141545998829565e-16,1.0,1.0,1.0,0.010176068632216413,0.059292478268282725,-12.38932938343804,-1.052524695963848,7.388054694010335,-0.7005471833817295,0.713870356419464,-73.06144551326088,50.37117068661727,9.424895079195473,-4.422919375176249,428.15,7.5,0.05
73,1.9981210847388378e-05,0.27932256262118904,5.581203018166826e-06,5.263727737388596e-08,0.7421772067730296,3.9066187493487825e-08,0.997838402858781,1.0001761856188307,0.9980142076352818,0.0017207208877679167,1.009614599127621,0.0017372649293143296,0.008391098943770443,0.7405781553415309,0.006214264577065783,0.05000057029149241,0.7453750255656446,0.037269176359317965,0.059227521834325766,0.7439513503306925,0.04406239484538722,0.0006974672467062432,0.7125561761494129,0.0004969845943024599,9.099115802157057e-05,1.0,9.099115802157057e-05,9.847556793925514e-05,0.7414176333449778,7.301152252382511e-05,3.2170787893476867e-16,1.0,3.2170787893476867e-16,1.0,1.0,1.0,0.010131801042385749,0.05924755568245052,-12.424969042709296,-1.0678793320290314,7.408198969920107,-0.6835695932302401,0.7683324455331665,-72.34362793253459,50.05891369864561,9.429769866525627,-4.429384320646355,433.15,7.5,0.05
74,1.9226267704078986e-05,0.27574654688807243,5.301576928945453e-06,5.040086032251138e-08,0.7382394106234867,3.7207901419407473e-08,0.9978389409222244,1.000179068617497,0.9980176225618599,0.0017826308192783124,1.0096069217322756,0.0017997564140366607,0.008285251887412954,0.7374935060871636,0.006110319463263468,0.05000052784684101,0.7417392596897247,0.0370873545092113,0.059182788089795574,0.7403881931731445,0.04381823754075284,0.0007453395619267517,0.7088501412518371,0.0005283340537523604,8.780164076508491e-05,1.0,8.780164076508491e-05,0.00011326665906702652,0.7378844384622752,8.35777051221709e-05,3.662247554593845e-16,1.0,3.662247554593845e-16,1.0,1.0,1.0,0.010087108974395345,0.05920206475835998,-12.462299626752507,-1.083451691010577,7.429364824137909,-0.6677167818171647,0.8212323975727294,-71.64746779072466,49.7573244124551,9.435787047223753,-4.435806613893186,438.15,7.5,0.05
75,1.8600634498784146e-05,0.2703431681983584,5.028554460900994e-06,4.8151246439810335e-08,0.7343252116840073,3.535867423476252e-08,0.9978394506249977,1.0001819511889258,0.998021008699396,0.001846343225994062,1.0095992277371788,0.0018640666951013764,0.008177376091805166,0.734421412298546,0.006005640098239915,0.050000485290357596,0.738120922513417,0.03690640432863729,0.05913795728135026,0.7368422643021357,0.04357534634939311,0.0007932067034651665,0.7051642027654424,0.0005593409726772189,8.471422687321244e-05,1.0,8.471422687321244e-05,0.00012973607797119594,0.7343683711540391,9.527407225962066e-05,4.151624776043973e-16,1.0,4.151624776043973e-16,1.0,1.0,1.0,0.010042319952298012,0.059156606067095475,-12.501250013761432,-1.0992405518713286,7.451504027123925,-0.6529532903294057,0.8726217262897756,-70.97222166098571,49.4660884617453,9.442914430079487,-4.442187397849431,443.15,7.5,0.05
76,1.815852321400003e-05,0.2623090273833924,4.763144562983102e-06,4.5899241371481685e-08,0.7304341422001143,3.3526372998814235e-08,0.9978399257675774,1.0001848344826765,0.9980243609940507,0.0019117973189340118,1.009591556858897,0.0019301344316212548,0.008067709393701569,0.7313609127446065,0.005900407305935813,0.050000442779488244,0.7345192418124149,0.03672628732067474,0.05909326082334242,0.7333135758409456,0.043333890402466886,0.0008408396825701381,0.7014972804002654,0.0005898467505755743,8.172667972811429e-05,1.0,8.172667972811429e-05,0.00014799782039584054,0.730868456155043,0.0001081669385070194,4.687323417532306e-16,1.0,4.687323417532306e-16,1.0,1.0,1.0,0.009997665235849582,0.05911146524579779,-12.541802557298091,-1.115249166498879,7.474613427537549,-0.6392736885521715,0.9225495910652509,-70.31720921397023,49.18493290936784,9.451135725121276,-4.448526746386095,448.15,7.5,0.05
77,1.7570667382974252e-05,0.25626317873795573,4.502715076108296e-06,4.3700304797964837e-08,0.7259222091365858,3.17230217988808e-08,0.997840343975894,1.0001882919546958,0.9980282292847357,0.001978007952363373,1.0095840826462483,0.001996965344053759,0.007958576378286996,0.727672122850075,0.005791234168052561,0.05000040141305243,0.7302923248109551,0.03651490938941903,0.05904970996768973,0.729155798560683,0.04305643842626753,0.0008873479750789565,0.6972357372269317,0.0006186907195810012,7.871959049435033e-05,1.0,7.871959049435033e-05,0.00016828656681020939,0.7267456640636057,0.00012230153274946993,5.265903576511289e-16,1.0,5.265903576511289e-16,1.0,1.0,1.0,0.009954154998033343,0.05906732433537751,-12.58392667806494,-1.1314795538984594,7.4986254503559175,-0.6268747696407041,0.9710631711346018,-69.68198345670943,48.91379830423665,9.460536795378797,-4.455584825562195,453.15,7.5,0.05
78,1.686660013725293e-05,0.25213256251486627,4.2526191135191735e-06,4.150850237145488e-08,0.7214400379055929,2.9945895524266806e-08,0.9978407173546483,1.000191744892088,0.9980320482153187,0.0020456362208478747,1.0095766819507745,0.002065226628321919,0.007848569425818042,0.7240045863204587,0.005682400260346792,0.0500003606346576,0.726092966752065,0.0363049101918917,0.05900658717602246,0.7250215596221813,0.042781047862342006,0.0009333196768651584,0.6930034353644097,0.0006467937423607552,7.582173382688336e-05,1.0,7.582173382688336e-05,0.0001906457469095303,0.7226493686467144,0.00013777002863935334,5.893988466906917e-16,1.0,5.893988466906917e-16,1.0,1.0,1.0,0.00991107224680317,0.05902349528466209,-12.627688286183176,-1.1479423832651645,7.5236626949213266,-0.6155765771725614,1.018207061767187,-69.0657499420595,48.652257673952896,9.471015364617068,-4.462599599709225,458.15,7.5,0.05
79,1.6460289300061146e-05,0.24375482684441704,4.0122749681454164e-06,3.9340113103706485e-08,0.716986880208768,2.820634496128662e-08,0.9978410377930408,1.0001952013867457,0.9980358177473697,0.0021148206647777666,1.00956941781755,0.002135058267328213,0.007737503420310188,0.7203522348917312,0.005573727881302857,0.05000032039594909,0.7219151414845237,0.036095988372913106,0.058964259793089925,0.7209111866540563,0.042507994497614526,0.000978394516995186,0.6887943147269093,0.0006739125808662645,7.302597786951008e-05,1.0,7.302597786951008e-05,0.00021516022134844846,0.7185734733446065,0.000154608427579949,6.572144873555443e-16,1.0,6.572144873555443e-16,1.0,1.0,1.0,0.009868784374388016,0.058980759422503096,-12.672991704066618,-1.1646337356244574,7.549653187009712,-0.6053278768228487,1.064024120437895,-68.46787054977837,48.40002291689873,9.482534413609025,-4.469572830811734,463.15,7.5,0.05
80,1.5897399812209585e-05,0.23795488622492503,3.7828639635864768e-06,3.7197343283274644e-08,0.7125622323967461,2.6505421969158313e-08,0.9978413037757861,1.0001986539729106,0.9980395289151154,0.0021852972876524627,1.0095622810062637,0.0022061937143992216,0.0076260425364360115,0.7167208763918372,0.005465743890115846,0.05000028105889043,0.7177647554388342,0.035888439506107456,0.058922674017418096,0.7168237102290435,0.0422371698057821,0.0010226250016319412,0.6846138362639532,0.0007001032254266744,7.033405240035116e-05,1.0,7.033405240035116e-05,0.0002419678181785874,0.7145237127164508,0.00017289174380286326,7.30251854454047e-16,1.0,7.30251854454047e-16,1.0,1.0,1.0,0.009827237223900684,0.05893860861457359,-12.719903541933242,-1.1815643873863717,7.576665277367822,-0.5961627904884543,1.1085553243988435,-67.88781854681815,48.15690043019456,9.495100183791982,-4.476502962302512,468.15,7.5,0.05
81,1.521026432606769e-05,0.23433524189719995,3.5643009701694204e-06,3.508974684288441e-08,0.7081656255360919,2.484935252289436e-08,0.9978415106759622,1.0002021034947526,0.998043177932479,0.0022570401202583953,1.009555298947309,0.0022786068133435347,0.0075143401515013145,0.7131098004490296,0.005358549605943233,0.0500002427351035,0.7136411254406727,0.035682229497786086,0.05888198969935349,0.7127590274792345,0.04196866971415349,0.0010658548914896076,0.6804611366869718,0.0007252728310063875,6.774248033913181e-05,1.0,6.774248033913181e-05,0.00027116648235375415,0.710499319699008,0.0001926636012375153,8.085907328840541e-16,1.0,8.085907328840541e-16,1.0,1.0,1.0,0.009786590536085778,0.05889723505342639,-12.768395789745012,-1.1987364960564733,7.604684922801777,-0.5880642356471478,1.1518398773981835,-67.32504056031345,47.92265408793317,9.50869384612204,-4.483390224920797,473.15,7.5,0.05
82,4.3730303170954605e-05,0.4147988253128006,1.813927838588462e-05,1.2096549668444629e-08,0.8266820105024402,1.000000000005242e-08,0.9978411746859922,1.0001282133754632,0.9979691112711747,0.0002900373739047383,1.0097129159464757,0.0002928544825388115,0.009705807261877067,0.7946356978199416,0.007712580926447542,0.05000177047211586,0.8140803610926669,0.04070545936121273,0.059800391273092425,0.8102181706639315,0.04845136362227228,5.223260015630502e-06,0.7910994858841938,4.1321183130047566e-06,0.0002452391749379713,1.0,0.0002452391749379713,1.4176929153641247e-07,0.8110856953192709,1.1498704440073148e-07,1.0000354094423171e-16,1.0,1.0000354094423171e-16,1.0,1.0,1.0,0.01003957493895276,0.059844133672813,-13.184682823033144,-0.7145941204640375,7.999999999997723,-2.425232077855766,-2.2106881770573237,-113.20477549157418,68.37899179750865,10.348358846035156,-4.253070517643396,273.15,8.0,0.05
83,4.469180213526513e-05,0.412540536034454,1.8437180009228023e-05,1.4137366976079176e-08,0.8250629525069374,1.1664217737957971e-08,0.9978410592957683,1.000128442842573,0.9979692248378603,0.0002929676160115857,1.0097140109101437,0.00029581350662984097,0.009708296946456982,0.7940132376150207,0.007708516290184331,0.05000176788220102,0.8133459131129638,0.04066873355541124,0.05980677012130924,0.809503385943346,0.048413782915535164,7.138941867118323e-06,0.7896295387514922,5.637119373706358e-06,0.00023694153444786962,1.0,0.00023694153444786962,1.9688388057080803e-07,0.8099642829587146,1.5946891115266374e-07,1.0000353576440221e-16,1.0,1.0000353576440221e-16,1.0,1.0,1.0,0.010045956364603833,0.05985147606081148,-13.082630810485442,-0.7220423935433462,7.933144381900668,-2.336960110007654,-2.0581228130366034,-111.06924132718818,67.4438949245986,10.276081563686162,-4.258509200514012,278.15,8.0,0.05
84,4.5754396344773776e-05,0.4100256579252854,1.876047646424015e-05,1.621399798789838e-08,0.823448152629555,1.3351386689874235e-08,0.9978409633021073,1.0001287224587803,0.9979694078443752,0.000296630123374676,1.009714916989791,0.00029951186039993226,0.009708853472375519,0.7933919723679242,0.00770292640587918,0.05000176465053213,0.812565085075003,0.040629688147159906,0.0598120485327046,0.8087512963972945,0.04837307179100274,9.665994167873096e-06,0.7881629071897134,7.618378064229673e-06,0.0002291321895996456,1.0,0.0002291321895996456,2.718369375363361e-07,0.8088446857426844,2.1987386231483167e-07,1.0000352930106438e-16,1.0,1.0000352930106438e-16,1.0,1.0,1.0,0.010051237992094968,0.059857819143047365,-12.99273739358066,-0.729971280247163,7.87447362564883,-2.254113834577847,-1.9114412368637241,-109.02308908732044,66.54577335522171,10.209748047809942,-4.263835008737199,283.15,8.0,0.05
85,4.6818669707162595e-05,0.4077968142096287,1.909250435211376e-05,1.828811930790875e-08,0.8218377914817232,1.502986758236601e-08,0.9978408885923015,1.0001290462879597,0.9979696562549488,0.0003010875490679427,1.0097156150637174,0.000304012799795165,0.009707402254877503,0.7927729022808953,0.007695765459207347,0.050001760726330675,0.8117432059294541,0.04058858955410914,0.059816115108971134,0.8079654735588641,0.0483293557704714,1.296016533825813e-05,0.7867006269616003,1.0195770197133667e-05,0.0002217667292966356,1.0,0.0002217667292966356,3.7291112972656494e-07,0.8077279143500468,3.0121072905195783e-07,1.0000352145266129e-16,1.0,1.0000352145266129e-16,1.0,1.0,1.0,0.010055308473652607,0.05986295206679765,-12.913689546338064,-0.7383418960292415,7.823044845660668,-2.176108576915038,-1.7703339842899124,-107.06092866442197,65.68247489977364,10.148779561056562,-4.269052781938594,288.15,8.0,0.05
86,4.7887271483692885e-05,0.4053132773555625,1.940934694867113e-05,2.0333973579473222e-08,0.8202322027251263,1.6678579939245822e-08,0.9978408373378297,1.0001294104955247,0.9979699684150445,0.0003065239616430169,1.0097160830685281,0.0003095021739168349,0.009703628191611368,0.7921554877867777,0.007686782323427428,0.050001755950725535,0.8108836344234436,0.04054560559287836,0.05981884130746474,0.8071494815007746,0.04828274674529728,1.7195147909133865e-05,0.7852422101775667,1.3502355948498431e-05,0.0002147998128519797,1.0,0.0002147998128519797,5.078082248900435e-07,0.8066134026750859,4.096049201849533e-07,1.0000351190145085e-16,1.0,1.0000351190145085e-16,1.0,1.0,1.0,0.010058039424738078,0.05986674891292199,-12.84409676720646,-0.74710563915384,7.77784092916612,-2.102252296792618,-1.6345130105222694,-105.17762932385462,64.8518516540587,10.092576123829339,-4.274167936404361,293.15,8.0,0.05
87,4.88557915204068e-05,0.4031150015123495,1.9694502472635824e-05,2.232711126028619e-08,0.8186316480396448,1.8277679886972576e-08,0.9978408122463793,1.0001298097137725,0.9979703416766075,0.0003130416448072572,1.0097162934760722,0.0003160832492984366,0.009697373117033978,0.7915408409055459,0.007675866871631909,0.050001750240181386,0.8099910871366477,0.04050097203577965,0.05982006675306277,0.8063063355269048,0.048233298814636866,2.2568062532194688e-05,0.7837888148510671,1.768859498559366e-05,0.0002081945944127137,1.0,0.0002081945944127137,6.8607738564509e-07,0.8055022649100204,5.526368880406657e-07,1.0000350048036273e-16,1.0,1.0000350048036273e-16,1.0,1.0,1.0,0.010059270553361643,0.059868944871694425,-12.782870372066805,-0.7562262451012027,7.738078933122653,-2.0320402628361363,-1.5037098800969766,-103.36857998439608,64.0520444827165,10.04065984444389,-4.279185132463143,298.15,8.0,0.05
88,5.019810254588235e-05,0.39597815234239914,1.9877351897212764e-05,2.4314517854589597e-08,0.8166210734217597,1.985574767014747e-08,0.9978408109610071,1.000130584105474,0.9979711131107117,0.0003212579385873377,1.009716267229498,0.0003243793665682498,0.00968766834108722,0.7905194521310803,0.007658290269423883,0.05000174304763456,0.8086499536306161,0.04043390719691968,0.059819913424035,0.8050303154603173,0.04815684377455977,2.9212394838845685e-05,0.7819354169884835,2.2842206139545005e-05,0.00020169495306816091,1.0,0.00020169495306816091,9.177499004453336e-07,0.8039780665729015,7.378507905575118e-07,1.000034860952693e-16,1.0,1.000034860952693e-16,1.0,1.0,1.0,0.01005912438222044,0.05987013584109872,-12.72791947867372,-0.7656028453135593,7.702113754890413,-1.9643336733702492,-1.377673987315918,-101.62883722539891,63.280652859912635,9.992260904949784,-4.284552602667816,303.15,8.0,0.05
89,5.093573449588495e-05,0.39303581361918954,2.0019567849881147e-05,2.620280769862205e-08,0.814617366488957,2.134526220206807e-08,0.9978408424484645,1.0001313790712307,0.9979719378515814,0.0003305096918699184,1.0097159157491837,0.00033372089619041525,0.009675638869693274,0.7895083170842426,0.007638997360726419,0.05000173498439245,0.8072901198215463,0.04036590662683538,0.059817865313487574,0.8037324843491795,0.04807756149687398,3.742789131569395e-05,0.7800954368577935,2.9197327226582296e-05,0.00019551788339018203,1.0,0.00019551788339018203,1.218301902077569e-06,0.8024653141508369,9.776450185812382e-07,1.0000346996878471e-16,1.0,1.0000346996878471e-16,1.0,1.0,1.0,0.010057084296059077,0.05986882725079115,-12.680022831515089,-0.775301732910239,7.670698506017593,-1.8998147877860647,-1.2561715292948186,-99.95555311159315,62.53718100645535,9.947541665470084,-4.289829481014547,308.15,8.0,0.05
90,5.149646614394243e-05,0.3898573135571234,2.0076273948562754e-05,2.8022875330484587e-08,0.8126216278052628,2.2771994566842368e-08,0.9978409085680203,1.0001321984145208,0.9979728215540772,0.0003414050184113387,1.0097152188987009,0.00034472184289831997,0.00966013199931618,0.7885008590821649,0.007617022380307917,0.050001725515552556,0.8059075829439802,0.0402967697532673,0.05981380507808955,0.8024168342629755,0.047995604115983304,4.738061493246083e-05,0.77826243542184,3.6874552769121396e-05,0.00018961402333570417,1.0,0.00018961402333570417,1.6020388758113413e-06,0.8009573010964989,1.2831647342215214e-06,1.0000345103110537e-16,1.0,1.0000345103110537e-16,1.0,1.0,1.0,0.010053033483871461,0.059865329567108834,-12.637566649925832,-0.785243630256602,7.6425989284785585,-1.837487127526647,-1.1389837269176428,-98.34445098769633,61.819531736192616,9.905844588727575,-4.295022894475102,313.15,8.0,0.05
91,5.178903044703455e-05,0.38696892599874044,2.0040745490605026e-05,2.977088705053186e-08,0.8106341424139448,2.4133297493110276e-08,0.9978410120757419,1.0001330378000142,0.9979737626487524,0.0003540662864101451,1.0097141472891078,0.00035750573846644076,0.009640945499986127,0.7874982686019336,0.007592227888924682,0.05000171454682363,0.8045061082741521,0.04022668477710013,0.059807561495189836,0.8010854821877677,0.047910969238848716,5.926650439707019e-05,0.7764376680339643,4.601674646658585e-05,0.00018395854360656456,1.0,0.00018395854360656456,2.086653975977644e-06,0.799455230374788,1.6681864350776744e-06,1.0000342909364762e-16,1.0,1.0000342909364762e-16,1.0,1.0,1.0,0.010046800816843306,0.05985938029652391,-12.599935874671187,-0.7954059026056871,7.617383333490305,-1.7770874841411883,-1.0259057769202546,-96.79221562928502,61.126411648234004,9.866895799837488,-4.300136797655372,318.15,8.0,0.05
92,5.154131129237455e-05,0.3864815007476384,1.991976333877813e-05,3.142962413886441e-08,0.8086550800370639,2.5415725223548263e-08,0.997841156140978,1.0001338897491618,0.997974756843077,0.00036845687841709766,1.0097126669345697,0.00037203557735691434,0.009618190055866518,0.7865045983371786,0.0075647507066199425,0.05000170213034649,0.8030921856854236,0.040155976251851466,0.05979893656727928,0.7997399369062176,0.047823597757374846,7.329977554030581e-05,0.7746252133686053,5.677985426778026e-05,0.0001785352885008539,1.0,0.0001785352885008539,2.693412565354859e-06,0.7979632095530065,2.1492441353009595e-06,1.0000340426069268e-16,1.0,1.0000340426069268e-16,1.0,1.0,1.0,0.01003818824557599,0.0598505093081958,-12.566864863519841,-0.8057858789686946,7.594897493433577,-1.7185948028548081,-0.9167457587551391,-95.29598251483262,60.45683416963116,9.830557531721661,-4.305173820237651,323.15,8.0,0.05
93,5.136450077878327e-05,0.3828440644653156,1.966459424738124e-05,3.3073262615761836e-08,0.806272309377842,2.6666055827870104e-08,0.9978413358673298,1.0001350998861345,0.9979761441181857,0.00038516346095470756,1.009710821562116,0.0003889037145962857,0.009590923020884604,0.7851095599309117,0.00752992535225796,0.050001687754595944,0.8012492772937337,0.04006381617683693,0.05978818499784631,0.7979749551001301,0.04770947423917469,8.943716948232168e-05,0.7724214359105589,6.908318687531095e-05,0.00017313219908127555,1.0,0.00017313219908127555,3.4411245884950114e-06,0.7960653057037549,2.7393598975049905e-06,1.0000337550919219e-16,1.0,1.0000337550919219e-16,1.0,1.0,1.0,0.010027450982618095,0.059839582571887706,-12.536980695915213,-0.8163077370815982,7.574041215988609,-1.6613017912266328,-0.8113234927898423,-93.85239180533438,59.809186203757854,9.796362332758452,-4.310583498776535,328.15,8.0,0.05
94,5.0958838073207846e-05,0.37898863360217616,1.9312820411319596e-05,3.4651156524788355e-08,0.8039008453881821,2.7856094023955533e-08,0.9978415573877486,1.0001363230706202,0.9979775862128443,0.0004041053871072829,1.0097085481256587,0.00040802866370585195,0.009559157408296024,0.7837202163108417,0.007491704911779144,0.05000167151503779,0.799395194712797,0.039971095936728936,0.059774939487403575,0.7962016350611648,0.0475929045555529,0.00010787241699221035,0.7702277939478208,8.30863337677296e-05,0.000167922958718101,1.0,0.000167922958718101,4.355122087670092e-06,0.7941747168502831,3.4587278508238086e-06,1.0000334303007592e-16,1.0,1.0000334303007592e-16,1.0,1.0,1.0,0.010014221633476515,0.05982593297663333,-12.510498834091509,-0.8269952049506146,7.555079780330127,-1.6053571023633448,-0.7094700842708118,-92.4591146522952,59.182764676812354,9.764282182608579,-4.315925077211157,333.15,8.0,0.05
95,5.030660347866441e-05,0.37517634130035477,1.8873847436373005e-05,3.6156115444734493e-08,0.8015408023043054,2.8980601781779552e-08,0.9978418212033099,1.0001375566857704,0.9979790810171577,0.00042536186733318,1.0097058372317822,0.00042949036038212267,0.009522777030394771,0.7823370847397073,0.007450021620585293,0.05000165336452975,0.7975323246016596,0.03987793484173981,0.05975914529209134,0.794421403660838,0.04747394408451517,0.00012867556468907477,0.7680448710105756,9.882860748383342e-05,0.00016289220803527188,1.0,0.00016289220803527188,5.462281635866784e-06,0.7922919980985476,4.327722031457897e-06,1.0000330672905962e-16,1.0,1.0000330672905962e-16,1.0,1.0,1.0,0.009998445501206616,0.059809488051685435,-12.48721486942248,-0.8378446938882431,7.537892600652536,-1.5507406516125095,-0.6110266613249148,-91.11381419381146,58.57674844782906,9.734215249197836,-4.321201472689813,338.15,8.0,0.05
96,4.984633876930144e-05,0.36800674867889854,1.8343789064037553e-05,3.760759475086332e-08,0.7991927245908194,3.005571611424989e-08,0.9978421248835789,1.0001388054583615,0.9979806308170959,0.00044930868607562994,1.0097027079923255,0.00045366819705503733,0.009481079178950122,0.7809542835296748,0.00740428939728511,0.05000163298668566,0.7956563738094328,0.039784117986736436,0.059740913715034746,0.7926367444095539,0.04735284335513721,0.00015175931964636085,0.7658669494554597,0.0001162274471889944,0.00015801555686250564,1.0,0.00015801555686250564,6.7871598087432374e-06,0.7904112531767308,5.364647489939478e-06,1.000032659733714e-16,1.0,1.000032659733714e-16,1.0,1.0,1.0,0.009980234203795053,0.059790797661398803,-12.46657870232601,-0.8488282665132744,7.522072919974117,-1.497165295595525,-0.5158437709810455,-89.81403429371339,57.990095815706766,9.705935404316074,-4.32641718732697,343.15,8.0,0.05
97,4.8764962102727527e-05,0.36431497434985805,1.776580591762698e-05,3.8939434685123163e-08,0.7968556673950737,3.102910921400074e-08,0.9978424719601426,1.0001400547045494,0.9979822244927399,0.0004754047780918223,1.0096991193765859,0.00048001578578673405,0.009435178448328937,0.7795836216160085,0.007355510585341586,0.05000161090635791,0.7937809880160338,0.03969032810764207,0.05972000572583858,0.7908464766355418,0.04722935611293383,0.0001773540437018118,0.7637057138325668,0.00013544629654638446,0.00015330230409155702,1.0,0.00015330230409155702,8.371342679153896e-06,0.7885444489247334,6.601175799693509e-06,1.0000322181271545e-16,1.0,1.0000322181271545e-16,1.0,1.0,1.0,0.009959348188523487,0.059768809627375984,-12.449291914103386,-0.8600022690503246,7.508230691995499,-1.4452578111048147,-0.423780703481663,-88.55836880916131,57.42272196113489,9.679681667785976,-4.33157122992057,348.15,8.0,0.05
98,4.7577371600902436e-05,0.35989759714076314,1.7122981717437973e-05,4.02019501931421e-08,0.7941071207893727,3.192465491799385e-08,0.9978428533666686,1.0001416612069467,0.9979842089896195,0.000503900219733197,1.0096951523690334,0.0005087856091422998,0.009384781822929964,0.7778047319295793,0.0072995277100016305,0.0500015869287797,0.791479925915946,0.03957525231807029,0.059696893089546794,0.78863293044029,0.04707893573538999,0.00020516110529216746,0.7611497518322249,0.0001561583243787582,0.00014857908233183872,1.0,0.00014857908233183872,1.0248691293348507e-05,0.7862667675142441,8.058205374472506e-06,1.0000317385755939e-16,1.0,1.0000317385755939e-16,1.0,1.0,1.0,0.009936259414264063,0.05974451066309789,-12.434758586555576,-0.8713349128349499,7.495873788442653,-1.3948397203795226,-0.334704705644612,-87.344731799841,56.87377689645918,9.65529786795534,-4.337127760776997,353.15,8.0,0.05
99,4.594593927075834e-05,0.3580611288072793,1.645145487939843e-05,4.133154169694587e-08,0.7913727775714073,3.2708656954020516e-08,0.9978432744792397,1.0001432665453387,0.9979862320379639,0.0005346850837637089,1.009690747995106,0.0005398665821672054,0.009329993122705636,0.776038042855925,0.007240429602803719,0.0500015611924186,0.789182804767714,0.03946037230459739,0.05967123220868303,0.7864186282582127,0.046926568580029776,0.0002353643519578837,0.7586114715279261,0.00017855009738398684,0.00014400580781527233,1.0,0.00014400580781527233,1.2462994601049193e-05,0.7840036884755198,9.771033736673064e-06,1.0000312238483715e-16,1.0,1.0000312238483715e-16,1.0,1.0,1.0,0.009910624145740104,0.05971721947949545,-12.423298266745995,-0.8828571015446929,7.48533728801909,-1.3460652936229616,-0.24849086868967526,-86.17148589245994,56.342779637762824,9.63280037703382,-4.342626996924246,358.15,8.0,0.05
100,4.448838394562589e-05,0.35397667029884056,1.574785001604904e-05,4.2348622457885586e-08,0.788652643431228,3.339835304708254e-08,0.9978437294783633,1.0001448801693889,0.9979882972469137,0.0005681424300760512,1.0096859560166969,0.0005736454326649871,0.009270101738198715,0.7742747700423936,0.007177605891613405,0.05000153338368361,0.7868819265119679,0.039345302917505445,0.059643312940436136,0.7842054737272861,0.046772612479119485,0.00026769421178526745,0.7560822751000496,0.00020239884867771955,0.00013956181865179036,1.0,0.00013956181865179036,1.5049187499752757e-05,0.7817464153872452,1.1764648382422264e-05,1.0000306676736728e-16,1.0,1.0000306676736728e-16,1.0,1.0,1.0,0.009882732552220393,0.05968784367300423,-12.41445119204081,-0.8945448524423262,7.476274948763266,-1.2986777582358326,-0.1650211444238713,-85.03668972689523,55.82887268046383,9.612005963405496,-4.348073430704767,363.15,8.0,0.05
101,4.298054161964428e-05,0.3496999256444339,1.50302922085471e-05,4.322537403970181e-08,0.7859465399647189,3.39728331651844e-08,0.9978442172524526,1.0001464967335667,0.9979903981708884,0.0006040918489901646,1.0096807780947143,0.0006099399281290643,0.009205521691207095,0.7725184688083604,0.007111435521473455,0.05000150371201338,0.7845820660720162,0.03923028308907904,0.059613144941347604,0.7819937080024506,0.04661710425837194,0.00030214231699671065,0.7535656802721497,0.0002276840806466299,0.0001352460776081514,1.0,0.0001352460776081514,1.8059363265158193e-05,0.7794985838490329,1.4077248090406057e-05,1.0000300742402711e-16,1.0,1.0000300742402711e-16,1.0,1.0,1.0,0.009852594081816903,0.059656168708341284,-12.408405266372684,-0.9064196695500054,7.46886823362162,-1.2528833034170572,-0.08418402287755376,-83.93896398170509,55.331693265189,9.59296800583247,-4.353467464038923,368.15,8.0,0.05
102,4.141765410749758e-05,0.34547928477414813,1.430894151808133e-05,4.394877613561698e-08,0.7832543067317582,3.442306818381191e-08,0.9978447350534578,1.0001481150052167,0.9979925308315957,0.0006424883100242482,1.009675231285152,0.0006487045330217391,0.009136402020434264,0.77076938932338,0.00704205900590301,0.050001472266409365,0.7822845346988816,0.03911537846618708,0.05958082755002629,0.7797838948753881,0.04646016976685832,0.0003386146096540156,0.751061947785581,0.00025432054827539903,0.00013105341090206534,1.0,0.00013105341090206534,2.154729408978623e-05,0.7772604976289464,1.6747860526784504e-05,1.0000294453281877e-16,1.0,1.0000294453281877e-16,1.0,1.0,1.0,0.009820307984566009,0.05962228915290993,-12.40516922487136,-0.9184905367444733,7.463150422912773,-1.2087489557591695,-0.005874084243475839,-82.87688197427633,54.85076905219655,9.575674880247638,-4.358810388879911,373.15,8.0,0.05
103,4.026843871467909e-05,0.337138361382153,1.3576035443684546e-05,4.456105240085595e-08,0.7801313308675165,3.476347311433687e-08,0.9978452693857403,1.0001501158686945,0.9979950617951767,0.0006833118054367095,1.0096694347641118,0.000689919044362927,0.00906298823737167,0.7685839995099568,0.006965667746990811,0.05000143911709445,0.7795405392023961,0.03897814881023559,0.05954705505741205,0.7771347519759875,0.04627608586294239,0.0003765644582188169,0.7481391985900768,0.00028172263198933216,0.0001268362434679933,1.0,0.0001268362434679933,2.5570928350162857e-05,0.7745853055635478,1.9806865349654465e-05,1.0000287823418893e-16,1.0,1.0000287823418893e-16,1.0,1.0,1.0,0.009786568481523058,0.05958736805717913,-12.404468313799434,-0.9307452015303462,7.458876840996632,-1.1663055685571966,0.07000856856191041,-81.84906600715291,54.38561940622996,9.56010112166503,-4.36459652697131,378.15,8.0,0.05
104,3.870368371271725e-05,0.33231958826787583,1.2861992235860278e-05,4.498437802185111e-08,0.7770250427894084,3.4953988257283736e-08,0.9978458291045679,1.0001521104868087,0.997997611919393,0.0007262263541707655,1.0096632905249858,0.0007332440904180191,0.008985874169671958,0.7664133395952278,0.006886893831560782,0.0500014046360461,0.7768089580485272,0.038841539036289764,0.05951125646855724,0.7744905827340139,0.04609090770156625,0.0004164080535285057,0.7452375420365167,0.00031032291429579383,0.0001227498261516318,1.0,0.0001227498261516318,3.020722626327415e-05,0.7719280429027726,2.3317805050930457e-05,1.0747417109212466e-16,1.0,1.0747417109212466e-16,1.0,1.0,1.0,0.009750804207555442,0.05955000513664799,-12.406774959400542,-0.9432271255537964,7.456503264000939,-1.125759174198645,0.14355819917373472,-80.85439264725228,53.93596392191129,9.546312177601205,-4.370332113944732,383.15,8.0,0.05
105,3.687655229897453e-05,0.3299683995315301,1.2168096942333389e-05,4.522249633332983e-08,0.7739355147261314,3.499929597693627e-08,0.9978464095119584,1.0001541001202263,0.9980001777636316,0.000771267735265822,1.009656831736972,0.0007787157380094399,0.008905064057158475,0.7642554382320198,0.006805743633487856,0.050001368852882144,0.7740885947361602,0.03870548935021195,0.059473624994997025,0.77185232426411,0.04590485568480052,0.00045795935653951105,0.7423550131257199,0.0003399684241349348,0.00011878702203167247,1.0,0.00011878702203167247,3.5524846315278025e-05,0.7692867642457091,2.7328794072206352e-05,1.2545279302779997e-16,1.0,1.2545279302779997e-16,1.0,1.0,1.0,0.00971320834472327,0.05951054676979234,-12.411953336039549,-0.9559347993496511,7.455940691547062,-1.0870503789484327,0.2148642717675309,-79.89154656046266,53.50128109087008,9.534244205517592,-4.376018437450652,388.15,8.0,0.05
106,3.5330269124360115e-05,0.32526039848541277,1.1491537413986248e-05,4.52940188810582e-08,0.7708624152379429,3.4915456790485476e-08,0.9978470025136147,1.000156093969059,0.9980027604127507,0.000818661260741686,1.0096501254484023,0.0008265614446075902,0.00882018009904883,0.7621024360797706,0.006721880740147429,0.05000133161942695,0.7713722209445248,0.038569638221461054,0.059434551225158144,0.7692211555238362,0.04571831417145679,0.0005008396553361037,0.7394838804212869,0.0003703628517968019,0.00011493577664187296,1.0,0.00011493577664187296,4.15846071164444e-05,0.7666536233148955,3.188098971994849e-05,1.4575495116163587e-16,1.0,1.4575495116163587e-16,1.0,1.0,1.0,0.009674171628914876,0.05946992678830141,-12.419727680769952,-0.9688552580155191,7.456982271816018,-1.0500213447087772,0.284011608815579,-78.95918239720619,53.08097339511066,9.523787057580318,-4.381658473467332,393.15,8.0,0.05
107,3.380523620619535e-05,0.3206232683290818,1.0838745319066955e-05,4.5188591438289576e-08,0.7678054929523889,3.46960487251e-08,0.9978476057254927,1.0001580869897517,0.9980053524497129,0.0008681907380819213,1.0096431792409843,0.000876562856984608,0.008731741972486206,0.7599579856581692,0.006635757040697506,0.050001293210083064,0.7686642158913561,0.03843420483888229,0.05939407931876495,0.7665969206671728,0.045531318311627024,0.0005450039152091646,0.7366276787484438,0.00040146496896934056,0.00011119729451757042,1.0,0.00011119729451757042,4.847493716557066e-05,0.7640323201486827,3.703641871167256e-05,1.6863223809490205e-16,1.0,1.6863223809490205e-16,1.0,1.0,1.0,0.009633737946774322,0.05942792974356257,-12.430184871378117,-0.9820030914607434,7.459719980961116,-1.0147603134808891,0.35108068047927016,-78.05626463989374,52.674710379545886,9.514956230810665,-4.387251844749717,398.15,8.0,0.05
108,3.269085832215996e-05,0.3120637593002291,1.0201632142764425e-05,4.495590459133893e-08,0.764276923951594,3.435876047452989e-08,0.9978482017488243,1.0001605032135943,0.9980083595918843,0.0009196107801978747,1.009636142245661,0.0009284722804865047,0.008640474207406604,0.757334354350878,0.006543727955151698,0.050001253936576416,0.7654723209915267,0.038274575903317856,0.05935307813366618,0.7634937562317549,0.04531570456818962,0.0005897167250805289,0.7333138651083972,0.0004324474509878688,0.00010743850326305675,1.0,0.00010743850326305675,5.6296503862902496e-05,0.7609329293875134,4.283786359867389e-05,1.9412345938735423e-16,1.0,1.9412345938735423e-16,1.0,1.0,1.0,0.009592775845926639,0.05938581394789292,-12.4431269876717,-0.9953704523489656,7.463962512151095,-0.9813408119594937,0.4161480610207711,-77.18180251016551,52.28216689619639,9.507762380184738,-4.393349864458499,403.15,8.0,0.05
109,3.127285715399415e-05,0.3068379161168206,9.595698320150566e-06,4.4542723422642056e-08,0.760768163520133,3.388668589642859e-08,0.9978488003733983,1.0001629122744433,0.9980113621910177,0.0009728092260830226,1.0096289037716322,0.0009821763125091318,0.008546558141468511,0.7547266264460993,0.006450314993835975,0.05000121398909654,0.7622980796179456,0.03811582940245425,0.05931090275746855,0.7604011133948199,0.04510007649323098,0.0006354811750441772,0.7300229809009395,0.00046391586171218204,0.0001038014535903956,1.0,0.0001038014535903956,6.51482802747616e-05,0.7578533910480044,4.937284512717386e-05,2.2267271803797423e-16,1.0,2.2267271803797423e-16,1.0,1.0,1.0,0.009550640224705528,0.05934222015734598,-12.458788822174498,-1.0089837514545508,7.4699709029027375,-0.9497510295825584,0.47928614256536456,-76.33477539382736,51.90295017982629,9.502175225857778,-4.39940073176197,408.15,8.0,0.05
110,2.9673525307904725e-05,0.30396762362128166,9.019790972309753e-06,4.396186414097608e-08,0.7572790618403811,3.329139923343261e-08,0.9978493957485631,1.0001653156484869,0.9980143558685135,0.00102778120852266,1.009621503140878,0.0010376700086485956,0.008450105339608997,0.7521330464877041,0.006355603472222131,0.05000117345936728,0.7591402002351811,0.037957900831938104,0.05926778227178248,0.7573195372308441,0.04488464944276473,0.0006820731600395996,0.7267532173497128,0.0004956988635266646,0.00010028127910770912,1.0,0.00010028127910770912,7.512722401495706e-05,0.7547919571524986,5.670542444968364e-05,2.5452129544963445e-16,1.0,2.5452129544963445e-16,1.0,1.0,1.0,0.00950756007343956,0.05929749975895455,-12.477055399650393,-1.0228416581147302,7.4776679511158415,-0.9199258464595315,0.5405639091918715,-75.51416122820638,51.53663182463206,9.49813989055091,-4.405405116872405,413.15,8.0,0.05
111,2.8341857474677175e-05,0.298883478393909,8.470912946175928e-06,4.323491975756127e-08,0.7538090813265494,3.259087514367439e-08,0.9978499791737202,1.0001677215377285,0.9980173401066497,0.0010846692154665252,1.0096140090035943,0.001095097235069942,0.008350924326085354,0.749546977590484,0.006259410088704128,0.05000113229571608,0.755992411731662,0.03780047659355228,0.05922411663208226,0.7542497458861783,0.04466977492008144,0.0007291010701736946,0.7234979978364939,0.0005275031644911132,9.686957217639234e-05,1.0,9.686957217639234e-05,8.631846007755324e-05,0.7517419971895422,6.488921157302559e-05,2.8985984563115634e-16,1.0,2.8985984563115634e-16,1.0,1.0,1.0,0.009463935399026556,0.05925250172447669,-12.497726976822497,-1.0369353521985643,7.48690397752302,-0.8917447646586708,0.6000469751731952,-74.71893107698894,51.18274431163882,9.495575493095862,-4.411365106161228,418.15,8.0,0.05
112,2.70529111637154e-05,0.2938868444291576,7.950494694526654e-06,4.2366488258605605e-08,0.7503578971003038,3.1790029037252014e-08,0.9978505472335463,1.0001701259555438,0.9980203075113843,0.001143292535171045,1.009606433869125,0.0011542754993032296,0.008249493375951331,0.7469713816814729,0.006162135465206525,0.050001090766482535,0.7528580989700561,0.03764372614088327,0.059179978726233956,0.7511914661985357,0.04445549498895783,0.0007764919608993723,0.7202601162693957,0.000559276190039633,9.356671174650393e-05,1.0,9.356671174650393e-05,9.883916706154772e-05,0.748706480619785,7.400152491804234e-05,3.2897889471487246e-16,1.0,3.2897889471487246e-16,1.0,1.0,1.0,0.009419838822286091,0.05920707400388593,-12.52081960864529,-1.051273339764223,7.497709075397194,-0.8652257458715849,0.6577977820427674,-73.94823987004973,50.84097386884831,9.494471890267986,-4.417280141033823,423.15,8.0,0.05
113,2.6127572150248904e-05,0.28517952901553706,7.4510487201274395e-06,4.1412137298174485e-08,0.7463748694752892,3.090897857061771e-08,0.9978510780712285,1.0001730159939553,0.9980237222673203,0.001203200015796657,1.0095989591965233,0.0012147494836535456,0.008146999486475782,0.7438542146039575,0.0060601799043912856,0.05000104942261304,0.749181715744095,0.03745987199543852,0.05913642583373351,0.7475946213858257,0.044210073881280954,0.0008233133803764392,0.7165073831873712,0.0005899101157166713,9.02485318348653e-05,1.0,9.02485318348653e-05,0.00011284981210503197,0.7451325043218802,8.408806310607608e-05,3.71755703610151e-16,1.0,3.71755703610151e-16,1.0,1.0,1.0,0.009376327074422687,0.05916259481802103,-12.546174316932026,-1.0658493207946245,7.509915346553453,-0.840473032178077,0.7138759942805722,-73.20137136205723,50.51110781113582,9.494863641454755,-4.423785477819668,428.15,8.0,0.05
114,2.4968945541946554e-05,0.2795911315341844,6.9810957372882665e-06,4.033354552335e-08,0.7424154405861988,2.994424697012137e-08,0.9978515840796073,1.0001758996246453,0.9980271057986987,0.0012645478931320433,1.0095914497456346,0.0012766767406999673,0.008043095407099531,0.7407551158592429,0.005957964070152958,0.05000100821091501,0.7455278875054222,0.03727714602462472,0.05909266999198175,0.7440139521665736,0.04396577094480943,0.0008702212358289256,0.712780185803402,0.0006202764541642079,8.704702393359207e-05,1.0,8.704702393359207e-05,0.00012844758059995758,0.741581219752044,9.525431349551555e-05,4.187950491308732e-16,1.0,4.187950491308732e-16,1.0,1.0,1.0,0.009332612245773522,0.05911767927106924,-12.573905759351621,-1.0806798823512014,7.523686603963411,-0.8173546995350076,0.7683380582438459,-72.47741303883936,50.192710030371735,9.49666803238869,-4.430244865687185,433.15,8.0,0.05
115,2.367266293863469e-05,0.27622163289685475,6.538901611926536e-06,3.914743901433384e-08,0.7384792815723897,2.890957263870417e-08,0.9978520591744283,1.0001787783864087,0.9980304535554421,0.001327328562915397,1.0095839438464749,0.0013400496053282008,0.007937916332257966,0.737672565511186,0.005855583105629877,0.05000096724245728,0.7418953254118803,0.037095483863251615,0.05904893453328588,0.7404497103381114,0.04372276647094564,0.0009169966115793447,0.7090768995740643,0.0006502211142586044,8.395790480401582e-05,1.0,8.395790480401582e-05,0.00014574816855304705,0.7380510848759785,0.00010756959391926335,4.703265688976522e-16,1.0,4.703265688976522e-16,1.0,1.0,1.0,0.009288917558111998,0.05907264634366354,-12.603919135776465,-1.0957638565921775,7.538958328323267,-0.7958096366383545,0.8212379810351483,-71.77556064554585,49.885428434201124,9.499839058096766,-4.4366587013442516,438.15,8.0,0.05
116,2.262265679936667e-05,0.2706080594641968,6.121873256401129e-06,3.787496274846993e-08,0.7345657013128725,2.7821648573528758e-08,0.9978524949617361,1.00018165980601,0.9980337646523976,0.0013916551007007983,1.0095765054932604,0.0014049822934173836,0.007831338135406101,0.7346007924643976,0.0057529072003259804,0.05000092650102184,0.7382784231926648,0.03691460517534673,0.059005592322974074,0.7369022867599849,0.04348135591442701,0.0009632736004421356,0.705391762515538,0.000679485262800566,8.09741968259758e-05,1.0,8.09741968259758e-05,0.00016484664746799622,0.7345363139890032,0.00012108584880458652,5.265007430469338e-16,1.0,5.265007430469338e-16,1.0,1.0,1.0,0.009245615892906267,0.05902825285473619,-12.636063549434164,-1.1110947668649884,7.555617139434776,-0.7757438864124557,0.8726272770793372,-71.09501225706876,49.58889015940748,9.504315278910573,-4.4430286745788194,443.15,8.0,0.05
117,2.181958489409178e-05,0.26256779748795844,5.729120347743204e-06,3.652945683557459e-08,0.7306743196557728,2.669113602072837e-08,0.997852886321208,1.0001845440024524,0.9980370340867083,0.0014574750233644353,1.0095691639677125,0.0014714218408418546,0.00772358312245231,0.7315395922060921,0.005650106847768616,0.05000088613713048,0.7346771565845511,0.03673450885393492,0.058962813991397266,0.7333716835898658,0.0432416581660671,0.001008884459385868,0.7017244361558133,0.0007079588784089109,7.809319345278757e-05,1.0,7.809319345278757e-05,0.0001858576320972526,0.731036677324954,0.00013586874582385938,5.87522641137575e-16,1.0,5.87522641137575e-16,1.0,1.0,1.0,0.009202877730710837,0.058984670105748184,-12.670287418618374,-1.1266743690437706,7.573632941497833,-0.7571240485765799,0.9225551057796015,-70.43505957399465,49.30279429882094,9.510066419847831,-4.449354877588832,448.15,8.0,0.05
118,2.0880626929639546e-05,0.25651695608779157,5.3562348611959016e-06,3.515650199819476e-08,0.7261615224138477,2.5529299013754626e-08,0.9978532110916534,1.0001880016986482,0.9980408091903401,0.0015238627380399741,1.0095620816363045,0.001538434037943635,0.007616904746045646,0.7278503366698673,0.005543966683791631,0.050000847243929634,0.7304508936297435,0.0365231635515727,0.05892154566592369,0.7292120231606779,0.04296629952280248,0.0010529985204749605,0.6974624563432122,0.0007344269346162342,7.520074809288962e-05,1.0,7.520074809288962e-05,0.00020906905811616153,0.7269143978311886,0.0001519753084856433,6.529860226839267e-16,1.0,6.529860226839267e-16,1.0,1.0,1.0,0.00916164811101526,0.05894246144935533,-12.706587986696217,-1.1425086043944894,7.592961109936752,-0.7401664175700844,0.9710686452775117,-69.79527510463882,49.02710090045184,9.517188093486398,-4.456396815834263,453.15,8.0,0.05
119,1.98388394869281e-05,0.2523820723446241,5.0069674226232785e-06,3.37303982667641e-08,0.7216776876910072,2.4342475826055068e-08,0.997853483103154,1.000191456010031,0.9980445281496244,0.0015914954834488895,1.0095551266685694,0.0016067024243856991,0.007509825181996638,0.7241819824822422,0.0054384800883933914,0.050000809209472134,0.7262518087960472,0.036313178129645206,0.05888101920866801,0.7250754917722375,0.04269318395877553,0.0010962620419226212,0.6932291852930984,0.0007599608421897672,7.241800548540584e-05,1.0,7.241800548540584e-05,0.00023447882670103078,0.7228182424100763,0.0001694855733984159,7.235930667344055e-16,1.0,7.235930667344055e-16,1.0,1.0,1.0,0.009121159504932455,0.0589008917785532,-12.744921625942336,-1.158599687784513,7.613635252609164,-0.7246088442266636,1.0182124923871017,-69.1747822091136,48.761300802246836,9.525536928764033,-4.463393579566387,458.15,8.0,0.05
120,1.9176035259787566e-05,0.24399573419159754,4.678870802095829e-06,3.2270287075278147e-08,0.7172220291275493,2.3144960776659548e-08,0.9978536939918329,1.0001949163833328,0.9980481920249611,0.0016605304856901198,1.0095483675942654,0.0016763858411689729,0.007402104786466645,0.7205274553003826,0.005333419725659596,0.050000771952505005,0.7220728583004988,0.03610420032097669,0.05884163393372296,0.7209625090026373,0.042422612034671625,0.0011382834313892823,0.6890175818327664,0.0007842972973361468,6.973714629445501e-05,1.0,6.973714629445501e-05,0.0002621539631295298,0.7187411070744646,0.0001884208296836766,7.993365402084965e-16,1.0,7.993365402084965e-16,1.0,1.0,1.0,0.009081811307416553,0.05886084223926982,-12.785143697211241,-1.1749403781113958,7.6355435508714375,-0.7103636244587118,1.0640295050614375,-68.57290629741422,48.50506943378167,9.5350576720505,-4.470347249135335,463.15,8.0,0.05
121,1.8355630949265754e-05,0.2381886153167627,4.372102319071128e-06,3.0781775571383335e-08,0.7127941687528889,2.1941070131142148e-08,0.9978538439543811,1.0001983737490796,0.9980517919624399,0.0017307317859759778,1.0095417775672653,0.0017472460437063565,0.007294359377329764,0.7168937561420865,0.005229280692664185,0.050000735816190495,0.717921135545487,0.03589658503526938,0.058803233458384556,0.7168720456840084,0.04215439426214647,0.001179218323394335,0.6848342879678847,0.0008075691408604421,6.715933083373833e-05,1.0,6.715933083373833e-05,0.0002922394613469936,0.7146899074807933,0.0002088605935923199,8.804464876174877e-16,1.0,8.804464876174877e-16,1.0,1.0,1.0,0.009043446794255007,0.05882161987110939,-12.827305521415616,-1.1915410632057142,7.6587421944132625,-0.6974523676343731,1.1085606606013796,-67.98910812396407,48.258200679745556,9.545750308567476,-4.47725635907638,468.15,8.0,0.05
122,1.7416634661490073e-05,0.2345630377224478,4.085298733101188e-06,2.9277431852736615e-08,0.7083936930929896,2.073994807443843e-08,0.997853928916778,1.0002018290161723,0.9980553247935349,0.001802092936874252,1.009535380312171,0.0018192765783852254,0.007186694571244995,0.7132800927164988,0.0051261261701027894,0.050000700886268776,0.7137958682139078,0.03569029370041814,0.05876595604531269,0.7128040522468843,0.041888611603261176,0.0012189325397580074,0.6806783679487808,0.0008297010118021429,6.468057759486785e-05,1.0,6.468057759486785e-05,0.00032482405614978863,0.7106637900774114,0.00023084069485172673,9.6696826284837e-16,1.0,9.6696826284837e-16,1.0,1.0,1.0,0.009006204142780737,0.05878340195740602,-12.871348511860477,-1.2084020160951996,7.683192335266798,-0.6858348989072769,1.151845163023838,-67.42281122357358,48.020435322444605,9.557584463377758,-4.484121322852833,473.15,8.0,0.05
123,0.00013689311496424162,0.41445679118904943,5.673628116395325e-05,3.826450098482853e-09,0.826425950614958,3.1622776601193947e-09,0.9978430197451041,1.0001288031672189,0.9979715450864347,9.071658219583496e-05,1.0097293898059252,9.159919918587953e-05,0.009603825470409456,0.7943215315441232,0.007628525356338095,0.0500019502965667,0.8137817006035216,0.04069067214583281,0.05989637394717004,0.810079265152335,0.04852081059241296,1.6367300417267768e-05,0.790785317977511,1.2943020864902547e-05,0.00024291411420689158,1.0,0.00024291411420689158,4.484762981356338e-07,0.8107939037661175,3.636218485119678e-07,1.0000390059313357e-16,1.0,1.0000390059313357e-16,1.0,1.0,1.0,0.009831435167569532,0.06003327088858433,-13.810873402378277,-0.7485329047560861,8.500000000006727,-2.929992276915831,-2.210687117915076,-113.70953569063425,68.8837541148532,10.600740004707436,-4.252606270784515,273.15,8.5,0.05
124,0.00013539160154620538,0.41220826390547205,5.5809537020742694e-05,4.620039508422e-09,0.8248133267403354,3.810670156613339e-09,0.9978429633905094,1.0001290182471356,0.9979717033405626,9.464923502891728e-05,1.009729903190094,9.557016292276505e-05,0.00960438834591735,0.7937079804382092,0.007623079677382329,0.050001946893103694,0.8130552346292996,0.040654344663094207,0.059899364554342464,0.8093676648343682,0.04848060881441067,2.164787026587815e-05,0.7893234864609842,1.708717243271802e-05,0.00023463884259454162,1.0,0.00023463884259454162,6.028620026146838e-07,0.809680080268298,4.881253546677637e-07,1.0000389378620711e-16,1.0,1.0000389378620711e-16,1.0,1.0,1.0,0.009834429182492473,0.06003476077592815,-13.691159527401245,-0.7556276515596155,8.4189986411943,-2.827655783319757,-2.0581217344475204,-111.55993700050031,67.93459275508887,10.521430478931297,-4.258063837721538,278.15,8.5,0.05
125,0.00013345823056972052,0.40970709186120463,5.467878353166227e-05,5.50182485916321e-09,0.8232068385392493,4.529139848508401e-09,0.9978429380081714,1.0001292807689548,0.9979719399104933,9.948584834752325e-05,1.0097301127214664,0.00010045385686613526,0.009602709701316174,0.7930969599405183,0.007615879871305181,0.050001942715322906,0.812283501705776,0.04061575312089411,0.05990058496903979,0.808619640060909,0.04843678945710284,2.8219973875503453e-05,0.7878663931128546,2.22335690310319e-05,0.00022684129814082418,1.0,0.00022684129814082418,8.016192105970865e-07,0.8085692753819509,6.481646642447375e-07,1.0000388543064562e-16,1.0,1.0000388543064562e-16,1.0,1.0,1.0,0.00983565378023342,0.06003404870143434,-13.580860439886449,-0.7630138116283336,8.343984269182837,-2.728561243184003,-1.9114401349652714,-109.49753649592662,67.02022296762478,10.446972854011474,-4.263412304917552,283.15,8.5,0.05
126,0.00013093271775004904,0.4074927277463212,5.3354130307206626e-05,6.470586990886864e-09,0.8216065791102867,5.3162768424180766e-09,0.997842946105279,1.0001295830509807,0.9979722496386348,0.00010526778845699724,1.0097299927190613,0.00010629204327223548,0.009598758873524604,0.7924909700083778,0.007606929730556035,0.05000193773485423,0.8114733753781832,0.040575241189151914,0.05989988558179533,0.8078385339983792,0.04838943575506819,3.6275388639762334e-05,0.786416583740215,2.85275672079305e-05,0.000219479278787584,1.0,0.000219479278787584,1.0546198636192577e-06,0.8074640295256379,8.515676046957847e-07,1.0000387546970832e-16,1.0,1.0000387546970832e-16,1.0,1.0,1.0,0.00983495937973165,0.06003082477013237,-13.479135454784954,-0.7706713401161981,8.274392411475734,-2.632499690271038,-1.7703328557077425,-107.51731977777796,66.13886827029397,10.376976246316731,-4.26865607979859,288.15,8.5,0.05
127,0.00012785957070731073,0.4050275159225031,5.178664431049974e-05,7.53302788270318e-09,0.8200130444384417,6.177181127935096e-09,0.9978429891087353,1.0001299228451095,0.9979726317088528,0.00011218295238543609,1.0097295279029384,0.0001132744395509041,0.009592214592599839,0.7918880857788784,0.007595960452114109,0.05000193179114576,0.810626822613503,0.040532907092393586,0.05989717736656038,0.8070280907913063,0.04833870469392346,4.5947846051449676e-05,0.7849722110926128,3.606778230994943e-05,0.00021250788593618912,1.0,0.00021250788593618912,1.37152837658766e-06,0.8063623858732417,1.1059488940380788e-06,1.0000386358229187e-16,1.0,1.0000386358229187e-16,1.0,1.0,1.0,0.009832257115692586,0.06002504447029559,-13.38459902703298,-0.7785451629763949,8.209209664048506,-2.538784078511671,-1.6345118515171908,-105.61416110557367,65.2883857537879,10.310843173693943,-4.273800934562086,293.15,8.5,0.05
128,0.00012484752023368253,0.39896617687348634,4.980993783976755e-05,8.722265274440561e-09,0.8184282197400362,7.13854804066073e-09,0.9978430645263052,1.000130309233553,0.9979730926912498,0.00012076586330642068,1.0097287413876457,0.00012194076315898463,0.009582068709346017,0.7912759358484995,0.007582060385352396,0.05000192440707023,0.8097347961534497,0.04048829806703921,0.059892594950376486,0.8061941490566594,0.04828505962081395,5.715831841358194e-05,0.7835210820078947,4.47847474891615e-05,0.00020587094622637775,1.0,0.00020587094622637775,1.7571973445884314e-06,0.8052518102556738,1.4149863427062978e-06,1.000038488141404e-16,1.0,1.000038488141404e-16,1.0,1.0,1.0,0.009827682092886121,0.060017451192875444,-13.294595294149982,-0.7864995565788264,8.146390113441399,-2.445692835294956,-1.5037086829182809,-103.78223255685491,64.46569944953269,10.247487327851998,-4.2788552510968305,298.15,8.5,0.05
129,0.00012075540030145751,0.3957516710569275,4.7789151458450056e-05,9.989721202484094e-09,0.8164315908610479,8.155923973602428e-09,0.997843175924121,1.0001310476473364,0.9979739409247365,0.00013031439919158823,1.0097275949168116,0.0001315820448787518,0.009569941022107908,0.7902787036933543,0.007562920585373289,0.050001916236080836,0.8084162722238557,0.04042236272762196,0.0598859154978088,0.8049228840826081,0.04820354381842363,7.032250964863725e-05,0.7816915744768023,5.4970513288403396e-05,0.00019937637731804665,1.0,0.00019937637731804665,2.234919089689457e-06,0.8037501161650842,1.7963164779574662e-06,1.0000383247216176e-16,1.0,1.0000383247216176e-16,1.0,1.0,1.0,0.009821010821600954,0.06000668088783145,-13.21229731779496,-0.7947388759475854,8.088526831201747,-2.3561902634114507,-1.3776727567168845,-102.0206938154401,63.67251191115191,10.188190430569417,-4.284255665273232,303.15,8.5,0.05
130,0.00011613868521849248,0.3928293069461665,4.562267922401939e-05,1.1353451126577266e-08,0.8144436322123839,9.246745973675366e-09,0.9978433252105382,1.0001318101154655,0.9979748510544507,0.00014134469689900468,1.0097260688861096,0.0001427194251577308,0.009554646134865953,0.7892875894559968,0.0075413636158934046,0.05000190682079699,0.8070746995858327,0.04035527392611353,0.05987702476604681,0.8036314330111353,0.04811905921718144,8.539271231643468e-05,0.779871542510134,6.659534627334203e-05,0.00019318557920264634,1.0,0.00019318557920264634,2.813081081570396e-06,0.8022556338280968,2.2568101461050875e-06,1.0000381364159398e-16,1.0,1.0000381364159398e-16,1.0,1.0,1.0,0.009812129516983452,0.059993174804716415,-13.135561110724419,-0.803154964877625,8.034011073132156,-2.268715101181577,-1.256170261537644,-100.32445342498865,62.90608385536521,10.131993089925013,-4.289569196961542,308.15,8.5,0.05
131,0.00011119479092511699,0.3896725990038909,4.332956317548458e-05,1.2816222138267405e-08,0.8124644335870158,1.0412724660292786e-08,0.9978435115007214,1.0001325962631862,0.9979758218215908,0.00015406094909034177,1.0097241696175077,0.00015555906389073062,0.009535819421444533,0.7883003584413942,0.0075170898679571335,0.05000189598874463,0.8057106281205513,0.040287059024309915,0.059865959564825634,0.8023224005605162,0.0480318003899097,0.00010236298062701528,0.7780588362123013,7.964442157787786e-05,0.00018726748043739077,1.0,0.00018726748043739077,3.504408381356017e-06,0.8007661334237,2.8062115494760628e-06,1.0000379197748958e-16,1.0,1.0000379197748958e-16,1.0,1.0,1.0,0.009801075161459992,0.05997716717197289,-13.063797360073496,-0.8117277596332938,7.982435615340458,-2.1830606093455804,-1.1389824212732012,-98.69002446951528,62.16510782930043,10.078632635281481,-4.294800160252886,313.15,8.5,0.05
132,0.00010593292218870335,0.3868051362200164,4.09753983973858e-05,1.4367209947846725e-08,0.8104937592826102,1.1644534001032822e-08,0.9978437349884892,1.0001334014424181,0.9979768487820445,0.00016853888145583205,1.009721892417118,0.000170177398329447,0.009513348644025685,0.7873187264616465,0.007490037538799933,0.05000188368669279,0.8043284121517172,0.04021793571031247,0.05985269253348687,0.8009975578153773,0.04794186054799765,0.00012128319196012868,0.776255214803743,9.414671022709329e-05,0.00018159950026051908,1.0,0.00018159950026051908,4.325533640807727e-06,0.7992833894373532,3.4573271895500943e-06,1.0000376737338575e-16,1.0,1.0000376737338575e-16,1.0,1.0,1.0,0.00978782044767022,0.05995863982288552,-12.997026383729438,-0.8204733424653262,7.9338778866767,-2.0994686214859235,-1.0259044339104106,-97.11459676662976,61.44879547159843,10.0280877115197,-4.299951336833464,318.15,8.5,0.05
133,0.00010005064540989872,0.3863311105940006,3.865267695685273e-05,1.59764883825852e-08,0.8085312751663636,1.2917490524652187e-08,0.9978439982963536,1.0001342149342938,0.9979779238630203,0.0001846839562519187,1.0097192080623532,0.0001864789380485095,0.009487460415517965,0.7863496381088692,0.007460461064314775,0.05000187002137937,0.8029375159034364,0.04014837730549285,0.05983705342046855,0.799657871562743,0.04784917077879803,0.00014233725776501425,0.7744675978525373,0.00011023559410618792,0.00017616810719754125,1.0,0.00017616810719754125,5.300411474774552e-06,0.7978144502592397,4.228744866895028e-06,1.000037400427589e-16,1.0,1.000037400427589e-16,1.0,1.0,1.0,0.009772195017179783,0.05993712004236682,-12.93577857905081,-0.8294405824895111,7.888821848349576,-2.01854948851098,-0.9167443805468289,-95.59593720048879,60.75679161170395,9.980536252758057,-4.30502384103282,323.15,8.5,0.05
134,9.471072781625387e-05,0.38271410804061934,3.624713171807549e-05,1.7691803915560564e-08,0.8061644038895328,1.4262502557318406e-08,0.9978442873760965,1.0001353940942481,0.9979793895995865,0.00020309717894735282,1.0097162501053465,0.0002050705219336957,0.009457169490817987,0.7849736980028087,0.0074236293078467335,0.050001854456623,0.8011122236885321,0.0400570968122956,0.05981982021650673,0.7978986106351149,0.047730151439193076,0.00016495768587539272,0.7722833033485526,0.00012739406656058107,0.00017076215761696543,1.0,0.00017076215761696543,6.434819361763793e-06,0.7959342542696078,5.121693150065097e-06,1.0000370891324595e-16,1.0,1.0000370891324595e-16,1.0,1.0,1.0,0.009754977397581592,0.0599145486361269,-12.878229164726344,-0.8385271033001754,7.845804264703147,-1.9392406457758253,-0.8113220804390764,-94.13033065988358,60.08712788300858,9.935333172383816,-4.310468161583529,328.15,8.5,0.05
135,8.946606598856726e-05,0.3788785900250745,3.3896776936838624e-05,1.9459922277911876e-08,0.8038080650752568,1.5642042472723247e-08,0.9978446098694909,1.0001365884866904,0.9979809039547051,0.00022364051820091753,1.0097129405591971,0.00022581272526083128,0.009422606516015251,0.7836020252345974,0.0073835735489382655,0.05000183714216202,0.7992744794847859,0.03996519235508459,0.05980053858285752,0.7961305883914297,0.04760903796809475,0.00018942529845809253,0.7701077833974362,0.00014587789671495935,0.00016555534824104986,1.0,0.00016555534824104986,7.756954167294841e-06,0.7940600964835229,6.159487774500408e-06,1.0000367428432395e-16,1.0,1.0000367428432395e-16,1.0,1.0,1.0,0.009735713100204735,0.059890024108768376,-12.82536188084015,-0.8478089417432432,7.805706539209803,-1.8622993632392912,-0.7094686404762751,-92.71605691317114,59.43970982527737,9.892754756841088,-4.315842030051895,333.15,8.5,0.05
136,8.433599168629004e-05,0.37508462587033226,3.163313388905556e-05,2.1256752605982968e-08,0.8014621259177919,1.7036482133699644e-08,0.9978449651762391,1.0001377954433046,0.9979824636655649,0.00024636693803616836,1.0097092806816208,0.00024875898378823313,0.009383706525078245,0.782235314651705,0.007340266626243838,0.05000181805390251,0.7974268648222502,0.03987279300613607,0.059779215825148106,0.7943550891535871,0.04748592431631704,0.00021574748693206544,0.7679417726935427,0.00016568150756878717,0.00016053295303702637,1.0,0.00016053295303702637,9.293032615304474e-06,0.7921927182788272,7.361872768571848e-06,1.0000363610780507e-16,1.0,1.0000363610780507e-16,1.0,1.0,1.0,0.009714409454800704,0.059863573073586994,-12.777236744260218,-0.8573040602469768,7.768620077858536,-1.787915298448575,-0.6110251892869976,-91.35098884064752,58.81392603874095,9.852804044653785,-4.321147891903656,338.15,8.5,0.05
137,8.000272453133914e-05,0.3679381326153537,2.9436053068201483e-05,2.3085995777361378e-08,0.7991271443252681,1.844864587946798e-08,0.9978453467443571,1.0001390241482797,0.9979840713438031,0.00027164864844928205,1.0097053305714794,0.00027428508838177784,0.009339765493617798,0.7808639214250586,0.007293085908536841,0.05000179687057925,0.7955612962002606,0.03977949433070016,0.059756202026937495,0.7925750853700427,0.04736127692288951,0.00024359867926583112,0.7657758053479662,0.0001865419747964926,0.00015567007397407397,1.0,0.00015567007397407397,1.10586204077124e-05,0.7903224543040988,8.739876021840655e-06,1.0000359374115845e-16,1.0,1.0000359374115845e-16,1.0,1.0,1.0,0.009691416866598418,0.05983622783746462,-12.733176070541,-0.8669804305770771,7.734035505312887,-1.7157014334618366,-0.5158422737584113,-90.0325704315797,58.20863494801836,9.815204970471864,-4.326390322171809,343.15,8.5,0.05
138,7.52201303749185e-05,0.3642602164904405,2.739970097480699e-05,2.486419172568193e-08,0.796801715642772,1.981183062509415e-08,0.9978457645665761,1.0001402512969264,0.9979857137291891,0.0002989046902442117,1.0097009844233398,0.00030180435998833414,0.009291993546963036,0.7795072063826683,0.007243175931518938,0.050001774168403186,0.793699034134928,0.03968635986249441,0.059730880797146786,0.7907882072590923,0.04723447614358224,0.00027358526109406956,0.7636290242663286,0.00020891764598291314,0.00015097740971630114,1.0,0.00015097740971630114,1.3112424128370424e-05,0.7884688304015222,1.0338737716224932e-05,1.0000354833680628e-16,1.0,1.0000354833680628e-16,1.0,1.0,1.0,0.009666118367582166,0.059806125791713426,-12.69451987702017,-0.8769427188363969,7.703075393535403,-1.646787821433037,-0.42377918506435047,-88.75989881948954,57.62425500829773,9.7804481913674,-4.3315675745627775,348.15,8.5,0.05
139,7.076652895421408e-05,0.3598548147615616,2.546567616813738e-05,2.661402168026811e-08,0.7940633420199286,2.1133219000024496e-08,0.997846205239106,1.000141838860131,0.9979877386074432,0.00032839549896719486,1.0096963655793803,0.00033157974177980406,0.009240070671268108,0.7777405302759027,0.007186377463658877,0.05000174973884281,0.791409526216103,0.039571861070793746,0.05970397066841935,0.7885773149707463,0.04708119688279433,0.0003051604310224988,0.7610857655440513,0.00023225326025851098,0.00014628297813742042,1.0,0.00014628297813742042,1.5483383399168855e-05,0.7862027431219946,1.2173078501236099e-05,1.0000349947768575e-16,1.0,1.0000349947768575e-16,1.0,1.0,1.0,0.009639232699189516,0.05977476381139522,-12.660406619144162,-0.8871466398932889,7.675034346418029,-1.5807865502951908,-0.3347031696575498,-87.53067862975666,57.05972679834898,9.748272818900237,-4.337144119381512,353.15,8.5,0.05
140,6.611860653889693e-05,0.35802581605380307,2.367216806242891e-05,2.8274428524861223e-08,0.7913380313497508,2.237463060640295e-08,0.9978466772374532,1.0001434251971728,0.9979897935938842,0.0003600114337114915,1.0096913845158566,0.00036350044294569434,0.009184108109077193,0.7759866233778823,0.007126745040300239,0.05000172372477175,0.7891246862914787,0.03945759454834369,0.05967495007171586,0.7863649365502126,0.04692628832678194,0.00033868883437520236,0.7585607075394993,0.0002569160418393818,0.00014174387483906222,1.0,0.00014174387483906222,1.8220464842464432e-05,0.7839519560435739,1.4283969053273168e-05,1.0000344744954376e-16,1.0,1.0000344744954376e-16,1.0,1.0,1.0,0.009610238149327582,0.05974109695268329,-12.631151254872918,-0.8976280973547455,7.650244125930491,-1.5178467946166914,-0.2484893188072482,-86.34326739345367,56.51456423852141,9.718692677413113,-4.3426601632232344,358.15,8.5,0.05
141,6.211095645940986e-05,0.3539504720668029,2.1984202359328765e-05,2.9854612771385765e-08,0.7886257217618482,2.354411554475457e-08,0.9978471714001761,1.0001450247807377,0.9979918839674182,0.0003941483315245769,1.0096861245977204,0.0003979661013737076,0.00912336139092531,0.7742326862673135,0.007063604597483593,0.05000169579259412,0.7868327566766421,0.03934297213899369,0.05964430463393324,0.7841533402077215,0.04677028070306564,0.0003737062195318755,0.756041270620524,0.0002825373250536715,0.0001373383232067867,1.0,0.0001373383232067867,2.1349172575871503e-05,0.7817036422750049,1.6688725962116386e-05,1.0000339158518854e-16,1.0,1.0000339158518854e-16,1.0,1.0,1.0,0.009579620678909297,0.05970644544500541,-12.60599400819745,-0.9083468028922247,7.628117619566014,-1.457475217757456,-0.16501958359382005,-85.19548718641687,55.98767326164556,9.691406253996357,-4.348120810278495,363.15,8.5,0.05
142,5.8377661880792274e-05,0.34968167792283333,2.0413598759687254e-05,3.13165787551674e-08,0.7859263395337951,2.4612524107770544e-08,0.9978476889418915,1.0001466297423582,0.9979940030914338,0.00043062815919790037,1.0096805640115918,0.0004347968826582098,0.00905824715633813,0.7724842768004115,0.006997353503643245,0.05000166615598149,0.7845405145310191,0.03922833289342197,0.05961190725849425,0.7819426403081695,0.04661309215551273,0.00041034126361055254,0.7535329468800015,0.00030920566159492306,0.000133064999760697,1.0,0.000133064999760697,2.4928675381269664e-05,0.7794634276269854,1.9430990758884895e-05,1.0000333231196263e-16,1.0,1.0000333231196263e-16,1.0,1.0,1.0,0.009547252977416822,0.05967031623695382,-12.58513182336106,-0.91932934036969,7.608843845465644,-1.3998839459769994,-0.08418245413072611,-84.08596462426503,55.47869704524259,9.666469895859269,-4.353526433179215,368.15,8.5,0.05
143,5.487056525105256e-05,0.34546765032870813,1.895600524948919e-05,3.2638594094393995e-08,0.7832398022455357,2.5563845984065464e-08,0.997848227928678,1.000148238451621,0.9979961474049388,0.0004694144140601498,1.009674711510081,0.00047395586309485565,0.00898890095001794,0.770741938649381,0.006928122944544088,0.05000163489895264,0.7822495506866294,0.039113756433302595,0.05957780891400261,0.7797334229832198,0.04645480887835546,0.00044854883120393506,0.7510362823946639,0.0003368764466598751,0.0001289181723846283,1.0,0.0001289181723846283,2.9015741920112412e-05,0.7772318957573451,2.2551960099374835e-05,1.0476495590707304e-16,1.0,1.0476495590707304e-16,1.0,1.0,1.0,0.009513185929329144,0.0596327121178478,-12.568470654938082,-0.9305815300581642,7.592373807633886,-1.3450579883673406,-0.005872510429093131,-83.0131910068845,54.98708123243348,9.643830970366107,-4.358878513261511,373.15,8.5,0.05
144,5.215805781432208e-05,0.33713428756705704,1.7584269662112847e-05,3.3843320701333947e-08,0.7801214688408664,2.640190105597716e-08,0.997848773206101,1.0001502338174217,0.9979986838365094,0.0005104969049395123,1.0096687017660875,0.0005154327472658834,0.008915549090041134,0.7685605180870564,0.006852139027672598,0.05000160208487445,0.7795094339027863,0.038976720535412845,0.05954279418205369,0.7770846213484519,0.046269789670990005,0.0004876902087239462,0.7481177839103925,0.0003648497181853556,0.0001247520493058363,1.0,0.0001247520493058363,3.367052610622105e-05,0.7745605683485391,2.6079861837428885e-05,1.2067128195526104e-16,1.0,1.2067128195526104e-16,1.0,1.0,1.0,0.00947820405279497,0.059594986083188715,-12.555613593827292,-0.9420860942281326,7.578364800842447,-1.2929316944756395,0.07001014475178294,-81.97569213307135,54.512248684528146,9.623415760814122,-4.364671533984826,378.15,8.5,0.05
145,4.912564358079011e-05,0.3323193701947255,1.632540293517873e-05,3.4860268683819335e-08,0.7770189813567343,2.7087090462523352e-08,0.9978493384894163,1.0001522223934414,0.998001233504015,0.0005535511064510306,1.0096623882992575,0.0005588997321850439,0.00883877682768414,0.7663947209936195,0.006773991900777857,0.0500015680857318,0.7767827051096607,0.038840353317359626,0.05950600966500259,0.7744402004527348,0.04608384605310698,0.0005284668726680769,0.7452211917832171,0.0003938247126676541,0.0001207189991940949,1.0,0.0001207189991940949,3.898145202568565e-05,0.7719081234383535,3.0090099482049228e-05,1.386671261004155e-16,1.0,1.386671261004155e-16,1.0,1.0,1.0,0.00944145357771596,0.059555170168852076,-12.546988793960228,-0.953886905598763,7.567237641845112,-1.2436738441585806,0.1435597751608353,-80.97230731721223,54.05388174384543,9.605271088568275,-4.370411915816603,383.15,8.5,0.05
146,4.59593140570693e-05,0.3299700087004118,1.5165195259276124e-05,3.568773450606581e-08,0.7739325368861053,2.7619898901997275e-08,0.9978499186984245,1.0001542062790196,0.998003793421407,0.0005986251083464933,1.009655807917264,0.0006044053174071381,0.0087585644760131,0.7642417793902414,0.006693660900052408,0.05000153292016313,0.7740673531650498,0.038704554241705776,0.059467669775835806,0.7718012972407012,0.045897224676871726,0.00057067213886669,0.7423437500991453,0.0004236348956433989,0.00011681131565584597,1.0,0.00011681131565584597,4.501730041326984e-05,0.7692718092415192,3.463054013608509e-05,1.5894502201876473e-16,1.0,1.5894502201876473e-16,1.0,1.0,1.0,0.009403148898416662,0.059513664777627394,-12.542304015386504,-0.9659740532151013,7.558777915416513,-1.1971010544181693,0.21486584517143523,-80.0015972359324,53.61133491314763,9.589271116656366,-4.3761011310305555,388.15,8.5,0.05
147,4.330785674607127e-05,0.3252643005957659,1.4086499734812485e-05,3.633940231479439e-08,0.7708617558060709,2.8012655473325607e-08,0.9978505042207836,1.0001561971425403,0.9980063656182254,0.000645953412314971,1.0096490432490512,0.0006521862447272702,0.008674510275596809,0.7620918994176262,0.006610774012447286,0.05000149642618862,0.7713541936249992,0.038568863955866,0.059428255882130264,0.7691692624444364,0.045710387745217365,0.000613837051012469,0.7394758149148056,0.00045391765352234667,0.00011301639254907815,1.0,0.00011301639254907815,5.183275524254167e-05,0.766641839456592,3.973715882324545e-05,1.8164064307160239e-16,1.0,1.8164064307160239e-16,1.0,1.0,1.0,0.009363771544657852,0.059471600078278654,-12.541117790422833,-0.9783248252259478,7.5526457200679475,-1.152924853379674,0.2840131776669679,-79.06208590587707,53.183880041484336,9.575240380767156,-4.38174249425479,393.15,8.5,0.05
148,4.08209676215824e-05,0.32062869596183297,1.3088373616408174e-05,3.6801334133393045e-08,0.7678065038802138,2.8256303699088107e-08,0.9978510942269097,1.0001581884277433,0.9980089427226274,0.0006953306784958455,1.0096420857502704,0.0007020351165226961,0.008587119812263778,0.7599498922126,0.006525780775746538,0.05000145887500573,0.7686487594738566,0.03843355933615621,0.05938771819736671,0.7665438928766272,0.04552329269606959,0.0006580108366439025,0.7366220660599695,0.00048470530197848073,0.0001093351151230032,1.0,0.0001093351151230032,5.952353954427359e-05,0.7640230622848496,4.5477356960649284e-05,2.0702856764885674e-16,1.0,2.0702856764885674e-16,1.0,1.0,1.0,0.009323271458381206,0.05942857596632244,-12.543456378374172,-0.9909517089749261,7.548884650275185,-1.1111845410894436,0.3510822428285164,-78.1526888675023,52.77113773185294,9.563169906964188,-4.38733569681395,398.15,8.5,0.05
149,3.89434031901603e-05,0.3120709657299775,1.2153105442365223e-05,3.711051940812045e-08,0.7642789313075135,2.836278811350502e-08,0.9978516702718672,1.0001606052577983,0.9980119304966156,0.0007465234004951073,1.0096350931202647,0.0007537162229753344,0.008497100312479631,0.7573271591986287,0.006435084841075977,0.0500014205752082,0.7654579187093712,0.03827398332601079,0.05934697550710582,0.7634394637988646,0.04530782315922922,0.0007024061992555836,0.7333090985920805,0.0005150808568216011,0.0001056363655810651,1.0,0.0001056363655810651,6.819872430147826e-05,0.7609246846045234,5.189409277953321e-05,2.3512164023903946e-16,1.0,2.3512164023903946e-16,1.0,1.0,1.0,0.009282567116164897,0.059385956020815374,-12.549056600965873,-1.0038441428615061,7.547251079455359,-1.0719018912599132,0.4161496149370594,-77.27236358946593,52.372731083329384,9.553044473751237,-4.3934321284142985,403.15,8.5,0.05
150,3.6800184814708534e-05,0.3068451329343223,1.129195760147687e-05,3.722254266939168e-08,0.760770655534329,2.831781818724763e-08,0.9978522450390902,1.0001630147332812,0.9980149096566693,0.0007994302907136864,1.0096279263332377,0.0008071271466612365,0.008404617864887283,0.7547207668804884,0.006343139640325181,0.050001381710586205,0.7622851897393156,0.03811531274448214,0.059305217817775986,0.7603452370615068,0.04509243990064118,0.0007476940432987324,0.7300194201983553,0.0005458311719747045,0.0001020594541553553,1.0,0.0001020594541553553,7.796105191703155e-05,0.7578466126821836,5.908251911646222e-05,2.664184625763118e-16,1.0,2.664184625763118e-16,1.0,1.0,1.0,0.009240848340415678,0.05934205522513337,-12.558070775877878,-1.0170241701123486,7.547940210930751,-1.0349985309930272,0.47928768627726676,-76.42002289523782,51.98820076866056,9.544800520274915,-4.399480161992577,408.15,8.5,0.05
151,3.453202861690268e-05,0.303973815549559,1.0496832497346473e-05,3.7148132551081044e-08,0.7572815849815685,2.81315966973881e-08,0.9978528124911592,1.000165418771676,0.9980178760777149,0.0008540552751822517,1.0096206264544227,0.000862271821956209,0.008309766984908023,0.7521285516975273,0.0062500130073027994,0.05000134236517722,0.7591288634752261,0.03795746220191266,0.05926268437109426,0.757261857391233,0.04487737044084524,0.0007936403714705152,0.7267508184274679,0.0005767787895032766,9.859923753436264e-05,1.0,9.859923753436264e-05,8.890774043724557e-05,0.7547866858472779,6.710637875079862e-05,3.0115694806692377e-16,1.0,3.0115694806692377e-16,1.0,1.0,1.0,0.009198354288707177,0.059297253547843716,-12.570297599511594,-1.03048544931846,7.5508056173838405,-1.0003409170471602,0.5405654410383085,-75.594576298794,51.61704995891256,9.53834895769116,-4.405480571289031,413.15,8.5,0.05
152,3.264935445886525e-05,0.29888876687497584,9.758525293474224e-06,3.690706152349581e-08,0.7538111381860494,2.7820954054128946e-08,0.997853363103997,1.000167826975241,0.9980208298156608,0.0009105463961386966,1.0096132708892953,0.0009192997253020498,0.008212340242207383,0.7495428079379755,0.006155500564886152,0.05000130247771225,0.7559815892532448,0.03780006411183311,0.05921982613747997,0.7541901282322571,0.044663008268518,0.0008398027997750665,0.7234956628051389,0.000607593683248873,9.524705558395778e-05,1.0,9.524705558395778e-05,0.00010111881592905154,0.7517372033198719,7.601477588952215e-05,3.3950625965719236e-16,1.0,3.3950625965719236e-16,1.0,1.0,1.0,0.009155535992804945,0.059252512399000354,-12.585450627636925,-1.0442137761009345,7.555627980981673,-0.9677403167595082,0.6000484937427203,-74.79492662908976,51.25874290087871,9.533574787715805,-4.411435637873459,418.15,8.5,0.05
153,3.0877546412904916e-05,0.29389079797841366,9.074626754904124e-06,3.6502980764178977e-08,0.7503590650186107,2.7390342516601704e-08,0.997853894329821,1.0001702345106112,0.9980237634991838,0.0009687323560228365,1.00960586294052,0.000978037866260839,0.008112802536391996,0.7469671337219895,0.006059996857061217,0.05000126231280513,0.7528473846174187,0.03764331955976485,0.059176662367999025,0.751129755042799,0.04444935190872554,0.0008861621939231258,0.7202573762012237,0.0006382648566837905,9.200310987536703e-05,1.0,9.200310987536703e-05,0.00011471673503373606,0.7487017643939464,8.588862192527098e-05,3.817710438796578e-16,1.0,3.817710438796578e-16,1.0,1.0,1.0,0.009112412438827737,0.059207576417392695,-12.603502274113133,-1.0582155435962286,7.5624025368537415,-0.9371795537755041,0.6577992859338404,-74.02019367795366,50.91293068453437,9.530450298111022,-4.417344848879623,423.15,8.5,0.05
154,2.9571935681642405e-05,0.2851822216744789,8.433390316905575e-06,3.598328633456441e-08,0.7463746841520308,2.6857013972712557e-08,0.9978543834383975,1.0001731291479428,0.9980271411175732,0.0010281759491529733,1.0095985898306363,0.0010380449883626176,0.008012326053646818,0.7438489801804435,0.0059599605638783835,0.050001222422447485,0.7491701960895829,0.03745942560694384,0.05913428392704435,0.7475307508229727,0.044204695663362305,0.000931750491412178,0.7165032667528857,0.0006676022708954322,8.874526260076116e-05,1.0,8.874526260076116e-05,0.0001298770714609075,0.7451269611489948,9.677490758059692e-05,4.2779255364005984e-16,1.0,4.2779255364005984e-16,1.0,1.0,1.0,0.009070073938481433,0.059163891846012326,-12.624269626078018,-1.0724838398207284,7.570942274886312,-0.908743579279171,0.7138774820059873,-73.26964190915832,50.579381333687756,9.529000402730716,-4.4238434888475435,428.15,8.5,0.05
155,2.8044680610897117e-05,0.27959165418709914,7.841058643149598e-06,3.531802526316848e-08,0.7424135586443644,2.6220580819920447e-08,0.9978548447136514,1.000176017391829,0.9980304845208418,0.0010890374310777854,1.0095912993373162,0.001099482715068794,0.007910551537399339,0.7407491034627312,0.00585973395922429,0.05000118274399471,0.7455157595916617,0.03727666973387071,0.05909180390921434,0.7439477368678689,0.04396121378569989,0.0009773250471993907,0.7127748312852201,0.0006966126956283656,8.560298883886425e-05,1.0,8.560298883886425e-05,0.00014669053742436206,0.7415750516372086,0.0001087820428651611,4.782214806603261e-16,1.0,4.782214806603261e-16,1.0,1.0,1.0,0.009027633649088021,0.05911988390785049,-12.647800718192235,-1.0870308759847291,7.5813576923525465,-0.8822472395180676,0.7683395285024098,-72.54230557882241,50.257605510871926,9.529115772638782,-4.430295432723577,433.15,8.5,0.05
156,2.6402661254422196e-05,0.27621938612406816,7.292926883738219e-06,3.452357147574768e-08,0.738475387855572,2.549480783571234e-08,0.997855272011593,1.0001789010250233,0.9980337893425807,0.0011513149617069086,1.0095840305565362,0.0011623491994801054,0.007807601639828262,0.7376657663094688,0.005759400446682981,0.05000114338230653,0.7418825642036144,0.03709497646557815,0.05904945011164293,0.7403810158182481,0.043719091857167165,0.0010226625904150091,0.709070231683165,0.0007251395999192759,8.25718884787229e-05,1.0,8.25718884787229e-05,0.00016527170015577836,0.7380442743819604,0.00012197783201734433,5.332788901186171e-16,1.0,5.332788901186171e-16,1.0,1.0,1.0,0.008985319262789594,0.05907588729646882,-12.673955854538509,-1.1018527329350858,7.593548257130681,-0.8575938909638815,0.8212394326056105,-71.83734489987138,49.947215591667565,9.530732636829994,-4.436701142887628,438.15,8.5,0.05
157,2.506901707042932e-05,0.27060313999659674,6.783754735886463e-06,3.36208248811556e-08,0.7345594448462052,2.4696494459973123e-08,0.9978556565065104,1.0001817884440165,0.9980370551336598,0.0012151243879179308,1.009576852683053,0.0012267614551726065,0.007703340567170528,0.7345925551774067,0.00565881663063957,0.05000110431305947,0.7382643560726181,0.03691403307860066,0.059007625702548805,0.736831022957463,0.04347864920870012,0.0010673670044744764,0.7053830750843715,0.0007529026198598,7.964488062351982e-05,1.0,7.964488062351982e-05,0.0001857094045283369,0.7345282014966246,0.0001364087949092083,5.930904541826375e-16,1.0,5.930904541826375e-16,1.0,1.0,1.0,0.008943533972158888,0.059032728340444096,-12.702539497436407,-1.1169400269539966,7.607364688227608,-0.8346546154027855,0.8726287089301922,-71.15392298605909,49.647803752099506,9.533772075256593,-4.443062440844862,443.15,8.5,0.05
158,2.403547760647129e-05,0.26256034587730026,6.310763313681209e-06,3.262329279345857e-08,0.7306653860358823,2.3836710822694022e-08,0.9978559933605995,1.0001846796175113,0.9980402770237847,0.0012804184550140574,1.0095697924382714,0.0012926717938626735,0.007597979413921655,0.7315293653742972,0.005558145058793083,0.05000106568131937,0.7346612082976454,0.036733843329608024,0.05896648639652671,0.7332977772279496,0.04323999340551517,0.0011112855325031462,0.7017131234575354,0.0007798036420659531,7.681918207684316e-05,1.0,7.681918207684316e-05,0.0002081174368624066,0.7310267006303677,0.0001521394032131739,6.578547715856453e-16,1.0,6.578547715856453e-16,1.0,1.0,1.0,0.008902433346542185,0.058990554497425976,-12.733471086233324,-1.1322928223978233,7.622753672174474,-0.8133729741267939,0.9225565169370452,-70.49130849954486,49.35904604668605,9.538192293780382,-4.449379466059725,448.15,8.5,0.05
159,2.2876697382602498e-05,0.256506301889398,5.868017045054238e-06,3.157147797661462e-08,0.7261495804668898,2.2925615487438377e-08,0.997856260401203,1.0001881445906187,0.9980440016588125,0.0013462944196806193,1.0095630064573677,0.0013591690419095432,0.007493757899278898,0.727838161483552,0.0054542429720139994,0.05000102859029666,0.7304330835030092,0.03652240549153251,0.0589269449285796,0.7291353667525854,0.04296571960210928,0.0011536188610551416,0.6974484945320814,0.000804589737906723,7.398269851691816e-05,1.0,7.398269851691816e-05,0.0002328177546616299,0.7269025832423586,0.00016923582728822436,7.271387655638228e-16,1.0,7.271387655638228e-16,1.0,1.0,1.0,0.00886292901634212,0.05894985319744015,-12.76675791877989,-1.1479187636916512,7.639678995932314,-0.7939718237445115,0.9710700344684253,-69.84908051081324,49.080909085008095,9.544092185764526,-4.456411691726933,453.15,8.5,0.05
160,2.162669301231768e-05,0.252367793823677,5.457880803220543e-06,3.044667349194688e-08,0.7216624881416656,2.1972222147835312e-08,0.9978564722809758,1.0001916065003593,0.9980476680674906,0.0014134200982599552,1.0095563600678825,0.0014269272496461088,0.00738919012399871,0.7241678110490192,0.005351013637521175,0.050000992410156896,0.7262320610657046,0.03631232377335889,0.058888216601791735,0.7249959850311327,0.04269372060194269,0.0011950321486034123,0.693212470085279,0.0008284111875646897,7.125421065385853e-05,1.0,7.125421065385853e-05,0.0002597789796815539,0.722804524848541,0.00018776942197436426,8.016632743198212e-16,1.0,8.016632743198212e-16,1.0,1.0,1.0,0.008824236915270983,0.05890987374147752,-12.802296479482106,-1.1638154505289893,7.658126018739913,-0.77614246158638,1.0182138587057576,-69.22631582647331,48.81283715224386,9.551305103762548,-4.463398338581922,458.15,8.5,0.05
161,2.0807154281158103e-05,0.2439783586209671,5.0764953490901815e-06,2.9268293524562172e-08,0.7172032885037574,2.099131636470919e-08,0.9978566202913781,1.0001950756243934,0.9980512777946365,0.0014819523145567332,1.0095499269077097,0.001496104850841461,0.007284026742277771,0.7205106355719122,0.0052482187376013635,0.05000095705051449,0.7220504905176475,0.03610321556467581,0.05885073049345062,0.7208800958063234,0.0424243202363908,0.0012351040638998092,0.6889974180253888,0.0008509835110196332,6.862586370851827e-05,1.0,6.862586370851827e-05,0.0002890575964897855,0.7187248192088062,0.00020775286877805296,8.813842207956544e-16,1.0,8.813842207956544e-16,1.0,1.0,1.0,0.008786786211115663,0.05887156691602531,-12.839914131783235,-1.179973719670113,7.6779603259719735,-0.7597755775057533,1.0640308478129008,-68.62231825046126,48.55448407233164,9.559764991325482,-4.4703416077693205,463.15,8.5,0.05
162,1.983136379282688e-05,0.23816766412585333,4.723189590967603e-06,2.8042691159101185e-08,0.7127716704437458,1.9988035821210583e-08,0.99785670548338,1.0001985419411328,0.998054821890659,0.0015516627210288788,1.0095436710906538,0.0015664712796820079,0.007178873421879484,0.716874337465766,0.005146350128060451,0.05000092285222824,0.717896166660803,0.03589547084511721,0.05881427754766956,0.7167866262654047,0.042157287579631206,0.001274042935438323,0.6848106729842539,0.0008724782000283525,6.609879514939255e-05,1.0,6.609879514939255e-05,0.0003208036532290107,0.7146710785552262,0.00022926909285763395,9.66544329488305e-16,1.0,9.66544329488305e-16,1.0,1.0,1.0,0.00875036750670119,0.058834136954153536,-12.879651774108616,-1.1964035582546175,7.699229880915454,-0.7448839966472129,1.1085619790490988,-68.0365397529769,48.30563494565383,9.569467441521615,-4.477240032003702,468.15,8.5,0.05
163,1.8741814771978787e-05,0.2345380772193315,4.395669200220765e-06,2.6783036084927243e-08,0.7083672424950885,1.897222541712639e-08,0.9978567239357427,1.0002020064152293,0.9980582973954573,0.0016225471821228504,1.0095376157124183,0.001638022413621206,0.0070738263231803,0.7132580671781151,0.005045463690825254,0.05000088989459185,0.7137682589180017,0.03568904812441353,0.0587789923618896,0.7127155495263858,0.041892701841811375,0.001311718257425369,0.680651245705316,0.0008928226659309837,6.366900872448032e-05,1.0,6.366900872448032e-05,0.0003551010401842094,0.7106423914495429,0.0002523498524027267,1.0571711608466272e-15,1.0,1.0571711608466272e-15,1.0,1.0,1.0,0.008715115320075129,0.05879776095969766,-12.921433269341158,-1.2131041280657926,7.7218817239509825,-0.7314137872270856,1.1518464565219617,-67.46839011189338,48.06601679776065,9.580375201035785,-4.484094074934907,473.15,8.5,0.05
164,0.00041949315959775537,0.4134209936401758,0.0001734272788661608,1.2111642200686586e-09,0.8256518674312046,1.0000000000655448e-09,0.9978389167341438,1.000130475575709,0.9979691103412696,2.77282729680603e-05,1.0097792903688352,2.799943580084128e-05,0.00929434972553048,0.7933742996730677,0.007373898204409313,0.05000200791135297,0.8128769664585975,0.04064548050781941,0.06018707450033452,0.8097340133702357,0.048735521388169244,5.031201221561358e-05,0.7898380957303838,3.973834392074406e-05,0.0002358451026545235,1.0,0.0002358451026545235,1.4197432041017972e-06,0.8099143841959695,1.1498704428665208e-06,1.0000401582270581e-16,1.0,1.0000401582270581e-16,1.0,1.0,1.0,0.009741571158096296,0.060606568871096465,-14.439558471717914,-0.7826068874376262,8.999999999971534,-3.4447346735089823,-2.210688177461999,-114.22427808722739,69.39849439235252,10.85811014345709,-4.251171303407653,273.15,9.0,0.05
165,0.0004061393234615329,0.4109427281778215,0.00016690000160357707,1.4954032408836826e-09,0.8240645067440588,1.2323087340822786e-09,0.997839031094579,1.0001306408969386,0.9979693896806017,2.9599313188479795e-05,1.0097781195264055,2.9888738810736245e-05,0.009299013128955766,0.7927927813415026,0.007372190482235988,0.05000200662807758,0.8121807169059208,0.04061066558992665,0.06018025381318654,0.8090303424701244,0.04868765135242131,6.509071637406332e-05,0.7884058387723429,5.131790083918606e-05,0.00022788553363015958,1.0,0.00022788553363015958,1.8661882593226894e-06,0.8088290467740298,1.5094272708888553e-06,1.000040132561551e-16,1.0,1.000040132561551e-16,1.0,1.0,1.0,0.00973475176560578,0.06058639463205132,-14.307644540322567,-0.789652024849776,8.90928047341268,-3.3324705198163804,-2.058122741300635,-112.06475173699693,68.43940547787926,10.773836840326492,-4.2566799349701725,278.15,9.0,0.05
166,0.00039025173942939644,0.40875383673988386,0.00015951689578617918,1.8265048599373289e-09,0.8224879179621638,1.502278179397626e-09,0.9978392038983226,1.000130838719662,0.9979697599021891,3.193004001430914e-05,1.0097763711524506,3.224219993640163e-05,0.009302386535837806,0.7922243328906377,0.007369576967644958,0.05000200502669777,0.8114494723057241,0.040574100593142065,0.06017006874727896,0.8082911180609892,0.04863493214154469,8.275634800385317e-05,0.7869890264486302,6.512833774799647e-05,0.00022040303117349929,1.0,0.00022040303117349929,2.4191843855964375e-06,0.8077571359781143,1.9541134507123534e-06,1.0000401005339522e-16,1.0,1.0000401005339522e-16,1.0,1.0,1.0,0.00972456831528151,0.06056032231321322,-14.183510824594457,-0.7968725328154562,8.823249640839695,-3.2221031923825523,-1.911441083655884,-109.99107844512515,67.5137630194421,10.693742879920137,-4.262084948674231,283.15,9.0,0.05
167,0.0003719123257705854,0.4065877566235606,0.00015121499819571317,2.212562382574649e-09,0.820922669100235,1.8163426166539583e-09,0.9978394343312998,1.0001310679468343,0.9979702190972278,3.4824478803047175e-05,1.00977405117246,3.5164855040922435e-05,0.009304318583135584,0.7916657199872784,0.007365910070109043,0.050002003023401645,0.810684312255926,0.040535839432445084,0.06015655379864221,0.8075204422129573,0.04857764692548711,0.00010332003772010298,0.7855845263474006,8.116662289454266e-05,0.00021335186727550022,1.0,0.00021335186727550022,3.0897154060743013e-06,0.8066954089630003,2.492459233082389e-06,1.0000400604680319e-16,1.0,1.0000400604680319e-16,1.0,1.0,1.0,0.009711055387709217,0.060528468336975165,-14.065642809666393,-0.8042049751694781,8.740802227132335,-3.1128916144571144,-1.7703337393533798,-107.99771170196404,66.61925842718878,10.617171324764133,-4.2673921029215505,288.15,9.0,0.05
168,0.00035141328733939947,0.40418021542496946,0.00014203429818003522,2.6637257523125697e-09,0.8193686957349572,2.182573495467967e-09,0.9978397184283615,1.0001313284826996,0.99797076320456,3.8409822326561016e-05,1.0097711962839067,3.87851322397438e-05,0.00930460373138445,0.7911135322435648,0.007360997924062208,0.05000200051030507,0.8098858120689554,0.04049591078836074,0.060139922716596794,0.8067218185673354,0.048516187822431965,0.00012660935469312269,0.7841890321092663,9.928566731277858e-05,0.00020669059296852694,1.0,0.00020669059296852694,3.885209261087492e-06,0.8056404980077698,3.1300819239669255e-06,1.000040010206099e-16,1.0,1.000040010206099e-16,1.0,1.0,1.0,0.009694426841050409,0.06049133866766193,-13.952786740868126,-0.8115950732034798,8.661031123045637,-3.004250724080955,-1.6345126646475685,-106.07962775114294,65.75385077309643,10.54357568334821,-4.272605856711616,293.15,9.0,0.05
169,0.0003301891373214149,0.3982314312058654,0.00013149169272413716,3.207018475991936e-09,0.8178302160201422,2.6227966130010746e-09,0.9978400365123745,1.0001316518509207,0.9979714040001042,4.3034802314640684e-05,1.0097679981185752,4.3455166182683354e-05,0.009302575365369568,0.7905349693248912,0.007354011131104921,0.050001997156210634,0.8090243386767931,0.040452832681822204,0.060121291796708234,0.8059045579047422,0.04845202308608815,0.00015155748010186804,0.7827700741501626,0.00011863465993735113,0.0002003693309526291,1.0,0.0002003693309526291,4.786727401808064e-06,0.8045593569678176,3.851206320378926e-06,1.0000399431242112e-16,1.0,1.0000399431242112e-16,1.0,1.0,1.0,0.009675799305005624,0.06045148414104814,-13.84146707259548,-0.818852133075993,8.581235385839705,-2.8938003289348497,-1.5037094177976815,-104.2303400504948,64.9138054734138,10.471540339792544,-4.277736690930618,298.15,9.0,0.05
170,0.0003069067405989426,0.39507262106986885,0.00012125045043243447,3.8251540219857284e-09,0.8158763695026932,3.1208527762463433e-09,0.9978404018966256,1.0001323035996268,0.9979724197736496,4.8409605020200996e-05,1.0097643204518338,4.8882291916564926e-05,0.009299062550653226,0.7895952464292194,0.007342495586243762,0.05000199326814445,0.8077606663830423,0.040389643402756754,0.06009986746542338,0.8046442000583706,0.048359009780329684,0.00017915669737310984,0.7809967328331968,0.00013992079531358447,0.00019418974267653195,1.0,0.00019418974267653195,5.845293208740909e-06,0.8031113767279457,4.694421476250419e-06,1.0000398653628854e-16,1.0,1.0000398653628854e-16,1.0,1.0,1.0,0.00965437889627237,0.06040677803117635,-13.737008141732813,-0.8263009942063272,8.505726718349058,-2.7862353345507156,-1.3776734186860995,-102.45073888657937,64.10255565835273,10.403212304169836,-4.2832089096156345,303.15,9.0,0.05
171,0.0002828902652649366,0.392202771066215,0.00011095034594456481,4.54003173953231e-09,0.8139316359828239,3.695275461171473e-09,0.9978408007856902,1.0001329766848759,0.9979734903474126,5.4894526866719516e-05,1.0097602982259706,5.5430313819912266e-05,0.009293167220326764,0.7886637785697883,0.0073291843748638005,0.050001988506613436,0.8064762487271262,0.04032541611971049,0.06007643577784579,0.8033632349488165,0.04826319979068501,0.00020845973679325694,0.7792351850782547,0.00016243916158145788,0.00018831263216189393,1.0,0.00018831263216189393,7.044323614184703e-06,0.8016729751186404,5.647243869481941e-06,1.0000397701322699e-16,1.0,1.0000397701322699e-16,1.0,1.0,1.0,0.00963095201245842,0.060359330583142454,-13.636586860493734,-0.8337894627164896,8.432353181949065,-2.6794508515520117,-1.25617085368479,-100.73518917535908,63.31681842144134,10.337360372963087,-4.288591655039801,308.15,9.0,0.05
172,0.0002589550915323791,0.3890998151605809,0.00010075937825013997,5.365334593894665e-09,0.8119949060825294,4.35662435967084e-09,0.9978412220801096,1.000133677101828,0.9979746106027618,6.271219749115883e-05,1.0097560381258024,6.332402008083549e-05,0.00928447302762288,0.7877336221265449,0.007313691567585581,0.05000198266887343,0.8051669790740885,0.040259945333211755,0.060051618192515616,0.8020641466636129,0.048165249901349134,0.00023887630129526864,0.7774785517683781,0.00018572120078283206,0.0001827065927334912,1.0,0.0001827065927334912,8.381376993886187e-06,0.8002372699447897,6.707090243965546e-06,1.0000396533774685e-16,1.0,1.0000396533774685e-16,1.0,1.0,1.0,0.009606140316646417,0.06031057864938259,-13.539793076492646,-0.8413040708569233,8.360849884534078,-2.573387452426011,-1.1389829483661043,-99.0803513125957,62.55543361819506,10.273795529728794,-4.293887592035011,313.15,9.0,0.05
173,0.00023551112488125103,0.386280382668406,9.097332744179632e-05,6.306696262407809e-09,0.8100644515326508,5.108830448790401e-09,0.9978416605734397,1.0001343997763215,0.997975770269425,7.202403557556729e-05,1.0097515885345132,7.272638433509535e-05,0.00927269062004131,0.7868075082160222,0.007295822601212782,0.05000197561725036,0.8038383197984738,0.040193504066774785,0.06002569654219952,0.8007479676833779,0.04806545451494543,0.00027014932510606356,0.7757295335020689,0.00020956280994042535,0.00017734669089258126,1.0,0.00017734669089258126,9.8650367355466e-06,0.7988071236069305,7.880261618998687e-06,1.0000395123450054e-16,1.0,1.0000395123450054e-16,1.0,1.0,1.0,0.009580225780498127,0.06026121397377704,-13.447129243563344,-0.848887334016766,8.291678510388124,-2.46867850464682,-1.0259049032522929,-97.48380664979067,61.81800441607555,10.212692183758264,-4.29909707365353,318.15,9.0,0.05
174,0.00021230620256714353,0.38583291258836966,8.191472049705736e-05,7.35558136710889e-09,0.8081387923608705,5.944330643127494e-09,0.9978421203329978,1.0001351266504803,0.9979769553964265,8.287998576249808e-05,1.0097469055709833,8.368780915744962e-05,0.009257766586470048,0.7858987981275788,0.007275667633652465,0.0500019673328179,0.8025062452038468,0.0401268910570651,0.059998415178589413,0.799414678715272,0.047963613793417556,0.00030255197289571757,0.7740013459096063,0.0002341756342288923,0.00017221538738732703,1.0,0.00017221538738732703,1.1524236852826587e-05,0.7973960498906267,9.189380944447912e-06,1.0000393466563557e-16,1.0,1.0000393466563557e-16,1.0,1.0,1.0,0.009552952774799691,0.06021072873673792,-13.359845458829385,-0.8566317003359223,8.225897041694987,-2.366517077121325,-0.9167448019989372,-95.94390478909914,61.104758357410084,10.15451962561112,-4.304218843621914,323.15,9.0,0.05
175,0.0001917393764401341,0.38199879157914923,7.32442100982708e-05,8.552530187565392e-09,0.8058043687280704,6.8916661888188955e-09,0.9978425655798755,1.0001362446118187,0.997978516252879,9.581857337319171e-05,1.0097423378478427,9.675207028709172e-05,0.009238794699559138,0.7845653304775432,0.007248438016673792,0.050001957298390694,0.8007220683764693,0.040037670670839284,0.05997180492973409,0.7976607500882543,0.04783715490439815,0.00033425936879773367,0.7718586862847053,0.0002580009972785738,0.00016710610454316236,1.0,0.00016710610454316236,1.3323362636455572e-05,0.7955561340328758,1.059948287137666e-05,1.000039145967813e-16,1.0,1.000039145967813e-16,1.0,1.0,1.0,0.009526352649372464,0.060163552858704415,-13.275661219121327,-0.8644046944711153,8.161675766607772,-2.2654836157983027,-0.811322460496848,-94.45657362990606,60.41337009291551,10.098454277337282,-4.3097062987322365,328.15,9.0,0.05
176,0.0001727342943112452,0.3784581363887407,6.537269911545807e-05,9.868142174309013e-09,0.803476265661175,7.928818023227367e-09,0.9978430165301899,1.0001373830472375,0.9979801032444655,0.00011081745861769149,1.0097376838072953,0.00011189656399003871,0.009215699400971472,0.7832335919497309,0.007218045344151868,0.050001945576535284,0.7989232440532654,0.039947716568980406,0.059944691608439016,0.795896255329234,0.047709755578022366,0.0003662783795011161,0.769722188205242,0.00028193259576186924,0.0001621862385346184,1.0,0.0001621862385346184,1.5309530950838666e-05,0.7937200927094434,1.2151482325637772e-05,1.0000389115307057e-16,1.0,1.0000389115307057e-16,1.0,1.0,1.0,0.009499251153900408,0.060117435770892444,-13.196679632429593,-0.8723545657147442,8.1007915496622,-2.1672310245874935,-0.7094689889240029,-93.02098857451934,59.74464078973012,10.04522023906746,-4.315114191957105,333.15,9.0,0.05
177,0.00015555932118558618,0.3746954338808557,5.828736734584464e-05,1.1295291623646521e-08,0.8011544032514311,9.049272620293422e-09,0.9978434709269148,1.0001385444134014,0.9979817165652609,0.0001280773360778019,1.0097329617469046,0.0001293239078904925,0.00918811837450988,0.781900019846521,0.007184189939381458,0.05000193200398789,0.7971079931244535,0.039856939672044164,0.059917181793382075,0.7941230394159238,0.04758161451899701,0.00039852187452061927,0.7675883453353733,0.0003059007462432333,0.0001574361437152204,1.0,0.0001574361437152204,1.7502193284133662e-05,0.7918843439769152,1.3859712846963347e-05,1.00003864007976e-16,1.0,1.00003864007976e-16,1.0,1.0,1.0,0.009471755031773268,0.06007275240985928,-13.123027820441848,-0.8805053282160353,8.043386327942681,-2.072015252950276,-0.6110255144045944,-91.63508879514924,59.09802534300746,9.99485369678704,-4.320446322507268,338.15,9.0,0.05
178,0.00014123183033738944,0.3673381834053473,5.187984399514889e-05,1.2839475044851648e-08,0.7988397269466395,1.0256682738967491e-08,0.9978439170390944,1.000139745642511,0.9979833613784066,0.00014797962553436285,1.0097282845113,0.0001494192134334368,0.009155310547161026,0.7805482618214145,0.007146161734021801,0.05000191623448527,0.7952614410702927,0.03976459596091282,0.05988993285527051,0.7923451531182907,0.04745349801845346,0.0004303568782787911,0.7654410237053538,0.00032941280946835835,0.0001528310061787962,1.0,0.0001528310061787962,1.989837414571076e-05,0.7900324738530464,1.5720361751989372e-05,1.0000383246897059e-16,1.0,1.0000383246897059e-16,1.0,1.0,1.0,0.00944452200303278,0.060031177525082954,-13.054082426654102,-0.8888304018062927,7.988993077928873,-1.9794971853980665,-0.5158425827154112,-90.29636618351593,58.47243008204059,9.94710253748298,-4.325708177499405,343.15,9.0,0.05
179,0.00012730823647631376,0.36393085187097746,4.633139495101668e-05,1.4428923714070268e-08,0.7965304788698027,1.149307751554423e-08,0.9978443869685809,1.0001409398272718,0.9979850229841244,0.00017008908061074684,1.009723325450951,0.00017174291209717818,0.009118251320843835,0.7792176091890787,0.00710510199421309,0.05000189876168735,0.7934248543034367,0.03967274923988698,0.059861041862394826,0.7905577694472582,0.0473236117315238,0.0004636788847582955,0.7633191124404007,0.00035393495477105695,0.00014837886069249748,1.0,0.00014837886069249748,2.2610851076436704e-05,0.7882038980204225,1.782196095600668e-05,1.0000379752337452e-16,1.0,1.0000379752337452e-16,1.0,1.0,1.0,0.009415648637930896,0.05998836452779486,-12.992219668939676,-0.8975079444181463,7.93956366417,-1.8916345086469404,-0.42377948565670337,-89.00474550670344,57.869101094326936,9.902871234382,-4.330897764069061,348.15,9.0,0.05
180,0.00011518639265405191,0.3595400203026781,4.1414117953430105e-05,1.6075052427682592e-08,0.7938043814896449,1.2760447049770205e-08,0.9978448575956369,1.000142504634624,0.99798705511248,0.00019470707649407186,1.0097183039449242,0.0001965992990436688,0.009076519736279081,0.7774708401742909,0.007056729425223432,0.05000187932419688,0.7911549418263356,0.03955923392794243,0.05983178681999882,0.7883451181301536,0.04716809704855014,0.0004973802334838774,0.7607944948600446,0.00037840414348673756,0.00014390904634969349,1.0,0.00014390904634969349,2.5650815783311932e-05,0.7859568584289751,2.0160434589192216e-05,1.0000375864839343e-16,1.0,1.0000375864839343e-16,1.0,1.0,1.0,0.009386413205427204,0.059946989287705296,-12.936257739542434,-0.9064762240001751,7.894134110266317,-1.8077925748789643,-0.3347034670942607,-87.75768465434047,57.286732228059336,9.861775533755413,-4.3364818616509,353.15,9.0,0.05
181,0.00010379616234630398,0.3577152341261454,3.712946851510351e-05,1.7724344404433808e-08,0.791088681150079,1.4021528239153307e-08,0.9978453470801062,1.000144069105841,0.9979891057670275,0.00022175168667788972,1.0097130350176173,0.00022390556857580795,0.009030190100540868,0.7757369944565009,0.007005052527964422,0.050001858054485655,0.7888899269308933,0.0394459621470121,0.05980109010577266,0.7861300146367296,0.047011431840143454,0.000532383948428206,0.7582881005646604,0.0004037004130247383,0.00013957632170108578,1.0,0.00013957632170108578,2.9083401969734973e-05,0.7837253934150784,2.2793400650579397e-05,1.0715527342589687e-16,1.0,1.0715527342589687e-16,1.0,1.0,1.0,0.009355737949565061,0.05990490399246337,-12.886721640727384,-0.915790112405136,7.853204649018392,-1.7282868443226853,-0.24848961812845785,-86.55370744315965,56.72500368958499,9.8239124029449,-4.342000941318472,358.15,9.0,0.05
182,9.432523836836822e-05,0.3534020135157882,3.333472916473801e-05,1.9376553120132696e-08,0.7883834182957671,1.5276153183639697e-08,0.9978458402571732,1.000145657821034,0.9979911843079928,0.0002515939532682985,1.0097076630915256,0.0002540363426024923,0.008978545346198257,0.7739951554507849,0.00694935060095264,0.050001834622354156,0.7866098525721591,0.03933193576062748,0.05976979305407851,0.7839155232227913,0.04685446859490592,0.0005678688961580257,0.7557793220807811,0.00042918356936907416,0.00013536008646916799,1.0,0.00013536008646916799,3.2913089184440155e-05,0.781488529759538,2.5721201676592703e-05,1.205155949306683e-16,1.0,1.205155949306683e-16,1.0,1.0,1.0,0.009324464537834923,0.05986413766899998,-12.842599788997891,-0.9253958435625709,7.81598599533172,-1.65242544683278,-0.1650198880635644,-85.39043741549217,56.18262288178139,9.788881064064277,-4.347461614213072,363.15,9.0,0.05
183,8.588280143139559e-05,0.34938703180514014,3.000633707522553e-05,2.098481008967004e-08,0.7856890343886802,1.6487535176182693e-08,0.9978463467154839,1.0001472541627372,0.9979932837438099,0.00028404428362047786,1.0097020820705422,0.000286800104571832,0.008922047544192247,0.7722577434206295,0.0068901203031694735,0.05000180927361888,0.7843283791759181,0.03921783802344088,0.05973727757192046,0.7817013273231946,0.04669670916864432,0.0006044529643861705,0.7532804516669072,0.0004553226020242154,0.00013126084323138436,1.0,0.00013126084323138436,3.7223171670467114e-05,0.7792587299313457,2.9006481479944676e-05,1.3545104006279138e-16,1.0,1.3545104006279138e-16,1.0,1.0,1.0,0.009291974629244122,0.05982318135816195,-12.80430886534085,-0.9353399700758832,7.7828442648766165,-1.5805910623445971,-0.08418276716749039,-84.26667174063262,55.65940353553667,9.756823141006304,-4.352864274461258,368.15,9.0,0.05
184,7.917528434112993e-05,0.3417403275647499,2.7057387605769972e-05,2.253898714777882e-08,0.7830059966037112,1.7648162094084776e-08,0.9978468565508994,1.0001488712400843,0.9979954072498484,0.0003193250944559199,1.0096963820240819,0.0003224213925616405,0.008860292723573332,0.7705127877086617,0.006826968846355259,0.050001781832843095,0.782034425723684,0.03910311474080838,0.05970406836088355,0.7794899273968973,0.04653871991192451,0.0006416244651907474,0.7507797172507112,0.0004817186345570481,0.00012726536614868084,1.0,0.00012726536614868084,4.204130958124208e-05,0.7770240203668021,3.266710739230205e-05,1.520289081554809e-16,1.0,1.520289081554809e-16,1.0,1.0,1.0,0.00925879310237038,0.05978326618421182,-12.77122571490486,-0.9455937076819221,7.753300515996173,-1.512372039436771,-0.005872832519906666,-83.18050505795392,55.15439463932129,9.727487673810009,-4.358212932180532,373.15,9.0,0.05
185,7.264358617418072e-05,0.33685451217541174,2.4470319783376125e-05,2.399096142629117e-08,0.779888740560717,1.871028069159093e-08,0.9978473779560973,1.000150857820247,0.9979979110364748,0.0003567710519097229,1.0096904575288925,0.00036022832663579234,0.008794890418974058,0.7683447828646102,0.006757508169284667,0.05000175304041208,0.7793075085444897,0.038966741584780404,0.059669551267764104,0.7768355488579084,0.046353428609198624,0.0006801205382693185,0.7478728590356618,0.0005086436914443484,0.0001232515641609186,1.0,0.0001232515641609186,4.752408872170213e-05,0.7743655937111589,3.680101917856269e-05,1.7058577943412603e-16,1.0,1.7058577943412603e-16,1.0,1.0,1.0,0.009224305057057963,0.059742218844899705,-12.744066858693811,-0.9562263191495113,7.727919697166229,-1.4485258411932318,0.07000980845582841,-82.13128627978895,54.667842158653826,9.701212497876964,-4.363998400088312,378.15,9.0,0.05
186,6.681583886695149e-05,0.33204089710932755,2.218559107849486e-05,2.5322830304424445e-08,0.7767864409365386,1.9670431226613817e-08,0.9978479087105585,1.0001528485057873,0.998000428272408,0.0003966968732774139,1.0096843262954738,0.00040053861523862673,0.008725101189698978,0.7661835405369534,0.006685028921066745,0.05000172263173252,0.7765849725764218,0.03883058639873785,0.059633829434158514,0.7741865828164144,0.046167710629888094,0.0007197067628827773,0.7449791153492756,0.0005361665075233025,0.00011935039640746392,1.0,0.00011935039640746392,5.369249494064406e-05,0.7717171745934434,4.143542049246658e-05,1.912983674664671e-16,1.0,1.912983674664671e-16,1.0,1.0,1.0,0.009188613901843343,0.05970067059585578,-12.722109473447858,-0.9672004843231833,7.70618611912052,-1.3883633536535955,0.14355942475266834,-81.11699682670724,54.19857055252411,9.677615492907613,-4.369731516541604,383.15,9.0,0.05
187,6.117658621853285e-05,0.32968801202116077,2.0169187092629247e-05,2.6506097351626194e-08,0.7736993180857091,2.0507749446066628e-08,0.9978484511519746,1.0001548343900541,0.9980029524082753,0.0004389125461624441,1.0096779491604584,0.00044316031947009145,0.00865140207170886,0.7640354634410702,0.00660997799127311,0.050001690865857346,0.7738740753314332,0.03869501228382353,0.059596674688780736,0.7715429341256541,0.04598139325351399,0.0007606109880535174,0.7421047657731376,0.00056445303913393,0.00011556249845476976,1.0,0.00011556249845476976,6.064409682128209e-05,0.7690851907218271,4.664047676994867e-05,2.1446002279103215e-16,1.0,2.1446002279103215e-16,1.0,1.0,1.0,0.009151491204089838,0.05965787778109661,-12.705299766706306,-0.9785275415029052,7.688081997202741,-1.3318684641453284,0.2148654791933509,-80.13636464565955,53.74610159091862,9.656654455541862,-4.375412511143474,388.15,9.0,0.05
188,5.652282170192442e-05,0.3249822043519016,1.8368911192880888e-05,2.7543814632889937e-08,0.770626936659037,2.122600549444831e-08,0.9978489927911698,1.000156831245876,0.9980054866919053,0.00048361554658592356,1.0096714382918321,0.0004882928045017002,0.008573452192114988,0.7618875832004667,0.0065320067703352296,0.05000165760359593,0.7711624421285828,0.038559400388066246,0.0595587404878109,0.7689062023320608,0.04579508496416343,0.0008021907410644339,0.7392370325274753,0.0005930091029454886,0.00011187671850035075,1.0,0.00011187671850035075,6.84218514463383e-05,0.7664566838143702,5.2442385359999916e-05,2.4016107555717526e-16,1.0,2.4016107555717526e-16,1.0,1.0,1.0,0.009113590560402837,0.05961529085332747,-12.693026434573012,-0.9901751243956141,7.673131727687196,-1.278616163684123,0.2840127951914316,-79.18777721618153,53.309570586837715,9.638085653443843,-4.381045105496447,393.15,9.0,0.05
189,5.233063136891313e-05,0.3203458453606255,1.6763900344129734e-05,2.8414723076793745e-08,0.7675694017673923,2.1810271993440715e-08,0.9978495353642537,1.0001588298839308,0.9980080236901361,0.0005305946759605843,1.0096647583906921,0.000535722745307131,0.008491780721725692,0.7597467077490038,0.006451602446257553,0.05000162313297048,0.7684576089159237,0.038424127754677635,0.059519821180098756,0.7662760902446517,0.04560861586594689,0.000844650176710606,0.7363825771315139,0.0006219856739007444,0.0001082949012381279,1.0,0.0001082949012381279,7.713430067723377e-05,0.7638384898503069,5.89181477449577e-05,2.687183791315641e-16,1.0,2.687183791315641e-16,1.0,1.0,1.0,0.00907470602905519,0.05957218022619073,-12.68526513458935,-1.002154811619052,7.661338918350054,-1.228603291918365,0.35108184290131456,-78.27010761833124,52.88855568282745,9.621878882451446,-4.38662906017252,398.15,9.0,0.05
190,4.9118197402207495e-05,0.31179124102564576,1.5314623724976926e-05,2.9138958275914375e-08,0.7640384942982077,2.226328580654789e-08,0.9978500584779361,1.0001612585820867,0.9980109703635013,0.0005796071024860399,1.00965808340965,0.0005852049962266758,0.00840712544016663,0.7571225018443279,0.0063652238465780565,0.050001587783527195,0.7652646897946536,0.038264449564401073,0.05948093022812138,0.7631666907231436,0.04539386468332959,0.0008871052985533623,0.7330663114198408,0.0006503070090515099,0.00010468797918813099,1.0,0.00010468797918813099,8.690445002806477e-05,0.760738070113437,6.611152359861965e-05,3.001067794676888e-16,1.0,3.001067794676888e-16,1.0,1.0,1.0,0.009035850740054878,0.05953007756448187,-12.681691011231292,-1.014454046069416,7.652410738368688,-1.1818017290957101,0.4161491971257079,-77.38226342730174,52.482630085542475,9.607993974857784,-4.392716359419421,403.15,9.0,0.05
191,4.57353972741452e-05,0.3065633197660834,1.4020795219182646e-05,2.967653097027226e-08,0.7605264522911303,2.2569786815129032e-08,0.9978505792783915,1.0001636789155552,0.9980139063790939,0.0006305358005523657,1.0096512307325047,0.000636621247048601,0.008319689359201046,0.7545156164407643,0.006277335545453245,0.05000155175784547,0.7620908128057468,0.03810572322068507,0.05944100369988063,0.7600673153138799,0.04517916410173067,0.0009304813026292013,0.7297742654904846,0.0006790413091788547,0.00010119493331481203,1.0,0.00010119493331481203,9.784016218760018e-05,0.7576589148850419,7.412947111523365e-05,3.3491197057606493e-16,1.0,3.3491197057606493e-16,1.0,1.0,1.0,0.008995960557027557,0.05948676877368575,-12.682368097644362,-1.0270904758987092,7.646472543068907,-1.1380593564962354,0.47928724969247466,-76.52308372074104,52.091260720994185,9.596330496441727,-4.398754984657011,408.15,9.0,0.05
192,4.234472616861003e-05,0.3036866057824377,1.2859526162931938e-05,3.0032001324776266e-08,0.7570332686725574,2.2735224127673925e-08,0.9978510910222362,1.0001660935643464,0.998016827666631,0.00068336493232843,1.0096442482884205,0.0006899554734074052,0.00822960494736933,0.7519232087622608,0.0061880309588717266,0.05000151515718621,0.7589335889886965,0.03794782935311603,0.05940032082342869,0.756978741134978,0.04496478007993286,0.00097450328708159,0.7265035554670557,0.0007079801028791078,9.781155988905114e-05,1.0,9.781155988905114e-05,0.00011003801145566456,0.7545981857491473,8.303448380788842e-05,3.7336417622964005e-16,1.0,3.7336417622964005e-16,1.0,1.0,1.0,0.00895531460586637,0.05944269558159863,-12.68699829656711,-1.0400523167127294,7.643300760089519,-1.0971640468935637,0.5405649848146292,-75.69139942864041,51.71387217631161,9.586760066390683,-4.4047457287325855,413.15,9.0,0.05
193,3.9548051476486513e-05,0.2985990669538949,1.1809011270723488e-05,3.02195005780617e-08,0.7535582773431172,2.277215479777353e-08,0.9978515824777971,1.000168514411404,0.9980197348498869,0.0007382200071676816,1.0096372313683544,0.0007453344041775049,0.008136700043494838,0.7493358704562765,0.006097121209733825,0.05000147793246328,0.7557839610546994,0.037790315050386235,0.05935943676481172,0.7539018782593663,0.044751190869409645,0.0010186238898382475,0.7232448716581026,0.0007367145044739409,9.45299955714304e-05,1.0,9.45299955714304e-05,0.00012356901556296213,0.7515464848132799,9.28678592781817e-05,4.155964473661728e-16,1.0,4.155964473661728e-16,1.0,1.0,1.0,0.008914468102139006,0.05939901503578879,-12.69519477154368,-1.053319238456187,7.642595872656451,-1.058846278646783,0.6000480172618288,-74.88603259097704,51.3498479098042,9.579127292178551,-4.410691036520504,418.15,9.0,0.05
194,3.698532901309837e-05,0.29359840579438895,1.085883363602665e-05,3.02388825163346e-08,0.7501013415620617,2.2682226342840146e-08,0.997852052209491,1.000170935270652,0.9980226203201061,0.0007949223145841051,1.0096301712038689,0.0008025775525673253,0.008041462046138998,0.7467582123964577,0.006005027822628718,0.05000144036245446,0.7526469645827503,0.03763343231356676,0.059318300449170885,0.7508363770139926,0.044538337799882956,0.0010628936794757236,0.7200026385429302,0.0007652862537131245,9.135108380253774e-05,1.0,9.135108380253774e-05,0.00013856394195802357,0.7485084205715026,0.00010371627734316164,4.619370993456816e-16,1.0,4.619370993456816e-16,1.0,1.0,1.0,0.008873369689736201,0.05935531601706649,-12.706880973836586,-1.0668954283254772,7.644314320107307,-1.0230482145693174,0.6577987884740931,-74.10606233874746,50.99879835040869,9.573384131048181,-4.416590362244555,423.15,9.0,0.05
195,3.506278294046269e-05,0.28489073066772586,9.989061851152291e-06,3.0126416915648765e-08,0.7461113121342793,2.2477660454839016e-08,0.9978524757408206,1.0001738466867092,0.9980259490875526,0.0008530345237374882,1.0096232676411483,0.0008612435032665539,0.007945085872734325,0.7436364573575958,0.005908255511802038,0.050001403020717504,0.7489653067635615,0.03744931615202015,0.0592780762659054,0.747231933487514,0.044294471541592814,0.0011062697527686488,0.7162429959857107,0.0007923579620913886,8.815403207843996e-05,1.0,8.815403207843996e-05,0.00015522218022096963,0.7449293504668923,0.00011562955789006174,5.12177434467461e-16,1.0,5.12177434467461e-16,1.0,1.0,1.0,0.008833183179412276,0.059313169175262796,-12.721848539608532,-1.0807735715017248,7.648248893477916,-0.9898337964552925,0.7138769632902646,-73.35073212633444,50.66047051343242,9.569544992603054,-4.4230795912143135,428.15,9.0,0.05
196,3.294430678184584e-05,0.2792970196933898,9.201246700034277e-06,2.985833159463771e-08,0.7421443253407781,2.2159191357103606e-08,0.9978528700956494,1.000176751191739,0.9980292417796189,0.0009126993641691841,1.0096163441553059,0.0009214761953653638,0.007847236481749705,0.7405335371425803,0.005811141788624404,0.050001365850314776,0.7453069183989058,0.037266363897634394,0.05923773573910632,0.7436434012335836,0.04405175128640524,0.0011496513996951704,0.71250954943735,0.0008191376008068245,8.506795746885364e-05,1.0,8.506795746885364e-05,0.00017362325211455466,0.7413737122360986,0.00012871971495067138,5.670357520573585e-16,1.0,5.670357520573585e-16,1.0,1.0,1.0,0.008792880152700735,0.05927070990421975,-12.740064919001895,-1.094960636839033,7.654446092118496,-0.9589515252360639,0.7683389877213413,-72.61900986454042,50.33430871502778,9.567467374716712,-4.429522014593612,433.15,9.0,0.05
197,3.0775239744047615e-05,0.2757119417673117,8.485101108185912e-06,2.944881928953304e-08,0.7382000929325678,2.1739121136287676e-08,0.9978532285145647,1.0001796514143904,0.9980324942584213,0.000973911335344258,1.0096094463773546,0.0009832700840975463,0.007748039795518084,0.7374470369467979,0.005713768989350685,0.050001328956019137,0.7416696094224018,0.03708446611741174,0.059197544735480376,0.7400711708960493,0.04381039624655822,0.0011927769853561096,0.7087997947915543,0.000845440082452499,8.208875487996284e-05,1.0,8.208875487996284e-05,0.0001938779679182285,0.7378390691962731,0.00014305073938645067,6.267143490932297e-16,1.0,6.267143490932297e-16,1.0,1.0,1.0,0.00875272637060639,0.0592283494240437,-12.761331281793673,-1.1094490078801336,7.662758017442725,-0.9302576858181931,0.82123886904927,-71.91000869472569,50.0198782594092,9.567063970700808,-4.435918162556028,438.15,9.0,0.05
198,2.89713860735843e-05,0.27029961921690454,7.830954623875762e-06,2.891578660946778e-08,0.7342778602046063,2.1232221917732983e-08,0.9978535418535545,1.0001825558818616,0.9980357058868563,0.001036752435191484,1.0096026472233095,0.0010467080030845352,0.007647422850634914,0.7343704945143412,0.005616041700581036,0.050001292340435224,0.738047082581586,0.03690330793716723,0.05915792809642613,0.7365156500700204,0.04357073986873481,0.0012352278319449933,0.705107284152911,0.0008709681418928226,7.921026386984845e-05,1.0,7.921026386984845e-05,0.00021607121705045183,0.7343189467775779,0.00015866518853343713,6.913199752159932e-16,1.0,6.913199752159932e-16,1.0,1.0,1.0,0.008713146671899982,0.059186928398286334,-12.785412715206357,-1.1242271063689762,7.673004555239661,-0.9035891926246695,0.8726281218068646,-71.22285756328097,49.71673715507474,9.568238776744208,-4.442269749027891,443.15,9.0,0.05
199,2.7577267330721216e-05,0.2622572618948236,7.232338620696515e-06,2.827230431568438e-08,0.7303772807088127,2.064944874546157e-08,0.9978538048127416,1.0001854656325144,0.998038872399808,0.0011011903707625424,1.0095959788902702,0.0011117573703145487,0.007545560904864982,0.731302983081416,0.005518091198750268,0.050001256129643526,0.7344385844501952,0.03672285177258704,0.059119073435519115,0.7329769497981558,0.04333291812165998,0.0012768194670362792,0.7014309791130244,0.0008956007289138275,7.64294957723372e-05,1.0,7.64294957723372e-05,0.00024031067161720275,0.730812392889224,0.00017562201696138445,7.610261851499193e-16,1.0,7.610261851499193e-16,1.0,1.0,1.0,0.008674328542958246,0.05914667897515416,-12.812178209906781,-1.1392916611750505,7.685091537712166,-0.8788512310595774,0.922555905718354,-70.55678675647765,49.42452308118145,9.57093081102808,-4.448577118574005,448.15,9.0,0.05
200,2.607615746719091e-05,0.2561999121256823,6.680709251669767e-06,2.7551926799246724e-08,0.7258542542214207,1.99986832792304e-08,0.9978539950644573,1.000188951238669,0.9980425408128355,0.0011663294761112284,1.0095895902132659,0.0011775140978407886,0.007444732461278558,0.7276072051606693,0.005416840979319804,0.050001221469188985,0.7302048146891474,0.03651113265714016,0.05908184801954053,0.7288085596857812,0.043059356558695555,0.001316796963105009,0.6971597822223292,0.0009180178840293125,7.36354967716166e-05,1.0,7.36354967716166e-05,0.000266972362960384,0.726682944769674,0.00019400426288816998,8.353754537144452e-16,1.0,8.353754537144452e-16,1.0,1.0,1.0,0.008637138094856977,0.05910795172893451,-12.841654042095968,-1.1546530235428403,7.698998597505481,-0.856279183634644,0.9710693987872246,-69.91138787070336,49.14321517353583,9.575245230028392,-4.455600313773804,453.15,9.0,0.05
201,2.4502743665056568e-05,0.25205570250074416,6.1760562676914905e-06,2.674220167646826e-08,0.721359808653776,1.9290749484317802e-08,0.9978541284159931,1.0001924338787307,0.9980461493563315,0.0012328145646664048,1.0095833430633268,0.0012446290495730693,0.007343453856210577,0.7239323878580826,0.005316164085252169,0.050001187710112506,0.7259982222184301,0.0363007733863517,0.05904544703072111,0.7246631860206768,0.04278806176529747,0.0013558460400494123,0.6929172734917282,0.0009394891413455949,7.094657987711904e-05,1.0,7.094657987711904e-05,0.0002959806792201907,0.7225796471416137,0.00021386961475166043,9.151131951740714e-16,1.0,9.151131951740714e-16,1.0,1.0,1.0,0.008600771164542038,0.059069976516587866,-12.87366150375775,-1.1703030145384998,7.714650898816441,-0.8355043612114829,1.018213197847163,-69.28567772609841,48.872197730151775,9.580985392716507,-4.46257789248431,458.15,9.0,0.05
202,2.344250612647511e-05,0.2436667196527318,5.712158568277252e-06,2.5861856696391596e-08,0.7168930542354538,1.854018543527581e-08,0.9978541953707981,1.0001959251881518,0.9980497001417742,0.0013007930131317522,1.009577321119824,0.0013132511255289387,0.007241479900381689,0.7202698921091776,0.005215819946558698,0.05000115475742733,0.7218101953530152,0.036091343283334965,0.059010358040858156,0.7205413520415833,0.042519403167217855,0.0013934866826747212,0.6886948790377275,0.0009596871423653516,6.83550736078649e-05,1.0,6.83550736078649e-05,0.00032737754997817596,0.7184938383195777,0.00023521875246347882,1.000143812385468e-15,1.0,1.000143812385468e-15,1.0,1.0,1.0,0.008565715419639915,0.059033826408841326,-12.907992951446895,-1.1862300869047218,7.731885926442098,-0.8163898279187031,1.0640301613086196,-68.67893250087421,48.61109694973602,9.588071430027677,-4.469512178388045,463.15,9.0,0.05
203,2.2227779258550868e-05,0.2378531709420398,5.286947779646025e-06,2.491734178323025e-08,0.7124537711519731,1.775245412054503e-08,0.9978541981265631,1.000199413639016,0.9980531838634189,0.0013700369544819928,1.0095714760009886,0.0013831502303122847,0.007139423918447601,0.7166285117753175,0.0051163147376102084,0.05000112295954626,0.7176496238450543,0.03588328708374868,0.058976299193492274,0.7164419046117563,0.04225309212113838,0.0014299997845174598,0.684501007548509,0.0009788362932963521,6.586236226276494e-05,1.0,6.586236226276494e-05,0.0003613218898056261,0.7144342164237543,0.00025814072122003255,1.0907334216351618e-15,1.0,1.0907334216351618e-15,1.0,1.0,1.0,0.008531688652188145,0.0589985518900926,-12.94467640895135,-1.2024437607278275,7.750741601068732,-0.7989370809217547,1.1085612662758535,-68.09059283725144,48.359686604381885,9.59649327088564,-4.476401630576168,468.15,9.0,0.05
204,2.090619313979413e-05,0.23421781258452493,4.896602826672184e-06,2.3921801325207282e-08,0.708041587850345,1.693763019454024e-08,0.9978541327903955,1.0002029003033486,0.9980565976966362,0.0014405374714169437,1.009565831504364,0.0014543174101442403,0.007037385800103191,0.7130072994337688,0.005017707444405127,0.050001092394971414,0.7135155801939632,0.03567655845053,0.058943409170294996,0.7123648424359442,0.04198921238623459,0.0014652505822916888,0.6803345748198052,0.000996860631907888,6.346462239787964e-05,1.0,6.346462239787964e-05,0.0003978919284504507,0.7103997727004417,0.00028266233553054073,1.1868874960047925e-15,1.0,1.1868874960047925e-15,1.0,1.0,1.0,0.008498829464659928,0.058964339285236124,-12.983613687274696,-1.2189418180578933,7.771147353475801,-0.7830744247938195,1.1518457169154184,-67.52005074946011,48.117675956114304,9.60620478021261,-4.483246728809173,473.15,9.0,0.05
205,0.0012083553678749026,0.41028446064798085,0.0004957694303796467,3.839995170349233e-10,0.823510845543137,3.162277669615864e-10,0.9978246515406035,1.0001351207264781,0.9979594783324175,7.925549825036833e-06,1.0099186869117927,8.004160872355186e-06,0.008429735662449003,0.7907615011645058,0.006665910426858145,0.05000202852709615,0.8103812061378398,0.04052070418712685,0.060999058172761154,0.8088013606830521,0.04933612125051388,0.00014608057312995748,0.787225258958915,0.00011499831701109756,0.0002158283965357648,1.0,0.0002158283965357648,4.503058335773111e-06,0.8074899849207626,3.6361745076507453e-06,1.0000405705419208e-16,1.0,1.0000405705419208e-16,1.0,1.0,1.0,0.009646016580148941,0.06220741392463557,-15.075514742485192,-0.817074960584492,9.499999998702519,-3.988568144982991,-2.210692369123282,-114.76811155870138,69.94231948050395,11.130022687532811,-4.247187195290775,273.15,9.5,0.05
206,0.0011653047512934027,0.4081671986401078,0.0004756391758974359,4.757895538772711e-10,0.8219870860197459,3.9109286895021367e-10,0.9978252535202935,1.000135140770598,0.9979601003939765,8.495125974137664e-06,1.009912685461055,8.579335485871326e-06,0.008437259945388772,0.7902723117710878,0.0066677329220559845,0.05000202926992147,0.8097715345709274,0.040490219973564744,0.06096410217816447,0.8081195183131076,0.04926628088660934,0.00018830667312562133,0.7858784921753174,0.00014798616434251376,0.00020855920270937203,1.0,0.00020855920270937203,5.897262931325734e-06,0.8064868446702014,4.756064973675436e-06,1.0000405853984302e-16,1.0,1.0000405853984302e-16,1.0,1.0,1.0,0.009611059822656313,0.06212940740524741,-14.941595633217354,-0.8246403671131918,9.407720102748474,-3.8745244589292067,-2.058126783814105,-112.60680567610973,68.98145133196515,11.044859767369436,-4.252838952690243,278.15,9.5,0.05
207,0.0011145599287380587,0.4058385006310869,0.00045233133034254465,5.843433109757479e-10,0.82049029045031,4.794480129451874e-10,0.9978259931009942,1.0001351774806067,0.9979608767048255,9.22104588081071e-06,1.0099053137786125,9.31238323362713e-06,0.008444340623464882,0.7898015096630235,0.006669352972521359,0.050002030151017195,0.8091306890566696,0.040458177110324914,0.06092116485849408,0.8074089600199194,0.049188294361598765,0.0002380735022474298,0.7845531351596938,0.00018678131258666948,0.00020173077451177902,1.0,0.00020173077451177902,7.60130863176444e-06,0.8055015458230425,6.1228658531642956e-06,1.0000406030203425e-16,1.0,1.0000406030203425e-16,1.0,1.0,1.0,0.009568121598083752,0.062035725371575444,-14.814358684641396,-0.8323154734437466,9.319258476950152,-3.761467018988388,-1.9114449494451315,-110.53044227173098,68.05311911446944,10.963420927433805,-4.258414089927696,283.15,9.5,0.05
208,0.0010582569164072212,0.40012745565849145,0.0004234376473950221,7.171121115109658e-10,0.8190383066725344,5.873422895063062e-10,0.9978268338551333,1.0001353253681156,0.9979618651387404,1.0195699192986357e-05,1.0098969263490392,1.0296605276976295e-05,0.008450813994787528,0.7892525029104607,0.006669826097016805,0.0500020310569201,0.8083647980284919,0.0404198817363416,0.06087231080117771,0.8066937134490517,0.04910531044642688,0.0002933710069405526,0.7831534610999269,0.0002297545194718644,0.00019528843883149716,1.0,0.00019528843883149716,9.581626827198384e-06,0.8044363313953704,7.707808733670933e-06,1.0000406211384046e-16,1.0,1.0000406211384046e-16,1.0,1.0,1.0,0.009519266610387735,0.06193056843469705,-14.689301184795337,-0.8398627246852078,9.231108728191568,-3.6463063816633805,-1.7703373748258524,-108.5311264691703,67.1526659234501,10.883875072894792,-4.263944248396377,288.15,9.5,0.05
209,0.0009932352622130487,0.39813397844570325,0.0003954407064774423,8.689955250938935e-10,0.8175875063149805,7.104798843603944e-10,0.9978278263791897,1.0001353546066534,0.9979628869721371,1.1330520936965819e-05,1.0098870168280698,1.1442545988140387e-05,0.008456979404881467,0.788846449810878,0.006671258179664456,0.05000203218315809,0.8077037632327564,0.0403868295636222,0.06081459053548944,0.8059287471596006,0.04901222675929111,0.00035714257927865533,0.7818993236088078,0.0002792495411698855,0.00018923851426661952,1.0,0.00018923851426661952,1.1966712740669e-05,0.8035159491513626,9.61544454604035e-06,1.0000406436631622e-16,1.0,1.0000406436631622e-16,1.0,1.0,1.0,0.009461545188031481,0.06180782666669802,-14.57273777019874,-0.8476559125452303,9.148448213633698,-3.534393334076088,-1.6345160922207052,-106.60977036113809,66.28398652794529,10.808643560772639,-4.269359500688569,293.15,9.5,0.05
210,0.0009228008765153614,0.3959214956357256,0.0003653567032039205,1.0493645296602865e-09,0.8161582368449712,8.564475043351921e-10,0.9978289148634378,1.0001353975674003,0.997964018471192,1.274874849385702e-05,1.0098761301315078,1.2874656792996221e-05,0.008462581647376326,0.788453905243904,0.006672355548319255,0.05000203336276079,0.8070196103545578,0.04035262148135082,0.0607511778313181,0.8051418308051808,0.048913314542678575,0.0004262676715427977,0.7806621695693317,0.00033277104528386774,0.00018352757374635184,1.0,0.00018352757374635184,1.4694445971986764e-05,0.8026093620125871,1.1793899906704736e-05,1.000040667255213e-16,1.0,1.000040667255213e-16,1.0,1.0,1.0,0.009398131272385545,0.061673979757197996,-14.459605770272727,-0.8554208138722634,9.067299251818437,-3.422106083455341,-1.5037126318239624,-104.75864580501528,65.44210479988173,10.735690003026507,-4.274698697788063,298.15,9.5,0.05
211,0.0008489727472592767,0.39317436458016286,0.0003337943204495412,1.2645915560306349e-09,0.814323069691023,1.0297860778122129e-09,0.9978300608868615,1.000135796497762,0.9979655627144917,1.4508898120880454e-05,1.0098646358424554,1.4652023117318225e-05,0.008467695876413812,0.7876762648743687,0.006669803060025724,0.05000203453354621,0.805908555691061,0.04029706743254478,0.060684225283145585,0.8039167074750033,0.048785062585297745,0.000498796330278956,0.7790477263326456,0.000388586147006888,0.00017795289993493229,1.0,0.00017795289993493229,1.7754312979611774e-05,0.8013117093785442,1.4226738882534388e-05,1.0000406906709219e-16,1.0,1.0000406906709219e-16,1.0,1.0,1.0,0.009331177521793969,0.06153319929499641,-14.349346406672167,-0.8631340303295874,8.987252983911194,-3.3094892996708225,-1.377676402729674,-102.97399285169946,64.62580365538571,10.664836302686313,-4.280396019389198,303.15,9.5,0.05
212,0.0007735551466198533,0.3902067091796159,0.0003018464081314882,1.52059704718817e-09,0.8125018875933611,1.235487971109281e-09,0.9978312376733394,1.0001362203298336,0.9979671625736535,1.6692937918299916e-05,1.0098527960661106,1.6857410031353175e-05,0.008471962584445289,0.7869020439959227,0.006666604674356975,0.050002035591307,0.8047719908843436,0.040240237731085926,0.060615259516675686,0.8026725875190718,0.0486542071993901,0.0005730399695090073,0.7774410425646873,0.00044550479132631925,0.00017267632522664553,1.0,0.00017267632522664553,2.1112598771708902e-05,0.8000191643257124,1.689048362608661e-05,1.0000407118261394e-16,1.0,1.0000407118261394e-16,1.0,1.0,1.0,0.009262210668983443,0.061388816183892574,-14.241632901514267,-0.8707841314427799,8.908161478595607,-3.1964073385397773,-1.2561736073911436,-101.25214566234686,63.83376940101642,10.595835862750617,-4.286005686267825,308.15,9.5,0.05
213,0.000698147553617712,0.38751586079811656,0.00027054325020426685,1.8232999784221156e-09,0.8106882054286728,1.4781277874651609e-09,0.9978324183109318,1.0001366622126697,0.9979687842970918,1.9381751694294835e-05,1.0098408718164096,1.9572485028295856e-05,0.008475221839822958,0.7861377597321324,0.006662691910391261,0.050002036445270584,0.8036198815087748,0.04018263060334578,0.06054580086986416,0.8014079809875212,0.04852188803239034,0.0006474998825368679,0.7758484317003991,0.0005023617683924215,0.00016767610696840517,1.0,0.00016767610696840517,2.474941829829926e-05,0.7987387467070887,1.9768319353313035e-05,1.0000407289054116e-16,1.0,1.0000407289054116e-16,1.0,1.0,1.0,0.009192751145134964,0.061243950246781836,-14.136710569910344,-0.8783939373224532,8.830288018585327,-3.0833099608417553,-1.1389854838412166,-99.59027382101142,63.06535105566057,10.528754248461555,-4.29151853453691,313.15,9.5,0.05
214,0.0006228074197808811,0.38714853752638545,0.00024111898172874977,2.1747678666325173e-09,0.8088756081273114,1.7591166806581116e-09,0.9978336013424406,1.0001370792665494,0.997970383640651,2.2631336031493566e-05,1.0098288715805197,2.285377652704271e-05,0.00847740963663654,0.7854193103745322,0.006658321230569487,0.05000203707368046,0.8024915678314669,0.04012621312602496,0.0604758987625671,0.8001187748132449,0.04838790202363502,0.0007221427717253239,0.7743052517381607,0.0005591589406516699,0.00016293609624246284,1.0,0.00016293609624246284,2.8696615730864676e-05,0.7975069058639718,2.288574922028926e-05,1.107395901848763e-16,1.0,1.107395901848763e-16,1.0,1.0,1.0,0.009122848392448915,0.06109870835711583,-14.035838419412972,-0.8860512337418622,8.754705353217153,-2.971412525010966,-1.025907247386824,-97.98654067015481,62.32073374817064,10.464056849805809,-4.296921028542718,318.15,9.5,0.05
215,0.0005531974713137498,0.3844820148596481,0.00021269447838597285,2.5934975980600433e-09,0.8070641598395744,2.09311896002428e-09,0.9978346952016922,1.0001376011755045,0.9979719984287112,2.6680719982706984e-05,1.0098177022697685,2.694266334784028e-05,0.008477907476128376,0.7846381029939588,0.0066520892394276694,0.05000203710118558,0.8012797214117947,0.0400656183584602,0.060410836065791285,0.7988166915994802,0.04825718420283396,0.0007917226055449169,0.7727037177187202,0.0006117670007065089,0.00015841899295211548,1.0,0.00015841899295211548,3.277653380250272e-05,0.7962145708774871,2.6097153796411144e-05,1.2593778959165486e-16,1.0,1.2593778959165486e-16,1.0,1.0,1.0,0.009057785667424833,0.06096403613060263,-13.936208845419982,-0.8935880520682824,8.679206088329272,-2.8587387512854723,-0.9167469591520289,-96.43612646326329,61.596975717268045,10.400628305540105,-4.302232426642139,323.15,9.5,0.05
216,0.0004892860937867006,0.3807823821381201,0.00018631152433915555,3.084187101694145e-09,0.8048313533585237,2.4822504790673996e-09,0.9978356972233339,1.0001385228336868,0.9979739202516671,3.1617890083824895e-05,1.0098073806663022,3.192797876774227e-05,0.008476756939063062,0.7834341314768696,0.006640980710295395,0.0500020364941773,0.7996191511276152,0.03998258597612609,0.06035071069789089,0.7970853996027243,0.04810467035293676,0.0008563083120334844,0.7706896827924463,0.000659947981373621,0.00015395790946185416,1.0,0.00015395790946185416,3.703984923072983e-05,0.7944966991611964,2.9428037951243243e-05,1.4156290507948345e-16,1.0,1.4156290507948345e-16,1.0,1.0,1.0,0.008997660922933588,0.06083999987586469,-13.839511059481685,-0.9011180785308317,8.605154396814667,-2.7469724566388596,-0.8113244605625076,-94.9380624707466,60.89485493362476,10.3391966976919,-4.307882321256986,328.15,9.5,0.05
217,0.0004308521499491286,0.37710349461710957,0.0001624758514091113,3.6499877767818647e-09,0.8025942027437605,2.9294590297307105e-09,0.9978366167141959,1.00013948857928,0.9979758035262148,3.75953866650337e-05,1.0097978178002822,3.796373941370885e-05,0.00847350863330886,0.782217833526468,0.006628129565514681,0.05000203511471744,0.7979310424796147,0.039898176005188773,0.06029500452814858,0.795338933830662,0.04795496461673264,0.000916274156360828,0.7686677155428615,0.0007043103625808404,0.0001496965420456433,1.0,0.0001496965420456433,4.1485973850973956e-05,0.7927698421850534,3.288882894272988e-05,1.5771858928232401e-16,1.0,1.5771858928232401e-16,1.0,1.0,1.0,0.008941956169923021,0.06072586032808549,-13.746461660401206,-0.908697409188065,8.533212571486912,-2.6366787918344943,-0.7094708600514176,-93.49043634176634,60.21408481472229,10.279942251563547,-4.313426726747509,333.15,9.5,0.05
218,0.00038069706336403444,0.3700887548017906,0.00014089170213709394,4.305458621373921e-09,0.80035402519997,3.4458911379485256e-09,0.9978374115103046,1.000140549768887,0.9979776573278794,4.4888645768525846e-05,1.009789434469297,4.5328080224692304e-05,0.008467537436377955,0.7809433631104737,0.006612667162828836,0.05000203262424422,0.7961709389816246,0.03981016526543435,0.060246168945972345,0.793585341828788,0.04781047657686439,0.0009691945660411932,0.7665922788102689,0.0007429770709920483,0.0001456086583086009,1.0,0.0001456086583086009,4.601449803951528e-05,0.7909880006636083,3.639691580581573e-05,1.7401574637405503e-16,1.0,1.7401574637405503e-16,1.0,1.0,1.0,0.008893123145510514,0.060626870314794995,-13.656166929057536,-0.9162769376524813,8.462698446834315,-2.527326746952946,-0.6110272808778201,-92.0904002891519,59.553333304063685,10.22250767731515,-4.318872392771625,338.15,9.5,0.05
219,0.00033364118409268156,0.3664737096970307,0.00012227072244215496,5.032746452719927e-09,0.7981051190315089,4.016660706703443e-09,0.9978381657028907,1.0001415975704422,0.9979794571628489,5.3483652634055653e-05,1.0097813852767548,5.400679684647751e-05,0.008459112217633973,0.7797046079368526,0.006595608775144133,0.050002029248199964,0.7944351603786842,0.0397233701250534,0.06019927938756037,0.7918114752703448,0.04766648022207584,0.00101999891026635,0.7645562540140132,0.0007798465459316162,0.00014168972951666758,1.0,0.00014168972951666758,5.086167602115764e-05,0.7892451839577628,4.0142332847718655e-05,1.9134476527177954e-16,1.0,1.9134476527177954e-16,1.0,1.0,1.0,0.00884623705436071,0.06053292560439951,-13.5717128553678,-0.9240749825361758,8.396134852218998,-2.421455211896929,-0.5158442817242872,-90.73832421001478,58.914384710521695,10.168079851723533,-4.324213812455498,343.15,9.5,0.05
220,0.0002919820058734266,0.3631279192215166,0.00010602681824294213,5.84065031298132e-09,0.7958512099574743,4.64828861852468e-09,0.9978388453457869,1.0001426829901945,0.9979812199759731,6.366637771082933e-05,1.0097740073539807,6.42886533547763e-05,0.008447613801173225,0.7784547400607388,0.0065760850057258145,0.05000202466491747,0.7926778206900001,0.039635495941474405,0.060156299810838136,0.790026530258104,0.04752507281272269,0.001066746785988303,0.7625132125581259,0.0008134085187699964,0.0001379158060521532,1.0,0.0001379158060521532,5.595638766260585e-05,0.787494289666176,4.4065335754648984e-05,2.0942126443306078e-16,1.0,2.0942126443306078e-16,1.0,1.0,1.0,0.008803262184757481,0.06044828765736188,-13.492048215156645,-0.9320363085089386,8.332706913848979,-2.3183790021640194,-0.4237811406200175,-89.4314900002205,58.29584227791738,10.116241826177225,-4.329460856200554,348.15,9.5,0.05
221,0.0002561054277661233,0.35878675539109056,9.188723546625471e-05,6.7307228880221255e-09,0.7931678120200948,5.33859274640609e-09,0.9978394416213281,1.0001441686190637,0.9979832987556738,7.561201886706514e-05,1.0097673742797533,7.635054975538751e-05,0.008432909903428409,0.7767721999916533,0.006550449978017484,0.05000201877330202,0.7904713475982724,0.039525163162366164,0.06011765892534027,0.7878110133294947,0.047361353796969256,0.0011091645206342989,0.7600504752669512,0.0008430210210573386,0.00013413172689291604,1.0,0.00013413172689291604,6.136160316617755e-05,0.7853091497114173,4.818782840736033e-05,2.2822456277769295e-16,1.0,2.2822456277769295e-16,1.0,1.0,1.0,0.008764627350061598,0.06037377108382929,-13.417388470628852,-0.9401902684438418,8.272573207955459,-2.218562370805683,-0.3347051017528436,-88.16845445026716,57.697498754668885,10.06715879706019,-4.335080310516673,353.15,9.5,0.05
222,0.0002235312242950259,0.3569790527983326,7.979596471968992e-05,7.68469446412998e-09,0.7904854155570477,6.074638896906722e-09,0.9978400000267934,1.0001456587189532,0.9979853441229176,8.94458824745775e-05,1.00976103294238,9.031896667997206e-05,0.008414715951265472,0.7751026980623925,0.0065222690372545205,0.050002011553357685,0.7882705522756152,0.03941511326205695,0.06008071721829253,0.7855886517600579,0.047198729636295726,0.0011497545189075769,0.7576054610577435,0.0008710603024001988,0.00013047457557147955,1.0,0.00013047457557147955,6.718043086619354e-05,0.7831403245819318,5.2611704434104874e-05,2.483211020518258e-16,1.0,2.483211020518258e-16,1.0,1.0,1.0,0.008727693058035077,0.06030425612728201,-13.348567190155249,-0.9486109957466096,8.216479533325025,-2.1225727788126125,-0.24849125508456224,-86.9479933776496,57.11928635016271,10.02105373323376,-4.3406138852231795,358.15,9.5,0.05
223,0.00019655924669097902,0.35269582824431006,6.932562631075253e-05,8.708403089937886e-09,0.7878041518671081,6.860516110385428e-09,0.9978404880619605,1.0001472078138036,0.9979873779787329,0.00010552705211191082,1.009755307332358,0.00010655650093714025,0.008392260835023108,0.7734013158071297,0.00649058557240351,0.050002002613960685,0.7860311909002151,0.03930313366204719,0.06004736211315138,0.7833648489279789,0.047038992750292476,0.0011866511208373184,0.7551337888435201,0.0008960803569132941,0.00012692210862701067,1.0,0.00012692210862701067,7.333775835139394e-05,0.7809427212695154,5.727258857874375e-05,2.6940509521698706e-16,1.0,2.6940509521698706e-16,1.0,1.0,1.0,0.008694347133825999,0.06024393006824544,-13.284585151950692,-0.9572438668999026,8.163643211485498,-2.0297413488049285,-0.16502154446190961,-85.76775331746433,56.559935470956844,9.977537358652004,-4.346072760134927,363.15,9.5,0.05
224,0.00017312368781540605,0.3486997265666977,6.036818260345042e-05,9.779904005054902e-09,0.7851259483000381,7.678456406252069e-09,0.9978409388714561,1.0001487788560661,0.9979893965048773,0.00012393634689986083,1.0097498551470476,0.00012514470832958872,0.008365535444325918,0.7716962093102034,0.006455651991236459,0.05000199201400586,0.7837825909825956,0.03919069085502856,0.06001559957200978,0.7811386919980061,0.04688050694915582,0.0012218547325911137,0.7526633603809967,0.0009196452889294515,0.00012346803007293042,1.0,0.00012346803007293042,7.997978536008658e-05,0.7787444022338131,6.228381014102932e-05,2.9199034295558657e-16,1.0,2.9199034295558657e-16,1.0,1.0,1.0,0.008662595479041186,0.06018873303972919,-13.226231535444487,-0.9661609336889448,8.114726077055064,-1.9407578772200196,-0.08418445877176796,-84.62683855550806,56.019566967203524,9.936904856839737,-4.351458980139374,368.15,9.5,0.05
225,0.00015436358419478621,0.34108621425146035,5.265129055128618e-05,1.089462509015047e-08,0.7824521528531867,8.524522856316577e-09,0.9978413375480863,1.0001503975120247,0.997991410402649,0.00014497005453857983,1.0097448213840663,0.00014638276182609672,0.00833394944657814,0.7699646952316291,0.00641684684571034,0.05000197947460585,0.7815027847901699,0.039076686204425386,0.05998627430007595,0.778914492199343,0.04672417838537416,0.0012545359052201423,0.7501718242429377,0.0009411174885972594,0.00012009674140776821,1.0,0.00012009674140776821,8.709319990733716e-05,0.776522597075054,6.762983777962235e-05,3.159956335734749e-16,1.0,3.159956335734749e-16,1.0,1.0,1.0,0.008633283085311505,0.06014064877889583,-13.172987727876484,-0.9753405495224995,8.06932992044902,-1.855305951817336,-0.005874571818649336,-83.5234389703345,55.49732507310436,9.898952890701548,-4.356779317214008,373.15,9.5,0.05
226,0.00013709904164814406,0.33620317469818173,4.609313305018422e-05,1.2017764147818768e-08,0.779337228699362,9.36589100612364e-09,0.9978417230484695,1.0001523868131286,0.9979937809686517,0.00016838537570667766,1.0097397781764603,0.0001700254119142205,0.008298432494094728,0.7678137672413283,0.006371650715488724,0.0500019655028678,0.7787937250354348,0.038941216973071714,0.059956893776971235,0.7762434595268168,0.04654114664791803,0.001287311559782372,0.7472773063121715,0.0009619787147786905,0.00011668446425866448,1.0,0.00011668446425866448,9.499815469418192e-05,0.7738808196607913,7.35172498209961e-05,3.4215858892610213e-16,1.0,3.4215858892610213e-16,1.0,1.0,1.0,0.008603916911449551,0.06009400483638353,-13.126113169682894,-0.9848924225019527,8.028450900548652,-1.7745898662779966,0.07000801118816266,-82.45735030487371,54.99390258920326,9.86424271315168,-4.362527755810871,378.15,9.5,0.05
227,0.00012215773496621554,0.3313874600258984,4.048154151297105e-05,1.3135791897579356e-08,0.776232529027311,1.0196428965434493e-08,0.9978420900512281,1.0001543896113627,0.9979961465037125,0.00019448826850342009,1.0097347852133345,0.00019638157002381407,0.00825819899151871,0.7656639546307618,0.0063230052979739845,0.05000194977755934,0.7760833593446048,0.038805681157148476,0.05992780571031685,0.7735767423718256,0.046358756718878597,0.0013197106072022466,0.744389868115492,0.0009823792048458966,0.00011335418587335971,1.0,0.00011335418587335971,0.00010364399989599412,0.7712434785148731,7.993475900698165e-05,3.7056860647667103e-16,1.0,3.7056860647667103e-16,1.0,1.0,1.0,0.008574844994988347,0.060049976581074936,-13.08486024071736,-0.9947786716138938,7.991551901978535,-1.6979070179676818,0.1435575614744027,-81.42654049102131,54.508110490281666,9.832385461786393,-4.368216713596603,383.15,9.5,0.05
228,0.00010847032478117287,0.32901803300637333,3.5688692899063966e-05,1.4222208496161445e-08,0.7731394008323067,1.0995749755234383e-08,0.9978424522996184,1.0001563889519023,0.9979985038348973,0.00022326138514607127,1.0097296866143455,0.0002254336484566272,0.008213427384035004,0.763527500577896,0.006271177681710292,0.05000193244202029,0.7733847261411703,0.038670730828201154,0.05989810200535983,0.7709142771289045,0.04617630200885535,0.0013526432391626022,0.7415216246894585,0.0010030142123290645,0.00011010398522418564,1.0,0.00011010398522418564,0.00011317251278810817,0.768622762694803,8.698696944030858e-05,4.016748042286872e-16,1.0,4.016748042286872e-16,1.0,1.0,1.0,0.00854515909396225,0.06000658655234951,-13.049377485842362,-1.0050274691531298,7.958775152527869,-1.6254105911948606,0.21486354333216584,-80.42990677270909,54.03963984624578,9.803423583205442,-4.3738480967978655,388.15,9.5,0.05
229,9.729479268549973e-05,0.3243040233808668,3.155309272191492e-05,1.5269660490442037e-08,0.7700574308146056,1.1758515526681084e-08,0.997842790845206,1.0001584129813184,0.9980008620965908,0.00025492142720457344,1.00972466333417,0.0002574004522608042,0.008163697353792333,0.7613817697724475,0.006215690339117051,0.050001913303228146,0.7706756913086025,0.03853525910171816,0.05986883682917363,0.7682585914809068,0.04599474825598117,0.0013850657404752326,0.7386502840405805,0.0010230792026169077,0.00010692317355466743,1.0,0.00010692317355466743,0.0001235861159674312,0.7659960264591897,9.466647375657697e-05,4.3541737958324884e-16,1.0,4.3541737958324884e-16,1.0,1.0,1.0,0.008515913573682407,0.05996614689151962,-13.019058958410243,-1.0156087194890766,7.92964750302729,-1.5566871826426982,0.284010782736684,-79.4658482351401,53.58763758088679,9.777119150468383,-4.379427716868286,393.15,9.5,0.05
230,8.75662396426264e-05,0.31965699683529414,2.799116118832161e-05,1.6252585122397568e-08,0.7669876943722895,1.2465532790617086e-08,0.9978431179028682,1.00016044386993,0.9980032157142875,0.0002893921696769604,1.009719572013842,0.00029220493771037746,0.008109314660138835,0.7592399539057619,0.006156915688771128,0.05000189256853558,0.767970151564473,0.038399961014368766,0.05983917503002297,0.7656092660165672,0.045813426873772774,0.0014178128029844676,0.735788877996901,0.0010432108915175823,0.00010381246521259604,1.0,0.00010381246521259604,0.00013503877166396605,0.7633764363281219,0.00010308541627896542,4.722711336164835e-16,1.0,4.722711336164835e-16,1.0,1.0,1.0,0.008486273069458422,0.059926757522250726,-12.994027458472772,-1.0265474944083712,7.904289154538462,-1.4918558272426128,0.35107975065119196,-78.53336015365547,53.15180403365145,9.753503057863448,-4.3849564082613455,398.15,9.5,0.05
231,8.001686895034545e-05,0.3111016794559667,2.4893382315260454e-05,1.7168583709745472e-08,0.7634412670182942,1.3107205300277746e-08,0.9978434094455512,1.0001629182827934,0.9980059763803147,0.00032653581007459896,1.0097146129655203,0.00032970797908885604,0.008050851596203501,0.7566068667875389,0.006091329601174986,0.05000187051715816,0.7647682971193278,0.03823984536818818,0.05981028358860573,0.762480171956209,0.04560415531538973,0.0014498422645253563,0.7324576425345939,0.0010619480471212599,0.00010064738430988163,1.0,0.00010064738430988163,0.00014770264140173748,0.7602665632552611,0.00011229337956222322,5.121062193717245e-16,1.0,5.121062193717245e-16,1.0,1.0,1.0,0.008457404275228446,0.059890317626139784,-12.97406372633098,-1.037841990431923,7.882489898092743,-1.4309802970042427,0.41614702393840414,-77.63144199521027,52.7318043070764,9.732581085624748,-4.390988444969465,403.15,9.5,0.05
232,7.264976620767295e-05,0.30585896985094274,2.2220582652190693e-05,1.7981912704284113e-08,0.7599122431591809,1.366467561940511e-08,0.9978436979145024,1.00016538148595,0.9980087227880092,0.00036628024632647384,1.0097094542629819,0.0003698366276256144,0.00798844328653586,0.7539939367199082,0.006023237801878897,0.050001847326621586,0.7615880740026809,0.038080810602057834,0.05978022879532171,0.759360675835485,0.04539475493961543,0.0014829539329960734,0.7291532499329966,0.0010813006797450056,9.756205040264046e-05,1.0,9.756205040264046e-05,0.00016170269866558356,0.7571806524456591,0.00012243815487783028,5.5580702255095055e-16,1.0,5.5580702255095055e-16,1.0,1.0,1.0,0.008427373299070007,0.059852896543442106,-12.959262902297702,-1.0495149958697154,7.864400673402311,-1.3739305651810327,0.47928499400160957,-76.75895492942584,52.32712741829726,9.71426384509326,-4.396971524422873,408.15,9.5,0.05
233,6.568795080501374e-05,0.3029587628631991,1.9900740310905663e-05,1.8683833417103025e-08,0.7564010102822674,1.413247047264233e-08,0.9978439756357547,1.000167838302147,0.9980114520744331,0.00040861209790674904,1.0097041531156548,0.00041257733226974494,0.00792221327215924,0.751396315390297,0.005952721862436561,0.05000182309403724,0.7584250745391161,0.037922636407186884,0.05974934392979417,0.7562520369855406,0.04518556305545647,0.0015168169771199959,0.7258708606558785,0.0011010132446395396,9.455413431649729e-05,1.0,9.455413431649729e-05,0.00017713336870105772,0.7541138585622282,0.00013357872815128054,6.035853418253841e-16,1.0,6.035853418253841e-16,1.0,1.0,1.0,0.008396513320871003,0.05981505056443257,-12.949307205325207,-1.061555826201027,7.849781913250252,-1.3204797477715506,0.5405626455792051,-75.9147151295184,51.93718319871875,9.698415577594252,-4.402906920784805,413.15,9.5,0.05
234,5.999568343190112e-05,0.29785566426069277,1.7870054141383142e-05,1.9274057799709434e-08,0.7529067548524678,1.4511568310818119e-08,0.9978442271479326,1.0001703072466468,0.9980141672508407,0.00045362241578615284,1.009698850346833,0.00045802203171083143,0.00785202668675817,0.7487996215941479,0.005879594611791667,0.05000179777486223,0.7552652537908853,0.03776462048643185,0.05971844939162133,0.7531555300336645,0.04497728040433514,0.0015506165828944422,0.7225962817133547,0.0011204697771625921,9.161799579405718e-05,1.0,9.161799579405718e-05,0.00019403625430049228,0.7510518258792007,0.0001457312830791456,6.554623874519025e-16,1.0,6.554623874519025e-16,1.0,1.0,1.0,0.008365644785976224,0.05977846434911105,-12.94374953684629,-1.0739418063501467,7.838285649455571,-1.270311078238108,0.6000455944797897,-75.09749739056835,51.561307863831445,9.684857269192175,-4.408797829367613,418.15,9.5,0.05
235,5.54992566498336e-05,0.2898493805605291,1.608642516152408e-05,1.9746727216588314e-08,0.7494296608012818,1.479878307986321e-08,0.9978444487122561,1.0001727875628408,0.9980168638226433,0.0005012529465649877,1.0096935625636259,0.0005061118733627172,0.007778112093995728,0.7462038991799403,0.005804057572798263,0.050001771522003094,0.752109046700634,0.03760678471275666,0.059687641940666135,0.7500716184550881,0.04477000619220324,0.0015842567107913373,0.7193294978907309,0.0011396025843035539,8.875310214282231e-05,1.0,8.875310214282231e-05,0.00021252284730352165,0.7479946044155786,0.00015896594309807002,7.116937683307852e-16,1.0,7.116937683307852e-16,1.0,1.0,1.0,0.00833486429721055,0.05974316094404319,-12.94239951757628,-1.0866700416329542,7.8297739956475665,-1.22328869732804,0.6577962834985128,-74.3063028215062,51.199033823216254,9.673501867451963,-4.414644838184741,423.15,9.5,0.05
236,5.109000473197159e-05,0.2841259099691731,1.4515994084800785e-05,2.0101398115916022e-08,0.7454178384014895,1.4983940732413886e-08,0.997844630984687,1.0001757481053057,0.998020000287972,0.0005508244140991803,1.0096883068416393,0.0005561609700388393,0.007702355959155874,0.743075091757256,0.005723428861096796,0.050001745325854725,0.7484189925479531,0.037422255862415515,0.05965702111749615,0.7464464528055507,0.04453077179810082,0.0016177465913094588,0.7155561371046755,0.0011575885016916526,8.585189767889384e-05,1.0,8.585189767889384e-05,0.00023301333311023892,0.7444071985709001,0.00017345680253026078,7.724201761572174e-16,1.0,7.724201761572174e-16,1.0,1.0,1.0,0.008304270377987026,0.059708131223626226,-12.945453667981836,-1.099769750590456,7.824373953440914,-1.1797592474015532,0.7138743746416093,-73.5406575772807,50.85039078708138,9.66450512942753,-4.421082821413144,428.15,9.5,0.05
237,4.682647266630422e-05,0.2804458355592345,1.3132289253193336e-05,2.0329146308168033e-08,0.7414288915436072,1.5072616413292824e-08,0.9978447832816426,1.0001787032050744,0.9980231013425819,0.0006026497608479666,1.0096830064113145,0.0006084852223460347,0.007623939878303381,0.7399638668369931,0.005641440032882126,0.05000171883994773,0.7447507021416074,0.03723881521433832,0.0596261396497926,0.7428378910969469,0.04429255583170398,0.0016514122853696718,0.7118076945833872,0.0011754879716556685,8.303516862341507e-05,1.0,8.303516862341507e-05,0.00025543602998550773,0.7408418415849584,0.00018923769886161436,8.381863695341555e-16,1.0,8.381863695341555e-16,1.0,1.0,1.0,0.008273416111817651,0.059672986451605216,-12.952487365313372,-1.1132175467190764,7.821811353177955,-1.1391856103143174,0.7683363156892871,-72.79924394961867,50.51453745604193,9.657581745223785,-4.427475617238148,433.15,9.5,0.05
238,4.330561335684842e-05,0.2749088834963745,1.1905097817056887e-05,2.0437343285087027e-08,0.7374619167250775,1.507176235178867e-08,0.9978448933685927,1.0001816656783016,0.9980261675379862,0.0006567692970380351,1.009677767947894,0.0006631253578900704,0.00754284805341519,0.7368605737998541,0.005558027344724627,0.05000169208250694,0.741094727201199,0.037055990353483836,0.05959561902138044,0.7392465633349046,0.044055856551371765,0.001684636616065217,0.708074594863175,0.0011928483894120482,8.029863042321513e-05,1.0,8.029863042321513e-05,0.00027985148002268123,0.7372888916286953,0.00020633138752657246,9.090155202956339e-16,1.0,9.090155202956339e-16,1.0,1.0,1.0,0.008242922963810073,0.05963894507208057,-12.963177147754102,-1.1269971531942509,7.821835962356432,-1.1013348761802928,0.8212361159640778,-72.0810858850878,50.19094994360092,9.652599812796666,-4.433825300840604,438.15,9.5,0.05
239,4.054386712083881e-05,0.266700376371494,1.0813064620683553e-05,2.0430374965066888e-08,0.7335167147959042,1.498602152642435e-08,0.9978449559929399,1.0001846363485287,0.9980291944420123,0.0007131217837812885,1.0096726233420814,0.000720019542192838,0.007459310937348729,0.7337643560972138,0.0054733764868725955,0.05000166520492606,0.7374504321076956,0.03687374961147705,0.05956564504203048,0.7356726738533073,0.043820817357867546,0.001717235085678679,0.7043558836342283,0.0012095446361809058,7.76411568106578e-05,1.0,7.76411568106578e-05,0.000306366510210293,0.7337474783180771,0.0002247956543079121,9.850786444600832e-16,1.0,9.850786444600832e-16,1.0,1.0,1.0,0.008212976588250856,0.05960620933952628,-12.977340706367528,-1.1411034211927993,7.824313647902297,-1.0660704535417134,0.8726252883473261,-71.38533882419802,49.87921274907271,9.649476573743192,-4.440132204701998,443.15,9.5,0.05
240,3.764654811862474e-05,0.261434529431303,9.842107592105565e-06,2.0307864232320877e-08,0.7295931953988991,1.4816479556985982e-08,0.9978449757366981,1.0001876002912324,0.9980321717447511,0.0007714664390410284,1.00966749422656,0.0007789245863864424,0.007374007051061655,0.7306867682177224,0.00538808938095494,0.05000163860482045,0.7338296214864208,0.036692683531076194,0.05953576117318259,0.7321147719505142,0.04358701021420485,0.0017496609879900393,0.7006627480875195,0.001225922276066625,7.506648050731143e-05,1.0,7.506648050731143e-05,0.00033518174093742447,0.7302290913798597,0.0002447594581318549,1.0668399368417025e-15,1.0,1.0668399368417025e-15,1.0,1.0,1.0,0.008183120038221307,0.05957342802916545,-12.994968839503528,-1.1555458715543196,7.829254973859881,-1.0333658343671581,0.9225529899328403,-70.71130135978524,49.579031852918,9.648185196896359,-4.446394899054615,448.15,9.5,0.05
241,3.487861782037211e-05,0.25717201073261986,8.969804276439686e-06,2.00957523336897e-08,0.7250458173945614,1.4570341176938733e-08,0.9978449187081537,1.0001911474923102,0.9980356542620793,0.0008311699981054334,1.0096626295364264,0.0008392012858789186,0.007288754075453952,0.7269783888604204,0.005298766694573336,0.050001613247058534,0.7295807968872516,0.03648021683843712,0.059507417783433485,0.7279264862961721,0.04331702553565308,0.0017805782895876253,0.6963724042613049,0.001239945584495617,7.246145038532084e-05,1.0,7.246145038532084e-05,0.0003667350314449511,0.7260851630668607,0.00026628086510903766,1.1534572054434297e-15,1.0,1.1534572054434297e-15,1.0,1.0,1.0,0.008154802691379756,0.059542316497006184,-13.015959218788126,-1.170325615144126,7.836530278736046,-1.003379157060417,0.9710664021200585,-70.05848784412915,49.29030915362727,9.64879222007411,-4.453377117293249,453.15,9.5,0.05
242,3.2592951926807165e-05,0.2511986083922241,8.187304167408618e-06,1.978942449231009e-08,0.7205265458798337,1.4258805674393965e-08,0.997844800425541,1.0001947009532532,0.9980390817593827,0.0008928253774128375,1.009657924463831,0.000901448217467282,0.007201996359489165,0.7232845823657379,0.005209092929072686,0.050001588369138636,0.7253525645541002,0.03626878035533319,0.05948000423078188,0.7237619260018722,0.043049362420670215,0.001810480561235198,0.6921045234180168,0.00125304178599127,6.994220196330638e-05,1.0,6.994220196330638e-05,0.0004007728264897907,0.7219609315286443,0.0002893423231439371,1.2456091881282974e-15,1.0,1.2456091881282974e-15,1.0,1.0,1.0,0.00812741468882881,0.0595126169721332,-13.039950704233108,-1.185419829016238,7.845916849711539,-0.9756035089427463,1.0182101224089934,-69.42577687382968,49.0122907270067,9.651031891143967,-4.460316709142229,458.15,9.5,0.05
243,3.084424503100531e-05,0.24261999437810602,7.483430556019435e-06,1.9398050503077112e-08,0.7160349795349065,1.3889682694987926e-08,0.9978446162633967,1.0001982622194492,0.9980424511516824,0.0009563912554321995,1.0096534095726857,0.0009656236919326213,0.007113898506358683,0.7196041398316144,0.005119190815517648,0.050001564080020225,0.721143798381858,0.03605831784569966,0.0594536986033848,0.7196211025891339,0.04278413614196983,0.0018391921618612283,0.6878577789078518,0.0012651026354425947,6.750642186765645e-05,1.0,6.750642186765645e-05,0.00043737476313313555,0.7178551459793563,0.00031397172443662334,1.343311259989382e-15,1.0,1.343311259989382e-15,1.0,1.0,1.0,0.008101134006821886,0.0594845622464663,-13.066798090566557,-1.200824101224951,7.857307675456758,-0.9499296957723873,1.0640270069488438,-68.81247236872791,48.74463050887016,9.654838209594743,-4.467214154423364,463.15,9.5,0.05
244,2.89083720226822e-05,0.2369819565790885,6.850762563451407e-06,1.892680598416061e-08,0.7115709927056258,1.3467766122895936e-08,0.9978443696320676,1.0002018189063866,0.9980457534914908,0.001021669393852081,1.0096490232600506,0.0010315275055974413,0.007025023667505713,0.7159464195811782,0.005029540542223753,0.05000154070992931,0.7169639577058354,0.03584930251878036,0.059428142028412,0.7155027952776154,0.04252100173948393,0.0018670706388077335,0.683641154412367,0.0012764063268839545,6.515584082973125e-05,1.0,6.515584082973125e-05,0.0004767091949298714,0.7137770682980389,0.0003402640915877618,1.4468490104174638e-15,1.0,1.4468490104174638e-15,1.0,1.0,1.0,0.008075601433380477,0.05945706932724066,-13.09648476046293,-1.2165453882490258,7.8707044340435015,-0.9263256205184568,1.1085580329997198,-68.21798137684814,48.48706867742632,9.660184307407858,-4.474068148915999,468.15,9.5,0.05
245,2.693726140550181e-05,0.23314614632237504,6.2803186891711915e-06,1.838665268563348e-08,0.7071341728408536,1.3001830438167502e-08,0.9978440555452597,1.0002053742064354,0.9980489869763135,0.0010886402916032137,1.0096448043567057,0.0010991400142305533,0.006935465597575349,0.7123088951495395,0.004940193837156536,0.05000151832295712,0.712810541603229,0.03564160935677084,0.059403560753765995,0.7114071473665597,0.04226011769925279,0.0018938929269917677,0.6794520274943545,0.001286809389101774,6.288735468087835e-05,1.0,6.288735468087835e-05,0.0005188277700834431,0.709724123857603,0.0003682245845554656,1.5561353391132142e-15,1.0,1.5561353391132142e-15,1.0,1.0,1.0,0.008051043150584065,0.05943051640182418,-13.12886172617168,-1.232578153277568,7.88599550205968,-0.9046806086332347,1.1518424051729292,-67.64165693329953,48.239275516468744,9.667004560389827,-4.480879402451799,473.15,9.5,0.05
246,0.0029868574343320763,0.400375521012175,0.0011958646014597933,1.221230489161337e-10,0.8188462448236896,1.00000000011396e-10,0.9977916692372162,1.0001458833236991,0.9979372304022839,1.9111988143022537e-06,1.0102337824913492,1.9307576072655455e-06,0.006479128017743683,0.7847750325907337,0.005084657901284336,0.050002042804600855,0.8046504897506648,0.040234168231255786,0.06283407241111669,0.8068124407943671,0.05069531132706305,0.00036484832952577524,0.7812394767370263,0.0002850339180470947,0.0001691662183989972,1.0,0.0001691662183989972,1.4338512705271087e-05,0.8019197904597317,1.1498337104115192e-05,1.0000408560920153e-16,1.0,1.0000408560920153e-16,1.0,1.0,1.0,0.00946789665089006,0.0658209299675718,-15.729906916252709,-0.8525422377369637,9.999999999950507,-4.606156199090093,-2.2107020511406397,-115.38569961280851,70.55988817057634,11.438807032569006,-4.238466360205846,273.15,10.0,0.05
247,0.002878130786232849,0.39823689150304675,0.00114617785764859,1.515678938463058e-10,0.8174610659440703,1.23900852066499e-10,0.9977933613719376,1.0001455968882451,0.997938636980465,2.0540527022633875e-06,1.010216823266351,2.0750385957021848e-06,0.006488957548825773,0.7844622597527479,0.005090342302191517,0.05000204664093078,0.8042035295092681,0.04021182239132358,0.06273532224242533,0.8061812647039204,0.05057604142700645,0.0004693164619911166,0.7800541964713206,0.00036609227564924344,0.0001634531164441381,1.0,0.0001634531164441381,1.874016977986079e-05,0.801070099238399,1.5012189665297539e-05,1.0000409328186124e-16,1.0,1.0000409328186124e-16,1.0,1.0,1.0,0.009369142387760885,0.06561345318022607,-15.594903435325424,-0.8606970239116534,9.906925706969325,-4.490951930843338,-2.0581361244102756,-113.2232331480239,69.59786012268694,11.35306416273033,-4.244440277576343,278.15,10.0,0.05
248,0.0027497275357883455,0.39640142747920204,0.0010899959203653688,1.863141281297941e-10,0.8161297338066044,1.520564997949783e-10,0.9977953782438926,1.0001452295523219,0.997940287619984,2.2343902881147866e-06,1.0101965864255231,2.257173441795899e-06,0.006499338228350096,0.7842350179065734,0.005097008631891014,0.05000205132712728,0.8037903421274974,0.04019116594330833,0.06261748501057438,0.8055273903921577,0.050440099293488035,0.0005925178016960101,0.7789586236908994,0.0004615468513214813,0.00015809494745369998,1.0,0.00015809494745369998,2.4122768138431487e-05,0.8003043487318978,1.9305556244637972e-05,1.0000410265425425e-16,1.0,1.0000410265425425e-16,1.0,1.0,1.0,0.009251300154426555,0.06536721273267686,-15.466964718567143,-0.8689808540830234,9.817995010805875,-4.3769629291269085,-1.9114539095340297,-111.14593818186951,68.66859710443016,11.271159922414169,-4.250375626461961,283.15,10.0,0.05
249,0.002602769629880919,0.394412966818453,0.0010265660916663002,2.275338574124381e-10,0.8148568905097082,1.854075315367786e-10,0.9977976974925231,1.000144822339025,0.9979422008889477,2.4625008731983266e-06,1.0101732776122478,2.4875525782017737e-06,0.006510334121251103,0.7840518427227563,0.005104439464507763,0.050002056899430714,0.8033735042982733,0.0401703276734173,0.06248175705536055,0.8048594049203167,0.05028902980195329,0.0007332901740945865,0.7779119456207652,0.0005704351860345095,0.00015305759210457501,1.0,0.00015305759210457501,3.053682835617145e-05,0.7995807753054391,2.4416660892396685e-05,1.2278948002277724e-16,1.0,1.2278948002277724e-16,1.0,1.0,1.0,0.00911556625200522,0.06508452691277533,-15.344291254749319,-0.8773118679679875,9.731872628128803,-4.263228176943238,-1.7703459324267121,-109.14804826445015,67.76957060352824,11.192327412933862,-4.256289116473256,288.15,10.0,0.05
250,0.0024386421546186794,0.39272216020651135,0.0009577088149325088,2.763312327861994e-10,0.8136336054134939,2.2483237722019076e-10,0.9978002923483077,1.0001443390989229,0.9979443139434102,2.7473396375540286e-06,1.0101471449363557,2.7752172910456837e-06,0.006521994720448129,0.7839466034561088,0.0051128956088539864,0.050002063394014244,0.8029924982229856,0.040151281801063594,0.0623295819495982,0.8041726881958063,0.05012374747052919,0.0008902083398847853,0.7769481198654363,0.0006916456959620153,0.00014832276272711245,1.0,0.00014832276272711245,3.803146234491577e-05,0.7989345341553175,3.0384648651780775e-05,1.5229975599186302e-16,1.0,1.5229975599186302e-16,1.0,1.0,1.0,0.008963384214704363,0.06476822438054812,-15.226233081308633,-0.8856679301234024,9.648141147571092,-4.149619007941711,-1.6345241749250343,-107.2249960350037,66.89919603640226,11.116248315001123,-4.2621607488010556,293.15,10.0,0.05
251,0.0022609339348525054,0.3910905542183804,0.0008842299056326099,3.343697552071182e-10,0.8124546587462049,2.716602653618513e-10,0.9978030994734872,1.000143815533066,0.997946599058133,3.103627924613566e-06,1.010118800760731,3.135032917218173e-06,0.006534281298412291,0.7838894963915695,0.005122154476293261,0.05000207076770855,0.8026217568257767,0.040132749884505055,0.062164524465879015,0.8034695930422595,0.049947305174265384,0.0010597313963294813,0.7760376952885537,0.000822391510432452,0.00014386653475781781,1.0,0.00014386653475781781,4.657346809343371e-05,0.7983363531324031,3.718129267044017e-05,1.8571109897094376e-16,1.0,1.8571109897094376e-16,1.0,1.0,1.0,0.008798318861189409,0.06442545873510128,-15.1116499966274,-0.89399532355466,9.565973879418134,-4.035599639010197,-1.5037202124790308,-105.37213936057013,66.05558319412646,11.042429200148868,-4.267986564568507,298.15,10.0,0.05
252,0.002071492011203048,0.3908300033257749,0.000809601229627803,4.0276788449978557e-10,0.8108688934403421,3.2659194881764913e-10,0.9978060802782729,1.0001434816238972,0.9979492471150057,3.538786469272609e-06,1.0100886000837255,3.5744878707427984e-06,0.006547405607779189,0.783600020685115,0.005130547169689611,0.050002079090681426,0.8019784499966834,0.04010058988575625,0.06198865089308281,0.8023085644672568,0.049734025511291205,0.001239934413635982,0.774903393200793,0.0009608293844729584,0.0001395476380339068,1.0,0.0001395476380339068,5.6248161348008245e-05,0.797501431904879,4.485798921705327e-05,2.2309745248751646e-16,1.0,2.2309745248751646e-16,1.0,1.0,1.0,0.00862243640545151,0.06406014330705374,-15.001255340544407,-0.9023472996698114,9.48599452574499,-3.9221730673189454,-1.3776835030074916,-103.5866766193476,65.23847322247818,10.971171086232559,-4.27415195393103,303.15,10.0,0.05
253,0.0018819621417812539,0.3884742151592211,0.0007310937659878393,4.857781731669723e-10,0.8093201467575333,3.931500623991011e-10,0.9978090433389212,1.0001433290968418,0.9979520584079234,4.093338302863042e-06,1.0100584476193517,4.134510931770678e-06,0.006560773450392182,0.7831709245965811,0.005138207009212348,0.05000208794933284,0.801163999123332,0.04005987274600406,0.061813052872768254,0.8011490469418534,0.04952146839758468,0.001419630757547727,0.7736368734137385,0.0010982787006712004,0.00013546054109387745,1.0,0.00013546054109387745,6.663691771116683e-05,0.7965275196203312,5.307813877961984e-05,2.628514092457256e-16,1.0,2.628514092457256e-16,1.0,1.0,1.0,0.008446828930476298,0.06369501550032769,-14.891501465144604,-0.9105194087558638,9.405441651068344,-3.8067740444199347,-1.2561801804585921,-101.86251236822702,64.44412296076167,10.901012642623247,-4.280283545172804,308.15,10.0,0.05
254,0.0016935237914263105,0.38614182891787896,0.0006539403741372961,5.847117703763299e-10,0.8077814688001517,4.72319332699329e-10,0.9978119670552386,1.0001432038017986,0.997954857522401,4.782635814493452e-06,1.0100285463412262,4.830598699392305e-06,0.0065743721354777195,0.7827456042259227,0.005146060889590577,0.05000209734973996,0.8003285800480705,0.04001810757134277,0.06163891253787612,0.7999687538010853,0.04930920404857885,0.0015976342186184583,0.7723799221446742,0.0012339805933921917,0.00013160932814484206,1.0,0.00013160932814484206,7.776183589911471e-05,0.7955609203348439,6.186427773482676e-05,3.0504855943508503e-16,1.0,3.0504855943508503e-16,1.0,1.0,1.0,0.008272678562718523,0.06333243691401418,-14.784095051120522,-0.9186196037247942,9.325764277771162,-3.6909549702774953,-1.1389915445153542,-100.19791883044716,63.67298394374805,10.832570692505287,-4.2863100513254615,313.15,10.0,0.05
255,0.0015112723192604314,0.38357577898652573,0.0005796874571210935,7.02468753289102e-10,0.806240743708647,5.663589300838911e-10,0.997814766164178,1.000143144119373,0.997957597480178,5.638959727918407e-06,1.0099997404594232,5.6953478616587335e-06,0.006587991107530425,0.7822964296029865,0.0051537619216772785,0.05000210711585602,0.7994478971538411,0.03997407938703221,0.0614711467848558,0.798766524851845,0.04910109429599694,0.0017690448624980543,0.7711046250757555,0.001364118675438754,0.0001279768139816876,1.0,0.0001279768139816876,8.945976291917027e-05,0.7945746797974583,7.108246247625626e-05,3.490234606739784e-16,1.0,3.490234606739784e-16,1.0,1.0,1.0,0.008104902386518774,0.06298241980658499,-14.678897961695384,-0.9266461511085897,9.24690824734624,-3.5748502462690994,-1.0259128116747076,-98.58997839141294,62.924160340853,10.765770146146991,-4.292216354888039,318.15,10.0,0.05
256,0.0013379826868940364,0.381243138493866,0.0005100967188019382,8.415335096143147e-10,0.8046856222851088,6.771699158577667e-10,0.9978173943025832,1.000143139411756,0.9979602212974434,6.696377195754303e-06,1.0099724881597063,6.763156738051893e-06,0.006601490589316828,0.7818368153512373,0.00516128837892263,0.050002117141046645,0.7985387486011015,0.03992862804921707,0.06131242475142812,0.7975373069832604,0.04889894612086779,0.0019312061003760486,0.7698236670947005,0.0014866881621071464,0.0001245503145552535,1.0,0.0001245503145552535,0.00010164638843404465,0.7935829402305317,8.066483979730392e-05,3.944434231058911e-16,1.0,3.944434231058911e-16,1.0,1.0,1.0,0.007946169653406618,0.06265040827985568,-14.576375306758404,-0.9346354493577428,9.169302344224034,-3.459029823474483,-0.9167520843191772,-97.03641753545229,62.19725653912276,10.700768716467461,-4.297982366544038,323.15,10.0,0.05
257,0.001178948140234824,0.3778573975581768,0.000445474276125183,1.0060232641306646e-09,0.8026864903297234,8.075212830750968e-10,0.9978197593736196,1.0001435989737637,0.9979630452670668,7.999759624808799e-06,1.0099476925374467,8.079338773929884e-06,0.006614793354317958,0.7809212187479253,0.005165632488019658,0.05000212727123087,0.797149695875685,0.039859180547398974,0.06116800716394117,0.7958668001268758,0.04868158613170368,0.0020789957290688593,0.7680977560765885,0.001596871954390601,0.000121191111432744,1.0,0.000121191111432744,0.00011419553487709716,0.7921347716295122,9.045825394097943e-05,4.403660569417818e-16,1.0,4.403660569417818e-16,1.0,1.0,1.0,0.0078017412541775905,0.06234695631019926,-14.476399220710453,-0.9425871328651108,9.092846022556902,-3.343768063773895,-0.8113291931225871,-95.53485807788164,61.49164107563963,10.63758976869934,-4.3040473581613785,328.15,10.0,0.05
258,0.0010396694853128316,0.3712208053508022,0.0003859469436364832,1.2010241114066884e-09,0.8006706777439958,9.616247892668732e-10,0.9978217791902764,1.0001442769905,0.9979657419136334,9.62185814475284e-06,1.0099262037496304,9.717366669147698e-06,0.006627279074988906,0.7798529809734931,0.005168303342373351,0.050002137107107034,0.7955939087265439,0.03978139570572384,0.06104284682584303,0.7941905584230575,0.048479652608349445,0.00220735619526597,0.7662250872923986,0.001691331693403084,0.0001180034484375498,1.0,0.0001180034484375498,0.0001267366788795884,0.7905393409937103,0.00010019033060120127,4.857202474981269e-16,1.0,4.857202474981269e-16,1.0,1.0,1.0,0.007676570418446491,0.06208251751217999,-14.378196347619674,-0.9504576590437286,9.016994349726684,-3.2284991850807794,-0.7094752386393938,-94.08225673501262,60.80589645079262,10.575848069598713,-4.309973828314874,333.15,10.0,0.05
259,0.0009083458243567881,0.36781921457682004,0.0003341070476790479,1.4229519731124855e-09,0.7986181793664257,1.1363953140929564e-09,0.9978236441277446,1.0001449001610314,0.9979682289344597,1.1575677505911421e-05,1.0099060957413404,1.1690347275555861e-05,0.006639517746262697,0.7788758353563879,0.00517135993098392,0.05000214718003256,0.7941193404765237,0.03970767214101753,0.06092572640615295,0.7924707941590663,0.04828185878980202,0.002327498556119907,0.7644465421459578,0.001779248223075573,0.00011499427279251567,1.0,0.00011499427279251567,0.0001398726979761944,0.7890411400247908,0.00011036531306947959,5.328653399162961e-16,1.0,5.328653399162961e-16,1.0,1.0,1.0,0.007559439248125396,0.06183407365346173,-14.285071974377946,-0.9584740777426655,8.94447056575143,-3.1158666601693263,-0.6110313838941012,-92.67894020236828,60.1418650112475,10.516773530907058,-4.315731037184299,338.15,10.0,0.05
260,0.0007909799911116699,0.36465068926159866,0.00028843139895100354,1.6767866737887792e-09,0.7965376646531844,1.3356237412612932e-09,0.9978252587989885,1.0001456063694238,0.9979705485122417,1.3948803501634708e-05,1.0098883348412186,1.4086733941293222e-05,0.006651048421923811,0.7778642533244693,0.005173612814544654,0.05000215713107997,0.7926006365476085,0.03963174157084753,0.060822274995117616,0.7907287320708928,0.048093920388556526,0.002433818412833683,0.7626374600865706,0.0018561210926754078,0.00011213843817554933,1.0,0.00011213843817554933,0.00015329272384348666,0.7875138688115676,0.00012072014601464753,5.805917030432038e-16,1.0,5.805917030432038e-16,1.0,1.0,1.0,0.007455977216537115,0.06161325666301596,-14.195801464213876,-0.9665681207617145,8.87431586978603,-3.0050933190398026,-0.5158481585526538,-91.32196231715768,59.49801506400784,10.459895028466606,-4.32133964588995,343.15,10.0,0.05
261,0.0006878349021928966,0.3612322883366642,0.0002484681757169657,1.9647673585303936e-09,0.7944296693958061,1.560869483076972e-09,0.9978266207595281,1.0001464112977891,0.9979727138500422,1.682183391169095e-05,1.0098729495337855,1.6987915028966797e-05,0.006661694327520705,0.7768036604316562,0.005174828538294885,0.050002166860289576,0.7910243356817926,0.03955293082331071,0.060732659225995744,0.7889675350680687,0.047916096447662856,0.0025261638119592933,0.7607831566538298,0.001921862879087063,0.00010942113809606108,1.0,0.00010942113809606108,0.00016696638660769578,0.7859426010861604,0.00013122599618440987,6.287850562862295e-16,1.0,6.287850562862295e-16,1.0,1.0,1.0,0.007366351063625293,0.06142049609295597,-14.110471422950072,-0.9747572412017624,8.806633410293925,-2.8963732508820796,-0.42378484227213803,-90.00948424893858,58.8738291233312,10.405235248884134,-4.326807843694934,348.15,10.0,0.05
262,0.0005952621421331018,0.3594974320868798,0.0002139952115153854,2.2860844367082455e-09,0.7918680075640947,1.810277128019447e-09,0.9978277809257777,1.0001475981208643,0.9979750584311885,2.0246047987492048e-05,1.0098593883824127,2.0445661637809683e-05,0.006671840865093284,0.7753407282338908,0.0051729499550020605,0.050002176656884216,0.7890314983812036,0.039453292369902984,0.060653667673292895,0.7867593002999886,0.04771983713926796,0.0026078621143539363,0.7585382646842687,0.0019781632027578823,0.00010672680372615999,1.0,0.00010672680372615999,0.0001812660387796878,0.7839692936285286,0.00014210700838095333,6.781337672155041e-16,1.0,6.781337672155041e-16,1.0,1.0,1.0,0.007287349055213879,0.061248932101510445,-14.030121155148418,-0.9831259938574599,8.742254935651912,-2.7907733701342514,-0.33470868772690904,-88.74066544959572,58.26970258204932,10.353260710750407,-4.332595886199584,353.15,10.0,0.05
263,0.0005175543131890379,0.35554198583211744,0.00018401228828720823,2.6452310453359325e-09,0.7892857779255898,2.0878432434108917e-09,0.997828681670018,1.0001489321904076,0.9979772904812306,2.436391517158086e-05,1.009848275410724,2.4603857718274106e-05,0.006680688834314224,0.7737858510580422,0.005169422495313792,0.050002186012355385,0.7869402822325964,0.039348734372809724,0.06058893566566024,0.7845434173389553,0.047534650640067184,0.0026751851956758736,0.7562062515043494,0.002022991768901981,0.00010414758631864261,1.0,0.00010414758631864261,0.00019576964216772382,0.7819087935166361,0.00015307400471454864,7.276335190096796e-16,1.0,7.276335190096796e-16,1.0,1.0,1.0,0.007222607062674843,0.06110649262408032,-13.953581954289502,-0.9916061464373946,8.680302111549697,-2.6873485327823547,-0.24849475981163832,-87.51276913161934,57.684055094678286,10.303438105491555,-4.3382658992777845,358.15,10.0,0.05
264,0.00045046707729891084,0.35136148319360744,0.00015827678040963473,3.0394331327032608e-09,0.7866863951833923,2.391080694567293e-09,0.9978293917708679,1.0001503389602704,0.9979794044041539,2.926372525411971e-05,1.0098389100091716,2.9551648413428116e-05,0.006688313533181336,0.7721969893920536,0.005164695574432755,0.05000219506870401,0.7848099306828588,0.03924221924586038,0.06053438260437864,0.7823172019571437,0.0473570888212607,0.002732219762122592,0.7538444055973488,0.0020596685825386347,0.0001016775583542749,1.0,0.0001016775583542749,0.00021072312520602682,0.7798188005792804,0.00016432585475248146,7.782011619571874e-16,1.0,7.782011619571874e-16,1.0,1.0,1.0,0.007168044335734367,0.060984852721110684,-13.881595532604843,-1.000262487264788,8.62140576699843,-2.5867395872338506,-0.1650250143387351,-86.32475155589326,57.116926769632116,10.256033007989641,-4.343819395003943,363.15,10.0,0.05
265,0.000392477095486912,0.34720257609789945,0.00013626905861247705,3.466828403981818e-09,0.7840727154789358,2.7182455608095276e-09,0.9978299368617595,1.0001518047051428,0.9979814121411075,3.505790313636381e-05,1.0098310299025797,3.540255843041913e-05,0.006694598396379527,0.7705831355673686,0.005158744623646411,0.05000220381329302,0.7826502313219864,0.03913423638108289,0.06048848099657119,0.7800820948537568,0.04718598097032692,0.0027805031786136756,0.751461608205431,0.0020894413902213457,9.930683177535022e-05,1.0,9.930683177535022e-05,0.0002262248841395726,0.7777079860585312,0.00017593689904051154,8.301774604602523e-16,1.0,8.301774604602523e-16,1.0,1.0,1.0,0.007122133395002803,0.06088096155888652,-13.814309494201622,-1.0091193491825827,8.565711312545641,-2.489135719436791,-0.08418793333673877,-85.17521639772481,56.56793786029036,10.211090303383152,-4.349264346634509,368.15,10.0,0.05
266,0.00034546392285296734,0.3397006582387509,0.00011735432199089406,3.928671194159508e-09,0.7814476154546564,3.0700507365813466e-09,0.9978302908596272,1.0001533780865757,0.9979833361603666,4.190717498730941e-05,1.0098249086553208,4.231890915356226e-05,0.006699097163694424,0.7689019068403835,0.005150948583273649,0.05000221197585402,0.780419226213491,0.03902268757915896,0.06045282457484041,0.7778457527151247,0.04702297283517212,0.0028184559046673173,0.7490159670662969,0.0021110684750681044,9.702087194730817e-05,1.0,9.702087194730817e-05,0.00024213561358992947,0.7755337248430203,0.0001877843343245484,8.830199252893383e-16,1.0,8.830199252893383e-16,1.0,1.0,1.0,0.0070864682615347,0.060798292426364586,-13.751249365878728,-1.018155591594038,8.512854447182345,-2.394261424030653,-0.005878085489226855,-84.06239444254781,56.03627351797653,10.16842711313763,-4.354611458886454,373.15,10.0,0.05
267,0.0003026126582774092,0.3348553762707304,0.00010133147555176776,4.415088322664992e-09,0.7783643718019028,3.436547448721055e-09,0.9978305472985712,1.0001553244505763,0.9979855347800985,4.983429172935714e-05,1.0098195204100482,5.032364057411384e-05,0.006702625729031779,0.7668110697061682,0.0051396476051189435,0.05000222022068208,0.7777697157886423,0.038890212609841,0.06042143779188358,0.7751518591887371,0.04683578983923519,0.0028521554261100625,0.7461758371481417,0.002128209462754291,9.471858221409994e-05,1.0,9.471858221409994e-05,0.00025921551459316054,0.7729500460490274,0.00020036064394140572,9.384073100976291e-16,1.0,9.384073100976291e-16,1.0,1.0,1.0,0.007055072679038545,0.060724054865249316,-13.69372357623037,-1.0274819675649234,8.463877655370382,-2.3033316500049263,0.0700044226998866,-82.98609208860064,55.52263719595364,10.128610016526869,-4.360356188519231,378.15,10.0,0.05
268,0.0002654530866390587,0.3302962963037892,8.767817135929002e-05,4.923670003882761e-09,0.7752787981763661,3.817216963227252e-09,0.9978306946489301,1.0001573064569382,0.9979876598601295,5.903295557604228e-05,1.0098150268892574,5.9612365622373514e-05,0.006704403183544154,0.7647097204197213,0.00512692228406914,0.050002228104132365,0.7751078889888388,0.03875712147053243,0.060395262752452335,0.7724574899513106,0.04665277307070922,0.0028805644267365393,0.7433300541412647,0.002141210111283472,9.249461179387511e-05,1.0,9.249461179387511e-05,0.00027716578843116335,0.7703597918390584,0.0002135173790807394,9.961204761859222e-16,1.0,9.961204761859222e-16,1.0,1.0,1.0,0.007028889225759255,0.060660720762761404,-13.641000739910314,-1.037059345372739,8.418253154891218,-2.215671389212418,0.14355386835578549,-81.94430486226607,55.02586747528917,10.091263954290143,-4.366014827166171,383.15,10.0,0.05
269,0.00023197938448003128,0.3279132474984401,7.606911331753634e-05,5.4467713124953546e-09,0.7721939661811145,4.205963942677305e-09,0.99783076359295,1.000159295250816,0.9979897132947085,6.962120511164368e-05,1.0098110994176195,7.030426567656851e-05,0.006704402704043477,0.7626186559806692,0.005112902579310801,0.05000223570354634,0.7724551982688616,0.03862448689426924,0.06037238493103003,0.7697627004805476,0.04647241005896081,0.0029056028688979984,0.7404991949584556,0.0021515965852879474,9.034362186769072e-05,1.0,9.034362186769072e-05,0.0002961903323534766,0.76778353920196,0.000227410061651757,1.0568323844416346e-15,1.0,1.0568323844416346e-15,1.0,1.0,1.0,0.007006003293635152,0.06060436976228139,-13.593244141125528,-1.0469145958539277,8.37613445479839,-2.1314476557105557,0.21485971797582123,-80.93594383722478,54.545669260048776,10.056438290106946,-4.371591707752815,388.15,10.0,0.05
270,0.00020456399795074968,0.3231994376052486,6.611496909196355e-05,5.983045032694013e-09,0.7691091747908403,4.60161482783173e-09,0.9978307204611973,1.0001613479322329,0.9979917183846622,8.179897138545386e-05,1.009808086700544,8.260126278881776e-05,0.006702083558798858,0.7604929040196564,0.005096886988613335,0.05000224270023834,0.7697669219355356,0.03849007245323608,0.060354835632958695,0.7670720631077664,0.046296508287503764,0.002925252064400664,0.7376389145848887,0.0021577797576717113,8.825259141378216e-05,1.0,8.825259141378216e-05,0.0003161352966643691,0.7651762216508241,0.00024189921183210422,1.1199122752839859e-15,1.0,1.1199122752839859e-15,1.0,1.0,1.0,0.0069884465281350614,0.06055940561395448,-13.549904856676067,-1.0570196789682567,8.33708973619931,-2.0503098023383184,0.2840068037002145,-79.95947085483571,54.08125224250948,10.023926481279725,-4.377097280368775,393.15,10.0,0.05
271,0.0001825743988932754,0.3153477804118773,5.757443145102712e-05,6.526065138646329e-09,0.7660269853206275,4.99914200416329e-09,0.9978305761840006,1.0001634565890354,0.9979936781664188,9.572641860473512e-05,1.0098058689476372,9.66650993203998e-05,0.006697220417844336,0.7583365455037241,0.0050787469961450825,0.05000224902963653,0.767047650445735,0.03835410763518523,0.06034191709540544,0.7643876066495422,0.04612461358920207,0.002940216213360123,0.7347533091319034,0.002160333592329624,8.621500131688165e-05,1.0,8.621500131688165e-05,0.0003370891628430449,0.7625418072568827,0.00025704457944104506,1.185611996567288e-15,1.0,1.185611996567288e-15,1.0,1.0,1.0,0.0069755212353423465,0.06052449802036385,-13.510945217512756,-1.0673847661513736,8.301104526630365,-1.9722736767468256,0.3510756002395114,-79.0137780031597,53.632213582332305,9.993707832203874,-4.382535346646686,398.15,10.0,0.05
272,0.00016221551881821683,0.30999254444946406,5.0285601427648986e-05,7.064082695385333e-09,0.7624582244225099,5.386067949097273e-09,0.9978303687488137,1.0001659844223632,0.9979959930461869,0.0001113730030647872,1.009803949665948,0.00011246489838097995,0.006690746002355373,0.7557167064307276,0.005056308532464561,0.05000225541598766,0.7638600778251751,0.038194726713490626,0.060330737200325675,0.7612145734898892,0.04592463638627649,0.0029534864173351165,0.7314242303085163,0.0021602515295259953,8.413278590800458e-05,1.0,8.413278590800458e-05,0.0003598253910937875,0.7594449092671103,0.00027326756149122385,1.2549756225048917e-15,1.0,1.2549756225048917e-15,1.0,1.0,1.0,0.006964334524238377,0.06049295978322659,-13.477077943502168,-1.0780799056585144,8.268728171954614,-1.8980927596492712,0.41614267954697787,-78.09855445785531,53.19890808093858,9.966132972555835,-4.388459855123138,403.15,10.0,0.05
273,0.00014451184697795782,0.3047212919073585,4.4035836707041855e-05,7.590557629036205e-09,0.7588996715469122,5.760471691533491e-09,0.9978300983899543,1.0001685301955865,0.9979982628915981,0.00012898711552248793,1.0098023860729088,0.00013025149702727013,0.006681721287859223,0.7530974629430639,0.005031987349979445,0.050002261324139714,0.7606744023749317,0.03803544025013514,0.060321629232098876,0.758050553936887,0.04572684445376808,0.0029646322297910317,0.7281016535598875,0.0021585536287077865,8.210242913875454e-05,1.0,8.210242913875454e-05,0.00038399828691062615,0.7563524482585713,0.00029043804443194934,1.3280863532890584e-15,1.0,1.3280863532890584e-15,1.0,1.0,1.0,0.006955220250359669,0.06046614866963446,-13.447708705449593,-1.0890721218376318,8.239541953270743,-1.8271577622931368,0.4792804422386893,-77.21218212653793,52.78034551188352,9.940872891886393,-4.394323704900009,408.15,10.0,0.05
274,0.000128167856116723,0.30177119689793547,3.867736734418587e-05,8.095583764935276e-09,0.755353161686956,6.115024792545457e-09,0.997829782384577,1.0001710732169335,0.9980004843354016,0.0001486696415851945,1.0098009758404245,0.00015012674915057569,0.006670162208125398,0.7504936190321191,0.0050059141751073,0.05000226685714383,0.7575058703559653,0.037877010675391974,0.06031341459283058,0.7548952806958953,0.04553031203878275,0.0029748347754247188,0.7248001843605008,0.002156160793669865,8.012153480451608e-05,1.0,8.012153480451608e-05,0.0004098231354869613,0.7532791103437438,0.0003087112068979017,1.4055772019588167e-15,1.0,1.4055772019588167e-15,1.0,1.0,1.0,0.006946999705827316,0.060441590544531076,-13.422886504237573,-1.1003788192737283,8.213601777835567,-1.7595270309023447,0.5405578728336605,-76.35376241264917,52.37622093635845,9.917934446414105,-4.400128818246102,413.15,10.0,0.05
275,0.00011487250550080636,0.29641231825439557,3.40496256591848e-05,8.57601269524743e-09,0.7518175533867849,6.447596882354937e-09,0.9978293969775383,1.000173650987628,0.9980026710378076,0.00017061198966993998,1.0097999619351117,0.00017228398067437912,0.006655604000690455,0.7478765379150051,0.004977570077769636,0.050002271760907026,0.7543260468690869,0.03771801599187878,0.06030750861655238,0.7517513059921952,0.0453362483636288,0.002982687149537507,0.7214916415367176,0.002151983847710289,7.818135155785473e-05,1.0,7.818135155785473e-05,0.00043720927042842974,0.7501962650186338,0.0003279927617069299,1.4870022773383349e-15,1.0,1.4870022773383349e-15,1.0,1.0,1.0,0.006941088495861202,0.06042238969806584,-13.402223877188568,-1.1119813836635644,8.190602123380637,-1.694952549575294,0.6000405917746157,-75.52213886190555,51.98593932975828,9.897173002155592,-4.405881726724979,418.15,10.0,0.05
276,0.00010418731062046167,0.2883896489244274,3.0046541932215185e-05,9.024476404798531e-09,0.7482942033332295,6.75296338182825e-09,0.997828947698443,1.0001762566522305,0.9980048216882631,0.0001949343831869289,1.009799270215632,0.00019684459788209523,0.006637933037255252,0.7452503500117528,0.004946921919369054,0.05000227603849051,0.7511394017720306,0.03755867971079171,0.060303479417132634,0.748619483754969,0.04514435962988223,0.0029886244311352656,0.7181801197367474,0.002146370651800893,7.627869040389947e-05,1.0,7.627869040389947e-05,0.0004662803134870672,0.7471079888015737,0.00034836174722709015,1.572663744699576e-15,1.0,1.572663744699576e-15,1.0,1.0,1.0,0.006937054731062643,0.06040767575222951,-13.385659263350824,-1.123887026454115,8.170505605249911,-1.6334117227065281,0.6577910432423077,-74.71642584688468,51.60914636808233,9.878558139885,-4.411584382342412,423.15,10.0,0.05
277,9.406386449852563e-05,0.28262348400841514,2.658465710386877e-05,9.433922856128731e-09,0.7442301183540913,7.021009523760049e-09,0.9978284356431569,1.0001793497667033,0.9980073959402995,0.00022146366315848887,1.009798742719363,0.00022363372861546662,0.006618449775714076,0.7420920992926284,0.004911499288122486,0.0500022806186939,0.7474195183013016,0.037372680493990694,0.06030040687780002,0.7449432267465202,0.04492037967367642,0.002993663999653743,0.7143624633986627,0.0021385611893805414,7.431746575528963e-05,1.0,7.431746575528963e-05,0.0004978941886641146,0.7434902515381948,0.00037017947556928794,1.6628681108869511e-15,1.0,1.6628681108869511e-15,1.0,1.0,1.0,0.00693397730337109,0.060394480176221406,-13.373593210724406,-1.1361419728559823,8.153600437859266,-1.5754224506178065,0.7138688897483138,-73.93632078049696,51.24604302051104,9.862331246142361,-4.417875341153104,428.15,10.0,0.05
278,8.451266524466397e-05,0.2790925389866758,2.3586854319664265e-05,9.795718789295692e-09,0.7401859500154633,7.250653418139167e-09,0.9978278806470269,1.000182438477828,0.9980099228467064,0.0002504538650991552,1.0097982549290865,0.00025290787591737164,0.0065961649126341825,0.7389525555412264,0.004874252918962401,0.05000228493060765,0.7437220851873262,0.03718780361272234,0.06029756561942577,0.7412828642539129,0.04469755214990619,0.002998429090416759,0.7105702001847384,0.0021305943590171792,7.239909789769038e-05,1.0,7.239909789769038e-05,0.0005316711509966365,0.739895401840231,0.0003933810399135144,1.7583258396224059e-15,1.0,1.7583258396224059e-15,1.0,1.0,1.0,0.006931131442978002,0.06038208808038922,-13.36561791878583,-1.1487245631121532,8.139622853690371,-1.5204732917005492,0.7683305809664952,-73.18053163100488,50.89581366798257,9.84821985119411,-4.424117945030952,433.15,10.0,0.05
279,7.669039122649705e-05,0.27350699063829287,2.0975358115232562e-05,1.010828717224709e-08,0.7361605631153834,7.441322376853418e-09,0.9978272660050905,1.000185547912997,0.9980124107718293,0.00028204324788580677,1.009797974686466,0.0002848067004890805,0.006570761402938734,0.7358130400544876,0.00483485192336904,0.05000228880807454,0.7400285681596244,0.037003122191343406,0.060295933356841226,0.7376398056215258,0.044476680561108824,0.0030019474675509507,0.7067849518879168,0.0021217312964230523,7.051789730036522e-05,1.0,7.051789730036522e-05,0.000567565004111174,0.7363047821068205,0.00041790082668353464,1.8586942161468107e-15,1.0,1.8586942161468107e-15,1.0,1.0,1.0,0.006929495042051038,0.06037263385635488,-13.36144943082811,-1.1616222859147696,8.128349880322576,-1.4683803093780856,0.8212301296192303,-72.44813131828558,50.55798340410902,9.836116543050714,-4.430316638071756,438.15,10.0,0.05
280,7.052745394475476e-05,0.26506850605457566,1.8694606852969044e-05,1.0367983112524865e-08,0.7321544163470548,7.590964624446766e-09,0.9978265909461291,1.0001886775085007,0.9980148583812247,0.00031630410685922107,1.009797893674334,0.0003194032208669829,0.006542188073590032,0.7326734440208851,0.004793287467309566,0.05000229226833905,0.7363390628036781,0.03681864102690438,0.06029546164225487,0.7340146126396756,0.04425774992127013,0.0030042695735010175,0.7030065884457934,0.002112021303638449,6.867189116421863e-05,1.0,6.867189116421863e-05,0.0006056671869183859,0.7327182550985014,0.0004437834043692576,1.9640968848807608e-15,1.0,1.9640968848807608e-15,1.0,1.0,1.0,0.006929019634394008,0.06036599946418274,-13.360978219883402,-1.1748368407797616,8.119703032476679,-1.4190754461901436,0.8726190499358196,-71.73834381684644,50.23220526489812,9.8259728316559,-4.436472895729758,443.15,10.0,0.05
281,6.43138417075178e-05,0.2597566471838415,1.670594788945712e-05,1.056798089810539e-08,0.7281684972646256,7.695270769694669e-09,0.9978258738809455,1.000191797444394,0.998017254333506,0.0003531898913960159,1.0097977807323,0.00035665036850877874,0.006510854581002746,0.7295560942360712,0.004750033638255394,0.050002295641377786,0.7326761580324478,0.03663548986332729,0.06029480392194351,0.7304051101147675,0.044039632897955455,0.0030067391202883115,0.6992569836168812,0.002102483327775679,6.686433937376141e-05,1.0,6.686433937376141e-05,0.000646297463840542,0.7291580256758478,0.00047125298273327705,2.0753937470874353e-15,1.0,2.0753937470874353e-15,1.0,1.0,1.0,0.00692835831410628,0.060359128331631935,-13.36429989802853,-1.1883877340617528,8.113776094258053,-1.3726185696641826,0.9225464985611319,-71.05055409508226,49.91827160547162,9.817805073173163,-4.442585761351964,448.15,10.0,0.05
282,5.851706585202057e-05,0.2556291170950674,1.4958665878745951e-05,1.0715016073798438e-08,0.7235547608129298,7.752900892383915e-09,0.9978250701244498,1.0001955122718782,0.9980201571708469,0.00039240752592788804,1.009797923656993,0.00039625230490935887,0.006478261979545215,0.7258062392481112,0.004701962964237735,0.05000229992397498,0.7283829933479835,0.036420824892908536,0.0602956367498922,0.7261631371718701,0.043784468740077215,0.0030077821159450193,0.6949084716007033,0.002090133273099283,6.499394314635165e-05,1.0,6.499394314635165e-05,0.0006902693137390154,0.7249701705118999,0.0005004246620805063,2.1910974283062116e-15,1.0,2.1910974283062116e-15,1.0,1.0,1.0,0.006929186571325123,0.060354164530760285,-13.371434920762391,-1.2022880938665015,8.110535767709312,-1.3292734963013033,0.9710596585198347,-70.38438218337004,49.616190005667704,9.811732646094331,-4.449423293109179,453.15,10.0,0.05
283,5.381238709118755e-05,0.24941663955789642,1.3421704754872723e-05,1.0804295656077388e-08,0.7189677784769483,7.7679404458581e-09,0.9978242031130983,1.0001992424989163,0.9980230121008058,0.0004343355758534167,1.0097982269687664,0.00043859129440623816,0.006442801271637892,0.7220659446709261,0.0046521273865322565,0.050002304100330755,0.7241048982365442,0.03620691332216275,0.060297403870490075,0.7219454869561387,0.04353143859947192,0.0030078508907944667,0.6905773068336077,0.002077153567521911,6.316334043619183e-05,1.0,6.316334043619183e-05,0.0007368336378402309,0.7207967010875689,0.0005311072554055909,2.312002872148244e-15,1.0,2.312002872148244e-15,1.0,1.0,1.0,0.006930949234582496,0.060351227061876914,-13.38194466511944,-1.216509396134529,8.109694112674504,-1.2884842861302883,1.0182031296765865,-69.73865765101722,49.325157518729426,9.807465287005332,-4.456221862274446,458.15,10.0,0.05
284,5.00688713598753e-05,0.24100372469814696,1.206678448916233e-05,1.083601597935406e-08,0.7144077269366411,7.741333544859456e-09,0.9978232725576099,1.0002029859972468,0.998025816709666,0.0004789807800084832,1.0097986802996122,0.0004836741595414454,0.0064045361918494,0.7183364643716217,0.004600611883993188,0.05000230823325364,0.7198432316490386,0.035993823148536636,0.06030004489011077,0.7177522509666248,0.04328049295326552,0.0030070066580529338,0.6862646448077057,0.002063602356123102,6.137179125123908e-05,1.0,6.137179125123908e-05,0.0007860669002510205,0.7166388282324846,0.0005633260623082324,2.4381217700318415e-15,1.0,2.4381217700318415e-15,1.0,1.0,1.0,0.0069335858432177586,0.06035012459748663,-13.395734772679011,-1.2310530136884235,8.111184220029275,-1.250184722908778,1.064019768472591,-69.11272739586428,49.044871059054046,9.804958484686685,-4.462982207480148,463.15,10.0,0.05
285,4.587689985565105e-05,0.2370204590301907,1.0873763862668504e-05,1.0808274108263954e-08,0.7098754728546091,7.672528693346105e-09,0.9978222919160166,1.000206717082407,0.998028558828962,0.000526235576023271,1.0097991071798333,0.0005313922148345643,0.0063639555869581255,0.7146363621196675,0.004547914069354889,0.05000231266940159,0.7156166912210363,0.03578248954587686,0.060302531844341506,0.7135816797807523,0.04303078196851751,0.0030062742244931673,0.6819885567727307,0.0020502446196251547,5.962289255462217e-05,1.0,5.962289255462217e-05,0.0008382463720514381,0.7125149808522047,0.0005972630977316606,2.570091142881921e-15,1.0,2.570091142881921e-15,1.0,1.0,1.0,0.006936068062837047,0.060348419552471264,-13.412854470392343,-1.2459332826829752,8.115061478739921,-1.2143912459367925,1.1085505507662092,-68.5060470022665,48.775119338377635,9.804209637883515,-4.469702555432868,468.15,10.0,0.05
286,4.241953942406172e-05,0.23142922785063158,9.817121254690024e-06,1.0726288640494505e-08,0.7053696965141845,7.565998963069141e-09,0.9978212465227906,1.0002104597399493,0.9980312477228497,0.0005761711968826842,1.009799673619122,0.0005818174865608736,0.006320772408445198,0.7109484129112869,0.004493743112157566,0.050002317210235556,0.7114080600670315,0.03557205148539002,0.06030583177259713,0.7094349245207004,0.042783063211750516,0.0030046909181466416,0.6777321120604811,0.00203637552204447,5.791202528950462e-05,1.0,5.791202528950462e-05,0.0008932228832102622,0.7084079748007069,0.0006327662137406302,2.707191892623176e-15,1.0,2.707191892623176e-15,1.0,1.0,1.0,0.006939363144751944,0.06034826203830985,-13.433062649281986,-1.2611374769914576,8.121133722563943,-1.180946857450419,1.1518346859843314,-67.91792318211671,48.51552632690873,9.805129965609822,-4.476386622123889,473.15,10.0,0.05
287,0.005480469995413265,0.3934593339316515,0.002156342074027705,3.892394691430732e-11,0.812424718245326,3.162277660485211e-11,0.9977446085264456,1.00016058198061,0.9979048283318259,3.444800629261405e-07,1.0106793919495132,3.4815890053692163e-07,0.0037301302165821185,0.7772726597388941,0.0028993282346151997,0.05000207249782969,0.7975191481424534,0.039877610263826344,0.06542818080469338,0.8040315155759534,0.052606319373775134,0.000689303168632033,0.773734633084996,0.0005333377342658313,0.00010009661937474019,1.0,0.00010009661937474019,4.5734969746971716e-05,0.7950099048977721,3.635975394904248e-05,1.9127637479113023e-16,1.0,1.9127637479113023e-16,1.0,1.0,1.0,0.009210944692058309,0.07090865083903061,-16.41588742869059,-0.8897215652581885,10.499999999956486,-5.350106451531616,-2.210716152497351,-116.12964986525002,71.30381022030444,11.810768057433055,-4.226262140374754,273.15,10.5,0.05
288,0.00527128807925247,0.39184261025931155,0.0020655152804030796,4.848923358619213e-11,0.811230024441431,3.933592214727294e-11,0.9977478084421063,1.0001597945988006,0.9979072431528604,3.7294698970461087e-07,1.0106463646851922,3.7691751936525105e-07,0.003747042142470689,0.7772305275329353,0.0029123155410806325,0.05000208489144025,0.7973240304551696,0.039867863856804686,0.06523595321546105,0.80346485114077,0.052414795439286656,0.0008847281861502039,0.7727983043823599,0.0006837164420961586,9.691560390679252e-05,1.0,9.691560390679252e-05,5.9521885384195946e-05,0.794398944358989,4.728412291546199e-05,2.4783997716782083e-16,1.0,2.4783997716782083e-16,1.0,1.0,1.0,0.009018703168712863,0.07050724134320276,-16.278376525552197,-0.8984185306283514,10.405210664262414,-5.231731785906242,-2.0581497869542917,-113.96401300308678,70.33861265266182,11.723440427717767,-4.232662005748673,278.15,10.5,0.05
289,0.005025807569161705,0.390359604348931,0.0019618722542318265,5.989944807329656e-11,0.8101340125336834,4.8526580216172786e-11,0.9977515601099761,1.0001588586843897,0.9979100616101629,4.094404970368969e-07,1.0106075565467214,4.137836602617338e-07,0.0037665874699274,0.7772985622326619,0.002927763024898127,0.050002099878565,0.7971828360820139,0.039860815791250566,0.06501007137633046,0.8028925434621698,0.052196101557999156,0.0011135729986406846,0.7719782963530722,0.0008596541863554179,9.397247794699058e-05,1.0,9.397247794699058e-05,7.619595077339407e-05,0.793894099412497,6.049151571812261e-05,3.1574347583511034e-16,1.0,3.1574347583511034e-16,1.0,1.0,1.0,0.008792804479586143,0.0700358790053916,-16.147181339828645,-0.907197481020545,10.314020313374117,-5.1137545223062615,-1.9114670638161462,-111.88272977504886,69.4053623890453,11.639542564721728,-4.239097914334169,283.15,10.5,0.05
290,0.004745709117981508,0.38900590054650147,0.0018461088491721395,7.353395080031593e-11,0.8091347777014078,5.949887693431997e-11,0.9977558285565706,1.0001577774983794,0.9979132519751936,4.558841943365205e-07,1.0105632814144747,4.6069982737370866e-07,0.003788906680863024,0.7774741073168713,0.002945776839410908,0.05000211757226895,0.7970984105132074,0.03985660843915011,0.06475235847278116,0.8023162563125394,0.05195186983728931,0.001374031451443167,0.7712726791276181,0.001059752918760181,9.125036040779647e-05,1.0,9.125036040779647e-05,9.588460577697309e-05,0.7934935294105795,7.608381425411247e-05,3.952711264813748e-16,1.0,3.952711264813748e-16,1.0,1.0,1.0,0.008535071683038868,0.06949806766429663,-16.02099211379773,-0.9160023284689603,10.22549123168037,-4.99558239633785,-1.7703585308876697,-109.88040248384479,68.50189962600093,11.55849192417021,-4.245566224670512,288.15,10.5,0.05
291,0.0044358539522536995,0.3875621457839766,0.001719169076119776,8.990218187284534e-11,0.8082270797913058,7.266137792195678e-11,0.9977605282830859,1.000156602425302,0.9979167800016855,5.149216382867962e-07,1.010514368549605,5.203357141659099e-07,0.003813959030294878,0.7777155549062754,0.00296617526363558,0.050002137920600286,0.7970340849270804,0.03985340824194331,0.06446763757151971,0.8017389453429425,0.05168621575534128,0.0016612999850398485,0.7706406729131755,0.0012802653383817573,8.872967530089468e-05,1.0,8.872967530089468e-05,0.00011853282097951817,0.7931564106445955,9.401506683169308e-05,4.859299314342193e-16,1.0,4.859299314342193e-16,1.0,1.0,1.0,0.008250327904186864,0.06890349161367561,-15.898535652029777,-0.9247739140557107,10.138696370604487,-4.876632365014914,-1.634536157561496,-107.9520093920769,67.62618542820255,11.479743010901261,-4.252063492380796,293.15,10.5,0.05
292,0.004101789230359579,0.3864168252852945,0.00158500037238496,1.0953718597648669e-10,0.8073895399875616,8.843917819708762e-11,0.9977655635999746,1.0001552978276482,0.9979205144245039,5.89433618846808e-07,1.0104617539684224,5.956001283479004e-07,0.0038416396398655442,0.7780702240945505,0.0029890654154806928,0.05000216082291081,0.7970441264933819,0.03985392859587856,0.0641613537202014,0.8011487751874833,0.05140278994731024,0.001969943161041937,0.7701294347898016,0.0015171112131812626,8.640068007173302e-05,1.0,8.640068007173302e-05,0.00014403174520116508,0.7929327067003071,0.00011420748157312884,5.870600949364551e-16,1.0,5.870600949364551e-16,1.0,1.0,1.0,0.00794401830384397,0.0682631430600982,-15.779347573042294,-0.9334958751818427,10.053355301666912,-4.756886961262921,-1.503731564349475,-106.09342668282287,66.77684781263828,11.403061509404786,-4.258539714748453,298.15,10.5,0.05
293,0.0037556020416112065,0.3845039090492742,0.0014440436658329438,1.3335660778571703e-10,0.8061656209707089,1.0750751252611981e-10,0.9977707301822608,1.0001543566152797,0.9979247426949971,6.837601606619185e-07,1.0104074635795015,6.908763696311216e-07,0.0038716484698990278,0.7780549564502588,0.0030123552816379994,0.050002185917240594,0.7966407640690962,0.03983377959423555,0.06384529790153602,0.8001125940908559,0.05108342692450146,0.0022882756666692933,0.7692606423576699,0.0017602804092334454,8.415722544826603e-05,1.0,8.415722544826603e-05,0.00017198389786132,0.7923334862031648,0.0001362686013632688,6.961086388821301e-16,1.0,6.961086388821301e-16,1.0,1.0,1.0,0.007627934271670896,0.06760090007650384,-15.662270040319244,-0.9421082940561805,9.968561186588925,-4.635986555834788,-1.377694167142049,-104.30049010786344,65.9522653827249,11.328067166355922,-4.26542478774992,303.15,10.5,0.05
294,0.0034039379207124096,0.3826399484674017,0.0013024826305676304,1.620481479269336e-10,0.8049759538900711,1.3044486245360273e-10,0.9977759228313317,1.0001534032204042,0.9979289848711358,8.025966778737751e-07,1.0103525651421157,8.109056122643082e-07,0.0039035506379290785,0.7780710733669942,0.0030372398347958936,0.05000221288506592,0.7962404979906118,0.03981378688823748,0.0635256851050597,0.799059961776024,0.050760831511844746,0.002610005529165293,0.7684315850543982,0.002005610685777229,8.207587283110133e-05,1.0,8.207587283110133e-05,0.00020204037352274088,0.7917696515111022,0.00015996943613527358,8.12020235575652e-16,1.0,8.12020235575652e-16,1.0,1.0,1.0,0.007308291155319361,0.06692962318782028,-15.547491273771426,-0.9506289607777872,9.884573020833503,-4.514227882780983,-1.2561902218483203,-102.56996620658808,65.15155671634326,11.254729520414042,-4.27222440922915,308.15,10.5,0.05
295,0.0030568322030855057,0.3805729404163439,0.0011633476198876214,1.96610459646568e-10,0.8037982264841397,1.580351387721429e-10,0.997780979885245,1.0001525131717637,0.9979331546272127,9.52286980295997e-07,1.010298695567337,9.620942939988035e-07,0.003936835129349873,0.7780669843386846,0.003063121436931852,0.0500022412558932,0.7957961525433186,0.0397915912099826,0.06321204546642366,0.7979870248532251,0.05044239209663821,0.0029256196620760424,0.767590337642829,0.002245677384227449,8.013894994976511e-05,1.0,8.013894994976511e-05,0.0002336852095440184,0.7911909962512699,0.00018488963374831865,9.326297718899754e-16,1.0,9.326297718899754e-16,1.0,1.0,1.0,0.006994619619415675,0.06626887786611965,-15.434768219109005,-0.9590496148729324,9.801246337867482,-4.391738291454433,-1.1390009893815654,-100.89870215162411,64.37374837519256,11.182952908227545,-4.2789076108369795,313.15,10.5,0.05
296,0.002732891552273405,0.3755133394626982,0.0010262372331835833,2.388204283378215e-10,0.8026346374274514,1.9168554790919597e-10,0.9977856095314438,1.0001519972742186,0.9979372702243471,1.1432727079777633e-06,1.010248851884641,1.1549899406255795e-06,0.003970337699511086,0.7777649846441838,0.0030879896398924634,0.05000226995687031,0.7950309044682123,0.03975334990927433,0.06292183063995495,0.7969291422692725,0.050144240521911736,0.0032177022694642853,0.7664609776661888,0.0024662432272923103,7.830917763996308e-05,1.0,7.830917763996308e-05,0.0002657378483828972,0.7903192963285737,0.0002100177493418404,1.0531204421301573e-15,1.0,1.0531204421301573e-15,1.0,1.0,1.0,0.006704372524492469,0.06565472243104879,-15.322631434008972,-0.9672836121779259,9.717410629427041,-4.267792299889625,-1.025921657847101,-99.28292044503347,63.61708470212874,11.11223232678486,-4.285491207377493,318.15,10.5,0.05
297,0.0024154789332802573,0.3735760114819779,0.0009023649857135814,2.8828275449429014e-10,0.8014070346097013,2.310318274083857e-10,0.9977900687156944,1.0001512510684993,0.9979409855297257,1.3785684048272625e-06,1.010200370822931,1.3926303137612763e-06,0.004005186618814601,0.7777485887818828,0.0031150282405911374,0.050002300045262564,0.7945401866588332,0.03972883681133389,0.06263953606428488,0.7957849123957264,0.04984759771942588,0.003501716821452291,0.7656200541133498,0.002680984622329929,7.662904728105218e-05,1.0,7.662904728105218e-05,0.00029937500047767985,0.7897437821378687,0.00023642954515476892,1.1785470484436493e-15,1.0,1.1785470484436493e-15,1.0,1.0,1.0,0.006422044120499686,0.0650550152858479,-15.214975365668847,-0.9755824091100008,9.636328186706617,-4.145343431731096,-0.9167604554627468,-97.72273114370891,62.88355340509223,11.043917149452197,-4.291816170536003,323.15,10.5,0.05
298,0.002124840281465443,0.3705716033455933,0.000787405469955951,3.472921578953451e-10,0.7997053069727323,2.7773138173891995e-10,0.9977940324334823,1.0001510616980842,0.99794476089436,1.6722948058377028e-06,1.0101565553273273,1.689279560556797e-06,0.00404035782631308,0.7772316001900894,0.003140293778685866,0.050002330505277116,0.7935274134100291,0.03967821999032593,0.0623843965925066,0.7941838614624664,0.04954468098084281,0.00375854491502775,0.7642905012281361,0.002872620176995022,7.498076358117715e-05,1.0,7.498076358117715e-05,0.00033348313024987917,0.7886701373092517,0.0002630081861244914,1.3030684163873312e-15,1.0,1.3030684163873312e-15,1.0,1.0,1.0,0.006166870402584361,0.06450923722126416,-15.109842837662061,-0.9838319060736254,9.556375045183017,-4.023442355297653,-0.8113371502057227,-96.21453236940542,62.17129945299711,10.977418957378084,-4.298391226653273,328.15,10.5,0.05
299,0.0018590220333169882,0.3677536920146357,0.0006836622162888777,4.166711586148762e-10,0.7979536535229724,3.324842733343909e-10,0.9977975417664026,1.000151000690811,0.9979482098844987,2.0371800445699564e-06,1.0101170330728917,2.0577902624563056e-06,0.004075627614544034,0.7766635609565331,0.0031653914562445504,0.05000236121169531,0.7924534576698526,0.039624544033864874,0.06215424754099591,0.7925474427930221,0.049260189947340785,0.003990279107261815,0.7629148497159833,0.003044243185441476,7.34362872665195e-05,1.0,7.34362872665195e-05,0.0003679359575319372,0.7875542688845655,0.0002897695340304074,1.4274131831082187e-15,1.0,1.4274131831082187e-15,1.0,1.0,1.0,0.005936686827905592,0.06401326999098407,-15.007963945797023,-0.9920878762583049,9.47822889221237,-3.9026466676781086,-0.7094828682904636,-94.75640421760995,61.48002867408782,10.912914181246308,-4.304752983558045,333.15,10.5,0.05
300,0.0016207179882376979,0.36465876421838805,0.000591009018737271,4.977419966828348e-10,0.796147341822083,3.9627596757225555e-10,0.9978005577690034,1.000151116414123,0.9979513418113035,2.4895629454713336e-06,1.010082220883856,2.514663268991836e-06,0.004110716477424649,0.7760041010802902,0.003189932844859852,0.05000239191626881,0.7912792873243577,0.0395658570400184,0.06195151926279229,0.7908790234967934,0.04899615705869996,0.004194501155715991,0.7614523496382909,0.0031939127605804677,7.19831789818252e-05,1.0,7.19831789818252e-05,0.0004024742346494301,0.7863553844378207,0.00031648778151407015,1.5506716906803711e-15,1.0,1.5506716906803711e-15,1.0,1.0,1.0,0.005733924028607818,0.06357223774877198,-14.909436891534499,-1.0003665924755192,9.402002264953808,-3.7832142349351003,-0.6110387328719952,-93.34628777713407,60.80919788805748,10.85043996931205,-4.310906850466445,338.15,10.5,0.05
301,0.0014082352510122514,0.361749151729002,0.0005094279074885601,5.914601535851657e-10,0.7942839847192519,4.697873275922862e-10,0.997803109183878,1.0001513738555599,0.9979541504876048,3.0475323040468684e-06,1.0100518341864675,3.0781655934450494e-06,0.004145644720777118,0.7752811181705883,0.0032140400746620812,0.05000242264904063,0.7900344292607904,0.03950363543919163,0.061774557291075345,0.7891766480301403,0.0487510380565167,0.00437287060884173,0.7599299533143894,0.003323075357626962,7.06163968818118e-05,1.0,7.06163968818118e-05,0.00043714940185151236,0.7851010533368228,0.0003432064558591844,1.673170539737917e-15,1.0,1.673170539737917e-15,1.0,1.0,1.0,0.005556927504093417,0.06318279313354774,-14.814710311911103,-1.0087085778080849,9.328098702396579,-3.665611651656565,-0.5158552946651719,-91.98248064977443,60.15851912439956,10.790147058662466,-4.31685205108112,343.15,10.5,0.05
302,0.0012155434905579304,0.3609543307416518,0.0004387556871217091,6.981002758482976e-10,0.7923661844063571,5.5315105190694e-10,0.997805289668565,1.0001516612306751,0.9979566180467702,3.730107049021915e-06,1.0100249047495524,3.7675010168939973e-06,0.004180786658400525,0.7745814616006244,0.00323835984050427,0.05000245376589181,0.788807448477204,0.03944230797267248,0.06161772502760656,0.7874352975698851,0.04851997164269272,0.0045310227700135035,0.7584330490803046,0.0034364774149136293,6.933770712264159e-05,1.0,6.933770712264159e-05,0.0004723755502851439,0.7838777003643936,0.00037028466006588354,1.7966238564223573e-15,1.0,1.7966238564223573e-15,1.0,1.0,1.0,0.005400060256007477,0.06283326921626478,-14.724512443204977,-1.0171754505547743,9.257156257389983,-3.5504599528174294,-0.4237918468473303,-90.66357095087393,59.52790181611616,10.732271595276616,-4.322585085622224,348.15,10.5,0.05
303,0.0010544459277141535,0.3571805280091612,0.0003766275532180512,8.204951376862474e-10,0.789960089874188,6.481584127079616e-10,0.9978069095506393,1.000152621129046,0.9979591959677448,4.567362535795455e-06,1.010003358951513,4.613051502702708e-06,0.004215530669640616,0.7732682097381578,0.0032597358540092957,0.050002484658013574,0.7869532431018299,0.03934961746477328,0.061492243463443966,0.7852477039474367,0.04828664299024615,0.0046578301989764715,0.7563356324516131,0.003522882949395093,6.805275265767961e-05,1.0,6.805275265767961e-05,0.0005075069018801306,0.7820428365764082,0.0003968921371284421,1.9164629581964224e-15,1.0,1.9164629581964224e-15,1.0,1.0,1.0,0.005274543959890564,0.06254669021165327,-14.63783482210261,-1.0257100240449584,9.188318837714265,-3.4373862365508185,-0.33471559074020235,-89.38727831601231,58.9163016424393,10.676560240945397,-4.328610561927138,353.15,10.5,0.05
304,0.0009149173523189126,0.3531522872631699,0.00032310515562818744,9.581925439570384e-10,0.7875095577165524,7.545857864989061e-10,0.9978081381604484,1.0001537191464858,0.997961520375803,5.587447400337133e-06,1.0099855164159641,5.643240948076535e-06,0.004250088687581399,0.771883626190987,0.003280573867803623,0.05000251560952306,0.7850234112308596,0.039253145373912106,0.06138832778957785,0.7830394881027432,0.04806948476783444,0.004763002735432209,0.754170440753999,0.0035921158722934106,6.68368790504147e-05,1.0,6.68368790504147e-05,0.0005428870105959018,0.7801433298941781,0.0004235296802025828,2.0358897841875025e-15,1.0,2.0358897841875025e-15,1.0,1.0,1.0,0.005170593487300648,0.062303246100089305,-14.555436444227293,-1.03437671340997,9.122291379499758,-3.32682314543201,-0.24850162261697842,-88.15224374426899,58.323515981717264,10.62316854901104,-4.3344630438830105,358.15,10.5,0.05
305,0.0007941028893957052,0.34911260687427326,0.00027723132984332726,1.1114527187512787e-09,0.7850192054812195,8.725117302040714e-10,0.997809021581309,1.0001549309401225,0.9979636130710853,6.8243125179690654e-06,1.009970908724304,6.8923571151918545e-06,0.00428455446049134,0.7704442269607801,0.003301010249184613,0.0500025467317089,0.78303513154536,0.03915375075766669,0.06130325095529712,0.780812311064568,0.04786633305417675,0.0048492717242346215,0.7519536791660926,0.003646427714314324,6.568593953722191e-05,1.0,6.568593953722191e-05,0.0005786733715235823,0.7781950902346625,0.00045032077656919045,2.1555252871489066e-15,1.0,2.1555252871489066e-15,1.0,1.0,1.0,0.005085481662405014,0.06209735495614555,-14.477468539899265,-1.0431991522158972,9.059228725596684,-3.2189535282482633,-0.16503188636739966,-86.95696549690767,57.74912696658921,10.572133106468183,-4.3401544218288475,363.15,10.5,0.05
306,0.0006951954025293988,0.3419775339071252,0.00023774120934057504,1.2815554253195838e-09,0.7824948569425257,1.0028105291993637e-09,0.9978095178414391,1.0001563449507131,0.9979655203213271,8.323481048722003e-06,1.009960007976366,8.406382986358402e-06,0.004318440528064532,0.7688727980939875,0.0033203314522154523,0.050002577614194015,0.7809111883782021,0.03904757230667353,0.06123976342565461,0.7785798261708534,0.047680044362690355,0.004913899821627913,0.7496089615138049,0.003683503342273371,6.458626936006403e-05,1.0,6.458626936006403e-05,0.0006144559382647816,0.7761203547728045,0.00047689176079831883,2.2738273552097098e-15,1.0,2.2738273552097098e-15,1.0,1.0,1.0,0.005021959411642653,0.06193496010973943,-14.403482207514632,-1.0521577352317815,8.998781114732592,-3.1135611957414215,-0.08419484908136801,-85.79964187402946,57.19234950510573,10.523296125790838,-4.345703510187636,368.15,10.5,0.05
307,0.0006047088349783794,0.3379565818251604,0.00020436533086876807,1.4657530849216205e-09,0.779938637195124,1.1431974635183176e-09,0.9978098261493725,1.0001577390651148,0.9979672197385118,1.011814356184396e-05,1.0099506988165983,1.0218826161010969e-05,0.004352878668171092,0.767351747767906,0.0033401890538427236,0.05000260931902847,0.7788355749769041,0.038943810979331035,0.06118554530640892,0.7763211170900143,0.04749963088203305,0.0049691942060111375,0.7473166134847332,0.0037135613857842025,6.355199083067054e-05,1.0,6.355199083067054e-05,0.0006514469089945578,0.7741009816076053,0.0005042856917179277,2.395344281947082e-15,1.0,2.395344281947082e-15,1.0,1.0,1.0,0.004967705646711316,0.06179025560714039,-14.33455352307684,-1.0613439865863465,8.941878747811575,-3.011394877451688,-0.005885098962639279,-84.67952789596885,56.65339294445074,10.476986826374734,-4.3511100345692375,373.15,10.5,0.05
308,0.0005278236495749539,0.33317075826561715,0.00017585540555941276,1.6654144156626863e-09,0.7769040652973138,1.2938672299330921e-09,0.9978098519130135,1.0001596164899147,0.9979691188191782,1.2258237946652592e-05,1.0099438809815098,1.2380132405837122e-05,0.004387879212204291,0.7653452724374953,0.0033582426110873166,0.050002641830972513,0.7762661826490864,0.03881535989649855,0.06114583731254094,0.7736030078446916,0.04730260366216384,0.005009991332008596,0.7445535674699159,0.0037302069192403572,6.25059141619124e-05,1.0,6.25059141619124e-05,0.0006896793036200674,0.7715973233135189,0.0005321547046179757,2.51723677030363e-15,1.0,2.51723677030363e-15,1.0,1.0,1.0,0.0049279610997258975,0.061673662627530317,-14.270214325995665,-1.07073783194355,8.888110286469306,-2.91237841242721,0.06999727888904911,-83.59513885102291,56.13166967075424,10.433126253927174,-4.356885691071894,378.15,10.5,0.05
309,0.00045853897956052604,0.33077101067591697,0.00015167140170353882,1.877975220416497e-09,0.7738545763328445,1.4532797185589912e-09,0.9978097041381422,1.0001615037457816,0.9979708541429377,1.4800135481581825e-05,1.0099385069613176,1.4947226731093975e-05,0.004423285798559157,0.7633545840798297,0.0033765354910253436,0.050002675120494756,0.7737116643129506,0.03868765298757776,0.06111453855376348,0.7708762688753517,0.04711174745436402,0.005042324843685998,0.7418095691197216,0.003740444819656379,6.151524646697778e-05,1.0,6.151524646697778e-05,0.0007291767098777438,0.769114076578814,0.0005608200718803987,2.642128502430259e-15,1.0,2.642128502430259e-15,1.0,1.0,1.0,0.0048966249136012645,0.06157307941129925,-14.210588649110933,-1.080362360709406,8.837650787260813,-2.8164471234481674,0.14354655494702467,-82.54508059650182,55.62662858270739,10.391644507999256,-4.362542207849094,383.15,10.5,0.05
310,0.00040168341387181676,0.32603485769140067,0.00013096279467869374,2.104020751354555e-09,0.7707890317665733,1.6217561177533542e-09,0.997809317604379,1.0001635197283771,0.9979724791129658,1.781866652892228e-05,1.0099352982827337,1.7995700295887675e-05,0.004458398279943091,0.7612866826968321,0.0033941192366791374,0.05000270861058258,0.7710788614895026,0.038556031626839356,0.06109585165334871,0.768149942617166,0.0469307749416667,0.005062006636745941,0.7389928631836966,0.003740786777943758,6.056470463513846e-05,1.0,6.056470463513846e-05,0.0007693734023542151,0.766557980867399,0.0005897693218417282,2.76784103504524e-15,1.0,2.76784103504524e-15,1.0,1.0,1.0,0.00487790036034383,0.06149753717124126,-14.155073622831484,-1.0901851704623455,8.790014455104833,-2.723260579237309,0.21485221812430985,-81.52775676075153,55.13746718387252,10.35233725201881,-4.368099573048531,388.15,10.5,0.05
311,0.00035261290028136457,0.3213408834473485,0.00011330894089134549,2.3409090934999937e-09,0.7677128490011835,1.797145989423656e-09,0.9978087607927404,1.0001655894772663,0.9979739874238517,2.1380220571186216e-05,1.0099335226416402,2.1592601476313365e-05,0.004493528773944304,0.7591978170078495,0.003411477235840473,0.05000274264390208,0.7684247217286642,0.038423343601810454,0.06108551145139877,0.7654216790392728,0.046756174740102366,0.00507330040135229,0.7361590425152593,0.0037347559658517846,5.965621219200446e-05,1.0,5.965621219200446e-05,0.0008107161725464268,0.7639849575131251,0.000619374960638085,2.8959691462773766e-15,1.0,2.8959691462773766e-15,1.0,1.0,1.0,0.004867521894796854,0.06143812669258921,-14.103898333907543,-1.1002363667345332,8.745416641964022,-2.632991518983467,0.2839990876774231,-80.54215257148087,54.66391852710905,10.315259623579507,-4.373560118917565,393.15,10.5,0.05
312,0.0003131435502899533,0.3135373150286995,9.818218797646643e-05,2.587853787688324e-09,0.7646281187864028,1.9787457733743894e-09,0.9978080120994045,1.0001677594336285,0.9979754038063843,2.5572724767315647e-05,1.009933432567205,2.5826749704351462e-05,0.004528244480853444,0.7570495152055888,0.003428105288962484,0.05000277690163963,0.7657109375976637,0.038287673183841284,0.06108498882842238,0.762697899779818,0.046589392687511395,0.005074743908394852,0.733270212922805,0.0037211585462374,5.8780695535122494e-05,1.0,5.8780695535122494e-05,0.0008529390248083521,0.7613563707785356,0.00064939056042347,3.02548089171289e-15,1.0,3.02548089171289e-15,1.0,1.0,1.0,0.0048669607559107125,0.06139813496656613,-14.056746701462684,-1.1105038951191848,8.703609999787018,-2.5454736239764,0.3510676477578886,-79.58697795038927,54.20539762459864,10.28029985333704,-4.37893394670425,398.15,10.5,0.05
313,0.0002767694148136123,0.3081748151507079,8.529336324955454e-05,2.841414471441418e-09,0.7610437651160221,2.162440767600929e-09,0.9978071321503104,1.0001703559973594,0.99797711457948,3.0447280902058634e-05,1.0099341798202457,3.0749749665577235e-05,0.004564058243756948,0.7544428912311484,0.00344332129716735,0.05000281274196375,0.7625342898076364,0.03812885930257756,0.06108934330719322,0.759477543586127,0.046395984394236714,0.0050713355363683895,0.7299417978056989,0.0037017797786926703,5.7882052014314153e-05,1.0,5.7882052014314153e-05,0.0008976007968913597,0.7582706474585599,0.0006806243374181307,3.157834387049608e-15,1.0,3.157834387049608e-15,1.0,1.0,1.0,0.004871274939472619,0.061366115563421295,-14.014195296242592,-1.1210458532769394,8.665055779658003,-2.461268169868704,0.416134464191886,-78.66172986807473,53.762067060447826,10.24771246231046,-4.384774782093886,403.15,10.5,0.05
314,0.00024346077580189338,0.3051373365934082,7.428897269315458e-05,3.0983098218826302e-09,0.7574624188839365,2.3468532521350762e-09,0.9978061512702624,1.0001729549379084,0.9979787267712,3.6113652665375004e-05,1.0099356021776469,3.64724635514399e-05,0.004599945960656103,0.751852759188118,0.00345848206263553,0.050002849395077986,0.7593756144574939,0.03797094448401288,0.06109762996587125,0.7562616035591647,0.04620579161165427,0.005063959474159086,0.7266343159222203,0.003679646728363433,5.7019995144389864e-05,1.0,5.7019995144389864e-05,0.0009439566826841172,0.7552053362347367,0.0007128811239374852,3.293935630722361e-15,1.0,3.293935630722361e-15,1.0,1.0,1.0,0.004879520389123371,0.061341093839982964,-13.975880973414826,-1.1318465234229063,8.62951406582556,-2.3799753865313145,0.4792719407085294,-77.76499975077613,53.333146133061376,10.21727320247532,-4.39053556975351,408.15,10.5,0.05
315,0.00021616305022943808,0.2998909758205853,6.482534806966038e-05,3.357488501092765e-09,0.7538824320215585,2.531151596688228e-09,0.9978050326068122,1.000175624033704,0.9979802711514888,4.268742248683078e-05,1.0099381198706388,4.311165520847348e-05,0.004635294727193547,0.7492278846759057,0.0034728920633045994,0.050002886403423784,0.756183721856889,0.037811368744128236,0.06111229638507115,0.7530546591000377,0.046020899521080225,0.0050501781937682035,0.7232973443159211,0.0036527804758747155,5.618386636615965e-05,1.0,5.618386636615965e-05,0.0009916143177152597,0.752109156937964,0.000745802208504438,3.432262141759289e-15,1.0,3.432262141759289e-15,1.0,1.0,1.0,0.004894145199909815,0.06132846279278909,-13.941428017288493,-1.1428877161265214,8.596681843133508,-2.3013904138753993,0.5405490766824828,-76.89562579562224,52.91806672702915,10.188857341749454,-4.396227639425433,413.15,10.5,0.05
316,0.00019426690166315886,0.2917337903733207,5.6674219566274525e-05,3.616182485041057e-09,0.7503062611457519,2.7132443599719057e-09,0.9978037875523981,1.000178355815967,0.9979817516611018,5.02820538333012e-05,1.0099416166537365,5.0781938737074464e-05,0.004669923371329563,0.7465722973068876,0.0034864354195806384,0.05000292370270354,0.7529629457299007,0.037650348726295135,0.06113266544749736,0.7498584764828742,0.04584084737579762,0.005030672399144917,0.7199349179438181,0.003621756720880627,5.536999387695717e-05,1.0,5.536999387695717e-05,0.0010406157871754962,0.7489860203960609,0.0007794066771978892,3.57288103274887e-15,1.0,3.57288103274887e-15,1.0,1.0,1.0,0.004914472326826022,0.061326935965343,-13.910762198121128,-1.1541747652201153,8.566511091086033,-2.225488171355595,0.6000314883269476,-76.05267448368585,52.51645674464325,10.162431709598076,-4.401854505719799,418.15,10.5,0.05
317,0.00017329610567882366,0.28668923194414847,4.968212743597394e-05,3.869157026530306e-09,0.7467366761470754,2.8892414574823415e-09,0.9978024760470513,1.0001810752900857,0.9979831534198498,5.899559790759737e-05,1.0099454126309853,5.958233347220014e-05,0.0047042495055612974,0.7439433075207323,0.003499694936570042,0.050002961760998534,0.7497710807895752,0.03749077468222367,0.061154777118688414,0.7466674843683069,0.045662283588315575,0.005009398739302613,0.7166035236030951,0.003589752787717154,5.458238300327703e-05,1.0,5.458238300327703e-05,0.0010915787706253551,0.7458929557869992,0.0008142009156960849,3.717843736215964e-15,1.0,3.717843736215964e-15,1.0,1.0,1.0,0.004936541209147719,0.06132807709352427,-13.884116603648605,-1.165738512957684,8.539216162112092,-2.1524177164031997,0.6577816139175601,-75.23543184058137,52.12813350312951,10.13805170740859,-4.4074161551478115,423.15,10.5,0.05
318,0.00015535803930886348,0.28087802670852463,4.3636659514378975e-05,4.116821029474906e-09,0.7426161642030711,3.057217841619197e-09,0.9978010310536374,1.0001843291118602,0.9979849548315046,6.8916192629512e-05,1.009950008262098,6.960190931556795e-05,0.004738991769382719,0.7407563613922634,0.003510438299755826,0.05000300123926915,0.746019822332149,0.0373032301005938,0.06118154629620711,0.7429294334259418,0.045453571525964166,0.004983516171532419,0.7127395190981741,0.003551948919515989,5.3748054198935603e-05,1.0,5.3748054198935603e-05,0.0011453251542261006,0.7422444296597537,0.0008501112158735217,3.864077346960129e-15,1.0,3.864077346960129e-15,1.0,1.0,1.0,0.004963266001321094,0.061336908452336976,-13.861390542418505,-1.1775823706647324,8.514673614580273,-2.082338602729237,0.713859124130008,-74.4432369326084,51.75293964138586,10.11577955657977,-4.413558554646412,428.15,10.5,0.05
319,0.00013866406130343397,0.27707212080037585,3.841994554413579e-05,4.3534186165880745e-09,0.738510368681289,3.2150447875604435e-09,0.9977995163044573,1.000187584952092,0.9979866884789208,8.020047810955597e-05,1.009954925787578,8.099886791726493e-05,0.004773000340956278,0.7375869046005852,0.0035205025471434803,0.05000304130327436,0.7422895405616775,0.03711673455569411,0.06121019021914085,0.7392054056205104,0.045246903489048605,0.00495573933892513,0.7088986711133213,0.0035131170317480335,5.293402050298688e-05,1.0,5.293402050298688e-05,0.0012010854667968312,0.7386173749408856,0.000887142594565124,4.014065823581509e-15,1.0,4.014065823581509e-15,1.0,1.0,1.0,0.004991864880369268,0.0613488586338629,-13.842423833619009,-1.189704237193379,8.492812972707137,-2.0149566972994704,0.7683204701700518,-73.67501503660381,51.39027685198861,10.095451443197128,-4.419643589343461,433.15,10.5,0.05
320,0.00012613504485850811,0.2686490780900428,3.388606351608442e-05,4.578042059357872e-09,0.7344172979404933,3.3621932790915337e-09,0.9977978982384548,1.0001909028112663,0.9979883806623041,9.300645543046783e-05,1.0099605638929798,9.393285217224252e-05,0.004805518982708046,0.7343907087309852,0.0035291284915311663,0.05000308140517159,0.7385360218175786,0.03692907681959595,0.06124303090825609,0.7354993698013229,0.04504421063774529,0.00492375547265361,0.7050375642890047,0.003471432565594357,5.213030447003635e-05,1.0,5.213030447003635e-05,0.0012584095360479162,0.7349676367327278,0.0009248902827510658,4.166117821129838e-15,1.0,4.166117821129838e-15,1.0,1.0,1.0,0.005024660482997022,0.06136917053115666,-13.826904819506108,-1.2020882065760412,8.47337732432005,-1.9501130028641442,0.8212196725652934,-72.92986401177164,51.039695183487204,10.076972432739806,-4.425679943236577,438.15,10.5,0.05
321,0.00011384405150509785,0.2631764214734981,2.9961070081156258e-05,4.785391047710109e-09,0.730340095722569,3.4949629558545277e-09,0.9977962267266358,1.0001942120576262,0.9979900107849201,0.00010744232786518989,1.009966337100186,0.00010851313432352303,0.004836955856968791,0.731219805299444,0.003536877919974724,0.050003122014129237,0.734811644720799,0.03674287632837708,0.0612766583181727,0.7318069041839066,0.044842681622557,0.004890970728920643,0.7012073518830081,0.0034295846329637485,5.134141659560779e-05,1.0,5.134141659560779e-05,0.0013179264005349458,0.731346987924759,0.0009638615033377524,4.3222385243309695e-15,1.0,4.3222385243309695e-15,1.0,1.0,1.0,0.005058242236339079,0.06139050715506887,-13.815041449919686,-1.2147628253829112,8.456557423109494,-1.8879324297854554,0.8726082371626341,-72.20720080044177,50.70104062294706,10.060390510680369,-4.431665254086022,443.15,10.5,0.05
322,0.00010226783968311853,0.2596283833343561,2.655163388402517e-05,4.973175017715072e-09,0.7262795188846292,3.6119151591951645e-09,0.9977944974672159,1.000197522288128,0.9979915841194372,0.0001236493353525753,1.0099722951678067,0.00012488240302201424,0.0048669829428011025,0.7280657898292843,0.0035434837803361378,0.05000316295814576,0.7311081094496834,0.03655771793683438,0.061311362232951166,0.7281298186796488,0.044642631065680984,0.004857099268702083,0.6973997740281405,0.0033873399324250786,5.056318406242849e-05,1.0,5.056318406242849e-05,0.0013795863571109714,0.7277469856721147,0.0010039898128618833,4.482102566079296e-15,1.0,4.482102566079296e-15,1.0,1.0,1.0,0.005092900117836797,0.06141363504580926,-13.806716035360092,-1.2277285087351322,8.442262459445496,-1.8283600000212787,0.922535327836727,-71.50629552543934,50.37399069437989,10.045664617627304,-4.4376025944616,448.15,10.5,0.05
323,9.299763313676097e-05,0.25340976800938864,2.3566508638608846e-05,5.144031720337866e-09,0.7215819550706916,3.7118404657070564e-09,0.9977926357631374,1.0002014779076018,0.9979936689356115,0.00014168489023163447,1.0099789338565783,0.0001430987543797324,0.004896837842460697,0.7242540569931583,0.003546554673839784,0.05000320533485843,0.7267486574958728,0.03633976234759882,0.06135003012500165,0.7238173300685975,0.044406215004706706,0.00481933149351907,0.6929680912119729,0.003339642945981655,4.9719186536335684e-05,1.0,4.9719186536335684e-05,0.0014446653319216609,0.7234938718636101,0.0010452065145391295,4.641397515407666e-15,1.0,4.641397515407666e-15,1.0,1.0,1.0,0.005131520365829092,0.06144303290217014,-13.801888074658342,-1.2409921450744086,8.430410697957486,-1.771609444489985,0.9710481318517855,-70.8267181315587,50.058502900520295,10.032889093520623,-4.44426731537702,453.15,10.5,0.05
324,8.568513232568347e-05,0.2445757949299199,2.0956509352229415e-05,5.29239016449505e-09,0.7169080994351219,3.794157374297273e-09,0.9977907034219445,1.0002054643629117,0.9979957138531423,0.0001617658133760449,1.0099859027688978,0.00016338119105974982,0.004924612728423259,0.7204440069970751,0.0035479077269740516,0.05000324768489302,0.7223959620715202,0.03612214421802881,0.06139062104736166,0.7195293350354259,0.044172352739619954,0.004779635602791518,0.6885454218097844,0.003290996212221148,4.888023891560388e-05,1.0,4.888023891560388e-05,0.0015117600589926743,0.7192469595604636,0.001087328826015428,4.8030216989216754e-15,1.0,4.8030216989216754e-15,1.0,1.0,1.0,0.005172063674124988,0.061476311472077515,-13.800343759581882,-1.2545447073306988,8.42088465938003,-1.7173422356201955,1.0181912505512332,-70.16751560050713,49.75399170996863,10.02188238262493,-4.450892330490248,458.15,10.5,0.05
325,7.82457347245181e-05,0.23870359317268866,1.8677538029179485e-05,5.414970071862993e-09,0.7122596526490321,3.856864702490046e-09,0.9977887258370551,1.0002094439476394,0.9979977066467046,0.00018399758486929485,1.009992892170494,0.00018583625289452492,0.004950482472806508,0.7166626436029081,0.003547825856071374,0.05000329026265662,0.7180771841875325,0.03590622187192034,0.06143133103573643,0.7152634350305603,0.043939584855120305,0.004739813803831065,0.6841582331054692,0.003242782637277974,4.8048435093825644e-05,1.0,4.8048435093825644e-05,0.0015812584419632643,0.7150330736873934,0.0011306520840511315,4.9680766344109685e-15,1.0,4.9680766344109685e-15,1.0,1.0,1.0,0.005212725792400321,0.06150958218543101,-13.802165643643812,-1.2684035552636181,8.413765595770359,-1.6656071687041831,1.0640075361065016,-69.52814984165968,49.460269040117275,10.012657475218298,-4.457476725070244,463.15,10.5,0.05
326,7.109231874594816e-05,0.2346466908973532,1.668157734195661e-05,5.510701265216282e-09,0.7076369067575361,3.899575597382489e-09,0.9977867000318951,1.000213424438757,0.9979996520983486,0.00020850730729485897,1.009999941113844,0.00021059236808961362,0.004974134718920992,0.712903497997196,0.003546078040628076,0.05000333289849029,0.7137859014808584,0.03569167404999635,0.06147238752368536,0.7110207349035406,0.043708142153366,0.004699641538654471,0.6798001745615123,0.0031948171383538427,4.722067481596804e-05,1.0,4.722067481596804e-05,0.0016530992408289884,0.7108457219901796,0.0011750985233685003,5.1361799566805054e-15,1.0,5.1361799566805054e-15,1.0,1.0,1.0,0.005253734344961799,0.06154348535313258,-13.807262497937273,-1.2825702334200688,8.40898265598487,-1.6163638052980207,1.1085379717520156,-68.90801956162771,49.177066739710476,10.005183338549937,-4.464023081721923,468.15,10.5,0.05
327,6.586328404114964e-05,0.22660120133765835,1.4924699287767936e-05,5.579874840449418e-09,0.703038339687928,3.922865943495995e-09,0.9977846106987956,1.0002174393203076,0.9980015683063594,0.00023543498978088333,1.0100072520200702,0.00023779104705796348,0.004994970411813517,0.7091432057994477,0.0035421493307068257,0.05000337517363506,0.7094987576590096,0.035477332564451444,0.06151496939422476,0.7068029165616951,0.043478959780041466,0.00465794523031574,0.6754484256709401,0.0031462017726782304,4.6391097450704173e-05,1.0,4.6391097450704173e-05,0.0017269575902529746,0.706661619798542,0.0012203746480515538,5.30610945801987e-15,1.0,5.30610945801987e-15,1.0,1.0,1.0,0.00529626868563555,0.061580838258140744,-13.815466819566321,-1.2970387634735225,8.406396532807175,-1.5695381281758973,1.1518217707589857,-68.3065144528422,48.90409176718352,9.999412685747217,-4.470537306359843,473.15,10.5,0.05
328,0.007423322060158615,0.3866472361590858,0.002870206957679098,1.2383323580666238e-11,0.8075376480960084,9.999999999943071e-12,0.9977051699704148,1.0001724627586923,0.9978772369563895,4.5837048835639697e-08,1.011040186086901,4.6343098384459544e-08,0.0015817809761966737,0.7715189414254826,0.0012203739843222238,0.050002162715601574,0.7920629070823842,0.03960485836092579,0.06752770426518644,0.801914515089321,0.054151446220912065,0.0009515271946761153,0.7679780462412871,0.0007307519959128155,4.336976896231779e-05,1.0,4.336976896231779e-05,0.00014558927077819937,0.7897316741323808,0.00011497645854737983,6.226177054819536e-16,1.0,6.226177054819536e-16,1.0,1.0,1.0,0.009005148873404124,0.07495102633772839,-17.134829533667315,-0.9286873718737941,11.000000000002471,-6.225898887467196,-2.210728160604157,-117.00544230118561,72.1795786400264,12.248652267294037,-4.216670657906706,273.15,11.0,0.05
329,0.0071189358041724654,0.3850934355479319,0.0027414554462739525,1.5790393206502524e-11,0.8065066281122827,1.2735056781543438e-11,0.9977092023089429,1.0001712876884699,0.9978800976119715,5.1866282035769506e-08,1.0109947502542909,5.243653885337144e-08,0.0016217646457650436,0.7716403490288419,0.0012514190373007744,0.05000219824982584,0.7920165159722888,0.039602566848782744,0.06726334929727484,0.801402127454916,0.05390499122657919,0.0012164721021301372,0.7671878825339555,0.0009332626561948496,4.282852526292461e-05,1.0,4.282852526292461e-05,0.0001850427069993002,0.7892598318173237,0.00014604677580529006,7.87268873442237e-16,1.0,7.87268873442237e-16,1.0,1.0,1.0,0.008740752316219545,0.0743822851172377,-16.98231214553064,-0.9372693831298441,10.894999114315912,-6.088344092536744,-2.058161600997178,-114.82062530971729,71.19520133120655,12.151734766990131,-4.2233865520691465,278.15,11.0,0.05
330,0.00676473761964753,0.3838846673390668,0.0025968790507544626,2.0012127363133595e-11,0.8055977540937548,1.6121724858378616e-11,0.9977139055730421,1.0001698506513477,0.9978833679297623,5.9800309539798e-08,1.010941806699564,6.045463296735646e-08,0.0016678552579016952,0.7719521469822699,0.0012875044471928807,0.05000223943805554,0.7921027579553319,0.03960691176282666,0.06695529786563781,0.8008865979789856,0.05362360072428031,0.0015249532533151934,0.7665953041296405,0.0011690220030086457,4.245524976603784e-05,1.0,4.245524976603784e-05,0.00023077469708244808,0.788974271947636,0.00018207529861456078,9.76357473845777e-16,1.0,9.76357473845777e-16,1.0,1.0,1.0,0.008432652677858764,0.07372003550529746,-16.83457964976711,-0.9458175969472653,10.792588495012213,-5.949098270437543,-1.9114786811688518,-112.71807352318015,70.24068290247115,12.057202821434664,-4.230155210998462,283.15,11.0,0.05
331,0.006373909504649078,0.38021588712615434,0.0024234616567719767,2.5357464160154044e-11,0.8048951861360049,2.0410100835124264e-11,0.9977190924198739,1.0001687575864817,0.9978874650858973,7.040116133991755e-08,1.010883393264481,7.116736486505605e-08,0.001718722850795359,0.7718079066626715,0.001326523885605665,0.05000228501665499,0.7916668909152408,0.039585153517792994,0.06661540128959942,0.8004704686594389,0.05332366149022224,0.0018651912279040994,0.7655593865137349,0.0014279146521650626,4.217631179751299e-05,1.0,4.217631179751299e-05,0.00028138321030428534,0.7882182601311148,0.00022179138445615129,1.1826773140998e-15,1.0,1.1826773140998e-15,1.0,1.0,1.0,0.008092702756605777,0.07298931081960598,-16.68843441117285,-0.9541634294901479,10.69015484966757,-5.806719560312531,-1.7703697535549763,-110.69153964781944,69.313014344641,11.964049283490242,-4.2372154515927445,288.15,11.0,0.05
332,0.005936661604498903,0.37924527514596595,0.002251450863646679,3.1894502994883934e-11,0.8042109938819593,2.5649909952886707e-11,0.9977249032706182,1.0001669283285894,0.9978914518211134,8.400981135973295e-08,1.0108179919769258,8.491862882500553e-08,0.001775316730338963,0.7724085310427614,0.001371269787816756,0.050002335893991175,0.7919436140265321,0.03959903059765597,0.06623482042450148,0.799952975898274,0.052984741706667726,0.002245967635187815,0.7652731264370775,0.0017187786740566688,4.205049154411219e-05,1.0,4.205049154411219e-05,0.00033787698788022524,0.7882166536848337,0.00026632026874406233,1.4110957952966245e-15,1.0,1.4110957952966245e-15,1.0,1.0,1.0,0.007712062344649226,0.07217148206089488,-16.547568089821667,-0.9625263386174845,10.590914155192829,-5.663913026985837,-1.6345471805534681,-108.73929005404784,68.41344404418952,11.87337231889475,-4.244068320590144,293.15,11.0,0.05
333,0.005470764397195496,0.3783791892500609,0.0020700233971889304,4.0013455112833985e-11,0.8036150227433413,3.21554136405398e-11,0.9977310829718472,1.0001649732989488,0.997895681960069,1.017389467811823e-07,1.0107483596604951,1.0283247357266659e-07,0.00183590340155161,0.7731092738659879,0.0014193539456616624,0.05000239044279335,0.7922800230991519,0.03961589505502913,0.06582959146149031,0.7994293906456511,0.05262611018851136,0.0026513181930718182,0.7650961790144988,0.002028513418870874,4.2003649954015254e-05,1.0,4.2003649954015254e-05,0.00039845066969599924,0.7883149876352216,0.0003141046347546473,1.653015516327132e-15,1.0,1.653015516327132e-15,1.0,1.0,1.0,0.007306769537693887,0.07130035589869926,-16.409438890093362,-0.9707716651175392,10.492745899371572,-5.519711460219681,-1.5037423715593725,-106.85625118177961,67.53965069717525,11.784462951673268,-4.250926801344883,298.15,11.0,0.05
334,0.004992509193389058,0.37674726572251344,0.0018809141877038386,5.014770435823321e-11,0.802632270284378,4.0250165798598454e-11,0.9977373828675162,1.0001633993087604,0.9979004124662012,1.2480870581896522e-07,1.0106770941847343,1.2614130012606907e-07,0.0018993066573348768,0.7734435414597719,0.001469006467367209,0.050002447538027774,0.7922061325728073,0.03961224558327567,0.06541482940751589,0.798452581911298,0.052230639435718144,0.003066200326978272,0.7645665689469998,0.002344314263701947,4.1961812917015455e-05,1.0,4.1961812917015455e-05,0.0004618565485445489,0.7880417816871881,0.0003639622573989416,1.901003399000512e-15,1.0,1.901003399000512e-15,1.0,1.0,1.0,0.006891940659429754,0.07040733865105264,-16.273571645578127,-0.9788789735938008,10.39523232634535,-5.374529591877184,-1.3777047557290136,-105.03903314390584,66.69078724159338,11.697328095790153,-4.258201522318308,303.15,11.0,0.05
335,0.004511921932838238,0.3749564940011492,0.0016917744291439145,6.269376456326275e-11,0.8016871373031881,5.026078463948213e-11,0.997743662324201,1.000161852647451,0.9979051497774256,1.5472981610524769e-07,1.0106057289410093,1.56370838593952e-07,0.0019644234122885517,0.7737787286546748,0.0015200290505001136,0.05000250620537081,0.792104695650883,0.03960721995958664,0.06499945748731542,0.797461830424621,0.05183458634444189,0.003481669551898764,0.7640477668047009,0.002660161845880175,4.194490549827063e-05,1.0,4.194490549827063e-05,0.0005270145147745577,0.7877742472610376,0.0004151684626721682,2.1520140545029136e-15,1.0,2.1520140545029136e-15,1.0,1.0,1.0,0.006476500074942895,0.06951137948284741,-16.140387437506845,-0.9868807427570299,10.298770735760604,-5.229042423778092,-1.2562005949043744,-103.28478074758517,65.86635051122826,11.612126417856542,-4.265392627020208,308.15,11.0,0.05
336,0.004039214328884277,0.37337024800369173,0.0015081224557155879,7.812252752802498e-11,0.8007444906154004,6.255618351101598e-11,0.9977497685481331,1.000160323936277,0.9979097317184463,1.9339104656755135e-07,1.0105358738337993,1.9542859023477336e-07,0.0020304120898221286,0.7741474858919714,0.001571838414660465,0.05000256567689852,0.7920148124440113,0.03960277267630815,0.06459284682763,0.7964406008442514,0.05144436573763834,0.0038883665151575103,0.7635709813398429,0.002969043835787805,4.194010127505232e-05,1.0,4.194010127505232e-05,0.0005930739661057929,0.7875478047099589,0.00046707410003724595,2.4028388330375543e-15,1.0,2.4028388330375543e-15,1.0,1.0,1.0,0.006069819809752973,0.06863206123463678,-16.010303924421212,-0.9948109096776014,10.203729755003604,-5.083967831253614,-1.1390111830096297,-101.5909316914233,65.0659575277356,11.52905748449907,-4.272431180785266,313.15,11.0,0.05
337,0.0035858972700921043,0.3717574429937228,0.0013330839999676114,9.700639700501554e-11,0.7997792237920964,7.758370089953919e-11,0.9977555296853999,1.0001589099064851,0.9979140829233173,2.4324120394545243e-07,1.010469341439729,2.457877791617682e-07,0.0020963139008441994,0.7744803280832581,0.0016235538776913098,0.05000262507616651,0.791870845022262,0.03959562097239533,0.06420555095094896,0.7953853643185324,0.05106815553439261,0.0042757531417071245,0.7630660741793718,0.003262682164002571,4.1930751732378196e-05,1.0,4.1930751732378196e-05,0.0006590643890532938,0.7872939983139531,0.0005188774380041104,2.6498173809124263e-15,1.0,2.6498173809124263e-15,1.0,1.0,1.0,0.005682454412140249,0.06779144831804744,-15.883449745628074,-1.0026868237329871,10.110229507516161,-4.93981021624004,-1.0259317488960877,-99.95493836138388,64.28908243638118,11.448231193911083,-4.279288665943491,318.15,11.0,0.05
338,0.0031602531760992246,0.37009135347843514,0.0011695823752770852,1.199634118371035e-10,0.7987679821598622,9.582293240613565e-11,0.9977608211759585,1.0001576575462303,0.9979181256987499,3.073216278651714e-07,1.010407439321347,3.10520059059316e-07,0.002161460200874085,0.7747489006320756,0.001674588914387183,0.05000268379614258,0.7916481527672082,0.039584532260619094,0.06384518596329798,0.7942901357217474,0.05071160142396816,0.004636220790235068,0.7625035755943036,0.003535134929798889,4.1908560284592924e-05,1.0,4.1908560284592924e-05,0.0007243149438112135,0.7869854608803555,0.0005700253298777965,2.890696017967178e-15,1.0,2.890696017967178e-15,1.0,1.0,1.0,0.005322020698601175,0.06700543925936062,-15.760109293625714,-1.0105363316726206,10.018530542846305,-4.797089615814848,-0.9167704039590048,-98.37447732779265,63.53527969218347,11.369780292997815,-4.28593341087354,323.15,11.0,0.05
339,0.0027726661661187438,0.36733499654019103,0.0010184973165383335,1.478186225065059e-10,0.7972578222100926,1.1784955306163248e-10,0.9977654709032672,1.0001570382416072,0.9979221582383542,3.89409138333172e-07,1.010351886134381,3.9344025739288457e-07,0.002225474629777384,0.7744833358355258,0.0017235930150873205,0.0500027414598527,0.7908713720795834,0.03954573674609437,0.06352176295936522,0.7927262509251491,0.050355369002933595,0.004959803766211119,0.7614193694428619,0.0037764906562288013,4.18276101713187e-05,1.0,4.18276101713187e-05,0.0007884109191051391,0.7861470953166444,0.0006198069539704307,3.121067370241491e-15,1.0,3.121067370241491e-15,1.0,1.0,1.0,0.004998530205034461,0.06629442927330258,-15.64034061710497,-1.0183736711419045,9.928672060176014,-4.656265086937743,-0.8113469867421041,-96.8473551010455,62.804102511564444,11.293820486661748,-4.292794990185349,328.15,11.0,0.05
340,0.0024199848723350037,0.36472922688088094,0.0008826392115501729,1.8113010983440653e-10,0.795677636406647,1.441211776751172e-10,0.9977695384485968,1.0001565915379929,0.997925780715185,4.940997539253634e-07,1.010302120465143,4.991900291121002e-07,0.0022882413619127492,0.7741478832276002,0.0017714372066385963,0.05000279800880831,0.7900162547985111,0.03950302321236519,0.06323201927325717,0.791119458443264,0.05002408084373324,0.005249718357593382,0.7602702787508215,0.0039912048390908245,4.173419917562176e-05,1.0,4.173419917562176e-05,0.000851291981402816,0.7852495954921273,0.000668476684042253,3.344000094108022e-15,1.0,3.344000094108022e-15,1.0,1.0,1.0,0.004708720334001678,0.06565200432672227,-15.524786169909415,-1.0262519417221179,9.841272197731017,-4.517781873455166,-0.7094926292919239,-95.371539423387,62.09514435786196,11.220472023133375,-4.299403891965283,333.15,11.0,0.05
341,0.00210419068753651,0.36205199668201,0.0007618264398222846,2.2064188319227039e-10,0.7940221234852489,1.75194536622111e-10,0.9977729948711592,1.000156355392514,0.997929002059412,6.271402038133844e-07,1.0102584497036047,6.335736900513125e-07,0.0023495682392301823,0.7737100367395426,0.0018178845286968466,0.050002853274123286,0.7890515966941538,0.03945483121521048,0.06297774968877712,0.7894721389698838,0.049719178754308806,0.005504170628154274,0.759023148708075,0.004177792921208159,4.1627248281491815e-05,1.0,4.1627248281491815e-05,0.0009127763928382375,0.7842598932489226,0.0007158539164074531,3.559174189088592e-15,1.0,3.559174189088592e-15,1.0,1.0,1.0,0.004454386066970506,0.06508194059695552,-15.413579884860463,-1.0341926726972515,9.756479441272193,-4.3818969381693105,-0.6110484549287345,-93.94497048036826,61.407861147178224,11.149771598872418,-4.305765309712849,338.15,11.0,0.05
342,0.001816764033805201,0.36139909225254624,0.0006565768726542739,2.668003627500553e-10,0.7922903815991491,2.1138336121403267e-10,0.9977759625110129,1.0001561497656755,0.9979317649937555,7.95111075944949e-07,1.0102195534997094,8.032367561237792e-07,0.0024102838147541587,0.7733132532312664,0.0018639044179982053,0.05000290802518285,0.7881234239141747,0.039408463078472664,0.06275127066210825,0.7877728734788533,0.04943374880393827,0.005730826174133855,0.7578189855605059,0.004342928877705713,4.1525759425595014e-05,1.0,4.1525759425595014e-05,0.0009737248472273534,0.7833213294148575,0.0007627394418144094,3.7705147516242825e-15,1.0,3.7705147516242825e-15,1.0,1.0,1.0,0.004227842959635304,0.06456803496271381,-15.307398040656095,-1.0422548522678887,9.674929200648846,-4.249060057700144,-0.5158650366011991,-92.56592905581802,60.74194804657109,11.081861519748232,-4.311859939157469,343.15,11.0,0.05
343,0.0015720341762205632,0.3585937435621287,0.0005637216202585387,3.208232194139396e-10,0.7904833363633477,2.5360540886516165e-10,0.9977782390024422,1.0001563457124651,0.9979342373521013,1.0072390245960414e-06,1.010187632341532,1.0175004054586686e-06,0.002468867873012772,0.7726520474151949,0.0019075758168809155,0.050002960873306065,0.7869240985341189,0.039348534909263204,0.06256539884419964,0.7860510156587648,0.04917959530657884,0.005916897103503481,0.7563552451083131,0.0044752761590010435,4.139907064926403e-05,1.0,4.139907064926403e-05,0.001032604962759387,0.782126503764294,0.0008076277092926584,3.9718886535049975e-15,1.0,3.9718886535049975e-15,1.0,1.0,1.0,0.004041909288257931,0.0641374333412434,-15.205322500758164,-1.0503900095297727,9.595841488111901,-4.118978740549413,-0.4238015866706989,-91.23208973860592,60.096401124201414,11.01652124931924,-4.317754426544772,348.15,11.0,0.05
344,0.001361931770923712,0.3547050037334526,0.0004830840138902032,3.833922312595391e-10,0.7881662506779324,3.021768174508777e-10,0.9977799173747501,1.0001571440313135,0.99793671253333,1.2731447733848556e-06,1.0101615477995263,1.2860818948553235e-06,0.0025267532814097706,0.7714541642914716,0.0019492743410807073,0.050003013103700554,0.7851764644832115,0.03926118904227129,0.06241350888352728,0.7838644971122556,0.04892373375399741,0.006069026239560509,0.754366433541726,0.004578269679408413,4.123147141826347e-05,1.0,4.123147141826347e-05,0.0010908531004012732,0.780398562108422,0.0008513001910246678,4.164887217885016e-15,1.0,4.164887217885016e-15,1.0,1.0,1.0,0.003889958197106867,0.06377544103784323,-15.107929869087785,-1.058650770255491,9.519738857135819,-3.9921059149448097,-0.3347253752499634,-89.9419979944063,59.47100175181377,10.953910295632632,-4.323895047559083,353.15,11.0,0.05
345,0.0011797009563400027,0.35077737823731125,0.00041381240856899504,4.5483252824189453e-10,0.7857887548704532,3.5740228604177905e-10,0.9977811205349572,1.000158103184941,0.9979388729079877,1.6051434822128751e-06,1.0101401262149656,1.621419839715643e-06,0.002583851684982797,0.7701770394426734,0.001990023241099013,0.050003064686245165,0.783346263678768,0.03916971389445789,0.062288768843460386,0.7816512054694644,0.04868809125369964,0.006194002877294277,0.7523013449385454,0.004659756695141702,4.106556209634424e-05,1.0,4.106556209634424e-05,0.001148448137090669,0.7785991064397569,0.0008941806933311985,4.3536046014819505e-15,1.0,4.3536046014819505e-15,1.0,1.0,1.0,0.0037651577848050125,0.06346847025463291,-15.015391088436026,-1.0670632202706398,9.446842673956409,-3.8684562565417453,-0.24851147848988228,-88.6938768553787,58.86512938108119,10.893975248693007,-4.32983382540959,358.15,11.0,0.05
346,0.001029915428330174,0.34376837962123225,0.00035405235794397117,5.360698845580916e-10,0.7833592692802699,4.1993531305058564e-10,0.9977817896786412,1.0001593518761065,0.9979407880787714,2.0186007055893146e-06,1.0101240411839814,2.0390371022667163e-06,0.0026394990297750414,0.7687084745054964,0.002029005272637109,0.05000311502597729,0.7813208889601891,0.039068478282875164,0.06219510303511277,0.7794304497064377,0.04847675712819617,0.006287913702863218,0.7500489690829059,0.004716243190514834,4.0889530078717554e-05,1.0,4.0889530078717554e-05,0.0012047449559067687,0.7766150707747064,0.0009356230891970058,4.5356075402169375e-15,1.0,4.5356075402169375e-15,1.0,1.0,1.0,0.0036714330588108047,0.06322501899951283,-14.927288112015622,-1.0756116831075144,9.376817603289746,-3.747896170418553,-0.16504181947662414,-87.48590813907796,58.278049742541036,10.836594494444103,-4.335597896417042,363.15,11.0,0.05
347,0.0008934201991625875,0.33980354495539744,0.00030358735081020436,6.264923721709398e-10,0.7808785999057442,4.892144864324715e-10,0.9977821952893785,1.0001605719663764,0.9979424111384916,2.5292424456638117e-06,1.0101103487870602,2.554813968956509e-06,0.0026956901977416127,0.7673104078735088,0.0020684311451297363,0.050003165963428284,0.7793644144188145,0.038970688160174086,0.06211536923286889,0.777170972112405,0.04827426188982968,0.006367870798373994,0.7478681224339767,0.004762327577882109,4.073604112514026e-05,1.0,4.073604112514026e-05,0.0012618025014922041,0.7747078460160569,0.0009775282980286975,4.718956760196657e-15,1.0,4.718956760196657e-15,1.0,1.0,1.0,0.0035916396393498636,0.06300879005852385,-14.844509228136697,-1.0843742495793771,9.310500691283064,-3.6308110862124185,-0.08420490584844358,-86.31689176450045,57.70957928204258,10.781911014259261,-4.34118048180956,368.15,11.0,0.05
348,0.0007759472713187017,0.3358301671138746,0.0002605865017985147,7.267196199068388e-10,0.7783564008110666,5.656468677494737e-10,0.9977822613557357,1.0001619110125275,0.9979438132919537,3.1582014612381355e-06,1.010099904386619,3.1900989940303235e-06,0.002751654621028222,0.7658539467950404,0.0021073655517312756,0.05000321681034191,0.7773473032906014,0.03886986574337454,0.062054549198579244,0.7748945171579763,0.04808572993868896,0.0064289060946518635,0.7456314140412575,0.00479359434209373,4.059045937845513e-05,1.0,4.059045937845513e-05,0.0013188778566394991,0.7727477483988572,0.0010191598941312833,4.9007167366423945e-15,1.0,4.9007167366423945e-15,1.0,1.0,1.0,0.0035307600938081617,0.0628304971966176,-14.766523508341765,-1.0933274554476993,9.247454613423141,-3.5169917287612313,-0.005895285078566463,-85.18512474727838,57.15896942352842,10.729775065913579,-4.346609464372501,373.15,11.0,0.05
349,0.0006720130611488694,0.33342249594349715,0.00022406427215488603,8.368796533555851e-10,0.7753452593185975,6.488706718494452e-10,0.9977820338522603,1.0001636816415418,0.9979453524534622,3.927610810025131e-06,1.010092017271235,3.9672483261545954e-06,0.0028088304876191877,0.7639621795805984,0.002145840261393989,0.05000326885911686,0.7748872581149673,0.03874689590302658,0.062008621182260346,0.7721478582571333,0.04787982403936024,0.0064750686725226405,0.7429728333811858,0.0048108001179618986,4.042722509021053e-05,1.0,4.042722509021053e-05,0.0013774278775835844,0.7703538602166032,0.0010611068826664773,5.080574127868201e-15,1.0,5.080574127868201e-15,1.0,1.0,1.0,0.0034847711595780823,0.06268063508028886,-14.693499699088408,-1.102498228271523,9.187841854970227,-3.4066143165129468,0.06998693615980497,-84.08937475510865,56.625884889381496,10.680233863240797,-4.35238489284515,378.15,11.0,0.05
350,0.0005866658098975128,0.32867550561445424,0.00019282268169477842,9.571409382096843e-10,0.7723054929422,7.392052040991886e-10,0.9977814793104176,1.000165637538204,0.9979467493783161,4.867413433000792e-06,1.0100872768157971,4.916512379676402e-06,0.0028655738486226883,0.761956073940315,0.0021834413992825813,0.05000332067325347,0.7723114536993183,0.03861813727895357,0.061981017737925824,0.7693992976602921,0.04768815151583024,0.0065029047392629255,0.7402042154596338,0.004813477500734848,4.0265608401414346e-05,1.0,4.0265608401414346e-05,0.0014358878141326468,0.7678506313424381,0.0011025473646186657,5.257858794847839e-15,1.0,5.257858794847839e-15,1.0,1.0,1.0,0.003457107071953202,0.06256768450496428,-14.624893472431237,-1.1118599536682747,9.131234984288483,-3.2993506088861233,0.1435360649686354,-83.02798408193978,56.109511088188576,10.633085760739846,-4.358041994150311,383.15,11.0,0.05
351,0.0005128346700464195,0.324187382273402,0.00016625452922139263,1.0866805393852046e-09,0.7692447096301818,8.359232559801402e-10,0.9977806980738709,1.0001676645469182,0.9979479905225371,6.009093199129959e-06,1.010084591996253,6.06969245231064e-06,0.002922569887759601,0.7599212767672927,0.002220923040547919,0.05000337290716251,0.7697063771105952,0.03848791500368215,0.06196538545156996,0.7666446379218076,0.04750543049320411,0.006518758775863746,0.7374101787030493,0.004806999073831755,4.011543912648837e-05,1.0,4.011543912648837e-05,0.0014950156273718014,0.7653232826750515,0.0011441702675906882,5.4354456347840466e-15,1.0,5.4354456347840466e-15,1.0,1.0,1.0,0.0034414136510051503,0.06247822120829691,-14.560887947816694,-1.12143988314335,9.077833592219172,-3.195262644863115,0.2148415611268448,-81.99975882637735,55.60944793550339,10.588327627834248,-4.363581983608953,388.15,11.0,0.05
352,0.0004536923233586864,0.31634509444726056,0.00014352334088290074,1.2255022022891333e-09,0.7661657942994914,9.3893786823263e-10,0.9977796525167235,1.000169842602603,0.9979491180097314,7.391344960131509e-06,1.010084412817562,7.465882333986483e-06,0.0029792285462659092,0.7577928600556141,0.002257638120834172,0.05000342505559055,0.7670070631057523,0.0383529801971171,0.061964345049694704,0.7638938322434362,0.047334181002465885,0.0065200189085545725,0.7345267620318562,0.004789128377287066,3.9967172138384166e-05,1.0,3.9967172138384166e-05,0.0015542891180685152,0.7627066238952026,0.0011854666057990889,5.611326058482479e-15,1.0,5.611326058482479e-15,1.0,1.0,1.0,0.003440312214584727,0.06241803859855559,-14.501145382751199,-1.1312253627814628,9.027363145089033,-3.0942153473786562,0.28398826496657575,-81.00337639987606,55.125120710082534,10.545860715066254,-4.3690202630915715,393.15,11.0,0.05
353,0.00039859436678110007,0.311737811398173,0.00012425693553598077,1.3716618082224995e-09,0.7630737237050316,1.04667908366432e-09,0.9977784871924691,1.0001719974033154,0.9979501025013502,9.054361098520056e-06,1.0100851285170862,9.14567549383873e-06,0.0030367722981047987,0.7557069235573696,0.0022949098509450205,0.05000347827083467,0.7643506035833835,0.03822018879758108,0.061968516144241655,0.7611327602609423,0.04716626774214142,0.0065160505417330645,0.7316883250607701,0.004767718106891991,3.983737019747352e-05,1.0,3.983737019747352e-05,0.0016150276716687304,0.760136256128356,0.0012276410878859648,5.7903434064556774e-15,1.0,5.7903434064556774e-15,1.0,1.0,1.0,0.003444421025984419,0.062367111882684574,-14.446031142312501,-1.141257944904263,8.980186454479336,-2.99632758996884,0.3510566371093159,-80.0378319163817,54.65622956929393,10.505715825684685,-4.37435563021964,398.15,11.0,0.05
354,0.0003517751835843285,0.30637174037383136,0.00010777397521505472,1.525701498669762e-09,0.7594731556555793,1.1587293317831697e-09,0.9977771067804231,1.0001746616068825,0.997951380133204,1.1045057594940443e-05,1.010087558902048,1.1156475264005921e-05,0.003095693576234843,0.753105857599195,0.0023313849655946604,0.05000353299703629,0.7611742380621005,0.0380614011294322,0.06198267298724397,0.7578768611333215,0.04697523364822559,0.006502126316234867,0.7283538062022895,0.004735848450837734,3.967974908305964e-05,1.0,3.967974908305964e-05,0.0016777712562708188,0.7570520590835981,0.001270160184231098,5.966627498754644e-15,1.0,5.966627498754644e-15,1.0,1.0,1.0,0.003458513817414112,0.062334449696529806,-14.395230560707581,-1.1515262336449286,8.936017999274693,-2.90158274756072,0.4161232650652186,-79.10204444576675,54.20235923988651,10.4678585520298,-4.38015526795639,403.15,11.0,0.05
355,0.0003089905095191024,0.3033064939671519,9.371882811136292e-05,1.685184447074163e-09,0.7558716245359568,1.2737831056526745e-09,0.9977756102943357,1.0001773293998348,0.9979525452444791,1.3419540637455519e-05,1.0100908573240168,1.3554955307381924e-05,0.0031552505832594647,0.7505225040756195,0.0023680865687339516,0.05000358865290355,0.7580170546984507,0.03790357299502682,0.062001884942899634,0.7546238322584861,0.04678810002286065,0.0064831357009971415,0.7250408974832454,0.004700538527156635,3.953467906189613e-05,1.0,3.953467906189613e-05,0.0017419306718857166,0.7539895123745572,0.001313397457885396,6.1451594852244695e-15,1.0,6.1451594852244695e-15,1.0,1.0,1.0,0.003477660633416023,0.062310877137603186,-14.348732478506225,-1.1620421640836598,8.894904515515105,-2.809842395513746,0.47926054703707116,-78.19486675975855,53.76299035470089,10.43219531329508,-4.385867824217155,408.15,11.0,0.05
356,0.0002741253978559219,0.2978331446170724,8.164362926283524e-05,1.8495082194542516e-09,0.7522669947487598,1.3913239900119802e-09,0.9977739513508695,1.000180090258647,0.9979536407198397,1.624207441148946e-05,1.0100955748210625,1.640604748895992e-05,0.003214703643863476,0.7478903069751277,0.002404245695043117,0.05000364462029574,0.7548124407628561,0.03774337304288388,0.06202936092987714,0.7513795530170023,0.04660759348942139,0.006455879749904533,0.7216841402874473,0.0046591060271089935,3.939134048523223e-05,1.0,3.939134048523223e-05,0.0018068839696097892,0.7508820014202338,0.0013567566514347356,6.323540736104204e-15,1.0,6.323540736104204e-15,1.0,1.0,1.0,0.0035050711161308877,0.06230348817724129,-14.306209789332929,-1.1727917263770822,8.856571726449161,-2.7209811468349314,0.5405374876719967,-77.31521652858177,53.33763428196771,10.398641119218736,-4.391507752416083,413.15,11.0,0.05
357,0.00024597783704539055,0.28969428690605836,7.1258374097559e-05,2.017127238413465e-09,0.7486627211121842,1.5101479671401304e-09,0.9977721498541108,1.0001829268813907,0.997954669201822,1.9582475230416607e-05,1.0101015070056973,1.9780287741145557e-05,0.0032739945707883173,0.7452202039349505,0.00243984690172479,0.05000370090898657,0.7515716532164536,0.03758136415910812,0.06206391057712117,0.748145706291223,0.04643284821391563,0.006421549624520229,0.7182943934277685,0.004612563092411072,3.9248956239147314e-05,1.0,3.9248956239147314e-05,0.001872711815862501,0.7477403109734019,0.001400302115556591,6.502028432961152e-15,1.0,6.502028432961152e-15,1.0,1.0,1.0,0.0035395548830641243,0.06230989043129379,-14.267594880076933,-1.1837811427178795,8.820980497631243,-2.634964842189001,0.6000197026182453,-76.46215115451925,52.925909844059255,10.367158259306075,-4.397078281102985,418.15,11.0,0.05
358,0.00021908980668660337,0.28463630951936264,6.236091402858533e-05,2.185368470119953e-09,0.7450621132856291,1.6282352506553528e-09,0.9977702772945691,1.0001857487423425,0.9979556118687233,2.351476630241247e-05,1.010107836031545,2.3752449704517344e-05,0.003333743815342352,0.7425805441583742,0.0024755732964815377,0.05000375815136227,0.7483635508620455,0.03742099000660043,0.062100771078892406,0.7449154685695276,0.0462598249867621,0.006384901423038983,0.7149390008192215,0.004564815043716717,3.911510048558675e-05,1.0,3.911510048558675e-05,0.0019401902611440444,0.7446324652426141,0.0014447286571954016,6.683318995254121e-15,1.0,6.683318995254121e-15,1.0,1.0,1.0,0.003576348388331368,0.062319863070947466,-14.233029571284062,-1.1950339514543704,8.788282847186125,-2.5518268161351707,0.6577696284359542,-75.63484094031332,52.52751863189827,10.337744271792968,-4.402578938179041,423.15,11.0,0.05
359,0.00019466993843651577,0.28093524443774975,5.468964673934424e-05,2.3544292851935372e-09,0.7409058442765475,1.7444104173357451e-09,0.9977682653504365,1.0001890966861993,0.997956940023009,2.8116465139620376e-05,1.0101149899085502,2.8400862900771747e-05,0.0033951564397346925,0.7393966175274899,0.0025103671875165074,0.05000381746269892,0.7446097303310766,0.03723332903642462,0.06214243495188873,0.7411334044691653,0.04605583437789694,0.006343488608956398,0.7110641904349781,0.0045106275922610845,3.8945321397346454e-05,1.0,3.8945321397346454e-05,0.002010634918054977,0.740982666752732,0.0014898456234465382,6.861640726734415e-15,1.0,6.861640726734415e-15,1.0,1.0,1.0,0.0036179428433108286,0.06233710724475453,-14.202384565167229,-1.2065512211175156,8.758351328454744,-2.47162821994159,0.7138469327162456,-74.83252654982074,52.142204875770695,10.310412173772184,-4.408656484549684,428.15,11.0,0.05
360,0.00017463515081717632,0.27517377078812655,4.805501296251555e-05,2.5215145012423112e-09,0.7367592622573333,1.857749163706452e-09,0.9977661474830103,1.0001925030519048,0.9979582205114881,3.348876604525366e-05,1.0101229615604892,3.382777153663796e-05,0.003456174947220071,0.7361917529305381,0.002544407492828553,0.05000387711047116,0.7408382013949789,0.03704478238129702,0.0621888607844417,0.7373671602455659,0.045856023675530606,0.006297317284212575,0.7071743947056711,0.00445330153873259,3.877255446264081e-05,1.0,3.877255446264081e-05,0.0020822236624180044,0.7373159302224896,0.00153525667658701,7.0401122456797476e-15,1.0,7.0401122456797476e-15,1.0,1.0,1.0,0.0036642988640825007,0.06236349845677336,-14.175418982065564,-1.2183239170871227,8.731012925526569,-2.394162258254689,0.7683080815704332,-74.05422059755904,51.769457635744594,10.285041835075118,-4.414678772771212,433.15,11.0,0.05
361,0.00015871173112159452,0.26655344526026403,4.230515873368166e-05,2.6847648818515507e-09,0.732623996331359,1.9669231769521697e-09,0.9977639312066504,1.000195965065373,0.9979594580806561,3.973321960306709e-05,1.0101316830174178,4.01357839893468e-05,0.0035165756987957067,0.7329670169886484,0.0025775339999610613,0.050003936982629386,0.7370502204548753,0.03685541277665868,0.062239652644282266,0.7336180665590122,0.04566013363620288,0.006246785529645922,0.7032707336629691,0.004393181442469307,3.8594497560028264e-05,1.0,3.8594497560028264e-05,0.00215493365573293,0.7336332447870189,0.001580930970156102,7.218591017627622e-15,1.0,7.218591017627622e-15,1.0,1.0,1.0,0.0037150206495203683,0.062398367060168734,-14.152055243785197,-1.2303562459884259,8.706212602194185,-2.3193987621920136,0.8212070861465792,-73.29914977109951,51.40895576997764,10.261602725985028,-4.420648917034912,438.15,11.0,0.05
362,0.0001430110270787578,0.2610618577330289,3.733472440548905e-05,2.8412782767810226e-09,0.7285029127741564,2.0698795006369123e-09,0.9977616657643067,1.000199414978438,0.9979606343853713,4.695413886979079e-05,1.0101405752684018,4.743028084916289e-05,0.00357677064437296,0.729771829023504,0.0026102264551416325,0.05000399754881487,0.7332955289451719,0.03666770783193128,0.06229143869177596,0.7298815494528593,0.045465371790001236,0.006195260714387996,0.6994017885510464,0.004332976424182997,3.841626478550635e-05,1.0,3.841626478550635e-05,0.00222939057132089,0.729983768848522,0.001627418931488183,7.399163606208232e-15,1.0,7.399163606208232e-15,1.0,1.0,1.0,0.0037667358103215085,0.062434452560133,-14.132389224260171,-1.2426673583069923,8.684054936539075,-2.2473590419499394,0.8725954532711547,-72.56662741260624,51.06044166732858,10.240091032871133,-4.426565471807874,443.15,11.0,0.05
363,0.0001281595238428952,0.2576724059041742,3.302317284813219e-05,2.9892894244986433e-09,0.7243969628831552,2.1654321802855546e-09,0.9977593464167874,1.0002028655730595,0.9979617574383737,5.5267538872769626e-05,1.0101497051692976,5.582848809776093e-05,0.0036364068168640005,0.7265952920557303,0.0026421960731327476,0.05000405859216293,0.7295633201466932,0.03648112700730816,0.06234460820619798,0.7261598861139611,0.045272153594832255,0.006142357061360615,0.6955568670202755,0.004272358633719857,3.823405675224683e-05,1.0,3.823405675224683e-05,0.002305469677414066,0.7263565636916716,0.0016745930325818277,7.581290470750654e-15,1.0,7.581290470750654e-15,1.0,1.0,1.0,0.0038198338795796655,0.06247277071933029,-14.116313844488133,-1.255258737902949,8.664455413499125,-2.1780053805338353,0.922522348011267,-71.85594090595191,50.723610115241534,10.220474328058124,-4.4324320536615085,448.15,11.0,0.05
364,0.00011643081104132009,0.2512383711302649,2.925188731539694e-05,3.13064194173592e-09,0.7196480104602245,2.2529602448335855e-09,0.9977568755709576,1.0002069910032811,0.9979634022676626,6.478076491228976e-05,1.0101597305048962,6.543892002569962e-05,0.0036969321472603445,0.7227499188732598,0.0026719574095123598,0.05000412146590176,0.7251639744975508,0.036261187463471616,0.06240299163728639,0.7217995664658239,0.045042452309963746,0.006084298961782197,0.6910769488286347,0.004204718762269672,3.7994886957888275e-05,1.0,3.7994886957888275e-05,0.0023847805709013873,0.7220649847460303,0.0017219665465505402,7.756211405e-15,1.0,7.756211405e-15,1.0,1.0,1.0,0.0038781437232139546,0.06251942557896965,-14.10366719520487,-1.2681265136564388,8.647246471659093,-2.111409174858766,0.97103496057965,-71.1665178619275,50.3982762883448,10.202775787432879,-4.439029106090376,453.15,11.0,0.05
365,0.00010700693243602307,0.24259823520994137,2.595969296420862e-05,3.2607534251242746e-09,0.7149213886623933,2.3311823667755054e-09,0.997754338410244,1.0002111530215327,0.9979650172535467,7.563508623605229e-05,1.0101701572213686,7.640430695452467e-05,0.0037561482420625787,0.7189043438222634,0.002700311287259147,0.050004184358095186,0.7207693777995633,0.03604148484715891,0.06246371178386045,0.7174636944181584,0.04481544542351956,0.006023915533033846,0.6866039556394583,0.004136044233419015,3.774435613782719e-05,1.0,3.774435613782719e-05,0.0024654530465502375,0.7177775954729603,0.0017696469595043134,7.930808568704074e-15,1.0,7.930808568704074e-15,1.0,1.0,1.0,0.003938790260734654,0.06257072197704992,-14.094397225862744,-1.2812761588236201,8.632423750595128,-2.047426452927141,1.018177892208446,-70.49759981781408,50.084049210589995,10.186911132935617,-4.445585992166043,458.15,11.0,0.05
366,9.685639547369354e-05,0.23840826526303258,2.309136522451353e-05,3.3770383517843965e-09,0.7102198650793182,2.398439722571996e-09,0.9977517716422519,1.0002152956494106,0.9979665832578781,8.795565692199641e-05,1.010180538184693,8.88510928458505e-05,0.0038143572428606947,0.7150975901795634,0.002727637672453646,0.050004247657352466,0.7164187340587266,0.03582397980423949,0.0625241649038633,0.7131490722018647,0.044589050191386516,0.005963806926683608,0.6821761275407185,0.004068366714645536,3.748658732824629e-05,1.0,3.748658732824629e-05,0.0025480436630575106,0.7135331807021964,0.0018181136994695017,8.106858826152532e-15,1.0,8.106858826152532e-15,1.0,1.0,1.0,0.003999169295256385,0.06262102467637536,-14.08858138407335,-1.294724840837494,8.620071191721042,-1.986074834990259,1.0639939920605554,-69.84861750794576,49.78070961831145,10.17287776431539,-4.452100331801092,463.15,11.0,0.05
367,8.853360288182979e-05,0.23242678505780417,2.0577580687408026e-05,3.4788533981284022e-09,0.7055413537431832,2.454474935989584e-09,0.997749150345688,1.0002194703560408,0.9979681267069538,0.00010188083170210655,1.0101912008245622,0.00010291911971815615,0.003870773682420007,0.7112937088253655,0.002753256968592144,0.05000431077398319,0.7120760745846506,0.03560687332824891,0.06258625759734578,0.7088586004982979,0.04436480697088049,0.0059020732685423115,0.6777583216522914,0.004000179272756091,3.721404656000131e-05,1.0,3.721404656000131e-05,0.0026320361454900145,0.7092959084394109,0.0018668924688607063,8.282501142813423e-15,1.0,8.282501142813423e-15,1.0,1.0,1.0,0.004061188117003943,0.062674794679081,-14.08605102212574,-1.308467174439091,8.610041398364272,-1.9273103706898387,1.1085242527895494,-69.21896612701953,49.48798586717736,10.160642902283378,-4.458579910965244,468.15,11.0,0.05
368,8.186972686111229e-05,0.22438841860908723,1.8370618542322903e-05,3.564897047463074e-09,0.7008867238213685,2.498589012356866e-09,0.9977464801942469,1.000223673841304,0.9979696499821196,0.00011754442427471032,1.0102020921407284,0.00011874362332178972,0.003925124046792241,0.7074944359775724,0.002777003423627284,0.05000437358070695,0.707743206985855,0.035390255721328305,0.06264968118728953,0.704592750747965,0.04414251120123538,0.005839024660512355,0.6733522921703985,0.0039317206391954775,3.692513452485715e-05,1.0,3.692513452485715e-05,0.002717423010452829,0.7050674730190357,0.0019159665751037574,8.457633209843917e-15,1.0,8.457633209843917e-15,1.0,1.0,1.0,0.004124538197928064,0.06273155447904773,-14.086764816567284,-1.3225090586983361,8.602305174183446,-1.8711233307251416,1.1518078808271441,-68.60809965539144,49.20564918986908,10.150191397089996,-4.465026673971361,473.15,11.0,0.05
369,0.008350823780620322,0.3805878772714925,0.003178222296134587,3.927923835536218e-12,0.8050761146543527,3.1622776601717265e-12,0.997676666810193,1.0001795674093288,0.9978558170245998,5.074614801946036e-09,1.011258916639681,5.131749466979629e-09,0.0005565294156459012,0.7678490899608966,0.0004273306053401746,0.05000244810291112,0.7885661438977261,0.0394302376859588,0.06880018397742521,0.8008322990255501,0.055097409508022256,0.0010771949963321135,0.7643070410219608,0.0008233077202502595,1.5451807400690958e-05,1.0,1.5451807400690958e-05,0.00046236390522340305,0.7863496211822422,0.00036357968172076507,2.003241297077475e-15,1.0,2.003241297077475e-15,1.0,1.0,1.0,0.008907358270881025,0.07715100776197348,-17.873754777539926,-0.968736240839483,11.49999999999954,-7.181618507864048,-2.2107374830515263,-117.96116192158246,73.13527961552853,12.726502755045095,-4.211068606867953,273.15,11.5,0.05
370,0.007984317995749333,0.37912952387030563,0.0030270906801575575,5.514848055543695e-12,0.8041279873645443,4.434643667525619e-12,0.9976807055007374,1.000178128742359,0.997858421110084,6.9432516445059405e-09,1.011207942106401,7.021071206967727e-09,0.0006264410029931407,0.7681122006647686,0.0004811769773957063,0.05000251224949248,0.7886570245219731,0.039434832529308246,0.06850366848317636,0.8003376980353448,0.05482606834080176,0.0013725027899443196,0.7636476410226901,0.0010481085178380403,1.6749171370047125e-05,1.0,1.6749171370047125e-05,0.0005335764547625986,0.7860099414420982,0.00041939639796283244,2.2993968219321894e-15,1.0,2.2993968219321894e-15,1.0,1.0,1.0,0.008610765941994118,0.07648798648444055,-17.65875724499963,-0.9746030085906955,11.353141270859208,-6.961574732642297,-2.0581710350839284,-115.69385594982283,72.06841310313861,12.588340652956159,-4.217871763576033,278.15,11.5,0.05
371,0.0075658180530544855,0.3780057530603697,0.002859922750662601,7.627362386046907e-12,0.8033080294942557,6.127121448573954e-12,0.9976855042162266,1.000176403240128,0.9978614991717991,9.510789257309983e-09,1.0111488569452851,9.616823686176493e-09,0.0007011428225276766,0.7685812912431204,0.0005388852558841677,0.0500025807290465,0.7888950085203171,0.03944678635027898,0.06815995495221709,0.799841159393182,0.05451713739316837,0.0017149954605777654,0.7632017564942013,0.0013088875478925318,1.8065751606509057e-05,1.0,1.8065751606509057e-05,0.0006095998415835652,0.7858717619077372,0.00047906730156395383,2.6117489243586645e-15,1.0,2.6117489243586645e-15,1.0,1.0,1.0,0.00826697038637142,0.07572577301289894,-17.454329390847185,-0.9806370116883488,11.212743511226268,-6.7474962054352465,-1.9114881988993677,-113.51647145817786,71.03906180200782,12.456392271203,-4.224737492967654,283.15,11.5,0.05
372,0.007100363075213637,0.3770399508129861,0.002677120544632892,1.0408240874195007e-11,0.8026158340737187,8.353818930482185e-12,0.9976910052606096,1.0001744571655418,0.9978650596054738,1.3026138329043914e-08,1.0110823746432729,1.3170498874161457e-08,0.0007797391573798067,0.769196698401761,0.0005997727854711185,0.050002652709931136,0.7892253028201832,0.03946335872680785,0.06777318604312728,0.7993487934655726,0.054174414492891586,0.0021005569472535186,0.76291091368687,0.0016025378198804843,1.9373788049797058e-05,1.0,1.9373788049797058e-05,0.0006895110885437684,0.7858755158215013,0.0005418698823739786,2.9355593904269943e-15,1.0,2.9355593904269943e-15,1.0,1.0,1.0,0.007880115258731772,0.07487354912874915,-17.259559293034002,-0.986817569628,11.07811494232738,-6.5393982200798755,-1.7703795048406594,-111.4242183075868,70.04567350183697,12.330378862088232,-4.231679476366469,288.15,11.5,0.05
373,0.006596136134391861,0.37621071102223114,0.0024815370651189933,1.4030877872256122e-11,0.8020366339828889,1.1253278060489285e-11,0.9976970983986462,1.0001723280327846,0.9978690295769281,1.781977023999578e-08,1.011009730397606,1.8015961106085425e-08,0.0008612259148354395,0.7699407694040087,0.0006630929434990693,0.05000272726535553,0.789636658833774,0.03948398649039179,0.06735053995572109,0.7988571062664521,0.053803457454510394,0.002522032847738927,0.7627581808221234,0.0019237011869149832,2.0648187661028172e-05,1.0,2.0648187661028172e-05,0.0007722816730383039,0.7860053963557364,0.0006070175625147431,3.2659753085133166e-15,1.0,3.2659753085133166e-15,1.0,1.0,1.0,0.007457379868997541,0.0739466761041438,-17.073706389368645,-0.9931303505375733,10.948720949889573,-6.33725856429391,-1.6345569390961519,-109.4126355913559,69.08677006441222,12.210035329006104,-4.238672517144623,293.15,11.5,0.05
374,0.006064367363217426,0.3754869171330768,0.0022770906055769573,1.8705286501323982e-11,0.8015475308322638,1.4993176208646302e-11,0.9977036223098946,1.0001700716928992,0.9978733034539525,2.4327749747386215e-08,1.0109326655961743,2.4593716900081804e-08,0.0009444986400716367,0.7707862791660427,0.0007280065924582044,0.05000280338012919,0.7901083639699175,0.03950763317258332,0.06690214158787554,0.7983595871290518,0.05341196613614568,0.002969319816531776,0.7627167078838415,0.002264749835119368,2.186597904405355e-05,1.0,2.186597904405355e-05,0.0008567850434133881,0.7862364671539503,0.0006736356456436861,3.598031322631686e-15,1.0,3.598031322631686e-15,1.0,1.0,1.0,0.00700889033103881,0.07296650896979825,-16.89612100310266,-0.9995634604003255,10.82410635489231,-6.1410175726933245,-1.5037521110250052,-107.47755729425327,68.16093733071763,12.095106268444457,-4.24567796691213,298.15,11.5,0.05
375,0.005522970593222736,0.37399247969155697,0.00206554946742292,2.4714769187234785e-11,0.8006672779859512,1.9788306971194323e-11,0.9977103008096345,1.0001682173684046,0.9978781330108669,3.3122803874593975e-08,1.0108540477268615,3.3482320368696334e-08,0.001028324836323673,0.7712602801710181,0.000793106101369812,0.0500028799032603,0.7901642643018026,0.039510488811731075,0.06644467146842994,0.797404524370338,0.052983281649226756,0.0034257815387079486,0.7623182103972359,0.002611535651799732,2.298133944108401e-05,1.0,2.298133944108401e-05,0.00094174402840734,0.7860909808380586,0.0007402964869891102,3.922344571212234e-15,1.0,3.922344571212234e-15,1.0,1.0,1.0,0.006551328552350284,0.07196764208636747,-16.72593627107189,-1.0060893629254999,10.703591361150904,-5.950571347247916,-1.3777144520397901,-105.61507489927656,67.26680960434255,11.985339277164744,-4.2531050713693705,303.15,11.5,0.05
376,0.00498141523038633,0.3725373649610495,0.0018557633037049627,3.2340445861336134e-11,0.7998202363202445,2.5866543051515947e-11,0.9977169935854695,1.0001663636211773,0.9978829773974326,4.4947873259737084e-08,1.0107753617524395,4.5432202854113624e-08,0.001111875038215755,0.7717651452298642,0.0008581064003460432,0.05000295610049797,0.7902230507404842,0.03951348851577801,0.06598676940144349,0.7964309020904538,0.05255390228042638,0.0038827635730763364,0.761960699773346,0.002958513249195703,2.4007879656791455e-05,1.0,2.4007879656791455e-05,0.001026344261221225,0.7859818567451505,0.000806687968094388,4.2394709034115395e-15,1.0,4.2394709034115395e-15,1.0,1.0,1.0,0.006093335216475345,0.07096818466417029,-16.563071478446506,-1.012725149645599,10.58726160893207,-5.765834394205101,-1.2562102445682333,-103.82157271801216,66.40312318232755,11.880512753406189,-4.2604362813473795,308.15,11.5,0.05
377,0.004452621406923648,0.3710820015246067,0.0016522876637125369,4.1932576105724285e-11,0.7989742590514504,3.3503048924189656e-11,0.9977235002280895,1.000164581063269,0.9978877066226056,6.076495964597656e-08,1.0106986782646648,6.141506439899428e-08,0.0011942799856706284,0.7722623896103419,0.0009222975155978042,0.05000303118306758,0.7902516868452837,0.03951497973979647,0.06554048627626356,0.7954294224075348,0.05213283114303729,0.0043282212697315,0.7616048516298478,0.003296394317955012,2.4938257709391246e-05,1.0,2.4938257709391246e-05,0.0011097110658791107,0.7858726900507363,0.0008720916205214867,4.546471399521749e-15,1.0,4.546471399521749e-15,1.0,1.0,1.0,0.005646962157553922,0.06999310772511977,-16.407163341978347,-1.019470034205021,10.474915668464687,-5.586681018813577,-1.1390207685290836,-102.09364487898326,65.56865154425667,11.7804044927596,-4.267621516699277,313.15,11.5,0.05
378,0.003948844452780004,0.3693833990222949,0.0014586375861782117,5.3899216300847394e-11,0.7981012614425882,4.301703252047321e-11,0.9977296295141345,1.0001629663477971,0.9978922258679453,8.181051748559883e-08,1.010625965833083,8.267983324918772e-08,0.001274744658039298,0.7726865344068498,0.00098497803207403,0.05000310443160187,0.7901889265681105,0.03951189941588062,0.06511728277698427,0.7943950764934629,0.05172884883266887,0.004750697743903027,0.7611844264908456,0.0036161571376241808,2.576766875204341e-05,1.0,2.576766875204341e-05,0.0011910470917792923,0.7856993367913614,0.0009358049100982695,4.8408220504258146e-15,1.0,4.8408220504258146e-15,1.0,1.0,1.0,0.005223670921336788,0.0690661272836635,-16.257865207458284,-1.0263228383388436,10.366359552210628,-5.412970909346793,-1.025941261240544,-100.42809905449063,64.76222410479903,11.684802028120002,-4.274625275318507,318.15,11.5,0.05
379,0.0034763771639895994,0.3678246559962734,0.0012786972344577749,6.867586945852012e-11,0.7971733915856634,5.47465757763428e-11,0.9977352762529996,1.0001614981293776,0.9978964086337285,1.0966036047778426e-07,1.0105582670167363,1.1081818384486016e-07,0.0013530485125158643,0.7730707799570227,0.001046002268890329,0.05000317565673436,0.7900727616838189,0.03950614708407722,0.06472323250582497,0.79331462596115,0.05134588698635507,0.005144110382888308,0.7607307321542122,0.003913282857856707,2.6504858573899373e-05,1.0,2.6504858573899373e-05,0.0012701436943831012,0.7854966599741758,0.0009976936296251862,5.1227575721046155e-15,1.0,5.1227575721046155e-15,1.0,1.0,1.0,0.004829535336865942,0.06819960973849043,-16.115086721309012,-1.033297442075754,10.261643039372693,-5.244568245674843,-0.9167798553397202,-98.82195595765266,63.982739419282034,11.593510156547097,-4.2813959169436915,323.15,11.5,0.05
380,0.003046194269276655,0.3653831001790512,0.0011130279058559633,8.684724080606515e-11,0.7957349392683093,6.91073838884345e-11,0.9977402502042286,1.0001606714278726,0.9979005585548748,1.463161177420908e-07,1.0104974361444279,1.4785206184498898e-07,0.0014290153920716862,0.7729305899768607,0.0011045297100799837,0.05000324468260674,0.7894129108145268,0.03947320693506759,0.06436913582546756,0.7917576553411085,0.050964756057505556,0.005497679648360394,0.7597650572925766,0.004176944893012767,2.7128757007254504e-05,1.0,2.7128757007254504e-05,0.0013468076507226765,0.7847746334927012,0.0010569404804810544,5.386682736919095e-15,1.0,5.386682736919095e-15,1.0,1.0,1.0,0.004475355977466083,0.06741533018159146,-15.978402256897061,-1.040385536587521,10.160475547261413,-5.081316497258908,-0.811356386999219,-97.27240651136667,63.229135121371385,11.506336791565213,-4.288368082790887,328.15,11.5,0.05
381,0.002646962134008621,0.3648921906873558,0.0009658558117448835,1.0878355772984565e-10,0.7942173021117565,8.63977837343165e-11,0.9977447214485481,1.0001598254472395,0.9979041864448843,1.9428654325679308e-07,1.0104416789221318,1.9631522096037122e-07,0.001503537073234312,0.7728861009511349,0.001162062906167548,0.050003312364992364,0.7888427826897311,0.03944475206970442,0.06404455441160459,0.7901395683377619,0.050604136577169556,0.005821789329719413,0.7588981818992185,0.004418145337724333,2.7695095149383325e-05,1.0,2.7695095149383325e-05,0.0014219914844248096,0.7841607021115764,0.001115069840823242,5.642726328786976e-15,1.0,5.642726328786976e-15,1.0,1.0,1.0,0.0041506934937861895,0.06669151665439677,-15.84833465593702,-1.0476398216190181,10.063497397848673,-4.923093802146487,-0.7095020271590626,-95.77685135207834,62.500437490818996,11.4231185896119,-4.295038093621587,333.15,11.5,0.05
382,0.0022993787027151946,0.3623149727890303,0.0008330993321059319,1.3524720897254756e-10,0.7926202384711016,1.0719967502837156e-10,0.9977483905267681,1.0001594798565472,0.9979075112969595,2.5674512387881575e-07,1.0103942088358098,2.594137863139882e-07,0.0015746278243915206,0.7725062957336447,0.0012164099077798223,0.05000337688667901,0.787927988838786,0.03939906018546883,0.06376820147398742,0.7884992980832721,0.050281182102271754,0.006097758455327869,0.7577029370125191,0.004620289490794848,2.8169094808602403e-05,1.0,2.8169094808602403e-05,0.0014936810374058399,0.7832209123751052,0.001169882224914396,5.882318193941858e-15,1.0,5.882318193941858e-15,1.0,1.0,1.0,0.003874263272230594,0.06606758031194984,-15.723853318820096,-1.0550108417618467,9.969806531188015,-4.769701019973775,-0.6110578077183877,-94.33277456217272,61.79564652340338,11.343664286984996,-4.30149810431438,338.15,11.5,0.05
383,0.001992180368257843,0.3596511788155491,0.0007164900178571281,1.6671874909595338e-10,0.7909377933308418,1.3186415951683175e-10,0.9977514138711657,1.0001593638996282,0.9979104194273397,3.3761062308569835e-07,1.0103533049949076,3.411060088360252e-07,0.0016435336698595393,0.7720146951915077,0.0012688321451735925,0.05000343940383004,0.7868959847617697,0.039347505691152314,0.06353006473340726,0.7868169234522938,0.04998653008026457,0.0063355673763611405,0.7563994608057995,0.004792219747378378,2.8584300089853174e-05,1.0,2.8584300089853174e-05,0.0015631637135596023,0.7821795880378744,0.0012226747495078041,6.111739385515649e-15,1.0,6.111739385515649e-15,1.0,1.0,1.0,0.003636051648740468,0.06552224526838386,-15.605325975135807,-1.0625402616178583,9.87987322901158,-4.62101426146317,-0.5158743261750733,-92.93788325958106,61.11388367118636,11.26782933205587,-4.307702786155483,343.15,11.5,0.05
384,0.0017238899622289243,0.3566764970821192,0.0006148710330828394,2.0378360417288174e-10,0.789172117617194,1.6082033844077707e-10,0.9977538114047402,1.0001594866572854,0.997912939824915,4.417430364990888e-07,1.0103187431702105,4.4630126943995163e-07,0.001710425847202383,0.7713995119353552,0.0013194216637335344,0.050003500082442615,0.7857356538213862,0.0392895328306358,0.0633288433178471,0.7850962922468742,0.049719240081124993,0.006536509017185523,0.754975484013096,0.004934904059005609,2.894889067264217e-05,1.0,2.894889067264217e-05,0.0016306286503423532,0.781024061167152,0.0012735602107458966,6.332057764340123e-15,1.0,6.332057764340123e-15,1.0,1.0,1.0,0.0034347575524678064,0.06505273348385965,-15.492612023729976,-1.0702360893979976,9.793659028261425,-4.476885209496999,-0.42381085531475227,-91.5899962075535,60.45428905586089,11.195465215148978,-4.313666596744507,348.15,11.5,0.05
385,0.0014921949343641619,0.3530684629365128,0.0005268469718776051,2.471602039664215e-10,0.786887153453442,1.944871893461093e-10,0.9977555875548902,1.0001602028487808,0.9979154308424035,5.75113070821652e-07,1.0102903031835408,5.810311586852244e-07,0.0017763317008355154,0.7702657353088408,0.0013682474436964719,0.050003559844651754,0.7840456779280821,0.03920507497721741,0.06316325909669625,0.7829039494235048,0.04945076500526362,0.006701872426661299,0.7530441808884237,0.005046806031953871,2.925323725687535e-05,1.0,2.925323725687535e-05,0.0016971055029795699,0.7793540025457585,0.0013226459664895608,6.540599352486598e-15,1.0,6.540599352486598e-15,1.0,1.0,1.0,0.003269101748270499,0.06465545427822063,-15.385562681389802,-1.0781052020101094,9.711108999888525,-4.337175116615294,-0.33473463697906036,-90.28706719607678,59.816052430026055,11.126435634738778,-4.3198627865776595,353.15,11.5,0.05
386,0.0013021193087763199,0.34592575675609816,0.0004504366072751761,2.975002404950858e-10,0.7845391602583158,2.334005888546616e-10,0.9977567024724778,1.000161304813651,0.9979176454314392,7.450531856701188e-07,1.0102686053444283,7.527038427943738e-07,0.0018398361119797912,0.7688715663135889,0.0014145976731782057,0.050003617430241024,0.7820909923406095,0.03910737877663741,0.06303692679826334,0.7807056895702486,0.049213287404427465,0.006828032328971349,0.7508574069625604,0.005126878649187957,2.9506125835369104e-05,1.0,2.9506125835369104e-05,0.00176120260701881,0.777431456893483,0.0013692143086592346,6.738368406361074e-15,1.0,6.738368406361074e-15,1.0,1.0,1.0,0.0031427004739417812,0.06433904640453991,-15.283759685376715,-1.08613473546358,9.631898052592243,-4.2017276061201505,-0.24852071660479264,-89.02714820495711,59.19838225442979,11.060601685367299,-4.32586588949973,358.15,11.5,0.05
387,0.0011283518622561318,0.3420108879648722,0.00038590862234703693,3.5474619575492313e-10,0.7821265967996706,2.7745643481342774e-10,0.9977575109524087,1.000162353138088,0.9979195000153628,9.603895622259312e-07,1.0102497719268266,9.702333361996519e-07,0.0019036624703162737,0.7675781840333131,0.0014612097819777362,0.050003675344489316,0.7802358219784886,0.0390146587343531,0.06292727041601914,0.778458113759053,0.04898624423206012,0.006937519271735008,0.7487719431864135,0.005194619785990217,2.9756517167303666e-05,1.0,2.9756517167303666e-05,0.0018257099597124577,0.7756172816549103,0.0014160521960424725,6.9367234896833e-15,1.0,6.9367234896833e-15,1.0,1.0,1.0,0.0030329747221346315,0.06405562263302145,-15.187908308989153,-1.0943911242635316,9.556805198506844,-4.070445105970929,-0.16505108394120246,-87.80845707463033,58.600580149164266,10.997859697755713,-4.331655996145959,363.15,11.5,0.05
388,0.0009780445471755665,0.3383034196372549,0.0003308758148670646,4.1948040008527705e-10,0.779661809415801,3.2705284774495174e-10,0.9977579164124435,1.000163535475762,0.9979210852279994,1.2318698019613981e-06,1.01023487969114,1.2444778411796213e-06,0.001966919645333648,0.7662216672642458,0.0015070964500223465,0.05000373278098806,0.7783151906990227,0.038918664815097696,0.06284056055351118,0.7761883992054958,0.048776114101205865,0.007024076357450769,0.7466257239040366,0.0052443560951389075,2.9989578018163136e-05,1.0,2.9989578018163136e-05,0.0018897430948679752,0.7737464397547476,0.0014621819917052144,7.13197227740923e-15,1.0,7.13197227740923e-15,1.0,1.0,1.0,0.002946196062311176,0.06381860552016715,-15.097478989834432,-1.1028533984209778,9.485382064986275,-3.94318320050353,-0.08421418676897272,-86.62926387879155,58.02193283449264,10.938087790484289,-4.337269068347618,368.15,11.5,0.05
389,0.0008492884696938821,0.33435361414929593,0.00028396266929747423,4.920017690939993e-10,0.7771510141857704,3.823596738325949e-10,0.9977579488517249,1.0001648605786226,0.9979224398044979,1.5723841957687262e-06,1.0102236196062533,1.5884596536611515e-06,0.0020297051067368335,0.7647913416807051,0.0015523008917974414,0.0500037898412091,0.7763185959694748,0.03881887192268013,0.06277499879843738,0.7739014283613415,0.04858166123549219,0.0070894998539648415,0.7444082266121009,0.005277482013856719,3.0207594680049725e-05,1.0,3.0207594680049725e-05,0.001953427549140614,0.7718075435046611,0.0015076701181165482,7.324529821598517e-15,1.0,7.324529821598517e-15,1.0,1.0,1.0,0.002880565960626484,0.06362428776013304,-15.012299154559965,-1.1115249182248357,9.417527917534768,-3.819819700727232,-0.005904586691486246,-85.48795271924438,57.461778792268596,10.881179750283659,-4.342723446028117,373.15,11.5,0.05
390,0.0007354422923367295,0.3319473525022446,0.0002441281218593592,5.726517954076519e-10,0.7741456820413953,4.4331591472808596e-10,0.9977576660095372,1.0001666268056788,0.9979239191822659,1.9972866153023626e-06,1.0102151442324485,2.017689186151216e-06,0.002093709273612513,0.762924195454996,0.0015973414630874913,0.0500038480538993,0.7738776818289573,0.03869686201447901,0.06272565141741143,0.7711408866650928,0.04837031445066819,0.007138734302383272,0.7417672552712918,0.005295279349589858,3.0401896297492618e-05,1.0,3.0401896297492618e-05,0.0020184757754946867,0.7694334887764519,0.0015530828579496305,7.512329912536613e-15,1.0,7.512329912536613e-15,1.0,1.0,1.0,0.0028311488525645445,0.06346109428239997,-14.932348637635158,-1.120419794744122,9.353286677555785,-3.700249435874323,0.06997760854346956,-84.38300987447003,56.9195013535102,10.827042095305151,-4.348519694931365,378.15,11.5,0.05
391,0.0006419613095314748,0.3272161508988196,0.00021006010873085492,6.615342888241818e-10,0.7711083378333805,5.101146058750016e-10,0.9977570324018561,1.000168594868118,0.9979252491171478,2.5249090876082846e-06,1.0102100896798887,2.5506886358263323e-06,0.0021571647225204853,0.7609330397043836,0.001641457909450576,0.050003905849673444,0.7713113966142395,0.038568582457078567,0.06269622273364128,0.7683781379451871,0.048174406880272,0.0071680663106760785,0.739006548955241,0.005297247946935054,3.057935802442532e-05,1.0,3.057935802442532e-05,0.0020831638932426273,0.7669405777148623,0.0015976629197582426,7.696667167677826e-15,1.0,7.696667167677826e-15,1.0,1.0,1.0,0.0028016509411395683,0.06333818470470706,-14.857235973546025,-1.1295238308795261,9.292332241338242,-3.584350298725709,0.14352670821149757,-83.31298377177937,56.39449206451388,10.7755762489025,-4.3541937513219615,383.15,11.5,0.05
392,0.0005614793749535148,0.3225125805648642,0.00018108416215020508,7.582940494308501e-10,0.7680470303275817,5.824054927804403e-10,0.997756152112467,1.0001706473404741,0.9979264165462667,3.176805710129213e-06,1.0102073221763381,3.2092323895041343e-06,0.002220813691450236,0.7589050111542746,0.0016853866392816076,0.050003963927238715,0.7687077065776502,0.03843843243029922,0.06268011122979926,0.765609016357238,0.047988458303808885,0.007184086511171681,0.7362121956800914,0.005289012104345432,3.0751841504768066e-05,1.0,3.0751841504768066e-05,0.002148289108325641,0.7644155059506523,0.0016421855056690205,7.880617573672325e-15,1.0,7.880617573672325e-15,1.0,1.0,1.0,0.00278546987211388,0.06324159136304681,-14.787015578803043,-1.1388556166465282,9.23477453775926,-3.4720281644055566,0.21483217230076204,-82.27652434591978,55.886194677393675,10.726700998779386,-4.359747160326668,388.15,11.5,0.05
393,0.0004966801953028934,0.31470461527631816,0.0001563075497781637,8.629340027672737e-10,0.7649653536508271,6.601146146041901e-10,0.9977549940913955,1.0001728565892567,0.9979274626165879,3.978345563158816e-06,1.0102072192580513,4.018953408606275e-06,0.0022841460815061425,0.7567812567204034,0.0017285989420952027,0.05000402184348326,0.7660077347119508,0.03830346749881351,0.06267951535201159,0.7628433150553006,0.04781464927718812,0.007184603018768321,0.7333262480686001,0.005268657975615708,3.0912166337487165e-05,1.0,3.0912166337487165e-05,0.002213384880582087,0.7617991228083908,0.0016861546604647886,8.062313753910075e-15,1.0,8.062313753910075e-15,1.0,1.0,1.0,0.0027848046223721947,0.0631761964102485,-14.721400219980332,-1.1484073061088682,9.180380652081478,-3.3631835168847304,0.2839788407187682,-81.27234456938213,55.394070031093,10.680335375571484,-4.365195180771511,393.15,11.5,0.05
394,0.00043634002736804046,0.3101061145051388,0.000135311710490169,9.74351428471085e-10,0.7618685466568627,7.423277067423026e-10,0.9977537104505471,1.0001750400951939,0.9979283573550044,4.95899198771733e-06,1.0102080847319714,5.009613798113114e-06,0.0023484780026497834,0.754702874146603,0.0017724030984698658,0.050004080827374536,0.7633535766726923,0.03817079394780676,0.06268455840242393,0.7600661988998607,0.04764441403464669,0.007179475512015264,0.7304879808220799,0.005244520570133597,3.107906966386888e-05,1.0,3.107906966386888e-05,0.0022798449799997034,0.7592320085380452,0.0017309312833205545,8.246947139232454e-15,1.0,8.246947139232454e-15,1.0,1.0,1.0,0.0027897770220055413,0.06312089940414341,-14.66059717096944,-1.158208980278543,9.129404329477312,-3.2577391312491875,0.3510471738105688,-80.29924345766204,54.91762218397678,10.636412133026111,-4.370536786843399,398.15,11.5,0.05
395,0.0003824150298322826,0.30699542562808896,0.00011739966484993993,1.0928666402020133e-09,0.7582616846247537,8.286788996697728e-10,0.9977522313280438,1.0001776932929847,0.9979295252076114,6.152989713188194e-06,1.010210420580013,6.215814325984338e-06,0.0024147410659975097,0.7521434168679736,0.0018162315962307793,0.05000414172313181,0.760213763015855,0.03801383674572016,0.0626981634067694,0.756789196981162,0.047449292736802685,0.007165810811120978,0.7271871702444401,0.005210885686246082,3.12238855820688e-05,1.0,3.12238855820688e-05,0.0023486408397211853,0.7561850644490121,0.0017760071247521463,8.427056947345912e-15,1.0,8.427056947345912e-15,1.0,1.0,1.0,0.0028033090855429806,0.06308057952946834,-14.604328768632907,-1.1682527508631648,9.08161371928789,-3.1556117213646946,0.4161137540031505,-79.35607341957072,54.456369191566345,10.59486352786972,-4.376337539871478,403.15,11.5,0.05
396,0.00033824263162554336,0.30167288184600727,0.00010203862944565516,1.2174178935814218e-09,0.7546478916233211,9.187218466157241e-10,0.9977505617571204,1.0001804557906977,0.9979306116236614,7.599918409488813e-06,1.010214484728444,7.677547660019956e-06,0.0024810619434092384,0.7495252948133148,0.0018596186845839043,0.05000420289140751,0.7570164133061447,0.03785400232308606,0.06272183208190073,0.7535200910566744,0.04726216062159526,0.007142091041505367,0.7238326419549174,0.005169678627655378,3.136048035878165e-05,1.0,3.136048035878165e-05,0.0024179921597453982,0.7530835799359654,0.0018209501919181613,8.60623530786776e-15,1.0,8.60623530786776e-15,1.0,1.0,1.0,0.0028269044934442706,0.06306007593094415,-14.552358038819763,-1.1785329229101933,9.03681595625798,-3.056717964416653,0.47925100173833446,-78.44174232866145,54.00984683300632,10.555623552447797,-4.382058008459489,408.15,11.5,0.05
397,0.0003027840253246474,0.2934333295977266,8.884692470001371e-05,1.3471058586736482e-09,0.7510309647205236,1.0117182126203398e-09,0.997748720091957,1.000183315646163,0.997931623043289,9.345019882264363e-06,1.0102200962662677,9.440526885071294e-06,0.0025473806782067795,0.7468551659302026,0.0019025244191095165,0.050004264318694217,0.7537685026220652,0.037691639440220095,0.06275451088934295,0.7502613640974349,0.04708228494310579,0.007109370001946623,0.7204310569098217,0.005121810944465387,3.148857481018662e-05,1.0,3.148857481018662e-05,0.002487929186951916,0.7499340416219961,0.001865782790440177,8.78456571790691e-15,1.0,8.78456571790691e-15,1.0,1.0,1.0,0.002859509723413691,0.06305729626177346,-14.504575636592147,-1.1890533238153396,8.994940431908423,-2.9609888778074787,0.5405279058031348,-77.55522425955432,53.577622849202534,10.518635402836146,-4.387702581972678,413.15,11.5,0.05
398,0.00026906971567641443,0.28830217375025413,7.757338391987309e-05,1.4801773542432454e-09,0.7474149587779083,1.1063066962057077e-09,0.9977467983500716,1.0001861572821489,0.9979325361823252,1.1439644013995324e-05,1.0102262108216815,1.1556628225407424e-05,0.0026145331710420517,0.7442199127260826,0.001945787648372364,0.05000432681410385,0.7505575266674301,0.03753112385626364,0.06279011855352995,0.7470042147376593,0.046904483203364176,0.007073719131122302,0.7170680408038765,0.005072337918550772,3.161913679205588e-05,1.0,3.161913679205588e-05,0.0025594014860862695,0.7468229516423894,0.001911419772276865,8.965452716833391e-15,1.0,8.965452716833391e-15,1.0,1.0,1.0,0.002895042530732461,0.06305918974938372,-14.461084390988733,-1.1998349511036879,8.956124458921611,-2.8683663047970844,0.6000100705626766,-76.69555261712733,53.159292042556196,10.483849358554549,-4.393270221208973,418.15,11.5,0.05
399,0.00023965778688202425,0.2832448509222223,6.788183411774868e-05,1.6156749736453344e-09,0.7438006827763094,1.2017401485419958e-09,0.9977447673348537,1.000189035320594,0.997933376336818,1.3941977761794909e-05,1.0102331834803622,1.4084648578310481e-05,0.0026819711892992954,0.741576903328784,0.001988887889377587,0.050004389929844,0.7473408864908112,0.037370325098601796,0.06283072257663935,0.7437547583285292,0.04673064888559527,0.007033077360600775,0.7137016705712695,0.005019519061517747,3.17451066393349e-05,1.0,3.17451066393349e-05,0.002631970138806221,0.7437076268641715,0.0019574162659089385,9.147173616069835e-15,1.0,9.147173616069835e-15,1.0,1.0,1.0,0.002935570953943115,0.06307038197919636,-14.421671913061532,-1.2108727440302505,8.920189429383536,-2.7787892077819913,0.6577599517767164,-75.86180333196015,52.75446167022662,10.451215790957141,-4.398769509052762,423.15,11.5,0.05
400,0.00021310509508662534,0.2793234774581724,5.952525622365068e-05,1.7536539055247553e-09,0.7396276064682216,1.2970508407169243e-09,0.9977425875890821,1.0001924519161227,0.9979346050618609,1.6917221821365052e-05,1.0102410759612268,1.709047237509058e-05,0.002751430124966716,0.7383856452106506,0.0020316165080755694,0.05000445526368671,0.7435745515420719,0.03718204039780144,0.06287668232130825,0.7399513173595335,0.04652568391484892,0.006987114424645333,0.7098120752406459,0.004959538189701356,3.1839620798617026e-05,1.0,3.1839620798617026e-05,0.002707474071490156,0.7400463404552095,0.002003656278483656,9.322191885234365e-15,1.0,9.322191885234365e-15,1.0,1.0,1.0,0.0029814524418747064,0.06308978917004877,-14.386215744405613,-1.222168438970744,8.887043000469445,-2.6922056886770065,0.7138372127989454,-75.05310401855616,52.362762904671506,10.420691188222593,-4.404847023253776,428.15,11.5,0.05
401,0.0001911783402722851,0.2735647923187077,5.229966295242288e-05,1.891644198348161e-09,0.7354634439675826,1.3912351568784336e-09,0.997740299254568,1.0001959290738345,0.9979357855873283,2.04381455153113e-05,1.0102498397320188,2.064763323126293e-05,0.0028207898744524633,0.735173065039679,0.0020737687378341086,0.05000452099064452,0.7397901400718264,0.03699285158789349,0.06292771496728335,0.7361635818040579,0.04632509204506015,0.006936089222836155,0.7059070481168044,0.004896234268767049,3.192404899708067e-05,1.0,3.192404899708067e-05,0.00278396009044983,0.7363677479419952,0.0020500184221649356,9.496777196776117e-15,1.0,9.496777196776117e-15,1.0,1.0,1.0,0.0030324063602400596,0.06311889519919983,-14.354601409077233,-1.23372397239598,8.856599456130857,-2.60856536861801,0.7682983181624219,-74.26862370792236,51.98384121929189,10.392233626848766,-4.410868112556193,433.15,11.5,0.05
402,0.0001736221904657253,0.26516556885497206,4.603862690069038e-05,2.0281632620583416e-09,0.7313099092811773,1.4832158911833045e-09,0.9977379098566354,1.0001994646894332,0.9979369233389608,2.4585080042951595e-05,1.010259410114223,2.483730846180322e-05,0.0028898488345289234,0.7319396597427471,0.002115194972653075,0.050004586999926014,0.735988335946529,0.03680279277576898,0.06298344377785728,0.7323930165772862,0.046128634382890804,0.006880380055998345,0.7019871506795193,0.004829938391102469,3.199667225399504e-05,1.0,3.199667225399504e-05,0.002861385534635852,0.7326722662123144,0.0020964578241687852,9.670725980895436e-15,1.0,9.670725980895436e-15,1.0,1.0,1.0,0.0030880561050376,0.0631570679964863,-14.326740173376177,-1.2455430644752101,8.828795630141157,-2.527825980840421,0.8211972793108531,-73.5075769897479,51.6173633749546,10.365806528473504,-4.416836000859828,438.15,11.5,0.05
403,0.00015538092534345593,0.26150184634344725,4.063239886386703e-05,2.16086309593033e-09,0.7271710863149323,1.571317164845508e-09,0.9977354830097508,1.0002029683711728,0.9979379917555986,2.9445952174184273e-05,1.0102690401554786,2.9748333839477293e-05,0.002959224759326252,0.7287499534354218,0.0021565349055639527,0.05000465393422114,0.7322340303914469,0.03661510928858427,0.06303951948341936,0.72863400623021,0.04593273763203123,0.00682432930351484,0.6981157692940975,0.004764171901639513,3.2065279141607824e-05,1.0,3.2065279141607824e-05,0.0029405517965333445,0.7290240988721285,0.002143733123654541,9.846810245894079e-15,1.0,9.846810245894079e-15,1.0,1.0,1.0,0.0031440516368438924,0.06319490256962593,-14.30271376852276,-1.2576440723017,8.803736145297481,-2.4499520918545223,0.8725855994949773,-72.76922046251083,51.263015009680814,10.341377704047247,-4.422747315614005,443.15,11.5,0.05
404,0.0001403096334434705,0.25607541112239673,3.5929847068469486e-05,2.288785168285379e-09,0.7230444073869239,1.6548933156388813e-09,0.9977329763474989,1.0002065180111313,0.9979390261774141,3.511654056470091e-05,1.0102792564002994,3.5477512489056996e-05,0.003028033397976752,0.7255483665323227,0.002196984685707351,0.05000472107447035,0.7284715934146078,0.03642701883937244,0.06309900783900754,0.7248916356080708,0.045739942997664665,0.006764879979091088,0.6942384158107728,0.0046964395598342095,3.212009582355145e-05,1.0,3.212009582355145e-05,0.0030207564093676148,0.7253677892416142,0.0021911593985004243,1.0022412965952499e-14,1.0,1.0022412965952499e-14,1.0,1.0,1.0,0.0032034595719849235,0.0632393197612362,-14.282309159299505,-1.2700194659275164,8.781229998216201,-2.3749080859535843,0.9225124556746516,-72.05284361137164,50.92049303598805,10.318915788431383,-4.428612205101203,448.15,11.5,0.05
405,0.00012868626100748834,0.24724560509303692,3.181711246995693e-05,2.4131305880742915e-09,0.7182721431075372,1.733284479094471e-09,0.9977303102267072,1.0002107568514405,0.9979405887254774,4.1700312717981864e-05,1.0102904583483379,4.212942804911889e-05,0.0030982172337848286,0.7216736651617539,0.002235901786572808,0.050004790230712595,0.7240377903398726,0.03620535782505399,0.06316423490973228,0.720508967167971,0.045510397656766295,0.006699745127459469,0.689722106625403,0.004620962323164623,3.212454250807357e-05,1.0,3.212454250807357e-05,0.0031041122088910017,0.7210428088031953,0.002238197785939059,1.0186195160923555e-14,1.0,1.0186195160923555e-14,1.0,1.0,1.0,0.0032686038075102988,0.06329292358387036,-14.265358550357485,-1.2826649377173656,8.761130151907189,-2.3026597338140755,0.9710250324513134,-71.3577684208828,50.589506991043436,10.298391138782195,-4.435209681216651,453.15,11.5,0.05
406,0.00011715787565832824,0.24102500920651182,2.823797805916392e-05,2.5293970700933254e-09,0.713523167377231,1.8047834090076777e-09,0.9977276044415817,1.0002149911718858,0.9979421070684835,4.9306982221599524e-05,1.0103017717733913,4.981493149928113e-05,0.003167930967932693,0.7178290141731546,0.0022740327636797323,0.050004859874018835,0.7196390956711668,0.03598545213890233,0.06323011034663814,0.7161476099290691,0.0452820924002962,0.006633974675422415,0.6852423250310642,0.004545880230783655,3.211690422917562e-05,1.0,3.211690422917562e-05,0.0031890316073446097,0.7167521422473713,0.0022857452362588277,1.0350406956905314e-14,1.0,1.0350406956905314e-14,1.0,1.0,1.0,0.0033343958258126205,0.06334727075169354,-14.251982975191474,-1.2956017706500524,8.743574910055756,-2.2331847552001496,1.0181679220381596,-70.68335812008709,50.26978757252244,10.279780313901835,-4.441762933965703,458.15,11.5,0.05
407,0.00010604671631675138,0.23682524754432036,2.511453984297696e-05,2.636153429571843e-09,0.7087983077201022,1.868501089771064e-09,0.9977248584857178,1.000219226962182,0.9979435866755371,5.8052570825832314e-05,1.010313217035234,5.865127958821238e-05,0.0032368550701867473,0.7140088390693974,0.002311143130899932,0.05000492981879572,0.715269993958161,0.03576702584936829,0.0632967526578593,0.7118090202416446,0.045055199493868554,0.006567452377576022,0.6807936104538104,0.00447107961561344,3.2094658836442814e-05,1.0,3.2094658836442814e-05,0.0032754245948207195,0.7124901723340955,0.002333707834031149,1.0514648302593652e-14,1.0,1.0514648302593652e-14,1.0,1.0,1.0,0.003400954357329331,0.06340280201032947,-14.242108152904997,-1.3088337788434565,8.728506644519495,-2.166460116601059,1.0639839843067325,-70.02900278955657,49.96107488441461,10.263060397366969,-4.448274639014225,463.15,11.5,0.05
408,9.786938251882156e-05,0.22860887090545226,2.2373809033841616e-05,2.732570132065432e-09,0.7040953124247332,1.9239898208591037e-09,0.997722048384411,1.0002235158996524,0.9979450551256588,6.80579565433975e-05,1.010325115298899,6.876066279171547e-05,0.003304222606441442,0.7101780274041946,0.0023465862927469286,0.05000499947673981,0.710895366415146,0.03554832242560613,0.06336603168217034,0.7074958568729804,0.04483120488161753,0.006498314607207673,0.6763416780312254,0.004395081005813661,3.205077194426793e-05,1.0,3.205077194426793e-05,0.0033627589593139026,0.7082219069729705,0.002381579562855734,1.0676996749972197e-14,1.0,1.0676996749972197e-14,1.0,1.0,1.0,0.003470149945503661,0.06346390379725929,-14.235590835164745,-1.3223580751838029,8.71579722998865,-2.1024663787750026,1.1085142124125058,-69.3941221351047,49.663121794508434,10.248210865948916,-4.454752825090724,468.15,11.5,0.05
409,8.963638232850946e-05,0.2228296473376734,1.997364346288663e-05,2.81679517111159e-09,0.6994171198517513,1.970114765791187e-09,0.9977192106170042,1.0002278015687205,0.9979464926183254,7.944764367077709e-05,1.0103370240895946,8.026889587726343e-05,0.003370321880701956,0.706374885086213,0.0023807107311843937,0.05000506922362828,0.7065536633079555,0.03533126484392247,0.06343537118604207,0.7032051190205058,0.04460807774499066,0.0064291337693000794,0.671924036864648,0.004319889515810939,3.198959735609028e-05,1.0,3.198959735609028e-05,0.0034515763645498665,0.7039854187587504,0.002429859432375443,1.083923274975499e-14,1.0,1.083923274975499e-14,1.0,1.0,1.0,0.0035394059067012425,0.06352501038516571,-14.232478828974504,-1.3361891409526512,8.705508473991676,-2.041186337821677,1.1517978031339007,-68.77816266248797,49.37569204157913,10.23521282294502,-4.461194716358217,473.15,11.5,0.05
410,0.008678835523625104,0.37771014784387885,0.003278084248741146,1.2450615523936214e-12,0.8031731427097818,9.999999999031043e-13,0.9976346093723593,1.0001845437669195,0.997818716621182,5.233063433459031e-10,1.0114896309175656,5.29318940087769e-10,0.00018198839559323577,0.7658719127279212,0.0001393798006272772,0.0500033513365045,0.7868253633478086,0.03934390508395328,0.07014211701633793,0.7996891841786555,0.056091892333359074,0.001134045293155978,0.7623186413363013,0.0008645038670924928,5.130787625490911e-06,1.0,5.130787625490911e-06,0.0014650609450790719,0.7847435710446403,0.0011496971578393862,6.4489057339413645e-15,1.0,6.4489057339413645e-15,1.0,1.0,1.0,0.008860824442524683,0.0788209525412081,-18.6203837067934,-1.0092026403861467,12.00000000004208,-8.168166519549697,-2.210753630474576,-118.94770993326809,74.12179533236808,13.219760613464867,-4.204251626748416,273.15,12.0,0.05
411,0.008315993916498952,0.3764322217788128,0.003130408066286792,1.952604909278717e-12,0.8022130730846914,1.5664051847927322e-12,0.9976393934311502,1.0001830242720533,0.9978219856549045,8.956686500277822e-10,1.0114354018545515,9.059109809693728e-10,0.00022939920218612765,0.7661853473361027,0.00017576230740560308,0.05000339503322731,0.7869624235758701,0.039350792942370184,0.06982674014041053,0.7991898419664215,0.05580482141784506,0.0014483879611488012,0.7616956694822975,0.0011032308377373358,6.227286562932724e-06,1.0,6.227286562932724e-06,0.0015135701128029843,0.7844421330178741,0.0011873081677592778,6.62578448403753e-15,1.0,6.62578448403753e-15,1.0,1.0,1.0,0.00854539401435373,0.07814273405886207,-18.333033395772745,-1.0118169277837075,11.805095888026159,-7.8508925850089435,-2.0581868930510407,-116.58317380218949,72.95769923957103,13.03298372117237,-4.211113656728851,278.15,12.0,0.05
412,0.00789589388290195,0.3753342316020355,0.0029635992633502157,2.9764952421244475e-12,0.8013963592308833,2.38535245030658e-12,0.9976449600162377,1.0001812415918838,0.9978257747769259,1.4934592527326887e-09,1.0113724937293895,1.510443608719488e-09,0.00028356508714970737,0.7666634990229555,0.00021739900191494396,0.05000344489890208,0.787202644778171,0.03936284407243526,0.06946086770213145,0.7986969379026281,0.05547818233775195,0.0018131421436568414,0.7612456765765407,0.0013802466178774913,7.41662736476245e-06,1.0,7.41662736476245e-06,0.0015689278095953898,0.7842995230379837,0.0012305093327466927,6.826671216556392e-15,1.0,6.826671216556392e-15,1.0,1.0,1.0,0.008179460463510911,0.07735676158800989,-18.065007332225235,-1.0149467452866499,11.622447442236265,-7.551423343542719,-1.9115037473350016,-114.32039859628533,71.84295784324404,12.858340291821102,-4.21807347106839,283.15,12.0,0.05
413,0.007423226152487931,0.3744055472824492,0.002779297050223632,4.420642962679383e-12,0.8007170460590722,3.5396841747584577e-12,0.9976512483987631,1.0001792130054439,0.9978300404773733,2.427519477439652e-09,1.011301605081105,2.4549543439003625e-09,0.0003438496213339573,0.767299122841406,0.0002638355128388951,0.050003500334720334,0.7875451514702206,0.03938001424514855,0.06904855337897987,0.7982102853153372,0.05511526549324681,0.002224281727909272,0.7609624217002157,0.0016925948102133796,8.670391703022216e-06,1.0,8.670391703022216e-06,0.0016304693944611068,0.7843098406764097,0.0012787931909975534,7.048129105651568e-15,1.0,7.048129105651568e-15,1.0,1.0,1.0,0.007767078201341366,0.07647177953588846,-17.814861917635007,-1.0185670701287446,11.451035485792998,-7.268957026500097,-1.7703947462611511,-112.15377711400701,70.77520182541622,12.695143023877852,-4.225119975228388,288.15,12.0,0.05
414,0.006907484559096004,0.37344466197194637,0.0025795632362480467,6.412532120107672e-12,0.8001639049095671,5.131076741583376e-12,0.9976581262357581,1.0001770257026212,0.9978347373665308,3.850430074752754e-09,1.0112241911228137,3.893648037816804e-09,0.0004092152497608252,0.7680287328614205,0.00031428906974137634,0.05000356037499223,0.7879320876956138,0.0393994097184813,0.06859825241890259,0.7977313952083183,0.05472297961098355,0.002673384698148822,0.760783557581266,0.0020338671214409805,9.953970768136685e-06,1.0,9.953970768136685e-06,0.0016971229842212396,0.784410785987991,0.001331241573971267,7.284974965195866e-15,1.0,7.284974965195866e-15,1.0,1.0,1.0,0.007316703659286904,0.07550573698441111,-17.58109465427942,-1.0226437247222937,11.289791489886232,-7.002559309230342,-1.6345718640744922,-110.07793633629235,69.75204095939198,12.54267077649598,-4.232244244938284,293.15,12.0,0.05
415,0.00635916198560886,0.37277214786313145,0.00237051847198499,9.104297298135094e-12,0.799704209816489,7.280744876739528e-12,0.9976654429039469,1.0001746441699024,0.9978396793570632,5.971096224530155e-09,1.0111418796695295,6.037625460159047e-09,0.0004786311489978833,0.7689171558828701,0.0003680277018044026,0.05000362406598428,0.7884371102048056,0.03942471285835212,0.06811942592141292,0.7972424713562084,0.0543076994689534,0.0031510167193225616,0.7607735419173886,0.0023972101501999344,1.1239240523663729e-05,1.0,1.1239240523663729e-05,0.0017678300249947775,0.7846712733464575,0.0013871654367727517,7.533399159144969e-15,1.0,7.533399159144969e-15,1.0,1.0,1.0,0.0068377991057029675,0.07447858791612606,-17.36232102146054,-1.0271435483686187,11.137824186715939,-6.750975575641727,-1.5037667451531234,-108.08751529720166,68.77086606540979,12.400070635790541,-4.239367599663297,298.15,12.0,0.05
416,0.005798220774374814,0.3713336905627033,0.0021530747188459355,1.269492349175803e-11,0.7988564135600598,1.0141421051045173e-11,0.9976728934845608,1.0001726655747045,0.9978451572480814,9.066877421943504e-09,1.0110578530224605,9.167137619848023e-09,0.0005506440280220864,0.7694387141752931,0.00042368683288961827,0.050003690055928994,0.7885303272549191,0.03942942608375522,0.06763058155854552,0.7962936359384252,0.05385380168988442,0.0036387157743251195,0.7604117861918427,0.002766922361398998,1.247861905482999e-05,1.0,1.247861905482999e-05,0.0018410901642146155,0.7845598937907775,0.0014444455036954635,7.778909676413162e-15,1.0,7.778909676413162e-15,1.0,1.0,1.0,0.006348873869274322,0.07342880234561526,-17.15688436893516,-1.032011517010416,10.99390118589159,-6.513153143546096,-1.3777288039210234,-106.17765669557474,67.82936269687826,12.266615823432602,-4.246919505423245,303.15,12.0,0.05
417,0.005234999264938045,0.36993870608463786,0.0019366288544252113,1.7396231523342867e-11,0.798046378811199,1.3882999572165002e-11,0.9976803307253514,1.0001706795946288,0.9978506143997687,1.3509885612072011e-08,1.010973706449522,1.365813913094552e-08,0.0006241958791375247,0.7699969038377447,0.0004806288943241731,0.050003757384022234,0.7886319466190606,0.03943456052402869,0.06714099885675312,0.7953267685994775,0.05339903366128269,0.004127209919235593,0.7600973250406751,0.0031370812194923157,1.3663154174351923e-05,1.0,1.3663154174351923e-05,0.0019158371618779226,0.7844910296819089,0.0015029570678244779,8.025666024144984e-15,1.0,8.025666024144984e-15,1.0,1.0,1.0,0.0058592086539611815,0.0723759981390874,-16.963812581852665,-1.0372278872232434,10.857516689724228,-6.2878066549999785,-1.2562243296859699,-104.34354497880705,66.92506727288696,12.14148479868589,-4.254376221257926,308.15,12.0,0.05
418,0.004683480776161088,0.3685454356481238,0.0017260754629999009,2.34654097678696e-11,0.7972401019917342,1.8707565676614185e-11,0.9976875433551143,1.0001687624181255,0.9978559155174646,1.9789013686133467e-08,1.0108916552900833,2.000454880173357e-08,0.0006981948962389426,0.7705510819334949,0.0005379948326973614,0.0500038250518743,0.7887069663398077,0.039438365162050265,0.0666635685941157,0.7943320776490915,0.05295301094486665,0.004603623946936879,0.759788618975716,0.0034977810809267056,1.4775851684599861e-05,1.0,1.4775851684599861e-05,0.0019909631702088072,0.7844262240546569,0.0015617637218387844,8.270028936861397e-15,1.0,8.270028936861397e-15,1.0,1.0,1.0,0.005381695461413717,0.07134704939374219,-16.782010014612602,-1.0427613821490225,10.727982721425462,-6.0738271699638675,-1.139034604676558,-102.58079103013355,66.055770023112,12.02396373218727,-4.261685027541338,313.15,12.0,0.05
419,0.004155712442735066,0.36711680717747136,0.0015256318835245874,3.1198987121304805e-11,0.7964063394401916,2.4847071127520066e-11,0.9976943476802568,1.0001669814419207,0.9978609441210287,2.8543944603927724e-08,1.0108136150246978,2.8852607832160853e-08,0.0007717442239968434,0.7710637175892731,0.0005950639703830547,0.05000389224300835,0.7887226862284251,0.03943920421178226,0.06620944068904977,0.7933008799497363,0.05252400755960305,0.005056816929705164,0.7594469810485408,0.0038403843509797375,1.5806556980367675e-05,1.0,1.5806556980367675e-05,0.0020655624380682665,0.7843296312981123,0.001620081825473313,8.509338298254042e-15,1.0,8.509338298254042e-15,1.0,1.0,1.0,0.004927485210676513,0.07036515316298382,-16.610527274745596,-1.048585609573207,10.604724796794713,-5.87018542855128,-1.0259548756396373,-100.88531357369513,65.21941139520533,11.913395673323151,-4.268799998178545,318.15,12.0,0.05
420,0.003661030991479097,0.36562307096350277,0.0013385573939971441,4.093320289617392e-11,0.7955189755069939,3.256313963218415e-11,0.9977006002276395,1.000165390414044,0.9978656103430031,4.060620577390947e-08,1.0107410744284335,4.1042360052383264e-08,0.0008441768501102388,0.7715032678873144,0.0006512851985348689,0.0500039583537798,0.7886515043202963,0.039435696977677896,0.0657872849478081,0.792226413332676,0.05211842479709674,0.0054781221254294275,0.7590395802574519,0.004158111518685013,1.675134540632125e-05,1.0,1.675134540632125e-05,0.0021389656764636143,0.7841708053030874,0.001677314437028136,8.741917639715885e-15,1.0,8.741917639715885e-15,1.0,1.0,1.0,0.00450524844779511,0.06944831598022037,-16.448555385187653,-1.0546794131043424,10.487273728500362,-5.67594694984187,-0.916793259270237,-99.25333466181968,64.41409131558804,11.809186104700094,-4.275685451653008,323.15,12.0,0.05
421,0.003199502875907166,0.3652173499783401,0.0011685139615868936,5.305810644652025e-11,0.7941119751688475,4.213407770896515e-11,0.9977062737677153,1.0001641800410497,0.9978700772246979,5.709202096584882e-08,1.0106741676416666,5.770143076863982e-08,0.000916212054063576,0.771646326023107,0.0007069916653762427,0.0500040240397146,0.7882676724451749,0.03941655564267841,0.06539788902298849,0.7906498458886024,0.051706830877465776,0.00586674551355605,0.7583458581610287,0.004449022161090028,1.7617519390262442e-05,1.0,1.7617519390262442e-05,0.0022119017168980583,0.7837226544618453,0.0017335174849760595,8.963488447081698e-15,1.0,8.963488447081698e-15,1.0,1.0,1.0,0.004115772021991708,0.06859739195195377,-16.295446785572217,-1.0610289361455376,10.375366508098287,-5.489957300396953,-0.8113696529259341,-97.68104731450471,63.63774939265599,11.710643927207522,-4.282713851948791,328.15,12.0,0.05
422,0.002791214848446797,0.3627842614485721,0.0010126088173380591,6.802481067536693e-11,0.7926322624752623,5.3918659590067475e-11,0.9977110890797725,1.0001635120629906,0.9978742268782165,7.932009704113341e-08,1.0106159583449101,8.016215588723623e-08,0.000985603026727114,0.7714246326254932,0.000760318452807538,0.05000408725742064,0.7875077292324908,0.039378605208434656,0.06505909167232934,0.7890541343168362,0.05133514525894951,0.006204868300535756,0.757295914136071,0.004698921411748153,1.8382201825783656e-05,1.0,1.8382201825783656e-05,0.0022821034587770747,0.7829196919916198,0.0017867037370387579,9.172088569282278e-15,1.0,9.172088569282278e-15,1.0,1.0,1.0,0.003776897195270952,0.06785030658880097,-16.15033779744961,-1.0676034660126648,10.268260912835366,-5.312078385895353,-0.7095150659557519,-96.16583593582719,62.889395996974486,11.61759784268964,-4.289538218863926,333.15,12.0,0.05
423,0.002426124351638802,0.3602595896058973,0.0008740345632542683,8.62432877097375e-11,0.7910656316552044,6.822410086812498e-11,0.9977151915399027,1.0001630869933273,0.997877905910688,1.0908430245208394e-07,1.0105648832281044,1.102367653695095e-07,0.0010532984501572193,0.7710892989979078,0.0008121871635673133,0.05000414888981892,0.7866279432795931,0.03933466079664479,0.06476180189635458,0.7874139123062668,0.05099434379921197,0.0065015530912677635,0.7561368839078406,0.004916064094992594,1.9075045920405922e-05,1.0,1.9075045920405922e-05,0.002350552848076344,0.7820146443992055,0.0018381667496299616,9.373629959199716e-15,1.0,9.373629959199716e-15,1.0,1.0,1.0,0.0034795318860984734,0.06718792633423666,-16.01301917234847,-1.0744127723417134,10.166062179228383,-5.141367611013263,-0.6110706923259039,-94.70444115321222,62.16728734522783,11.529484697897225,-4.296092029065508,338.15,12.0,0.05
424,0.0021041680402181834,0.35741826307773594,0.0007520680861584667,1.081822817720819e-10,0.7894103344332686,8.540021123345333e-11,0.9977185823303558,1.0001629251164654,0.9978811357465818,1.4861688844476652e-07,1.0105209292502932,1.5018047621349266e-07,0.0011192898186255145,0.7706209446718495,0.0008625481773907772,0.05000420893734089,0.785609894673824,0.03928380131651227,0.0645059500768507,0.7857320908401401,0.050684395025513605,0.006756862752657119,0.754848713038782,0.00510040915302291,1.970280359749786e-05,1.0,1.970280359749786e-05,0.0024172525959731167,0.7809873327683693,0.0018878436575564608,9.568441044129935e-15,1.0,9.568441044129935e-15,1.0,1.0,1.0,0.0032236064757321424,0.06661011822525117,-15.88305640217771,-1.0814504568344483,10.068541055102449,-4.977290153996602,-0.5158870707334244,-93.29415915211447,61.4701340746031,11.445954533764235,-4.3023852104113445,343.15,12.0,0.05
425,0.0018209667287808374,0.35471415298302383,0.0006459226708097627,1.3429918572588754e-10,0.7876683522357405,1.057832183273116e-10,0.9977213263959844,1.0001629702583226,0.9978839252982812,2.0075189924071618e-07,1.0104834068981603,2.0285646308603508e-07,0.0011839446088028908,0.7700599251991637,0.000911708296894707,0.05000426774491994,0.7844950883103946,0.0392281024404476,0.06428752776185981,0.7840075343219175,0.05040190612822754,0.006974793629359392,0.75347062147092,0.005255302090544833,2.027807387254604e-05,1.0,2.027807387254604e-05,0.002482588455515098,0.7798773734302232,0.0019361145639953097,9.758406739617277e-15,1.0,9.758406739617277e-15,1.0,1.0,1.0,0.0030051120894829687,0.06610849462493983,-15.760139724404569,-1.0887170143535225,9.97558322422826,-4.819324481849768,-0.4238234827008685,-91.93243547990627,60.79670307344143,11.366672223939247,-4.308423681913464,348.15,12.0,0.05
426,0.0015779362161613916,0.35091471187200046,0.0005537210326466694,1.6522632975953487e-10,0.7854011427070117,1.2976894819842436e-10,0.9977233778059467,1.0001636677220251,0.9978866729184033,2.6906801139288834e-07,1.0104526573962516,2.718804871322688e-07,0.0012478334586000885,0.7689433325248917,0.0009595132180920139,0.0500043258222046,0.7828135851926683,0.0391440655720223,0.06410852559140028,0.7818106654964646,0.05012072905660977,0.007153364264926864,0.7515487722492138,0.0053761021307571835,2.0792399694210475e-05,1.0,2.0792399694210475e-05,0.002547129778572281,0.7782161484416142,0.0019822175258614612,9.935039815728137e-15,1.0,9.935039815728137e-15,1.0,1.0,1.0,0.002826038742772873,0.065686461972788,-15.643731984793831,-1.096195776580767,9.886829215389307,-4.666996499851871,-0.33474715265652305,-90.61688857931335,60.145848781907716,11.291333810679603,-4.314694779990163,353.15,12.0,0.05
427,0.001377688355710181,0.34383516724503055,0.0004736977061971415,2.01432477444238e-10,0.7830678922721184,1.577353055474104e-10,0.9977247304919085,1.0001647525999118,0.9978891082352533,3.578098657618868e-07,1.0104289326699067,3.6154144076054615e-07,0.001309811680955372,0.7675711581922794,0.0010053736689646915,0.0500043821465436,0.7808725305403081,0.0390470484248761,0.06397041372309778,0.7796064144607477,0.04987174487423489,0.007291097845860649,0.7493762098679712,0.0054637752695075835,2.1250979115378847e-05,1.0,2.1250979115378847e-05,0.0026097455397502837,0.7763076773690826,0.0020259654984878654,1.0103865458183325e-14,1.0,1.0103865458183325e-14,1.0,1.0,1.0,0.0026878578465313148,0.06534810228024045,-15.533543023030791,-1.1038854960716322,9.802071088609482,-4.520193654118243,-0.2485331361908195,-89.34561425295522,59.51682346325582,11.219822289780318,-4.320764199481166,358.15,12.0,0.05
428,0.0011938540282969362,0.3401777573573473,0.00040612258595808677,2.430805488936034e-10,0.7806676390033358,1.897651181924042e-10,0.9977257635094038,1.0001657665334365,0.9978911530505411,4.7272385603802746e-07,1.010408147601424,4.776440357063859e-07,0.0013724602374724103,0.7663145036793128,0.0010517361856982616,0.05000443909042851,0.7790460903995925,0.03895576277602288,0.06384941265341154,0.7773502031662906,0.04963335389817777,0.007411730265939514,0.7473194761642288,0.0055389303798124775,2.170080395671875e-05,1.0,2.170080395671875e-05,0.002673075246057748,0.7745227102356737,0.0020703574842405375,1.0275901717862043e-14,1.0,1.0275901717862043e-14,1.0,1.0,1.0,0.002566786989625385,0.065043266924789,-15.429823514251417,-1.1118227447393227,9.721783614715797,-4.378216938652938,-0.16506342071311253,-88.11622890731235,58.90832730830246,11.151733277324807,-4.326612616553873,363.15,12.0,0.05
429,0.0010359984086870254,0.3362680041309846,0.00034837311717206206,2.9067125947616665e-10,0.7782121358738855,2.2620390167410017e-10,0.9977263443783793,1.0001669495955976,0.9978929143880902,6.203739561735279e-07,1.0103917588665283,6.268207327331573e-07,0.0014346901602142604,0.7649705128473178,0.0010974956676361033,0.05000449566322741,0.7771300345471421,0.038859995442276335,0.06375400393908112,0.7750730093748717,0.04941400769276103,0.007506795852081055,0.7451780591436687,0.005593899563441503,2.212457838514962e-05,1.0,2.212457838514962e-05,0.00273602573685559,0.772657163646748,0.0021140098855033443,1.0446194557255792e-14,1.0,1.0446194557255792e-14,1.0,1.0,1.0,0.0024713089428574594,0.0647900026384394,-15.332051655246376,-1.1199886606326637,9.645499908425071,-4.241027013685084,-0.0842264468696896,-86.9271076919731,58.31975212747276,11.086997436974347,-4.332281374954338,368.15,12.0,0.05
430,0.0008946153842423042,0.3346706038359893,0.00029940147084533763,3.443744314130716e-10,0.7757119658774572,2.671353671893658e-10,0.9977266107337935,1.0001681566874925,0.9978943851356775,8.091251254579655e-07,1.0103782886201877,8.175224595398135e-07,0.0014973955711244824,0.7636447141405145,0.0011434782128666274,0.05000455269223755,0.7752308130301695,0.03876507003881327,0.06367558496826024,0.7727703596345045,0.04920660469585991,0.007584882500862387,0.7430561315525678,0.005635993449371572,2.2538197007218343e-05,1.0,2.2538197007218343e-05,0.0027995237799256353,0.7708158729925043,0.0021579173663866537,1.0618404674608936e-14,1.0,1.0618404674608936e-14,1.0,1.0,1.0,0.0023928200804922447,0.06457020069687698,-15.240152865137619,-1.1283954238289104,9.573268610075354,-4.108296194984283,-0.005916796216637831,-85.77642921350143,57.75023086747533,11.025405787887033,-4.337774745660703,373.15,12.0,0.05
431,0.0007799324993176192,0.3299395835996279,0.00025733060406067226,4.049858775343513e-10,0.7727063686263593,3.129351667745279e-10,0.9977263872887016,1.0001700400995348,0.9978960407829047,1.0489189141045053e-06,1.010369456275068,1.0597956329204038e-06,0.0015603503212319185,0.7617111770731455,0.0011885362798320252,0.05000460995544358,0.7727153653379306,0.03863933045030131,0.06362416680579328,0.7700044233273904,0.048990889870980554,0.007636009083322662,0.7403421686078853,0.005653259524256608,2.2911407449763e-05,1.0,2.2911407449763e-05,0.0028633328521457547,0.7683686002277518,0.00220009505558937,1.077848914037217e-14,1.0,1.077848914037217e-14,1.0,1.0,1.0,0.002341331739463642,0.06440409971009677,-15.153509557320906,-1.1370141750558163,9.50454562931805,-3.979881575649444,0.06996547575068458,-84.66264201424517,57.19910922769975,10.966846032399927,-4.343629434174627,378.15,12.0,0.05
432,0.0006811897363541766,0.3252285843217497,0.00022154237360897487,4.722440425656845e-10,0.7696701774874785,3.634721560589342e-10,0.9977258633315164,1.0001720242632726,0.997897496388104,1.3517983199993448e-06,1.0103634277185962,1.3658075841787783e-06,0.0016236247525764523,0.7597324801733604,0.0012335204601457669,0.05000466755222185,0.7701540676044649,0.03851129811455266,0.06358907194094929,0.767229491695348,0.04878741134263345,0.00767082531900753,0.7375862721278252,0.005657895451190501,2.3272142562118e-05,1.0,2.3272142562118e-05,0.0029275753166791304,0.7658815590410135,0.0022421759477482006,1.093902560056224e-14,1.0,1.093902560056224e-14,1.0,1.0,1.0,0.0023061662872506284,0.0642702621495475,-15.07224352775821,-1.1458698158752685,9.439528852846543,-3.8556182256181937,0.14351463012779972,-83.58425169867184,56.66573583523896,10.911198134265044,-4.349347871980734,383.15,12.0,0.05
433,0.0006011673561923184,0.3176198130434305,0.0001909426632816176,5.463135070872272e-10,0.7666080077549998,4.188083092777858e-10,0.9977250057634798,1.000174188376592,0.997898797862519,1.7319643453557712e-06,1.0103605995154663,1.749908534313068e-06,0.0016867340101531965,0.7576441604340105,0.0012779441729980103,0.050004725052833765,0.7674823734374709,0.03837774506663702,0.06357260945390247,0.7644567610399866,0.04859851111399031,0.007687027913649088,0.7347249316041276,0.005647851058094843,2.361400383253761e-05,1.0,2.361400383253761e-05,0.002991788311195275,0.7632898834807774,0.002283601751451394,1.1097996207445365e-14,1.0,1.1097996207445365e-14,1.0,1.0,1.0,0.0022896333306908706,0.06417377735640828,-14.996066195524008,-1.1549561250788973,9.377984710379794,-3.73541398142955,0.21482015256891074,-82.53991016294377,56.14955645495396,10.858381887559533,-4.35494720857945,388.15,12.0,0.05
434,0.0005272758721468769,0.3129980745953521,0.00016503633276255755,6.267438892098722e-10,0.7635250981191569,4.785346895045496e-10,0.9977239903180769,1.0001763301440871,0.997899919133049,2.2071761245510216e-06,1.0103590456116178,2.2300403626981177e-06,0.001751034954746471,0.7556020273107892,0.0013230855616984893,0.050004783713806754,0.7648571802514638,0.03824651787042656,0.06356356601781564,0.7616692110173542,0.04841441117823913,0.007695811735176022,0.7319119884479732,0.005632656869813931,2.3957241387464566e-05,1.0,2.3957241387464566e-05,0.00305738449653651,0.7607488129468272,0.002325901626462184,1.1260749826351731e-14,1.0,1.1260749826351731e-14,1.0,1.0,1.0,0.002280518003017899,0.06409084251670638,-14.925050210362997,-1.164293915626286,9.320086574262609,-3.618983764408634,0.2839668537272848,-81.52814481690602,55.64984630463393,10.808223512341952,-4.3604276909489394,393.15,12.0,0.05
435,0.00046347658970193934,0.3084133577994362,0.00014294237129140668,7.134286261818203e-10,0.7604252660983911,5.425091529065194e-10,0.9977227665622688,1.000178542638105,0.9979009026171081,2.797620027283055e-06,1.0103593467325949,2.8266015431717304e-06,0.0018159277555317974,0.7535306665680195,0.0013683572520652428,0.05000484300524186,0.7622029193973175,0.038113837322599875,0.06356532264430374,0.7588789698620153,0.04823838656725586,0.007693803612216223,0.7290731062345627,0.00560934529831718,2.4293259597014986e-05,1.0,2.4293259597014986e-05,0.0031237958053386395,0.7581826501376996,0.0023684077821806786,1.1424853680387651e-14,1.0,1.1424853680387651e-14,1.0,1.0,1.0,0.0022822019652610197,0.06402879994743434,-14.858914711067486,-1.1738763608913285,9.265592930247612,-3.5062787857782745,0.3510352254526498,-80.54778311219114,55.16613794179003,10.760670011932737,-4.36580452072529,398.15,12.0,0.05
436,0.0004064369344216028,0.3053004365184439,0.00012408537349613353,8.06590485119525e-10,0.7568122678618874,6.104375742791287e-10,0.9977213355583011,1.0001812343113905,0.9979021568975106,3.528555631651626e-06,1.0103612102886474,3.565115738566361e-06,0.0018830145520694374,0.7509763543064049,0.0014140994034190135,0.0500049043839436,0.759061190109889,0.03795678223300745,0.063576175943447,0.7555862543329005,0.04803728464591858,0.0076827192138152495,0.7257700247369964,0.0055758873138580895,2.4611856054567723e-05,1.0,2.4611856054567723e-05,0.003192664731365962,0.7551348278906418,0.0024108923324325576,1.1581311635253527e-14,1.0,1.1581311635253527e-14,1.0,1.0,1.0,0.0022929800421226916,0.06398261368445907,-14.797423935857077,-1.183699127335634,9.214358742091418,-3.397036120863082,0.4161018432732382,-79.5974978190691,54.6977697696049,10.715563816889002,-4.371641149768747,403.15,12.0,0.05
437,0.00035969556733546506,0.29998945160080653,0.00010790487598820713,9.05358801945026e-10,0.7531912401839824,6.81908318848459e-10,0.9977196990719159,1.000184041810813,0.997903321212017,4.427070907704048e-06,1.0103649289663177,4.472957183191249e-06,0.0019504354892429718,0.7483602454022547,0.001459628381371137,0.05000496620383421,0.7558588858290111,0.037796698040747485,0.06359782979178819,0.7523014322348354,0.047844738439389536,0.007660846857898783,0.7224101370860034,0.005534273428809538,2.4918489757685888e-05,1.0,2.4918489757685888e-05,0.0032621910115000863,0.7520294675803417,0.002453263769523786,1.1737618975236063e-14,1.0,1.1737618975236063e-14,1.0,1.0,1.0,0.002314558127486141,0.06395752626448245,-14.740467100506619,-1.1937670672120526,9.16627401140616,-3.2913457444485803,0.47923912492334225,-78.67637010869338,54.24445085940827,10.672925565648766,-4.3773953389488875,408.15,12.0,0.05
438,0.0003223914867860307,0.2915666713071677,9.39986126599717e-05,1.0091156349505828e-09,0.7495659337783716,7.563987032020886e-10,0.9977178737507673,1.0001869570998392,0.9979044041909013,5.525720914717931e-06,1.0103703463622578,5.583024554504725e-06,0.0020181083703273072,0.7456860307958847,0.0015048752203853219,0.05000502841986713,0.7525999966337868,0.03763378422046441,0.06362937349079757,0.7490273133420705,0.04766013867545126,0.007629097542532659,0.7189971854770049,0.005485299660810515,2.5212796955159193e-05,1.0,2.5212796955159193e-05,0.0033323571936140547,0.748870085850189,0.0024955026176652524,1.1893646142453586e-14,1.0,1.1893646142453586e-14,1.0,1.0,1.0,0.002346025578028056,0.06395176598669923,-14.687910180055804,-1.2040826879096378,9.12124922439688,-3.189115573186829,0.540516060143236,-77.78335095493367,53.80572585326209,10.632686904865922,-4.383071949172259,413.15,12.0,0.05
439,0.0002866577235814633,0.2864477992782521,8.211247406602361e-05,1.1166293215678466e-09,0.7459411641656678,8.329397760718383e-10,0.9977159656288512,1.000189847874017,0.9979053798837987,6.863289899497133e-06,1.010376274695043,6.9345052808060255e-06,0.0020869450177506935,0.743051468068334,0.0015507075592175478,0.05000509189935656,0.7493829319222008,0.03747296237857891,0.06366389174088981,0.745754159751091,0.0474776120917117,0.007594375604732915,0.7156274967637656,0.005434744003498825,2.550697659894393e-05,1.0,2.550697659894393e-05,0.003404164888516056,0.7457540267266054,0.002538669673252175,1.2053047216082369e-14,1.0,1.2053047216082369e-14,1.0,1.0,1.0,0.002380466031231654,0.06395055058110062,-14.63979433577888,-1.2146625001360858,9.079386398191284,-3.0901819638536843,0.5999982521374372,-76.91736827618394,53.38108406476232,10.594745369657609,-4.388669250997756,418.15,12.0,0.05
440,0.00025360853825531277,0.2835422956199472,7.190874712573063e-05,1.2270074421756333e-09,0.742319330360621,9.10831342823314e-10,0.99771396311381,1.000192740267304,0.9979062627697536,8.48310398537779e-06,1.0103828617932493,8.57118288163573e-06,0.002156648706724271,0.7404341555216749,0.001596856363920298,0.050005156410665365,0.7461853976997177,0.037313117523328915,0.06370224512005153,0.7424868850577658,0.04729808155037332,0.007555823876846292,0.7122790156011399,0.0053818547930556656,2.579728814996398e-05,1.0,2.579728814996398e-05,0.00347740027631242,0.7426587677080279,0.0025825218040337384,1.2214886627205776e-14,1.0,1.2214886627205776e-14,1.0,1.0,1.0,0.0024187403489649615,0.06395585488531427,-14.595964930395105,-1.225506738301946,9.040562033194128,-2.994494461598713,0.6577481519584016,-76.07750858577687,52.9701433244067,10.559056618047187,-4.39419313478645,423.15,12.0,0.05
441,0.00022713428595126328,0.2776854047259189,6.307187612150914e-05,1.3409064634465792e-09,0.7381322868161186,9.897663542703367e-10,0.9977117584954679,1.0001962528981305,0.9979075623195715,1.043667682646301e-05,1.010390955569024,1.0545123871655046e-05,0.002228212850672077,0.7372167966622434,0.0016426759400541139,0.05000522287020155,0.742386250713558,0.03712318992270479,0.06374937003360259,0.7386664132799426,0.04708951851157708,0.0075085348842390005,0.7083566837417001,0.005318720870358408,2.6056107289488785e-05,1.0,2.6056107289488785e-05,0.003553132197493892,0.7389659024856119,0.002625643540971759,1.2364087392314699e-14,1.0,1.2364087392314699e-14,1.0,1.0,1.0,0.002465783813449803,0.0639765056604603,-14.556059768173572,-1.2365973902032956,9.004467313510403,-2.9019080696107826,0.7138254438184677,-75.26280639948993,52.572441747644326,10.525530609709003,-4.400303470459741,428.15,12.0,0.05
442,0.00020592709692542315,0.26915146645972715,5.5425580121272044e-05,1.4559926139441031e-09,0.7339541650639514,1.0686318433066253e-09,0.9977094324122281,1.0001998340668405,0.9979088087456321,1.2777772452136187e-05,1.010400051382532,1.29106619421927e-05,0.002299955122549321,0.733972664885635,0.001688104190414893,0.05000528982735979,0.7385636659813232,0.03693209017335342,0.06380232827100345,0.734863080446866,0.046885975492911756,0.007455426519398595,0.7044135764863754,0.005251703658760934,2.6301684187647887e-05,1.0,2.6301684187647887e-05,0.003629804063837519,0.7352504070352263,0.002668814915394655,1.251306229973081e-14,1.0,1.251306229973081e-14,1.0,1.0,1.0,0.002518659991926881,0.0640082568239215,-14.520148413449933,-1.2479521144413446,8.971171888765964,-2.812487136190101,0.7682865778761079,-74.47254547549444,52.18773950629135,10.494182770348498,-4.406355370111347,433.15,12.0,0.05
443,0.00018539588616348247,0.2633636312474264,4.882653379834926e-05,1.5706563045080532e-09,0.729788110188361,1.1462462962223686e-09,0.9977070456054813,1.0002034053536735,0.9979099845599552,1.5570391600024395e-05,1.0104094579929888,1.5732470937319223e-05,0.0023723776164322375,0.7307581972661829,0.001733634390218666,0.0500053577979897,0.7347744461192551,0.03674265907901306,0.06385709547424993,0.7310713344700479,0.04668409200374115,0.007400517324928263,0.7005051982639862,0.0051841008559549385,2.6540569604697515e-05,1.0,2.6540569604697515e-05,0.0037080525332290728,0.7315684242208594,0.002712694148662558,1.2664034853873268e-14,1.0,1.2664034853873268e-14,1.0,1.0,1.0,0.0025733438941957444,0.06404249293106971,-14.48823763419778,-1.2595833862666608,8.940722054622062,-2.726133573655869,0.8211855556029612,-73.70588458256337,51.81564752035426,10.464948601173337,-4.412347875446763,438.15,12.0,0.05
444,0.00016588823206589438,0.25989427134920134,4.311340119817283e-05,1.6836106634233786e-09,0.7256357386707395,1.221688067387155e-09,0.9977045969301452,1.0002069745776194,0.9979110964176838,1.8884502038211554e-05,1.0104192049511111,1.9081263535347356e-05,0.0024452349578157587,0.7275656663927977,0.001779069001570187,0.050005426621887235,0.7310109751606054,0.03655451567818789,0.0639138436186684,0.7272936269388096,0.04648413113702123,0.007343637531384959,0.6966239493284249,0.005115753779549833,2.6770329281555476e-05,1.0,2.6770329281555476e-05,0.0037877697270593514,0.7279121477908811,0.002757163597361053,1.2816509798294765e-14,1.0,1.2816509798294765e-14,1.0,1.0,1.0,0.0026300076919198645,0.06407973353434497,-14.460225315965129,-1.2714941337072443,8.913039667993473,-2.6428076062976453,0.8725738947053567,-72.96207597695395,51.45584711454469,10.437793756479188,-4.418284229005399,443.15,12.0,0.05
445,0.00014987845911554782,0.2544756204832664,3.814041388050491e-05,1.7937960521370678e-09,0.7214948493129207,1.2942146123347438e-09,0.9977020602261412,1.0002105957120493,0.9979121720019275,2.279614473993472e-05,1.0104296241121935,2.303389996077941e-05,0.0025179092411955037,0.7243580456174713,0.0018238678169945448,0.05000549580501036,0.7272362409330112,0.036365808795227196,0.06397450455874061,0.7235327345261107,0.04628764822333874,0.0072828611498395104,0.6927335754157913,0.005045082443585084,2.6984393393879847e-05,1.0,2.6984393393879847e-05,0.003868483238260185,0.724244604163276,0.002801728111606017,1.2968621232505715e-14,1.0,1.2968621232505715e-14,1.0,1.0,1.0,0.002690583845050986,0.06412438481165221,-14.435963438462203,-1.2836827974926803,8.887993701082717,-2.5624937693322036,0.9225007688111803,-72.24042929475029,51.10805534563973,10.412696943257222,-4.424173087769919,448.15,12.0,0.05
446,0.0001376418199901212,0.2454830019961664,3.378872717139088e-05,1.9023301548844333e-09,0.7167052039482089,1.3634099216332776e-09,0.9976993539657254,1.0002149242030862,0.9979137837042961,2.7397471817123205e-05,1.010441124005804,2.7683532217811284e-05,0.002592409044863338,0.7204716001384387,0.00186775709276605,0.050005567215422694,0.7227845401248313,0.03614325090348064,0.0640414565669415,0.7191290880469313,0.046054074258181796,0.007215839567245799,0.6881990276513403,0.004965933773866628,2.7155765493988954e-05,1.0,2.7155765493988954e-05,0.0039523590017596175,0.7199027101114571,0.002845313956700163,1.3103917550755488e-14,1.0,1.3103917550755488e-14,1.0,1.0,1.0,0.0027574483366705825,0.06417910028926181,-14.415187130661947,-1.2961367243497237,8.865373549933494,-2.485023794680065,0.9710133669982156,-71.54013248174878,50.77184772100323,10.389561503762092,-4.430797886065156,453.15,12.0,0.05
447,0.00012440656768087217,0.24118267162611692,3.0004708361108112e-05,2.0052124322480397e-09,0.7119399203269909,1.4275907792533615e-09,0.9976966178208861,1.0002192258527562,0.9979153387127199,3.2776934768322256e-05,1.0104526156303726,3.311953946899734e-05,0.002667079440852835,0.7166303943117229,0.0019113101913590565,0.05000563946991447,0.7183832722251996,0.03592321491211076,0.06410835972461058,0.714745902931528,0.04582118745682599,0.0071488797494173775,0.6837158756482498,0.004887802577776941,2.7315426621541312e-05,1.0,2.7315426621541312e-05,0.004037949934276567,0.7156103274759085,0.002889598674798977,1.3240579250930224e-14,1.0,1.3240579250930224e-14,1.0,1.0,1.0,0.002824262943302029,0.06423276829750386,-14.398117318098798,-1.3088863720808206,8.845396265796452,-2.4104600033232564,1.0181562725596636,-70.86063336821019,50.44703952168855,10.368406288484893,-4.437374848055837,458.15,12.0,0.05
448,0.00011346400969786154,0.23525609175267934,2.6693099476106995e-05,2.1015425575113944e-09,0.7071962938722316,1.4862031080868308e-09,0.9976938172538444,1.000223567244661,0.9979168689115834,3.903115842595301e-05,1.010464539502878,3.9439601525144514e-05,0.002741097711317196,0.7127888788988122,0.0019538239646018844,0.05000571190712346,0.7139868467163446,0.03570342056237305,0.06417777843571504,0.7103869437519753,0.04559105587973904,0.0070794244331224025,0.6792395511357495,0.004808625074253519,2.7455293249109068e-05,1.0,2.7455293249109068e-05,0.004124618466298833,0.7113220394191966,0.0029339320192737655,1.3376209038456423e-14,1.0,1.3376209038456423e-14,1.0,1.0,1.0,0.002893592879441011,0.06429124454695548,-14.38460377257183,-1.3219289666032223,8.827921834792361,-2.338805089581687,1.06397235686312,-70.20134776253718,50.133396602508014,10.349221256413667,-4.443912908442578,463.15,12.0,0.05
449,0.00010484834163925004,0.22688755595426705,2.378878398038744e-05,2.190112712631946e-09,0.7024750522008198,1.538499542131804e-09,0.997690956602745,1.0002279495743092,0.9979183798315947,4.626438627278988e-05,1.0104768690079882,4.6749092187504825e-05,0.002814170591189173,0.7089457876834768,0.001995094386446284,0.05000578435512428,0.7095940728662772,0.03548380818742541,0.06424955766356664,0.7060529801791724,0.04536359166355481,0.007007630241275254,0.6747688771205684,0.004728530789181441,2.757353406585866e-05,1.0,2.757353406585866e-05,0.004212277982812145,0.7070365423973741,0.002978234460584086,1.3510453331876384e-14,1.0,1.3510453331876384e-14,1.0,1.0,1.0,0.0029652833191012133,0.06435440819531861,-14.374582147364487,-1.3352691152801304,8.81290262866557,-2.270033251149213,1.108502603468914,-69.5616890074789,49.83066544899547,10.331982693192431,-4.450414691322395,468.15,12.0,0.05
450,9.600180214513018e-05,0.2212946399951383,2.1244684244591066e-05,2.269424697527993e-09,0.6977786033648403,1.5835559958827571e-09,0.9976880686323876,1.0002323254036949,0.9979198569156942,5.458885470307428e-05,1.0104892176126825,5.516144907928197e-05,0.0028864930714679565,0.7051329297008757,0.0020353613160454796,0.05000585709362933,0.7052368822305183,0.03526597474997599,0.06432144721699859,0.7017413309809166,0.04513701798067537,0.006935744481347188,0.6703350016176595,0.004649272288123539,2.7673431505723647e-05,1.0,2.7673431505723647e-05,0.004301351235688554,0.7027854350744872,0.003022926999581564,1.3644713019429053e-14,1.0,1.3644713019429053e-14,1.0,1.0,1.0,0.003037083728316161,0.06441745128856842,-14.36805903969775,-1.3489178305557346,8.800366574999412,-2.2040979604456603,1.1517862114372146,-68.94107428511194,49.53858048080974,10.316657042560326,-4.456878654770888,473.15,12.0,0.05
