,mCO3-2,gCO3-2,aCO3-2,mH+,gH+,aH+,mH2O,gH2O,aH2O,mCO2(aq),gCO2(aq),aCO2(aq),mHCO3-,gHCO3-,aHCO3-,mCl-,gCl-,aCl-,mNa+,gNa+,aNa+,mNaCO3-,gNaCO3-,aNaCO3-,mNaHCO3,gNaHCO3,aNaHCO3,mOH-,gOH-,aOH-,mNaOH,gNaOH,aNaOH,mNaCl,gNaCl,aNaCl,mDIC,I,pE,Eh,pH,logSI_CO2g,logSI_H2Og,logSI_O2g,logSI_CH4g,logSI_H2g,logSI_NaCl,T,pH_bo,salt_lvl
0,6.526273786020903e-05,0.21582662724870882,1.4085436597385525e-05,1.3395366050432807e-07,0.7465268184818972,1.0000000000030014e-07,0.9890624184525074,1.0009039426896584,0.9899564741952835,0.021857929949810492,1.048803558735503,0.02292467471795258,0.09197427676191954,0.6511539203541822,0.05988941088526447,0.19992936800552935,0.7146177765403451,0.14287308042922778,0.29205494289085077,0.6916689179733742,0.20200532633809032,2.089038829422373e-05,0.6403735109364048,1.3377651296796823e-05,0.007939569775390473,1.0,0.007939569775390473,1.6213047273849464e-08,0.7035310392493597,1.1406381997970306e-08,9.996468400276479e-17,1.0,9.996468400276479e-17,1.0,1.0,1.0,0.11389746944959024,0.2921203395823712,-11.709519496893549,-0.6346420234942127,6.999999999998696,-0.5315807716336034,-2.2141891762273906,-111.311124185352,66.47833849294635,9.398032193754007,-3.087715952912804,273.15,7.0,0.2
1,6.862998601264101e-05,0.21208264682940545,1.4555229085425972e-05,1.548775197870803e-07,0.7433912157163949,1.1513458772165767e-07,0.9890585869228804,1.0008947004950146,0.9899434981301989,0.021869530889571828,1.0488423309920494,0.02293768975592115,0.0921767986336119,0.6516642781701782,0.06006832694561058,0.19992932622880796,0.714976589765173,0.14294478786112186,0.2922723957231339,0.6920440683452643,0.20226537780125461,2.9142952274699348e-05,0.6379707500266252,1.85923511206801e-05,0.007713801688686707,1.0,0.007713801688686707,2.2813933936561627e-08,0.7024556597153957,1.6025777014110863e-08,9.996466311440413e-17,1.0,9.996466311440413e-17,1.0,1.0,1.0,0.11411495950919638,0.2923411805866664,-11.614144329122302,-0.6409952777721305,6.9387941898354155,-0.4474284353061877,-2.061629554273042,-109.17970965248674,65.54734976742427,9.32780898509899,-3.091648992997432,278.15,7.0,0.2
2,7.162499616730612e-05,0.21070491079629336,1.5091738428217097e-05,1.7532629915777597e-07,0.7402728383279571,1.2978929711106343e-07,0.9890550209017468,1.0008863899681442,0.9899317093502167,0.021883726885738294,1.0488784209816666,0.022953368901107222,0.09236205466844662,0.6521839031881218,0.0602370453201422,0.19992927511085176,0.7151352599603957,0.14297647413009246,0.2924747972129733,0.6922908347041229,0.2024776214924884,4.036077929391238e-05,0.6355822314062505,2.565259416492e-05,0.007500105663866866,1.0,0.007500105663866866,3.198834557568725e-08,0.7013863769643396,2.243618980841454e-08,9.996463755542601e-17,1.0,9.996463755542601e-17,1.0,1.0,1.0,0.11431740655035222,0.29254659753543977,-11.53216078766784,-0.6479116693568509,6.886761119532984,-0.3696814226963127,-1.9149532295838383,-107.13865667543892,64.65431695789995,9.264019849149062,-3.095640551058555,283.15,7.0,0.2
3,7.428040698191083e-05,0.21119422843772828,1.56875932405851e-05,1.9473395642207533e-07,0.737171737439238,1.4355236899407802e-07,0.9890517186771138,1.0008789276090317,0.9899210235394194,0.021901482265419048,1.0489118466591776,0.022972724207593925,0.09252915303466676,0.6527124068975457,0.0603949261854487,0.19992921118035634,0.7151108003698411,0.1429715382244956,0.2926622494010921,0.6924206972479254,0.20264539878845042,5.547443769499755e-05,0.6332078533441776,3.51268496083247e-05,0.007297443882800008,1.0,0.007297443882800008,4.46683665872292e-08,0.7003229637345211,3.128228287354836e-08,9.99646055901784e-17,1.0,9.99646055901784e-17,1.0,1.0,1.0,0.11450491570706772,0.2927367245420304,-11.462295784903679,-0.6553582670781832,6.842989636099788,-0.29778794711366907,-1.7738507731268667,-105.1826080346206,63.79712069229836,9.206102457318924,-3.099681410931865,288.15,7.0,0.2
4,7.784298484032434e-05,0.2098290252966202,1.6333717635224856e-05,2.1263229496920697e-07,0.7340878754758198,1.5609078967149288e-07,0.9890486805035056,1.0008722553827925,0.9899113835389186,0.021925205144616332,1.0489426075849007,0.022998281856227737,0.09267444503098564,0.6532462363093745,0.06053923241855138,0.19992912576483332,0.714915232055357,0.14293237734079045,0.29283475074051746,0.6924452934116073,0.20277204489763248,7.564452240422338e-05,0.6308444698473028,4.771992863294473e-05,0.007104644283536329,1.0,0.007104644283536329,6.208490856031267e-08,0.6992617262453625,4.3413600333669795e-08,9.996456288241643e-17,1.0,9.996456288241643e-17,1.0,1.0,1.0,0.1146774931604423,0.2929128063576527,-11.403360061150739,-0.6633019636491227,6.806622722260177,-0.23122060842536968,-1.6380341644503,-103.30659763548736,62.97377765783539,9.153539125717684,-3.103764998320923,293.15,7.0,0.2
5,8.165673359712e-05,0.20847613812502871,1.702348047223187e-05,2.2862886381003294e-07,0.7310215878636263,1.6713263505386695e-07,0.9890459175647354,1.0008662926261065,0.9899027207500023,0.021955686417413033,1.0489705909325877,0.02303086935560434,0.09279716674134221,0.6537869630984974,0.06066957782796701,0.19992901602037835,0.7145650843268858,0.14286229419199298,0.2929916696789166,0.6923737360788549,0.20285973697557325,0.00010231621865681138,0.6284939396097536,6.430512334959237e-05,0.006920888965590537,1.0,0.006920888965590537,8.586020878430406e-08,0.6982044584113014,5.994798057332621e-08,9.996450801018914e-17,1.0,9.996450801018914e-17,1.0,1.0,1.0,0.11483450989235237,0.29307355504137755,-11.354340406379142,-0.6717153472728722,6.776938739574245,-0.16953141226409718,-1.507234997020443,-101.50607113382405,62.18248539829753,9.105880302234405,-3.1078840664672205,298.15,7.0,0.2
6,8.681646202461505e-05,0.20408063250746433,1.7717558482043692e-05,2.4290204751806234e-07,0.7272715919620105,1.766557587892932e-07,0.9890432304150334,1.0008638936700054,0.9898976586011505,0.02199554706270828,1.0489978170886947,0.023073280854452635,0.09290494099459463,0.6537021517300685,0.06073215983452157,0.19992887251070782,0.7133862023206958,0.14262649909467243,0.29314433642412746,0.6915491840348722,0.20272372665854943,0.00013701478565481,0.6255507159377103,8.570969726041828e-05,0.00673330830176989,1.0,0.00673330830176989,1.1811116846622605e-07,0.696479523988593,8.226201039109364e-08,9.996443625535376e-17,1.0,9.996443625535376e-17,1.0,1.0,1.0,0.11498730451932752,0.2932313957881997,-11.313900054712201,-0.680547522947049,6.752872200461533,-0.11227754230964263,-1.3812016608441275,-99.7767810943383,61.42154138179561,9.06270516589127,-3.1128515245461132,303.15,7.0,0.2
7,9.127531411239173e-05,0.20199415222080264,1.8437079692820014e-05,2.5486281049224126e-07,0.7235465744065606,1.8440511347528967e-07,0.9890408664868635,1.0008620643650321,0.9898934833734222,0.02204495036967894,1.0490217818465992,0.023125633117520455,0.0929856099356476,0.653626296178559,0.06077783982014155,0.19992869465727886,0.7120831684916652,0.14236585836395782,0.29327870903868036,0.6906459712427082,0.20255175884882706,0.0001819471170426248,0.6226284193871237,0.00011328544589629337,0.0065537364677341,1.0,0.0065537364677341,1.6156329700358355e-07,0.694763756385622,1.1224832312025568e-07,9.996434732863936e-17,1.0,9.996434732863936e-17,1.0,1.0,1.0,0.11512183561943894,0.29337023921560335,-11.281608876125945,-0.6897977257530595,6.734227040314324,-0.0591045575885623,-1.259701393519004,-98.11484288139565,60.689411047809465,9.023656686147147,-3.1178447546872343,308.15,7.0,0.2
8,9.584811175346367e-05,0.2000101659659084,1.9170596739329193e-05,2.64452046053009e-07,0.7198472708976001,1.9036508363454503e-07,0.9890388515705658,1.0008607589098049,0.9898901755741983,0.022107136701660604,1.049042226803609,0.023191319913761832,0.09303368038419625,0.6535574523211717,0.06080285513195748,0.19992847079690498,0.7106654784175312,0.1420822623481679,0.2933933391344096,0.6896727797112989,0.2023453997496081,0.00023953649868396353,0.61972562804979,0.00014844690708776687,0.006381181063926342,1.0,0.006381181063926342,2.1968316342763306e-07,0.6930550283138096,1.5225252104940544e-07,9.996423539845236e-17,1.0,9.996423539845236e-17,1.0,1.0,1.0,0.11523666519761032,0.29348945169820906,-11.256650411316528,-0.6994394790047291,6.720412706032602,-0.00963046353744587,-1.1425154269369133,-96.51659432370714,59.984611672164874,8.988384556713703,-3.1228613918257904,313.15,7.0,0.2
9,0.0001005520617567085,0.1979740944272924,1.990670336908156e-05,2.7169136777609553e-07,0.7161746282099667,1.945784643049024e-07,0.9890372205669878,1.0008599249083365,0.9898877183082254,0.022184929781805526,1.0490588007503907,0.02327329583163254,0.09304435169497334,0.6534957997506257,0.06080409302318509,0.1999281907709166,0.7091440323376621,0.14177788338126115,0.2934862579435972,0.6886368605086312,0.20210545527270507,0.0003125861982282096,0.616843034166876,0.00019281661895377753,0.006214792346244581,1.0,0.006214792346244581,2.968473333677093e-07,0.6913534586182002,2.0522643060535559e-07,9.996409538545822e-17,1.0,9.996409538545822e-17,1.0,1.0,1.0,0.11532983353853558,0.29358708169672165,-11.238297456907164,-0.7094487004836219,6.710905228564612,0.03648738858624381,-1.0294389645593245,-94.9786407565576,59.30577040022843,8.956575175834702,-3.1278994720141786,318.15,7.0,0.2
10,0.00010644913114400453,0.19380875469758563,2.0630773545659484e-05,2.7669994507243243e-07,0.7125297592876545,1.9715694525736748e-07,0.9890360123543471,1.0008595285561543,0.9898861170500308,0.02228252243071888,1.0490711135099158,0.023375950618203935,0.09301019486588578,0.6534388891375351,0.060776478411630086,0.19992783949129542,0.7075258660881342,0.14145411779120826,0.2935552778068131,0.6875458675733171,0.20183271816041143,0.000404223404915613,0.6139789462740048,0.0002481846602093784,0.006053608143693441,1.0,0.006053608143693441,3.984823734014705e-07,0.6896563482782099,2.7481589849329205e-07,9.99639197456477e-17,1.0,9.99639197456477e-17,1.0,1.0,1.0,0.11539916642774867,0.2936620036379022,-11.225841926153135,-0.7197996478729817,6.7051879194082975,0.07959000531149096,-0.9202800815660176,-93.49779770666632,58.6515807158431,8.927930804827634,-3.132959090292328,323.15,7.0,0.2
11,0.00011144426525637313,0.1911072466887663,2.1297806692398007e-05,2.8009590815336183e-07,0.7082272815218491,1.9837156359684911e-07,0.9890350821197246,1.0008624132116217,0.989888039041302,0.022400538637466355,1.0490806297823898,0.023499971181257958,0.09294089645477792,0.6527612067450469,0.060668211725787284,0.19992741473432596,0.7051466663628285,0.14097815001444858,0.2936086122347509,0.6857396613270216,0.20133907031655485,0.0005171611838648893,0.6105479277254491,0.000315751689108748,0.005886698543537652,1.0,0.005886698543537652,5.314271775216477e-07,0.6873067640197607,3.6525349369455885e-07,9.996370736716316e-17,1.0,9.996370736716316e-17,1.0,1.0,1.0,0.11545287935750065,0.2937203365959154,-11.218386712477004,-0.7304514614074592,6.702520583482728,0.11992344714524096,-0.8148575760710816,-92.0711665669625,58.020892798823496,8.902215630291275,-3.138860577792764,328.15,7.0,0.2
12,0.00011531158268651486,0.1901539394452447,2.192695171150687e-05,2.815803552427876e-07,0.7039631218468597,1.982221859274605e-07,0.9890346842508391,1.0008656144067365,0.9898908069222887,0.022542922719193274,1.0490847777952126,0.023649437071719525,0.0928183300153933,0.6520959605550042,0.06052645806849926,0.19992690231726223,0.702699718222694,0.14048857792347622,0.2936318405786178,0.6838907766699875,0.20081210750834894,0.0006555628149197526,0.6071493362025073,0.00039802452791757513,0.005724299631998748,1.0,0.005724299631998748,7.038460247065595e-07,0.6849725930230929,4.821152366322484e-07,9.996345115863127e-17,1.0,9.996345115863127e-17,1.0,1.0,1.0,0.1154765643172731,0.2937474337416595,-11.21571751155604,-0.7414048572437315,6.702847738919145,0.15777303228724995,-0.7130035807621972,-90.6959845176446,57.41256754917899,8.879183618791895,-3.1447824329654153,333.15,7.0,0.2
13,0.00012131229830055835,0.18544708052125708,2.2497011551162406e-05,2.814311443192998e-07,0.6997384771953258,1.9692820036132479e-07,0.9890348629675759,1.0008691440502742,0.989894476734238,0.022716503036145815,1.0490831154884812,0.023831499778163397,0.09262994808802791,0.6514348918966384,0.0603423802191157,0.19992627767098178,0.7001836416537768,0.13998510916195217,0.2936224830602262,0.6820070996477889,0.2002526180632869,0.0008229887317841528,0.6037763073905602,0.0004969010975006757,0.005565293884963959,1.0,0.005565293884963959,9.254039755048072e-07,0.6826450536573314,6.317224465131867e-07,9.996313883549125e-17,1.0,9.996313883549125e-17,1.0,1.0,1.0,0.11546776342247428,0.29374407678967107,-11.217198599740515,-0.7526314254507482,6.705692087902726,0.19345730203991768,-0.6145591982642035,-89.36961624015905,56.82548542029804,8.858583735432335,-3.150729403070296,338.15,7.0,0.2
14,0.00012576438916955644,0.18288438753268862,2.300034328669702e-05,2.798098995113563e-07,0.6955552402483373,1.9462324187848443e-07,0.9890356833891712,1.0008729149962272,0.9898990274690056,0.022921526422624496,1.0490749819981293,0.02404639991918444,0.09237548082833574,0.6507880439598139,0.06011685847811991,0.1999255399484924,0.6976168908021905,0.1394714335708164,0.2935768338918452,0.6800896018308066,0.19965855206825384,0.0010233562779208432,0.6004391018840727,0.0006144631244222185,0.005409468475699065,1.0,0.005409468475699065,1.2078686566488593e-06,0.6803347286111002,8.217549947190563e-07,9.996276997424648e-17,1.0,9.996276997424648e-17,1.0,1.0,1.0,0.11542277164012979,0.2937028780909143,-11.222467539853868,-0.7641188408876206,6.71080529758848,0.22714643453141845,-0.5193749858219057,-88.08972256358645,56.25872165589811,8.840248324411743,-3.15669980122376,343.15,7.0,0.2
15,0.0001298007005383116,0.18043646798950036,2.3420779947695793e-05,2.769641949655665e-07,0.6914149566990734,1.9149718686931102e-07,0.9890371945972124,1.0008769144781675,0.9899044956326009,0.023162603424850936,1.049059883273408,0.024298958045182357,0.0920464275157749,0.6501527720419343,0.05984424000593804,0.1999246725857417,0.6950032754471851,0.13894830228979654,0.293492120984138,0.6781430990679601,0.19902965647621204,0.0012601316988123887,0.5971362101988313,0.0007524702669802446,0.0052561043919258565,1.0,0.0052561043919258565,1.564746927358264e-06,0.6780388696415443,1.060959237901077e-06,9.996233629287082e-17,1.0,9.996233629287082e-17,1.0,1.0,1.0,0.11533883164116414,0.29362219864887124,-11.231051035767953,-0.7758456819249605,6.71783760151838,0.2590743202608626,-0.4273102128278476,-86.85403667779563,55.71133081107683,8.823986092756954,-3.1626969055879477,348.15,7.0,0.2
16,0.00013523378121173274,0.17528361140707305,2.3704265555026494e-05,2.7361899850896214e-07,0.686625597822001,1.8787380842667323e-07,0.9890392308435243,1.0008841758268896,0.9899137154232817,0.023442097894204966,1.0490394965680507,0.024591686573435738,0.09164802209524017,0.6488716572266211,0.05946780397848049,0.19992366712267667,0.6916501880672926,0.13827724196450214,0.29337774714341336,0.6754917933656421,0.19817426055147616,0.0015338520196515812,0.593265917358866,0.0009099821255313444,0.005095249106928205,1.0,0.005095249106928205,2.0119624200021184e-06,0.6750751324668567,1.3582257972012689e-06,9.996183356133827e-17,1.0,9.996183356133827e-17,1.0,1.0,1.0,0.11522535377065687,0.29351325454362365,-11.242192020111075,-0.7877687641244882,6.726133760871364,0.2894137757138462,-0.33823103366744117,-85.66047830374764,55.182470744320156,8.809644791885827,-3.169580134833514,353.15,7.0,0.2
17,0.00013871501163347018,0.17219666585912616,2.3886262507893452e-05,2.6939843308559066e-07,0.6818909914684684,1.8370036463678522e-07,0.9890420451197954,1.0008915940039085,0.9899238690768376,0.02376115526029169,1.0490112601695967,0.024925719422684026,0.09116810456936354,0.647608598140278,0.05904124839527178,0.19992251949694625,0.6882736952764927,0.13760141126314984,0.2932193455623826,0.6728207595892942,0.197284062807558,0.0018489933551333805,0.5894430288589821,0.0010898762435899519,0.0049367872173075806,1.0,0.0049367872173075806,2.5675161056565575e-06,0.6721361841495584,1.725720477998533e-06,9.996125974847336e-17,1.0,9.996125974847336e-17,1.0,1.0,1.0,0.11506797484128871,0.29335832997244915,-11.255999269322235,-0.7999034295508304,6.7358899816387385,0.31829596303636354,-0.2520136225017039,-84.50712463580061,54.67137287347945,8.79709699489213,-3.1764920825728393,358.15,7.0,0.2
18,0.00014033712659119958,0.17073283384435986,2.3960155316490163e-05,2.6446720683929203e-07,0.6772122612041198,1.7910043515797448e-07,0.9890456649433083,1.000899151123774,0.9899349664644058,0.024121747565163585,1.0489748948307542,0.025303107615301478,0.09060304652034036,0.6463633990129907,0.058562493109819314,0.19992122267621568,0.684879395093788,0.1369219260528971,0.29301534633355325,0.670132348891108,0.19635906229964556,0.0022074155924564696,0.5856681573829398,0.0012928130226123507,0.004780418190587361,1.0,0.004780418190587361,3.2517585651650726e-06,0.6692221164754071,2.1761487492468037e-06,9.9960611338108e-17,1.0,9.9960611338108e-17,1.0,1.0,1.0,0.11486513121209514,0.2931559479273513,-11.272187629689679,-0.8122370666185967,6.746903358950089,0.3458525642305858,-0.16853992839017715,-83.39215940442881,54.177304790064795,8.786222018205983,-3.183434002903672,363.15,7.0,0.2
19,0.00014416977074822293,0.16588330202605447,2.39153576240545e-05,2.5902010539002337e-07,0.6725894094237481,1.742141797131527e-07,0.9890500873734209,1.0009068990010301,0.9899470559096287,0.024528313955613036,1.0489304321148512,0.025728494956509917,0.08994452466763747,0.6451247964450094,0.05802544316755275,0.19991976074448672,0.6814605800075865,0.13623743611191586,0.29276592078506875,0.6674315442656714,0.1954012106179397,0.002609468199254962,0.5819317738390014,0.0015185324579689045,0.004625597347331823,1.0,0.004625597347331823,4.086652298508954e-06,0.666321685422188,2.7230250472769424e-06,9.995988037224354e-17,1.0,9.995988037224354e-17,1.0,1.0,1.0,0.11461700839399873,0.2929103495759223,-11.290414505823817,-0.8247517360821216,6.758916499612189,0.372244014303601,-0.0876984173723002,-82.31383666398443,53.69953715847885,8.776889952477395,-3.1904104867730325,368.15,7.0,0.2
20,0.00014577509772484054,0.16299564908300812,2.3760706673799318e-05,2.5309823370927077e-07,0.6680233350281206,1.690755261721937e-07,0.9890553329820445,1.00091475955186,0.9899600807952078,0.024977323083374043,1.0488776566773823,0.02619815610576326,0.08919928406020697,0.6439042702442617,0.05743579990909818,0.1999181465194056,0.678035100161626,0.1355515204994118,0.29246985619306654,0.6647156714678566,0.19440929684348168,0.003056030371939166,0.5782449729886541,0.0017671341998744701,0.004472677449242537,1.0,0.004472677449242537,5.098144298853443e-06,0.6634473033833871,3.3823500873337076e-06,9.995907325970246e-17,1.0,9.995907325970246e-17,1.0,1.0,1.0,0.11432238224130585,0.292615884389025,-11.310627302123692,-0.837449610990858,6.7719192523525695,0.3974748371565267,-0.009383692763390695,-81.27065818136063,53.23752604224102,8.769053375269875,-3.1974172949919137,373.15,7.0,0.2
21,0.00014704802941027184,0.1595446236479656,2.3460722510436807e-05,2.472436969081854e-07,0.6627971481585382,1.6387241721091923e-07,0.9890611439536735,1.0009259823413639,0.9899769971075039,0.025464469045933486,1.0488191683175652,0.026707623246404345,0.08838429675487745,0.6420055219909993,0.056743206573922504,0.1999163956242592,0.6738787796302851,0.1347194167113611,0.2921417275556948,0.6612750314724998,0.19318603008382257,0.003540870081594975,0.5739833080926641,0.0020324003229602256,0.004313338971498888,1.0,0.004313338971498888,6.316279839519137e-06,0.6598852146646522,4.168019677783099e-06,9.995819781212982e-17,1.0,9.995819781212982e-17,1.0,1.0,1.0,0.11399581383022121,0.292289022828802,-11.33237469221039,-0.8503027376824414,6.785494140152416,0.42153153935684107,0.06650527975447662,-80.26122889923889,52.79077572070105,8.762679278900576,-3.2053684427334095,378.15,7.0,0.2
22,0.0001493704948472684,0.15437563847279598,2.3059165511044524e-05,2.410670910990004e-07,0.6576373869824306,1.585347318778021e-07,0.9890677160516891,1.0009373478622507,0.9899948165609515,0.025993373912856832,1.0487529864875909,0.027260628519997235,0.08748345547721162,0.6401186577337938,0.05599979209398682,0.1999144951128436,0.6697234160111871,0.13388741857712538,0.29177042006073495,0.6578308566137532,0.19193558536310787,0.004066199393679297,0.5697715435864048,0.0023168047050667554,0.0041564652336981535,1.0,0.0041564652336981535,7.77015439712169e-06,0.6563473761708006,5.099920450992834e-06,9.995724755642181e-17,1.0,9.995724755642181e-17,1.0,1.0,1.0,0.11362619988491572,0.2919200316226733,-11.355827160246161,-0.8633286446877124,6.799875577544245,0.44452811902264044,0.14006161781009857,-79.284105354031,52.358683465962734,8.757671949626927,-3.2133485351103226,383.15,7.0,0.2
23,0.00014803576103834202,0.15248475870770756,2.257319730204345e-05,2.3455912786546853e-07,0.6525440310759079,1.5306015882298225e-07,0.9890750394285526,1.0009487768480723,0.9900134509269685,0.0265584019848526,1.0486792001225975,0.02785124375000962,0.08650757634346938,0.6382557095628499,0.05521395452166346,0.19991246542038282,0.665586476643892,0.1330590334963465,0.29135642560202885,0.65437970649354,0.19065773227046254,0.004631051396592468,0.5656205690060063,0.0026194179260366933,0.004002561918838447,1.0,0.004002561918838447,9.495478635369592e-06,0.6528467291961467,6.199092169252929e-06,1.1819082300160833e-16,1.0,1.1819082300160833e-16,1.0,1.0,1.0,0.11321401408936033,0.291504695922195,-11.381039312605976,-0.876536612500508,6.815137840360355,0.46641526326854743,0.21137474835121264,-78.33808091824568,51.94083640182046,8.754021860992784,-3.2213508387857295,388.15,7.0,0.2
24,0.0001474678704239044,0.1492316117846437,2.2006867989808242e-05,2.278086245278557e-07,0.6475149559502077,1.4750949147623195e-07,0.9890830434055419,1.0009603407907783,0.9900329001975915,0.02716017703971537,1.0485985202954986,0.028480121454809312,0.08545559321653154,0.6364036327782363,0.05438424996421988,0.19991030442817145,0.6614581747481103,0.13223230508039738,0.29090372397470915,0.6509253693117911,0.1893566139624129,0.005231590374111999,0.561518489995201,0.002937634727144799,0.0038514817686650196,1.0,0.0038514817686650196,1.1528023670871284e-05,0.6493705407826427,7.4859589653087944e-06,1.417520128179093e-16,1.0,1.417520128179093e-16,1.0,1.0,1.0,0.11276323812667081,0.2910514196537576,-11.407867712049443,-0.889920689056475,6.831180034173058,0.4872453488050201,0.2805294933543935,-77.42191570369238,51.53674247067449,8.751671595362234,-3.229376198789745,393.15,7.0,0.2
25,0.00014798265501229373,0.14442362912397677,2.1372192084276922e-05,2.2084408683998985e-07,0.642548686567724,1.4190307793528392e-07,0.9890916714807966,1.000972043099927,0.9900531112152546,0.027795717537114576,1.0485115099569888,0.029144129765177954,0.08433331207552373,0.6345607023152179,0.053514605739212795,0.19990802302429145,0.6573406162647524,0.13140766305105606,0.2904154651519717,0.6474683471224099,0.18803482120073295,0.005864477555830943,0.5574635043448262,0.003269232209425099,0.0037034299191206674,1.0,0.0037034299191206674,1.3908030387837618e-05,0.6459176919437029,8.983442887594952e-06,1.6892054978145885e-16,1.0,1.6892054978145885e-16,1.0,1.0,1.0,0.1122770122676506,0.29056366865107086,-11.436293879062733,-0.9034842249170888,6.848008184416998,0.5070077143265579,0.3476063028696592,-76.5344966120863,51.14599359651921,8.75059783929733,-3.2374209968486336,398.15,7.0,0.2
26,0.00014676195677776785,0.14073904724869793,2.0655137969257653e-05,2.1404311515768916e-07,0.6368733522025325,1.363183562663501e-07,0.989100592087563,1.0009874182477276,0.9900772480610285,0.0284505240235265,1.0484214983594888,0.02982814102585828,0.08317667741928168,0.631973636829377,0.05256546732804736,0.1999056736551547,0.65246163655611,0.13043078298989386,0.2899103227562089,0.643232904843961,0.1864798590507266,0.006517970256536426,0.5527930873598876,0.00360308890143069,0.0035515541344772255,1.0,0.0035515541344772255,1.6691554795696942e-05,0.6417251490750195,1.0711390489562477e-05,1.9974654037375455e-16,1.0,1.9974654037375455e-16,1.0,1.0,1.0,0.11177396339958595,0.2900572987561018,-11.466163274141628,-0.9172196133815244,6.865445659290679,0.5255164333651453,0.4126829625033787,-75.67494526484089,50.768379453836964,8.750868659005029,-3.2464969548400586,403.15,7.0,0.2
27,0.0001467816934583938,0.1355651337832377,1.989847991061736e-05,2.0703549201970877e-07,0.6312703906466818,1.306953759250096e-07,0.9891100046412561,1.0010029181728088,0.9901020010398178,0.029130907759575563,1.0483264695486625,0.03053870168634359,0.0819651046490607,0.6293994609807948,0.051588792685353255,0.19990323372723434,0.6476091633645255,0.12945916594795742,0.28937697923390016,0.639005727345089,0.18491354709228308,0.007195365054691219,0.5481774364874706,0.00394433677027216,0.003403841485788711,1.0,0.003403841485788711,1.9919451488987235e-05,0.6375644683196569,1.2699934497795335e-05,2.348398468552926e-16,1.0,2.348398468552926e-16,1.0,1.0,1.0,0.11124279410209467,0.28952396796285046,-11.49766464462302,-0.9311464357956196,6.883739777727623,0.5429100841690987,0.47583059512123965,-74.8421142800757,50.40337797118639,8.752389121537826,-3.2555818505030727,408.15,7.0,0.2
28,0.00014339996648783827,0.13332741932050327,1.9119147462470133e-05,1.9980552335623733e-07,0.6257389271148074,1.250260938165446e-07,0.9891198808811407,1.001018463418377,0.9901272632962076,0.02983040144581373,1.048226693838619,0.031269023083424094,0.08071119266156673,0.6268500912797987,0.050593818487204525,0.19990072674723006,0.6427986017410384,0.12849590764013688,0.28881694523060547,0.634783501133255,0.18333623168009527,0.007894777433481385,0.5436264079416119,0.004291809497661982,0.0032607011186260504,1.0,0.0032607011186260504,2.3648260874919375e-05,0.6334480636571002,1.4979945060075646e-05,2.746377321743905e-16,1.0,2.746377321743905e-16,1.0,1.0,1.0,0.1106849940738683,0.2889605450026167,-11.530900138514218,-0.9452779233122369,6.902999337248908,0.559129201951818,0.5371181398177276,-74.03510617979502,50.05068523747243,8.75516659697109,-3.264667544366112,413.15,7.0,0.2
29,0.0001426416178930253,0.12843854451966033,1.8320681790109718e-05,1.9242767247269964e-07,0.6202751220943998,1.1935809803734493e-07,0.9891301119750656,1.0010341572272068,0.9901530280290124,0.030549157414670305,1.0481232637530573,0.032019282574370145,0.07941488850817394,0.624307791615639,0.049579333665940264,0.19989815235644628,0.638013775692388,0.12753777493886853,0.28823634465252107,0.6305710761285815,0.1817535020269089,0.00861028221357177,0.5391233219216399,0.004642003949663625,0.0031219337678674475,1.0,0.0031219337678674475,2.7930766215492724e-05,0.6293583714195872,1.7578461537883714e-05,3.1949601501788115e-16,1.0,3.1949601501788115e-16,1.0,1.0,1.0,0.11010668754073727,0.28837917869808655,-11.565763497466264,-0.9596104209935016,6.92314811026741,0.5742141497648828,0.5966112080908258,-73.25297216256537,49.70991386305053,8.759160268801715,-3.273754522363815,418.15,7.0,0.2
30,0.00013992168061505625,0.1251944440099396,1.7517417009538312e-05,1.8489308719527263e-07,0.6148780792680066,1.136867063245613e-07,0.9891406719485903,1.0010499204343133,0.9901791909524795,0.031280984100376476,1.0480164247873236,0.03278298512070566,0.07808832180271952,0.6217844091229078,0.04855410103150343,0.19989553310010186,0.6332693189645375,0.1265877081103547,0.28763655067074767,0.6263653135771216,0.1801655582571245,0.009340204899050042,0.534677815360906,0.004994000350447309,0.0029878745898370006,1.0,0.0029878745898370006,3.2832400733241424e-05,0.6253075700830015,2.0530348722494544e-05,3.6988780719557156e-16,1.0,3.6988780719557156e-16,1.0,1.0,1.0,0.10950922758371104,0.2877766572444499,-11.602353302488284,-0.9741570509497198,6.944290315500668,0.5881132733167852,0.6543721989343727,-72.49490085086137,49.38078368344315,8.76437679756541,-3.282834887847577,423.15,7.0,0.2
31,0.00013913996686795924,0.11994606513615069,1.6689291528986094e-05,1.7759749201327738e-07,0.608693887924303,1.0810250789916711e-07,0.9891511075419306,1.0010699060274035,0.9902094062739025,0.03201098098786513,1.047910725999462,0.03354465032694872,0.07676797819882691,0.6184107457569871,0.04747414264819266,0.19989292301149114,0.6276859807006505,0.12546998541558743,0.2870430963852358,0.6213091546597017,0.17834250356601414,0.0100656442705661,0.5295395248656919,0.005330156484502647,0.0028519727866722793,1.0,0.0028519727866722793,3.844856810772126e-05,0.6204249379500144,2.385445048249985e-05,4.254282507552354e-16,1.0,4.254282507552354e-16,1.0,1.0,1.0,0.10891809915356,0.28718241394959576,-11.640432156297187,-0.9889027837594393,6.966164230615279,0.6006635137928394,0.7104621775187471,-71.76023481608631,49.06314363164127,8.77088155170747,-3.293078301031588,428.15,7.0,0.2
32,0.00013527943384766624,0.1173556009573393,1.587579925636149e-05,1.7016253172112931e-07,0.602589255208302,1.0253811325419436e-07,0.9891617587799734,1.0010899147874381,0.9902398608080359,0.03274607176535663,1.0478027284144151,0.03431142334059492,0.07543266723605578,0.6150668854718516,0.04639613569971541,0.19989029734310476,0.6221631867737104,0.1243643844001306,0.28643667592840466,0.6162742570824142,0.17652354965893383,0.010798487890625937,0.5244720071268272,0.005663504617931321,0.0027216095271629633,1.0,0.0027216095271629633,4.4834753454632986e-05,0.6155963094569326,2.7600108762083524e-05,4.872093787966603e-16,1.0,4.872093787966603e-16,1.0,1.0,1.0,0.10831401843526008,0.2865721255247841,-11.680293420574138,-1.0038772646427456,6.989114678029136,0.6120030885261437,0.7649361259294968,-71.0480552507782,48.75654837768188,8.778587206043765,-3.303303537166904,433.15,7.0,0.2
33,0.00013408680312314178,0.11244490951064398,1.5077378443753213e-05,1.6265746389616246e-07,0.5965598953157375,9.703491963421807e-08,0.9891725220522596,1.0011100482003639,0.990270551230213,0.033486546233403865,1.047693467559754,0.03508363573987491,0.07408216309838356,0.61173581125692,0.04531871214265713,0.19988765530241573,0.6166844319069568,0.12326760515538385,0.2858230993001313,0.6112652023492495,0.1747137146297844,0.011533209144097667,0.5194590257278987,0.005991029585509067,0.002596500237292559,1.0,0.002596500237292559,5.206080645192465e-05,0.6108046439883908,3.179898235061635e-05,5.555748393172607e-16,1.0,5.555748393172607e-16,1.0,1.0,1.0,0.10770279613491056,0.28595734876071827,-11.721841863392466,-1.01907751931981,7.013071949492912,0.6221740814340728,0.8178480517812861,-70.35757692747343,48.46066485762097,8.787457269806692,-3.313511418844506,438.15,7.0,0.2
34,0.00013118441981401744,0.10902132497868182,1.4301899264683815e-05,1.5509189769690464e-07,0.590605015775362,9.15980526859112e-08,0.9891833876069606,1.001130226475431,0.9903013888606904,0.03422759496919256,1.0475830216894728,0.03585624736299013,0.07272607535683515,0.6084290977591578,0.044248660412923725,0.19988501453223614,0.6112626807286109,0.122182249820452,0.2852028047152922,0.6062792826086816,0.17291255184077123,0.012269287345398401,0.5145096501280241,0.0063126667394011226,0.002476753862694413,1.0,0.002476753862694413,6.02137330921367e-05,0.6060613821722041,3.649321830356857e-05,6.310172100501483e-16,1.0,6.310172100501483e-16,1.0,1.0,1.0,0.10708485474584173,0.2853341442270039,-11.765147750966843,-1.0345147479159371,7.038113759047791,0.6311500978856046,0.8692494309840979,-69.6881182727707,48.17524048291893,8.797490440666303,-3.3236953429293092,443.15,7.0,0.2
35,0.00012971035150168724,0.10446621993235469,1.3550350107478293e-05,1.4751800445188244e-07,0.5847213763656887,8.625693060182453e-08,0.9891942806264494,1.001150503782609,0.9903323523880452,0.034968488863445155,1.0474721318777414,0.036628517578335955,0.07136615220490113,0.6051372559151589,0.04318631751049744,0.19988237794840646,0.6058888430194715,0.12110650271514073,0.28457995192399305,0.6013192829353204,0.17112341262870348,0.013002774925296178,0.5096143539072379,0.006626400742556045,0.00236216259802481,1.0,0.00236216259802481,6.937366039049981e-05,0.6013569368420447,4.171833190995125e-05,7.139027736508613e-16,1.0,7.139027736508613e-16,1.0,1.0,1.0,0.10646435141984797,0.28470980979349925,-11.810157096054185,-1.0501893804675528,7.0642060000088405,0.6389580956256479,0.9191894157661584,-69.03897742979242,47.89998077459183,8.808659657733273,-3.3338545590701205,448.15,7.0,0.2
36,0.00012610994790877104,0.10156305896347415,1.2808112075339155e-05,1.4025814196205033e-07,0.5779390607519986,8.10606588283679e-08,0.9892047441454835,1.0011756595738721,0.990367712173458,0.035686215036394076,1.047365355393605,0.03737650529424549,0.07005448598830014,0.6008712260311093,0.04209372488476908,0.19987982914834004,0.5995777838670617,0.11984350500048864,0.283980140235736,0.5953965126373011,0.16908078515460892,0.013714016872093077,0.5039363988092234,0.006910992275731514,0.0022469075923412024,1.0,0.0022469075923412024,7.972858932712285e-05,0.5957113680684675,4.749522702222939e-05,8.030583899225693e-16,1.0,8.030583899225693e-16,1.0,1.0,1.0,0.10586681097260298,0.2841063904417867,-11.856760881199406,-1.0660966847434914,7.09118987080945,0.645353394680057,0.9677168187298331,-68.40975529238868,47.63487743510635,8.821076360813649,-3.3453843975347484,453.15,7.0,0.2
37,0.00012511947460173612,0.09667963827043614,1.2096505545082865e-05,1.3302663768935294e-07,0.5712450727114432,7.59908113194132e-08,0.9892151396850146,1.0012009078590092,0.9904030959205132,0.036399639636980154,1.0472590564855142,0.03811985226263656,0.06874711623465493,0.5966292686907043,0.04101654168367701,0.19987730022261743,0.5933309401722012,0.11859338646016694,0.2833829510784265,0.5895212091084614,0.16706025996047794,0.014417131004495215,0.49832438784800887,0.007184407982339626,0.0021371876936836015,1.0,0.0021371876936836015,9.129769409311322e-05,0.5901177333806469,5.3876388301107675e-05,9.000667997732015e-16,1.0,9.000667997732015e-16,1.0,1.0,1.0,0.10527187534623682,0.2835082035796659,-11.905052387671049,-1.0822498862086258,7.119238918699906,0.6506069155895811,1.014874563695983,-67.79956644929736,47.37940918504835,8.834591120164793,-3.356882760802836,458.15,7.0,0.2
38,0.00012261059501807642,0.09313014751047556,1.1418742800380635e-05,1.258409445523504e-07,0.5646387504815853,7.105467369146162e-08,0.989225475571851,1.0012261702095384,0.9904384343805137,0.03710542885848845,1.0471531280539126,0.03885506589694811,0.0674508939428606,0.592422427139565,0.039959422302362865,0.19987480357111478,0.5871596518761828,0.11735842008363616,0.28278778435723767,0.5836907977888809,0.16506062745642608,0.015112802975183252,0.4927867501110356,0.007447389063208942,0.002032935951538759,1.0,0.002032935951538759,0.00010418851898743025,0.5845865506725689,6.090720693454525e-05,1.0053459325901755e-15,1.0,1.0053459325901755e-15,1.0,1.0,1.0,0.10467893339636712,0.2829105207932003,-11.95507706680444,-1.0986581849905979,7.1484073506477595,0.6547100412812858,1.060705477790226,-67.20783263167421,47.13334771349925,8.84919681190929,-3.368344638621586,463.15,7.0,0.2
39,0.00012033864582471201,0.08953067701276897,1.0774000431486285e-05,1.1874191666776963e-07,0.5581173232195841,6.627192068457851e-08,0.9892357047720288,1.0012514762562357,0.9904737097683716,0.03780313041367914,1.0470480269321012,0.039581693111499644,0.06616708154114544,0.5882452081135925,0.03892246865144015,0.19987234117384628,0.5810581414588476,0.11613745109150381,0.2821972073142196,0.5779068293176713,0.16308369332126224,0.015798727757184206,0.48731744267807153,0.007698995608198072,0.001933893122052823,1.0,0.001933893122052823,0.0001184982923108239,0.5791119652279012,6.862377893627148e-05,1.1191512196810961e-15,1.0,1.1191512196810961e-15,1.0,1.0,1.0,0.10409055060064928,0.28231766470196096,-12.006793631068863,-1.1153229043285875,7.178670442557743,0.6576879338571324,1.105250534369783,-66.63396782247256,46.89644012579085,8.864870031590128,-3.379769518330498,468.15,7.0,0.2
40,0.00011922513246759183,0.08523112468879314,1.0161692131383199e-05,1.1176364739710057e-07,0.551678166447703,6.165756407153994e-08,0.9892457910985692,1.0012768453476526,0.9905089049846183,0.03849205339106424,1.0469440996652797,0.04029902818177563,0.06489739455125869,0.5840942673680607,0.03790619612451342,0.19986991587684846,0.5750227588167753,0.11492975043198221,0.28161316860118846,0.5721699738188655,0.16113059930558976,0.01647319370567732,0.4819123838886928,0.007938636048963168,0.0018398264690124171,1.0,0.0018398264690124171,0.00013432596611619158,0.5736902502872541,7.706149712127516e-05,1.2417076214820184e-15,1.0,1.2417076214820184e-15,1.0,1.0,1.0,0.10350867307479053,0.28173250549730344,-12.060172735669092,-1.13224632483612,7.210013637105226,0.6595609458866469,1.1485489313356487,-66.07741537877965,46.6684470142743,8.881590309292607,-3.391156924571723,473.15,7.0,0.2
41,0.0002060787759412469,0.21571471325018002,4.4454224059114203e-05,4.236782370598867e-08,0.7463866171155095,3.162277661045921e-08,0.9893212496605888,1.000921154067597,0.9902325669538737,0.006896270418065432,1.0488430757100111,0.007233105476211709,0.09181847091702912,0.6509725955939287,0.05977130833632411,0.1999832779835664,0.7145521306389583,0.14289847737532044,0.2922797460486858,0.6898902512073781,0.20164094742435654,6.583066775309456e-05,0.6401919967860441,4.214426663861223e-05,0.00790961963924467,1.0,0.00790961963924467,5.129627885625474e-08,0.7033688897469718,3.6080206707274975e-08,9.999163899178349e-17,1.0,9.999163899178349e-17,1.0,1.0,1.0,0.09892082011103578,0.292485867192451,-12.33482464533256,-0.6685328184847299,7.499999999879481,-1.0325591555326543,-2.214068071060325,-111.81210256925107,66.97955908717954,9.6486424908706,-3.0884228515538337,273.15,7.5,0.2
42,0.0002155229211918724,0.21197902064551377,4.568633776091333e-05,4.9230978265028495e-08,0.7432539983767102,3.6591121439479354e-08,0.9893176712304094,1.0009118731144095,0.9902198034164146,0.006931226375841319,1.0488792930120276,0.007270019820798762,0.09197730346890702,0.65148147893976,0.05992150969281465,0.1999831521042162,0.7149044517173768,0.14296884570777743,0.29248285699393484,0.6902761890162388,0.2018939518783549,9.133298780902936e-05,0.637787065577324,5.825099828513036e-05,0.007680817378492474,1.0,0.007680817378492474,7.182159722408955e-08,0.7022881278221634,5.0439455051703317e-08,9.999157605210809e-17,1.0,9.999157605210809e-17,1.0,1.0,1.0,0.0991240527659402,0.29269842914610505,-12.236788539228655,-0.6753595828040184,7.436624280113985,-0.9464425147816471,-2.061508354307556,-109.6787237319622,66.0466062468307,9.577437224802205,-3.092374147662624,278.15,7.5,0.2
43,0.00022345623660549244,0.2106057220840341,4.706116206448048e-05,5.606544996938679e-08,0.7401406013626941,4.149631585601205e-08,0.9893144518659122,1.0009034849840215,0.9902082826176484,0.006973500020295115,1.0489118867058098,0.007314587063230755,0.09211002471763644,0.6520048083597334,0.06005617901403284,0.1999829998857236,0.7150608967410198,0.14300002323124478,0.29266563802620515,0.6905346526457333,0.20209576469576745,0.00012565691220226623,0.6354018357680412,7.984263269026356e-05,0.007463483880753733,1.0,0.007463483880753733,1.0010288185883623e-07,0.7012182090193703,7.019396353473068e-08,9.999149994286209e-17,1.0,9.999149994286209e-17,1.0,1.0,1.0,0.09930698097453705,0.29288915032826063,-12.151614943238867,-0.6827144772101073,7.381990459298232,-0.8663380457662252,-1.9148319106415863,-107.63531329850882,65.15121621885437,9.51246947962627,-3.09638884436664,283.15,7.5,0.2
44,0.00022989420377516373,0.21109708238019337,4.8529995673054654e-05,6.272787234525953e-08,0.7370473522468816,4.623341222415388e-08,0.9893116145200926,1.0008959013800758,0.9901979401608662,0.007025629142093148,1.0489406264050458,0.007369467833196733,0.09221279959756241,0.652542441251838,0.06017276536405988,0.1999828121933767,0.7150384202981372,0.14299539411753115,0.2928267985199727,0.6906777074735599,0.2022489418885968,0.0001713222850745606,0.6330365509316147,0.00010845326844132266,0.007256376212540097,1.0,0.007256376212540097,1.3876428108287484e-07,0.700158936260679,9.715705143396342e-08,9.999140609668862e-17,1.0,9.999140609668862e-17,1.0,1.0,1.0,0.09946832294343072,0.2930567554516203,-12.077855029602459,-0.6905529477477449,7.335044052583245,-0.7915643183759957,-1.7737293022823064,-105.67638440588291,64.2911400052498,9.453112113794646,-3.100459440662852,288.15,7.5,0.2
45,0.00023842396816792488,0.20974011536449577,5.000707058920145e-05,6.91454862039015e-08,0.7339747842628381,5.0751043319257616e-08,0.9893091797959515,1.00088909898966,0.9901887735881694,0.0070940517458753915,1.0489653093789089,0.007441414184362166,0.0922744889221151,0.653084429762765,0.0602630319793501,0.19998256584143675,0.7148414595843887,0.1429558292575238,0.2929652020210526,0.6907195765775715,0.20235680029194414,0.000231177419398055,0.6306820459417709,0.00014579944784150407,0.007057747703961072,1.0,0.007057747703961072,1.9104725308058179e-07,0.6990994953531845,1.3356103821724695e-07,9.999128292071822e-17,1.0,9.999128292071822e-17,1.0,1.0,1.0,0.09960696463615841,0.29320369513470673,-12.013863182429695,-0.6988132442705106,7.294555025274079,-0.7212605228429577,-1.6379124847786135,-103.79663754990497,63.46406093159635,9.398680762598167,-3.10458402371154,293.15,7.5,0.2
46,0.00024689760162233316,0.20839815529738517,5.145300472544295e-05,7.52249695482135e-08,0.7309243078450958,5.498375879969631e-08,0.9893071943235036,1.000882972402141,0.9901807252733309,0.007180052543845964,1.0489854642574743,0.007531770751099319,0.09229331842189126,0.6536364437633352,0.060326276436402114,0.19998225621584592,0.7144908244260709,0.1428854871142455,0.2930782065828651,0.6906684374403498,0.20241986698840744,0.0003086508473119532,0.6283444178611861,0.0001939390369765911,0.006866804841903909,1.0,0.006866804841903909,2.611195408028607e-07,0.6980458857822908,1.822734211547978e-07,9.99911281079228e-17,1.0,9.99911281079228e-17,1.0,1.0,1.0,0.09972026856735955,0.29332517940945696,-11.958581527088697,-0.7074618565113953,7.259765574238504,-0.6549446513571369,-1.507113046774901,-101.99148437291706,62.66814253788165,9.348708872026467,-3.1087562897319563,298.15,7.5,0.2
47,0.0002582863661314697,0.20402177210585637,5.269604212892448e-05,8.110247021655708e-08,0.7271951576576308,5.897732361555252e-08,0.9893054786047074,1.000880402722032,0.9901764658409921,0.007289521152473835,1.0490029112835482,0.007646728910808055,0.09227065507639438,0.6535615679587132,0.0603045540083059,0.19998186211307917,0.713306978688745,0.1426484578564297,0.2931760195622073,0.6898707868580635,0.20225357130329494,0.00040665678265905755,0.6254141186772839,0.0002543288933308543,0.00667039422072386,1.0,0.00667039422072386,3.539602819221181e-07,0.696321538133497,2.464701679461756e-07,9.999093105653956e-17,1.0,9.999093105653956e-17,1.0,1.0,1.0,0.09981846259499969,0.293434387030809,-11.910312359898677,-0.7164225894570051,7.2293149395727925,-0.5919112007669339,-1.3810793579009368,-100.25641475279558,61.90141964613928,9.302644298063107,-3.113793048050055,303.15,7.5,0.2
48,0.0002664515228567647,0.20195282135675235,5.381063679572678e-05,8.657295799801525e-08,0.7234975001046182,6.263531868822627e-08,0.9893043271274279,1.000878335290896,0.9901732680313802,0.00742092427879141,1.0490146691222084,0.0077846584268973324,0.09219744881680308,0.6535046569230193,0.060251462158202526,0.1999813890806953,0.7120059956849931,0.14238794805086846,0.29324192422225026,0.6889959935442793,0.2020425109283456,0.0005297939554017487,0.6225150515250659,0.0003298047114445879,0.006480642176400849,1.0,0.006480642176400849,4.758965945742633e-07,0.6946142123336673,3.305645381924764e-07,9.999069454034766e-17,1.0,9.999069454034766e-17,1.0,1.0,1.0,0.09988482461845126,0.293508462318065,-11.868837427877754,-0.7257029697606642,7.203180708546607,-0.5319586275067669,-1.259578661359803,-98.58769695131386,61.16251058204609,9.260206453265452,-3.118870635718292,308.15,7.5,0.2
49,0.00027360049120207243,0.19999024806728635,5.471743010683385e-05,9.167375376944171e-08,0.7198329480535876,6.598978843499588e-08,0.9893037858517624,1.000876746017628,0.9901711540062322,0.007580315324472556,1.0490202776068025,0.007951904486025303,0.09206287930606886,0.6534598693814586,0.06015939708622477,0.1999808153327024,0.7105928455599789,0.14210493662466966,0.29327333998268207,0.6880541576358368,0.20178794089883267,0.0006819019951078851,0.6196423976339531,0.000422535387200026,0.006296256950157612,1.0,0.006296256950157612,6.340401525149186e-07,0.692917523995541,4.3933753259439283e-07,9.999040766635112e-17,1.0,9.999040766635112e-17,1.0,1.0,1.0,0.09991679512174349,0.2935470321476379,-11.833036175265242,-0.7352535927695787,7.180523263995221,-0.4744847754605774,-1.1423921707714986,-96.98144863563027,60.44971249641884,9.220934968840684,-3.1239902168480884,313.15,7.5,0.2
50,0.00027964880270932833,0.19798008268425632,5.5364893082946125e-05,9.64308530348625e-08,0.7162031439614571,6.906408011845381e-08,0.9893039073393002,1.0008755849273179,0.9901701269291031,0.007771424035967285,1.0490192073205935,0.008152373081962604,0.09186034530301382,0.6534273690778976,0.06002406375393553,0.19998012746006133,0.7090784404639727,0.14180159690316674,0.2932672979154456,0.6870521853417829,0.2014899379220866,0.0008667872655390917,0.6167971911513718,0.00053463195071029,0.006116380973937963,1.0,0.006116380973937963,8.367122658144391e-07,0.6912315936702671,5.783619529423744e-07,9.999006373003095e-17,1.0,9.999006373003095e-17,1.0,1.0,1.0,0.09991141814169043,0.293547043149008,-11.802095399516823,-0.7450400095100551,7.160747768289093,-0.4190864550339902,-1.0293150807982356,-95.43421460017784,59.761592011370844,9.184485981405908,-3.1291515119277946,318.15,7.5,0.2
51,0.0002872843386150661,0.1938490937476553,5.568980868842513e-05,1.0091179650193228e-07,0.7126094704613629,7.191070186854675e-08,0.9893047271297485,1.0008748489441965,0.9901702193257667,0.007999957455278178,1.049011103037254,0.008392044194412461,0.09157947847372211,0.6533998447962547,0.05983801702125198,0.19997930493189991,0.7074646716974866,0.14147829330993814,0.2932218047590677,0.685998694978055,0.20114977540383042,0.0010874605882657828,0.6139734703190766,0.0006676719512127672,0.005939965862562295,1.0,0.005939965862562295,1.092999746336922e-06,0.6895487448847145,7.536766032459357e-07,9.998965246594972e-17,1.0,9.998965246594972e-17,1.0,1.0,1.0,0.09986672026761535,0.2935091900094793,-11.77514817225439,-0.7550210989783069,7.143206472390483,-0.36531151354575,-0.9201554547569434,-93.94269922552357,59.0967314883185,9.150506191065329,-3.134356889675802,323.15,7.5,0.2
52,0.0002910014611925264,0.1911813515479015,5.563405265320142e-05,1.0524058826602937e-07,0.7083663943014953,7.454889604417556e-08,0.9893060995882974,1.000877332240115,0.9901740497248087,0.008262221953576078,1.0489974319809738,0.008667049611758128,0.09123769265189881,0.6527614770292829,0.05955645101619721,0.19997836109956524,0.7050985970972579,0.1410044618611123,0.29314508798978745,0.6842307330513346,0.20057887844565028,0.0013457218689312041,0.6105951191558592,0.000821691204910694,0.005757004279880917,1.0,0.005757004279880917,1.4146875953808298e-06,0.6872227005010734,9.722054296629844e-07,9.998918054978247e-17,1.0,9.998918054978247e-17,1.0,1.0,1.0,0.09979091606666741,0.29343619469156823,-11.75178665598529,-0.765182192147642,7.127558783404449,-0.31327259998698864,-0.8147321124675088,-92.50436261409475,58.45433977316288,9.118939117460963,-3.140422389942123,328.15,7.5,0.2
53,0.00029049729703874643,0.19026331023371287,5.527097734853801e-05,1.0927651591346355e-07,0.7041701759787167,7.694926344112476e-08,0.989308269252316,1.0008800776952194,0.990178937393781,0.008561547564033439,1.0489757225144474,0.008980855541823785,0.09081811010156625,0.6521445815719599,0.05922653841134209,0.19997728400753867,0.7026729662651222,0.14051863133921996,0.29302328547189876,0.6824187692428232,0.1999645898312216,0.0016451922643414276,0.6072608228844596,0.0009990608082471224,0.00557771925475979,1.0,0.00557771925475979,1.813780890867978e-06,0.6849205896956724,1.242295877352038e-06,9.998864200376953e-17,1.0,9.998864200376953e-17,1.0,1.0,1.0,0.09967015496263842,0.2933138920454534,-11.731854276252385,-0.7755236110331041,7.113795532882353,-0.26273006461994086,-0.712877187765103,-91.11648761455177,57.83332343208037,9.089561560242585,-3.1465263357256483,333.15,7.5,0.2
54,0.0002939021074453263,0.18560000207310132,5.4548231751141396e-05,1.1312772077658055e-07,0.7000203276328484,7.919170416237936e-08,0.9893112109331987,1.0008831873770507,0.9901849581066697,0.0089057422391141,1.0489462358582697,0.009341644799242738,0.09030628020966205,0.6515265313664845,0.05883693750561092,0.1999760455644022,0.7001714696820538,0.14001752172403284,0.2928578576451919,0.6805735109449131,0.19931130038539382,0.001985538793470347,0.6039502214613802,0.001199166594036577,0.005400941151937601,1.0,0.005400941151937601,2.3019904874323964e-06,0.6826190921638178,1.5713826567008472e-06,9.998802278220119e-17,1.0,9.998802278220119e-17,1.0,1.0,1.0,0.09950592455622148,0.29315187288035793,-11.7145725409788,-0.7860033279848522,7.101320311152992,-0.21327072251736282,-0.6144317746307585,-89.77634426471631,57.23246829212222,9.06207517134442,-3.1526751369042754,338.15,7.5,0.2
55,0.000292499833323568,0.18308028216302868,5.355095201751772e-05,1.1668163011363304e-07,0.6959184036249126,8.120089376103206e-08,0.9893149781869379,1.0008865036867012,0.9901920095624094,0.009288574423329997,1.0489084218747806,0.00974286393984152,0.08971404125919821,0.6509308309992794,0.05839763542915352,0.19997466828328436,0.6976281601110336,0.13950795990328194,0.29264571694549374,0.6786902407193822,0.19861579207923333,0.002369228564180944,0.6006861271850601,0.0014231627306340714,0.005227324228969478,1.0,0.005227324228969478,2.895853813238847e-06,0.6803433295613771,1.9701748252219284e-06,9.998733414164189e-17,1.0,9.998733414164189e-17,1.0,1.0,1.0,0.09929511551585178,0.29293833346044745,-11.700256549849472,-0.7966506867771422,7.090439190545176,-0.16521699349311114,-0.5192464659659884,-88.48208599161099,56.651342123634464,9.036558558279925,-3.1588602189188135,343.15,7.5,0.2
56,0.0002894003375833067,0.1806768128545149,5.22879306335725e-05,1.1995988476403923e-07,0.6918642698488935,8.299595808342945e-08,0.9893195507661628,1.0008900545424948,0.9902000991263011,0.00971244601949478,1.0488624860233342,0.010187020277374734,0.08903703652155184,0.6503487409231582,0.057905124597320494,0.1999731435666343,0.695041100200056,0.13898955371501726,0.29238801009714394,0.6767742186558698,0.19788066707783916,0.002795538107596398,0.5974610528777877,0.0016702251411245222,0.0050564323220169275,1.0,0.0050564323220169275,3.611186079502692e-06,0.678084716850553,2.4486900902142424e-06,9.998657178331685e-17,1.0,9.998657178331685e-17,1.0,1.0,1.0,0.09903888287862993,0.292677530394612,-11.688606446444785,-0.8074538002109931,7.080943057320382,-0.11846616028525818,-0.42718054395334515,-87.23157715834176,56.089130629371965,9.012886001904516,-3.1650824176277137,348.15,7.5,0.2
57,0.0002857403968304364,0.1775326017449154,5.0728236072931934e-05,1.2312592575401807e-07,0.6871639560585299,8.460769823449984e-08,0.9893246838933242,1.0008968568696073,0.9902119665323459,0.010173510376761091,1.048810897107584,0.010670088544984115,0.08829180376291634,0.6491251095210585,0.057312426787414876,0.19997148534817305,0.6917215035401433,0.13832457651019398,0.29209857846426746,0.6741495937657664,0.19691813801124375,0.0032594633082857717,0.5936746372898709,0.0019350606973061984,0.004879449102495657,1.0,0.004879449102495657,4.468377157106654e-06,0.6751640987449389,3.016887836130385e-06,9.998574267408628e-17,1.0,9.998574267408628e-17,1.0,1.0,1.0,0.09875105453650787,0.29238444198702357,-11.67936886720665,-0.8184028490008394,7.0725901198373355,-0.07320651589462952,-0.3381002047881951,-86.02309859535612,55.54535269368712,8.99108576656931,-3.1721930200179997,353.15,7.5,0.2
58,0.00028387634391324507,0.1725249535732607,4.897575305417958e-05,1.2599160545936424e-07,0.6825192873064267,8.599170076471776e-08,0.9893305565280576,1.0009039111786966,0.9902248234775295,0.01067502528142538,1.048751846776149,0.011195452478276953,0.08746259191580225,0.6479069373284086,0.05666762005897187,0.19996968195477263,0.6883674199383996,0.13765261403310916,0.29176727381205836,0.6715039790494494,0.19592288532120739,0.0037618876878097143,0.589925876925152,0.0022192348931250774,0.0047056217575988935,1.0,0.0047056217575988935,5.485557452753898e-06,0.6722567590634189,3.68770307484452e-06,9.998484097738633e-17,1.0,9.998484097738633e-17,1.0,1.0,1.0,0.09842149354114088,0.29205127614757703,-11.672620268368807,-0.8295104469276459,7.06554346138447,-0.029310088197412716,-0.25188160934832543,-84.85473068703438,55.019242951019976,8.971032033662397,-3.1793373427314395,358.15,7.5,0.2
59,0.00027535215287492835,0.17110421098585296,4.711391286092059e-05,1.284340825112459e-07,0.6779312474234528,8.706947776853562e-08,0.9893371989716462,1.0009110698333894,0.9902385542486792,0.011209694442405653,1.048685018005126,0.01175543861816613,0.08656334399589583,0.6467171463403201,0.05598199880670123,0.19996775977187084,0.6850101344706491,0.1369799420111237,0.29139231235059687,0.6688316878185049,0.19489241208678662,0.0043039434961052525,0.5862362679301597,0.002523127772539028,0.004535641442445762,1.0,0.004535641442445762,6.68921505763448e-06,0.6693870205990003,4.477673737575918e-06,9.998387988593557e-17,1.0,9.998387988593557e-17,1.0,1.0,1.0,0.09804839059117641,0.29166779293755435,-11.66871867045264,-0.8408097997874637,7.0601340603748,0.01291753979056024,-0.16840676177711328,-83.72509442886884,54.51050614773095,8.952822697039057,-3.1865060433233743,363.15,7.5,0.2
60,0.0002684512523290047,0.16816049447575251,4.514289533428048e-05,1.305003210347223e-07,0.6733970996675627,8.787853769046778e-08,0.9893445145597713,1.0009184601400833,0.9902531880612047,0.011780852072888455,1.0486113892485547,0.01235353565868328,0.08558793365076044,0.6455319996331649,0.05524974995404604,0.19996570686549234,0.6816300407298608,0.13630263291530093,0.2909791738305783,0.6661405424000367,0.19383302468261598,0.004880659795968114,0.5825840557481082,0.002843394578661839,0.0043689814258565055,1.0,0.0043689814258565055,8.101514020455297e-06,0.6665310836327898,5.399910919120306e-06,1.0466835164383121e-16,1.0,1.0466835164383121e-16,1.0,1.0,1.0,0.0976372369759779,0.2912477555832283,-11.66733810219557,-0.8522855693455123,7.056117178404286,0.053620905503692085,-0.0875641365028511,-82.63245977278434,54.01842882901765,8.936335787746799,-3.1937021809455333,368.15,7.5,0.2
61,0.00026370529020733867,0.16344249829599922,4.310065144535891e-05,1.321569371089905e-07,0.6689157770567792,8.840186027970421e-08,0.9893524548119396,1.0009260803700029,0.9902686746993551,0.012386245994116625,1.0485314450504624,0.012987368410961599,0.08454078424797164,0.6443495631226692,0.05447381739622836,0.19996353145033435,0.6782307533191367,0.13562141657191515,0.29053056903134217,0.6634320584976182,0.1927472934689477,0.005489224800133495,0.5789675909705639,0.003178083258829164,0.0042057550493152344,1.0,0.0042057550493152344,9.750109425137225e-06,0.6636876986557012,6.4710276860105864e-06,1.2472761249773007e-16,1.0,1.2472761249773007e-16,1.0,1.0,1.0,0.0971907355322956,0.2907944064784866,-11.668501716230546,-0.8639469732389354,7.053538595838627,0.09272527181587699,-0.009248334027252137,-81.57540774670129,53.54254632505395,8.921563516676338,-3.2009221531973484,373.15,7.5,0.2
62,0.00025615782407449595,0.16002471450224146,4.0991582665036595e-05,1.335162658562465e-07,0.6637706384759272,8.86241770343223e-08,0.9893607631385748,1.0009370423311503,0.990287836054415,0.013013619887325995,1.0484477603806885,0.013644100625312532,0.08345350717445534,0.6424937972855921,0.05361836072131622,0.19996127784322362,0.6741104584900918,0.13479598868716008,0.2900609394274675,0.6599935926107594,0.19143836148878618,0.006122294298453291,0.574779942896968,0.0035189719672634157,0.0040389315857418985,1.0,0.0040389315857418985,1.1677979452154964e-05,0.6601643011433092,7.709385143797807e-06,1.4758758572646976e-16,1.0,1.4758758572646976e-16,1.0,1.0,1.0,0.09672328488585583,0.2903172307678078,-11.67231908898511,-0.8758098056261125,7.052447784656403,0.12984121183929478,0.06664162075114861,-80.55291922675642,53.08273873021194,8.90866078365602,-3.209068417502631,378.15,7.5,0.2
63,0.00025102936524135495,0.15488162057718552,3.887983490104329e-05,1.3440871526540554e-07,0.6586864648065336,8.853320149735798e-08,0.9893695925316134,1.0009482129265788,0.990307725568416,0.013668882053189177,1.0483587914304964,0.014329892669487412,0.0823063255102522,0.6406425403693036,0.05272893346335078,0.19995892485091837,0.6699873677025681,0.1339699537095024,0.28956161641975275,0.6565472786408321,0.19011089125922917,0.0067805300954095595,0.5706345990440774,0.003869205072300334,0.0038764860102905923,1.0,0.0038764860102905923,1.3911641405215711e-05,0.6566599465978377,9.135217702237214e-06,1.7367090741997332e-16,1.0,1.7367090741997332e-16,1.0,1.0,1.0,0.09622623692868273,0.2898127801937094,-11.678737268388232,-0.8878779392555433,7.052893830736926,0.16523519188724756,0.14019886416869193,-79.5633982811664,52.63825088581531,8.897455659553216,-3.2172293996804715,383.15,7.5,0.2
64,0.00024276901576673473,0.15160234606532885,3.68043523422078e-05,1.347733418617419e-07,0.6536630579324432,8.809635476912075e-08,0.9893789403382065,1.0009594961066353,0.9903282455794479,0.014346081159164744,1.0482645528362404,0.015038488351264237,0.0811107964495178,0.6388105332734431,0.05181443113415014,0.1999564940725051,0.665881539938471,0.13314733819369748,0.28903267585549797,0.6530893530848857,0.18876416329486062,0.007463487894617743,0.5665447103862552,0.00422839958772753,0.0037188192009472132,1.0,0.0037188192009472132,1.6494180665751143e-05,0.6531901665622352,1.0773836616369582e-05,2.0337200617481206e-16,1.0,2.0337200617481206e-16,1.0,1.0,1.0,0.09569964662444928,0.2892755796446065,-11.687922671541173,-0.9001719319546715,7.055042061354221,0.1987748528326357,0.21151281905072697,-78.6057213286816,52.20875295365541,8.887980136910256,-3.2253975903595613,388.15,7.5,0.2
65,0.00023218390896282665,0.1497887879159982,3.477854629714026e-05,1.3461053988072007e-07,0.6486988969944367,8.732170874444874e-08,0.9893887493353712,1.0009708967798763,0.9903493436861469,0.015042874907106573,1.0481656143995088,0.015767424219342317,0.07987163712261239,0.6369949711912206,0.05087783118791411,0.1999539941029059,0.6617938867290136,0.13232833092435237,0.28847730801044863,0.6496214550399104,0.18740104857574408,0.008167974920486216,0.5625072475938259,0.0045945450909381,0.0035659465619865193,1.0,0.0035659465619865193,1.9468657058396567e-05,0.6497525287659733,1.2649809155370686e-05,2.3705946685023647e-16,1.0,2.3705946685023647e-16,1.0,1.0,1.0,0.09514669593868179,0.28870962652995136,-11.69983011896734,-0.9126964954474034,7.058877774439946,0.23046426415165205,0.2806682844009275,-77.67869678834575,51.793801137420935,8.880200928735452,-3.2335693951509556,393.15,7.5,0.2
66,0.00022621637958040766,0.1449942252283707,3.2800068691228233e-05,1.339673633572893e-07,0.6437900638028601,8.624685740329018e-08,0.9893989018410558,1.0009825312862077,0.9903710172166542,0.015759876840036855,1.0480631599755625,0.016517346321794715,0.07858793054995256,0.6351753359268595,0.04991711518686282,0.19995142287861445,0.6577063108189991,0.13150931268450314,0.28790214978764084,0.6461495162034033,0.1860278347992039,0.008887621640766443,0.5585030455280279,0.004963763753868865,0.0034175976244699,1.0,0.0034175976244699,2.2875926509941522e-05,0.6463266805171728,1.478532164492529e-05,2.750490198883581e-16,1.0,2.750490198883581e-16,1.0,1.0,1.0,0.09457402376956982,0.2881285001345846,-11.714264834170054,-0.9254443437790556,7.064256720454973,0.26039689718006426,0.34774573242050594,-76.78110742923279,51.392883272767406,8.874042677421423,-3.2417455309275747,398.15,7.5,0.2
67,0.00021836829238758686,0.14132360145695583,3.0860593524219335e-05,1.3299985966813245e-07,0.6381666215596742,8.487607111232282e-08,0.9894091114763433,1.00099782280054,0.9903963664468365,0.016480847110732597,1.0479600523506107,0.01727126940094574,0.0772984247707677,0.6326113613939129,0.048899861727840326,0.19994883921218481,0.6528602931315821,0.13053865777938656,0.2873232681082647,0.6418996001808839,0.18443269092136003,0.009612602086758838,0.5538806044009861,0.005324233853680163,0.0032676197371641525,1.0,0.0032676197371641525,2.679845363793959e-05,0.6421628069059951,1.7208970208879462e-05,3.1739075117769614e-16,1.0,3.1739075117769614e-16,1.0,1.0,1.0,0.09399764017388788,0.287541769400512,-11.73132780813994,-0.938431077542768,7.071214732001738,0.2882145040661898,0.41282292029348977,-75.91224719413984,51.00596129871614,8.869659581444617,-3.250931942832428,403.15,7.5,0.2
68,0.00021298428467818076,0.13615458716154946,2.8998787352255624e-05,1.3154765350391308e-07,0.632609026932249,8.321823307833106e-08,0.9894195736131668,1.0010132838781407,0.9904221365158258,0.01721415594434319,1.0478543206912478,0.01803792768333294,0.07597936741940854,0.6300541768768615,0.04787111779906009,0.1999462130701715,0.6480368426441635,0.1295725126166511,0.2867295964305128,0.6376562635630977,0.18283492311283575,0.010346907670311196,0.5493052813953815,0.005683611029412325,0.003123042937768732,1.0,0.003123042937768732,3.1271248918645854e-05,0.6380260151995406,1.9951870337876553e-05,3.6479119301411006e-16,1.0,3.6479119301411006e-16,1.0,1.0,1.0,0.0934065076484299,0.28694271226284446,-11.750942558833982,-0.9516583253290805,7.079781509553372,0.3142461559717386,0.47597099540141424,-75.07077820827305,50.6323226999441,8.86686148591668,-3.260111350740428,408.15,7.5,0.2
69,0.00020332140861919917,0.1339289156497319,2.7230615784745398e-05,1.2959221156635978e-07,0.6271176127437834,8.126955834768283e-08,0.9894303054650391,1.001028793505326,0.9904482249372741,0.017953992868551816,1.0477457735777465,0.01881122014687017,0.07464221351748672,0.6275222422461443,0.04683964919270873,0.1999435656421809,0.6432577481845041,0.12861524779896988,0.28612005684355724,0.6334151669262078,0.18123278356649788,0.011091399844393333,0.5447929438293997,0.006042516372415991,0.0029841154982486306,1.0,0.0029841154982486306,3.636461446944135e-05,0.6339350388258811,2.3052803285573488e-05,4.1779398881087734e-16,1.0,4.1779398881087734e-16,1.0,1.0,1.0,0.09279952779465774,0.286323507844388,-11.773217618342253,-0.9651425792681955,7.090072100376188,0.33843185484520844,0.5372588987755829,-74.25580352690163,50.271664102494746,8.86565602948225,-3.2692759216534992,413.15,7.5,0.2
70,0.00019575384505357546,0.13050710016817027,2.5547266664711435e-05,1.2719716047180907e-07,0.6216882029944693,7.907697411971813e-08,0.989441194425001,1.001044461166525,0.9904746273291382,0.01870076854636478,1.0476355389664243,0.019591589735157223,0.07328650779373937,0.6249965513079421,0.045803814628489724,0.1999408956621249,0.6385052345063114,0.127663308472147,0.285500977695835,0.6291817766576264,0.1796320123841548,0.01184005591256458,0.5403255568437587,0.006397484804017694,0.0028505298657008605,1.0,0.0028505298657008605,4.213783445952039e-05,0.6298708823753565,2.6541394972404814e-05,4.767703896214405e-16,1.0,4.767703896214405e-16,1.0,1.0,1.0,0.09218303018515772,0.28569685873804906,-11.797971341687266,-0.9788766862253407,7.101949957318044,0.3608722306058506,0.5967522429817386,-73.4663140817244,49.923537851991384,8.865972263272143,-3.278426315364484,418.15,7.5,0.2
71,0.00019046205568629067,0.12574710865024874,2.395005281013373e-05,1.243933890100144e-07,0.6163189195675185,7.666599911599407e-08,0.9894521908229497,1.001060284889168,0.9905012920294336,0.019452071547727042,1.047524103874631,0.020376513816537975,0.0719172049288298,0.6224760406731437,0.04476673698037705,0.19993821207354556,0.6337800720560817,0.12671685445473585,0.2848750913469508,0.6249571112390384,0.17803471415214758,0.012590213036812264,0.5359013074093953,0.006747111626990506,0.0027222299463810994,1.0,0.0027222299463810994,4.8661589779647944e-05,0.625832580645394,3.0454008310104588e-05,5.421894606558646e-16,1.0,5.421894606558646e-16,1.0,1.0,1.0,0.09155973853224314,0.28506567779602615,-11.825160465917353,-0.9928643910554539,7.115397200199926,0.3815946600371268,0.654513450108169,-72.70141946414103,49.587584799070406,8.867777355379033,-3.2875591212277775,423.15,7.5,0.2
72,0.0001838805924378069,0.12191629840446734,2.2418041178437905e-05,1.2139515618068194e-07,0.6101595158571782,7.40704097226114e-08,0.9894629363132115,1.001080233574648,0.9905317873978868,0.020190208817180547,1.0474150420126211,0.021147528416490757,0.07057557312086153,0.6191151858703204,0.04369440907062659,0.19993557915711302,0.6282275633133465,0.12560504171351583,0.2842624696428738,0.6198837837497687,0.17620969526027838,0.01332759486618733,0.530790180635945,0.0070741564864662656,0.002593516756364781,1.0,0.002593516756364781,5.608270899239863e-05,0.6209731535219174,3.4825856661061755e-05,6.136682566336439e-16,1.0,6.136682566336439e-16,1.0,1.0,1.0,0.09094966253047988,0.28444647163046777,-11.85478477620073,-1.0071129240431116,7.130355253029286,0.4002998618948709,0.7106035471685532,-71.96059846798428,49.26379002283884,8.871204747306262,-3.2978361353072576,428.15,7.5,0.2
73,0.00017953797537000198,0.11682752762152598,2.0974977776651776e-05,1.1804882797937174e-07,0.6040732608179146,7.131014045323215e-08,0.9894736996152276,1.0011003086830477,0.9905624261185615,0.020927709342992637,1.047305647351803,0.021917708181053288,0.0692304010999416,0.615767614328384,0.042629838924308175,0.19993295187782395,0.6227190783263378,0.12450206352042258,0.28364791527879996,0.614835239297404,0.17439673386665078,0.01406117283202151,0.5257330978036356,0.00739242395173099,0.0024705485535017973,1.0,0.0024705485535017973,6.443156710089109e-05,0.6161515915362438,3.969961261438833e-05,6.923517762968122e-16,1.0,6.923517762968122e-16,1.0,1.0,1.0,0.09033764841830423,0.28382757130299796,-11.886759071683999,-1.0216222103916053,7.146848708160155,0.41735949456750676,0.7650775719855493,-71.24269884473685,48.95147486375262,8.876050449079136,-3.3080873168917626,433.15,7.5,0.2
74,0.0001716551412606926,0.1143231723566776,1.9624160300255983e-05,1.1437111885587417e-07,0.5980604356358821,6.840084116710737e-08,0.9894845057912175,1.0011204022401354,0.9905931264480853,0.021660443954661365,1.0471956448376267,0.022682722574570876,0.06789003761343014,0.6124493123455153,0.04157920685145645,0.19993034547610475,0.6172720990658094,0.12341142401898761,0.2830298835039599,0.6098080149889714,0.17259389144210963,0.014792495817374567,0.520743287591619,0.007703092903624902,0.002353344087501093,1.0,0.002353344087501093,7.380868564804766e-05,0.6113836252003143,4.5125421802773806e-05,7.788414305680437e-16,1.0,7.788414305680437e-16,1.0,1.0,1.0,0.0897221367093522,0.2832016530163395,-11.921131546539135,-1.0364034343333368,7.164938557461362,0.43276466928133545,0.8179894977979293,-70.54698633962616,48.650357161807,8.882303421899703,-3.3183065904918956,438.15,7.5,0.2
75,0.00016753659522686536,0.1095564251257925,1.835471045080227e-05,1.1043473593309916e-07,0.5921160659809074,6.539018138834704e-08,0.9894952385108825,1.001140645753633,0.9906239020529299,0.02238965553468243,1.0470861958066566,0.023443899239232083,0.0665524621886755,0.6091386047028716,0.04053967395715041,0.1999277557575784,0.6118649661403043,0.12232878950711774,0.28241489717787455,0.6048079390831295,0.17080677192852425,0.015515423598762134,0.5158003272608079,0.008002860569831575,0.002241514424882326,1.0,0.002241514424882326,8.429287714072371e-05,0.6066474838967195,5.11360618278353e-05,8.734436309393801e-16,1.0,8.734436309393801e-16,1.0,1.0,1.0,0.0891096543185848,0.28258254420783735,-11.957725904354163,-1.0514482317975338,7.184487457929345,0.4466151087353082,0.8693908454045313,-69.87265326192099,48.36005830091009,8.889899349661887,-3.328496217613131,443.15,7.5,0.2
76,0.00016160648805073262,0.10623518318794044,1.7168294862429282e-05,1.0626139933419958e-07,0.5862405839074377,6.229474479250262e-08,0.9895059273754272,1.0011609342637673,0.9906546787107181,0.02311172446619725,1.0469769779694076,0.024197443437280818,0.06522504829421542,0.605850990434254,0.03951666011017246,0.199925196160568,0.606514214098564,0.12125747322782816,0.2818011472961902,0.5998317213534122,0.16903326726204024,0.0162318020495965,0.5109170076826807,0.008293103732477448,0.0021350428729055735,1.0,0.0021350428729055735,9.599407710798706e-05,0.601958310363824,5.7784432460858486e-05,9.767552178415156e-16,1.0,9.767552178415156e-16,1.0,1.0,1.0,0.0884983792484634,0.2819628600456402,-11.996582813886814,-1.0667668321916521,7.205548589037183,0.4589082366272297,0.9193307438438764,-69.21902728879084,48.08031328974568,8.898825915310201,-3.3386507542906916,448.15,7.5,0.2
77,0.0001570557951863588,0.10212164210039053,1.603879570581358e-05,1.0209882431085892e-07,0.579463225668831,5.9162514072165515e-08,0.9895160785547188,1.0011861040377756,0.9906897475709364,0.023808013213533395,1.046872909616355,0.024923964065036334,0.06395081690061795,0.6015813857843015,0.03847162105311188,0.19992273474285746,0.6002180344233309,0.11999723088389486,0.281216274072658,0.5939017399306753,0.1670148344685732,0.016919550037327268,0.5052415123469906,0.00854845904908981,0.002028472532429394,1.0,0.002028472532429394,0.00010916290030688755,0.5963203167373932,6.509605528697564e-05,1.087207949539151e-15,1.0,1.087207949539151e-15,1.0,1.0,1.0,0.0879158859093377,0.28137343196666864,-12.037590381380944,-1.0823559087068457,7.22795337922434,0.46937181872671685,0.9678580142278695,-68.58573686834201,47.81114140205576,8.909208344288356,-3.3501668839281424,453.15,7.5,0.2
78,0.0001541325053691945,0.09722091262035892,1.498490283645546e-05,9.777915951300396e-08,0.5727714849386946,5.6005114390320783e-08,0.9895260890635168,1.0012113526459026,0.9907247541096934,0.024495490029371035,1.0467700031335285,0.02564114417480203,0.06269020747350772,0.5973377234908546,0.03744722581739446,0.19992031032455493,0.593987638656225,0.1187501930491021,0.2806378740609818,0.5880189888728601,0.16502039894476755,0.017595400753502646,0.499632069327662,0.008791226489122029,0.001927381802619841,1.0,0.001927381802619841,0.00012378827783762338,0.5907359091278157,7.312618084777507e-05,1.2067398097316155e-15,1.0,1.2067398097316155e-15,1.0,1.0,1.0,0.08733983000824794,0.2807921043455105,-12.080709745007598,-1.0982183295886871,7.2517723113853405,0.4783931074053489,1.01501558879726,-67.97178025748157,47.55190504343514,8.920839049358186,-3.361644427260593,458.15,7.5,0.2
79,0.00014952472949534645,0.09365950023424008,1.400441143719408e-05,9.333351448888715e-08,0.5661648756427025,5.284215762389724e-08,0.98953597415923,1.0012366146084586,0.9907596488004707,0.025172143590726663,1.0466680801083694,0.02634687920431807,0.06144753546381738,0.5931290501080437,0.03644631834113433,0.1999179305963637,0.587832181891749,0.11751819334174371,0.2800649469359592,0.5821815899711308,0.1630486561023571,0.018260531454407314,0.4940955380178908,0.009022447113458003,0.0018316052992282557,1.0,0.0018316052992282557,0.00013999329589461153,0.5852135573689307,8.192597469828694e-05,1.335802309214459e-15,1.0,1.335802309214459e-15,1.0,1.0,1.0,0.08676920378403939,0.280214564998969,-12.12593920423329,-1.1143602239437749,7.277019457805771,0.48599157171931745,1.060846303336648,-67.37655110123619,47.30234783415406,8.933696872236697,-3.3730800547735136,463.15,7.5,0.2
80,0.0001468075901770695,0.08916788386261972,1.3090522151059998e-05,8.881194070117785e-08,0.5596398855442758,4.9702704328972115e-08,0.9895456708125011,1.0012619556543614,0.9907944335670317,0.025838500934964592,1.0465677579593802,0.02704174199253724,0.060222171974256986,0.5889445461003829,0.03546751973855798,0.19991559403061196,0.5817403913771079,0.11629897591375522,0.2795009644832084,0.5763923158308034,0.1611022081954196,0.01891179109451096,0.4886212432721712,0.009240702877103518,0.001740819988517814,1.0,0.001740819988517814,0.00015788101541504943,0.579742131559657,9.15302764095238e-05,1.4745851999369355e-15,1.0,1.4745851999369355e-15,1.0,1.0,1.0,0.08620748049939865,0.27964786088532617,-12.17317839794007,-1.1307785494512488,7.303619980618828,0.4922282314281138,1.1053911398478042,-66.79942752490157,47.06218103917592,8.947740488282657,-3.384474963033743,468.15,7.5,0.2
81,0.00014116611741199156,0.08671862934906822,1.2241732212497552e-05,8.423931754340843e-08,0.5531969690932327,4.660093514349595e-08,0.9895552183545769,1.0012872804267516,0.9908290534183547,0.0264924056956102,1.046468613491836,0.02772347105634842,0.059018704589083947,0.5847976826886901,0.03451400167898465,0.19991330887604553,0.5757256703612319,0.11509522376679333,0.27894355092601975,0.570648246103099,0.15917864809770366,0.019551705112065436,0.4832199819268984,0.009447774590892308,0.001654888593625851,1.0,0.001654888593625851,0.00017758435331843159,0.5743343923183941,0.00010199280164839649,1.6235221407658938e-15,1.0,1.6235221407658938e-15,1.0,1.0,1.0,0.08565227640210614,0.27908480128274926,-12.222446383309915,-1.147481076873764,7.331605368211605,0.49711397693929954,1.1486892796278543,-66.239862347727,46.831174679806054,8.962954142058486,-3.3958252970843366,473.15,7.5,0.2
82,0.0006482308291596636,0.21542580448217158,0.00013964564786186564,1.340556902714108e-08,0.7459586370856778,1.0000000000844143e-08,0.9893954616218955,1.0009299534566902,0.9903155533514643,0.002165983146795196,1.0489328858705844,0.0022719709529149344,0.09128034580757866,0.6504738718097994,0.059375479957593076,0.20000032255474773,0.7140875649745555,0.14281774332724548,0.29278442024669726,0.6893184096951667,0.2018216909479747,0.00020714129912913733,0.6396984340960645,0.00013250796468953376,0.00786428206411083,1.0,0.00786428206411083,1.623324915169197e-07,0.7029103809098486,1.1410519344620278e-07,1.0000016127737406e-16,1.0,1.0000016127737406e-16,1.0,1.0,1.0,0.09409455978353351,0.29343266448142596,-12.960573348563587,-0.7024476536171854,7.999999999963339,-1.5354811791105958,-2.214031676554986,-112.315024592829,67.48255389976815,9.900139897164909,-3.088279175136863,273.15,8.0,0.2
83,0.0006561734088260106,0.21171916665123255,0.0001389244872953415,1.607755244976968e-08,0.742844578432976,1.1943122671783219e-08,0.9893925844109119,1.000920511137323,0.9903033313040469,0.0022449981630256904,1.0489620481455055,0.0023549178711703253,0.09135719213247509,0.6509904737695701,0.0594726617885776,0.20000003805637925,0.7144375575834399,0.14288753870559462,0.29294794153324016,0.6897254681139732,0.2020536561070389,0.0002781603960877799,0.637300027565279,0.00017727162809431094,0.007629313716315923,1.0,0.007629313716315923,2.2020819840979262e-07,0.7018290833510394,1.5454851803632857e-07,1.0000001902818955e-16,1.0,1.0000001902818955e-16,1.0,1.0,1.0,0.09425836370432679,0.2936041310196186,-12.845454639529006,-0.7089524231352861,7.9228821068903335,-1.4360023441799874,-2.0614717218642693,-110.16828356136052,66.53623934111562,9.822253771944661,-3.0922777987934817,278.15,8.0,0.2
84,0.0006564153166939642,0.21036284457913088,0.00013808539324505339,1.895645342561056e-08,0.7397549113703965,1.4023129523759601e-08,0.9893902556511597,1.0009118578854688,0.9902924389575811,0.0023363572737775513,1.0489856744974029,0.0024508053107004575,0.09139838851554881,0.651537865534764,0.059549510966737766,0.1999997091458754,0.7146073676218458,0.1429212656778688,0.29308041217955005,0.6900032039525643,0.20222642341962768,0.00036920641073858736,0.6349381195991816,0.00023442322417832175,0.007405302282917623,1.0,0.007405302282917623,2.9643045275405055e-07,0.7007747594347755,2.0773097921786132e-07,9.999985457293785e-17,1.0,9.999985457293785e-17,1.0,1.0,1.0,0.09439116110602033,0.29373684645269743,-12.741518241925958,-0.7158570285540137,7.853155054612562,-1.3412190465714657,-1.9147950021631663,-108.11019429931406,65.62617103661644,9.74994688850731,-3.0963474099772528,283.15,8.0,0.2
85,0.0006490977081720261,0.2108642114621196,0.00013687147639556327,2.204084888742368e-08,0.7366919463475033,1.6237315866027383e-08,0.9893885125307604,1.0009039116268084,0.9902828323106676,0.002443662850431656,1.0490033912633006,0.0025634106172069504,0.09139811030609951,0.6521143322286241,0.059602017669220214,0.19999932285895178,0.7146120845928083,0.1429219330253856,0.29317973818237697,0.6901646002669981,0.20234227680902334,0.00048373626316816263,0.6326114861902137,0.0003060171163669116,0.0071908653452067905,1.0,0.0071908653452067905,3.9537866244252696e-07,0.6997453773700599,2.7666439135491537e-07,9.999966142947596e-17,1.0,9.999966142947596e-17,1.0,1.0,1.0,0.09449087086470319,0.29382885793139796,-12.646969840850936,-0.7230921618342939,7.789485760865592,-1.2501822671727771,-1.7736920707244437,-106.1350023546797,64.74983241716231,9.6824583197509,-3.100482234000936,288.15,8.0,0.2
86,0.0006428576385906413,0.2095325068356327,0.00013469957255233227,2.5405514664262855e-08,0.7336563442116626,1.863891701139889e-08,0.9893873423789497,1.0008967608502752,0.990274586213353,0.0025770462193643586,1.0490153357958227,0.002703361005167859,0.09133839511330058,0.6526917221915578,0.05961581440871313,0.19999884270293566,0.7144361199254237,0.14288639717026047,0.2932466892790396,0.690228408962246,0.20240719577451766,0.0006232410629232491,0.6302934108763971,0.000392824735348126,0.006983687161237646,1.0,0.006983687161237646,5.20528213476888e-07,0.6987107868855658,3.6369867763457413e-07,9.999942135146804e-17,1.0,9.999942135146804e-17,1.0,1.0,1.0,0.09455829897125557,0.2938895723231449,-12.558844158514896,-0.7305132826495716,7.729579325331676,-1.161011955617099,-1.637874849192543,-104.2363889826791,63.90388763554263,9.618594114571307,-3.1046868626437196,293.15,8.0,0.2
87,0.0006329696558643347,0.2082195578710356,0.00013179666188985333,2.90220940275398e-08,0.7306493624206908,2.1204974497335298e-08,0.9893867985145303,1.00089025170143,0.9902676017952803,0.0027351122273109037,1.0490209662611816,0.0028691900715264564,0.09122232161537533,0.6532845666847557,0.059594134848477885,0.19999827372503137,0.7141104414825896,0.14282085554553794,0.2932782285565441,0.6901995019307207,0.2024204872768508,0.0007910454446061175,0.6279987828983773,0.0004967755764299477,0.006783487601793606,1.0,0.006783487601793606,6.7748189665097e-07,0.6976866663183466,4.7267008596544577e-07,9.999913686251536e-17,1.0,9.999913686251536e-17,1.0,1.0,1.0,0.09459040349855057,0.29391122723450247,-12.477181691978867,-0.738141902853784,7.673562245518499,-1.0740824246841663,-1.5070749442971956,-102.4106221462441,63.08735651616409,9.558315861167687,-3.1089514482984164,298.15,8.0,0.2
88,0.0006266818462500998,0.20388610935186183,0.00012777172343337456,3.3000395998248486e-08,0.7269685417896031,2.3990249757326174e-08,0.9893866366072722,1.0008873433878072,0.9902645622972505,0.00292420838972785,1.0490227589249639,0.003067561152663835,0.09105020171804053,0.6532443492498154,0.05947802977036582,0.1999975930698348,0.7129434235240886,0.14258696869978552,0.29328824081667243,0.689426669397463,0.2022007350396795,0.0009862446665798133,0.6251069393451724,0.0006165083849712072,0.006577252225876044,1.0,0.006577252225876044,8.706701130829129e-07,0.695984636354787,6.059730220389921e-07,9.999879653491725e-17,1.0,9.999879653491725e-17,1.0,1.0,1.0,0.09460109195401847,0.2939149556633185,-12.400152586013576,-0.745887190603404,7.619965230662267,-0.9885936655071541,-1.3810407202396182,-100.6530972175358,62.298179386202136,9.501024168094537,-3.114093761612196,303.15,8.0,0.2
89,0.0006113150095435382,0.20185033074200084,0.0001233941368639126,3.7184130655841014e-08,0.7233240876742062,2.689617738259472e-08,0.9893871849232484,1.0008848635989565,0.990262657628461,0.0031375207096626325,1.0490173857550695,0.0032913137726026864,0.09082284388008104,0.6532360677059931,0.05932875739409944,0.1999968253210517,0.7116737556934392,0.1423324918029976,0.2932580657436783,0.6885722146150589,0.20192935578285312,0.0012146948691400556,0.6222612455183257,0.0007558575421958105,0.00637782218963347,1.0,0.00637782218963347,1.1088384490921575e-06,0.6943139986265875,7.698820574200792e-07,9.999841266052565e-17,1.0,9.999841266052565e-17,1.0,1.0,1.0,0.09457167959928721,0.29386941793735244,-12.329453330114374,-0.753866665674719,7.5703094396858335,-0.9058289018754037,-1.2595394564471114,-98.96156722568249,61.53645926624011,9.44718079536246,-3.1192831120200872,308.15,8.0,0.2
90,0.0005929052637782307,0.19992213758347996,0.00011853488771904087,4.1605992266550316e-08,0.7197163229647102,2.9944511767379717e-08,0.989388421397549,1.0008828581711409,0.9902619110498121,0.0033810785631339575,1.0490050750265363,0.0035467685717909497,0.09052948233960988,0.653242510378581,0.05913770630680018,0.19999594877498025,0.7102946118634137,0.14205604480937975,0.29318898150823447,0.687648530222592,0.20161097221159613,0.0014763835610958154,0.6194458414944454,0.000914539657371563,0.006183899165209153,1.0,0.006183899165209153,1.3979109843357211e-06,0.6926567863397025,9.682725299989503e-07,9.999797438749024e-17,1.0,9.999797438749024e-17,1.0,1.0,1.0,0.09450346616652205,0.293781928378005,-12.263875153183035,-0.7620240599368634,7.523682763510193,-0.8251230788802998,-1.1423523660601513,-97.33208693904999,60.80043040926125,9.396293925261892,-3.1245207082457345,313.15,8.0,0.2
91,0.0005723944380684613,0.19794723927054464,0.00011330389878946661,4.624351953680043e-08,0.7161453377102343,3.311708091559178e-08,0.9893903504118572,1.0008812945973409,0.9902622947823363,0.0036566554641684124,1.0489857831297837,0.003835779595716506,0.09016716178268397,0.6532617051745204,0.05890275385690298,0.19999495706923476,0.7088152656393675,0.14175947862156352,0.29308074181884125,0.6866619705890004,0.20124739971901157,0.0017721346923293313,0.6166595818826149,0.0010928038384114818,0.005994895923431417,1.0,0.005994895923431417,1.745641975726355e-06,0.6910112943193397,1.206258321064838e-06,9.999747853461771e-17,1.0,9.999747853461771e-17,1.0,1.0,1.0,0.09439621168492084,0.2936531825004292,-12.203173394861896,-0.7703591705022973,7.479947950815938,-0.7465168567565682,-1.029274657313285,-95.7616450019004,60.08910326006332,9.348241605752147,-3.1298036117993444,318.15,8.0,0.2
92,0.0005556584226783235,0.19385752876158935,0.00010771856865598245,5.110629364705452e-08,0.712610518262745,3.641888240231551e-08,0.9893929316561916,1.0008802245166548,0.9902638195712404,0.003968705175862724,1.048959921385454,0.004163012669275006,0.08972787197386731,0.6532775893130424,0.05861720789727733,0.19999383418100944,0.7072288514192675,0.14144140963877078,0.29293565017560386,0.6856226071145061,0.20084330419018043,0.0021005193137852932,0.6138879468986658,0.0012894834889606481,0.005809913810515571,1.0,0.005809913810515571,2.158967878717553e-06,0.6893611702824143,1.4883086234748734e-06,9.999691709050443e-17,1.0,9.999691709050443e-17,1.0,1.0,1.0,0.09425223557240836,0.2934913597045758,-12.146750618517203,-0.778848203593557,7.438673385667803,-0.6697715432557959,-0.9201144030790318,-94.2471592552336,59.40127362138437,9.302777257598262,-3.1351323202664796,323.15,8.0,0.2
93,0.0005334563519365169,0.1912219221225306,0.00010200854898577389,5.612681066636889e-08,0.7084251548874149,3.976164453965902e-08,0.9893960265132943,1.0008823631627661,0.9902690331204768,0.004309488225766744,1.048928881462893,0.004520346664331017,0.08923636884429564,0.6526884318370276,0.058243545643813927,0.199992608052393,0.7048982824952557,0.14097444592787864,0.29276150993054034,0.6838632159523608,0.20020882768816833,0.00246302324242268,0.6105679806479702,0.0015038431274150322,0.005619705690119958,1.0,0.005619705690119958,2.6532143665775834e-06,0.6870751441509461,1.8229576433796539e-06,9.999630402619683e-17,1.0,9.999630402619683e-17,1.0,1.0,1.0,0.0940793134219989,0.29329502240928745,-12.09545924773561,-0.7875593978300339,7.400535661504879,-0.5959721405070061,-0.8146904543506971,-92.78706215461476,58.73712262991652,9.260330545837784,-3.1413168249501355,328.15,8.0,0.2
94,0.0005062688829485492,0.19033093629335063,9.635863050778605e-05,6.119106608285886e-08,0.7042852759056918,4.3095966859129716e-08,0.9893998507658982,1.0008847689927072,0.990275241075245,0.004681695120462418,1.04889048289777,0.004910585455681961,0.08867725928042981,0.652123311584703,0.05782850798420922,0.1999912690285465,0.7025129608193493,0.14049645854326323,0.2925460895422215,0.6820548532073724,0.1995324801591107,0.0028618452882762098,0.6072950616022068,0.0017379845106396858,0.005434289770089035,1.0,0.005434289770089035,3.2393701379332417e-06,0.6848170179432425,2.218375797873833e-06,9.999563451427307e-17,1.0,9.999563451427307e-17,1.0,1.0,1.0,0.09386522328384078,0.29305241961623607,-12.04918934175215,-0.7965007583884,7.365563371435152,-0.524914502199646,-0.7128349508298232,-91.3786720521315,58.09559234353063,9.220696015967716,-3.1475343654236796,333.15,8.0,0.2
95,0.0004881319489122197,0.1856997124874394,9.064596256893265e-05,6.635120994328522e-08,0.700187639296215,4.6458297054636434e-08,0.9894042772989217,1.0008876513209952,0.9902825233126644,0.005093353420356679,1.0488460186429538,0.005342143456482572,0.08803575367262956,0.6515419147611226,0.057358983515303594,0.1999897882108418,0.7000380252480186,0.14000045640888714,0.2922966341853361,0.6802122911289963,0.19882376322850154,0.003290970027238663,0.6040317257449109,0.0019878503049277465,0.00525239282830556,1.0,0.00525239282830556,3.92472801159985e-06,0.682545458107529,2.6788052786248693e-06,9.999489410542082e-17,1.0,9.999489410542082e-17,1.0,1.0,1.0,0.09361723904189845,0.2927848324854583,-12.00688728760534,-0.8056165373327633,7.332936713462365,-0.4559785261769748,-0.6143889847026017,-90.01905206837593,57.475261675638144,9.183471863102383,-3.1537917049122095,338.15,8.0,0.2
96,0.00046477767136772605,0.18320520449092123,8.514968832573843e-05,7.14135773614596e-08,0.6961347858971579,4.97134753866699e-08,0.9894094213180222,1.000890748005609,0.990290735786792,0.005535992753375484,1.0487943125569734,0.005806117714096827,0.08732796074780716,0.6509852162133153,0.05684921140887917,0.19998819619713484,0.6975262011341581,0.13949700676506013,0.29200654473363236,0.6783264061377554,0.19807575005786854,0.0037561730875138076,0.6008172104784001,0.0022567734365140854,0.005074884390462291,1.0,0.005074884390462291,4.730772018434576e-06,0.6803035375355574,3.2183609394152717e-06,9.999409809856748e-17,1.0,9.999409809856748e-17,1.0,1.0,1.0,0.09332873117255037,0.29247139381857745,-11.969565083997047,-0.8149874495455083,7.303525874992277,-0.3900177945793898,-0.5192031671747169,-88.70688679269726,56.876229522303305,9.149002257614335,-3.1600767852967255,343.15,8.0,0.2
97,0.0004415304465453395,0.18082411260944628,7.983935118661353e-05,7.63500760018122e-08,0.6921256056677265,5.284384259553127e-08,0.9894152238103169,1.0008941233309276,0.9902998830459007,0.006012120651316117,1.048735962384982,0.006305127137232634,0.0865494037134481,0.6504380102426441,0.05629502193906248,0.19998648400572694,0.69496868383585,0.1389843435744193,0.2916791673997752,0.6764043829730912,0.19729306725114992,0.004254622804186477,0.5976376602461273,0.002542722817923823,0.004901236397848446,1.0,0.004901236397848446,5.67233339900699e-06,0.6780760251794976,3.846273284691567e-06,9.999324200286334e-17,1.0,9.999324200286334e-17,1.0,1.0,1.0,0.09300305481130956,0.29212077419639654,-11.936779210666288,-0.8245976780973487,7.277005609729747,-0.32681948275633216,-0.4271367816649423,-87.43993048081283,56.29757147641985,9.117106425428457,-3.1663902388801284,348.15,8.0,0.2
98,0.00042016559273400257,0.17769919037799542,7.466308565352281e-05,8.119510360307848e-08,0.6874656369311161,5.581884361417826e-08,0.9894214265101027,1.0009007895340447,0.9903126869758625,0.006517508568531928,1.0486735715590754,0.006834738988229254,0.08571711877358555,0.6492446234579182,0.05565137850205422,0.1999846669595692,0.691676268594104,0.13832464821862944,0.29132910038299087,0.6737718108057428,0.19628933550545574,0.00478029119772628,0.5938918927572169,0.0028389761873483226,0.004722901680728092,1.0,0.004722901680728092,6.7734617452889476e-06,0.6751833114244732,4.573328330991182e-06,9.999233347978467e-17,1.0,9.999233347978467e-17,1.0,1.0,1.0,0.09265479293485149,0.2917493471708284,-11.908381520962472,-0.8344503435548695,7.253219164930572,-0.2666526053430506,-0.33805603231824527,-86.21654468480452,55.73888712807545,9.08785298376347,-3.173581810649084,353.15,8.0,0.2
99,0.0004036259889563519,0.17270856189785808,6.97096640972523e-05,8.58140738875367e-08,0.6828565633813487,5.859870358459644e-08,0.9894282012550353,1.0009077673834887,0.9903263719044386,0.0070560204418359355,1.048605405110647,0.00739898117388038,0.08481457539217506,0.6480489606250505,0.05496399742875402,0.1999827311939957,0.6883433947724872,0.1376567920859488,0.29094660618924967,0.671116696219377,0.19525912512196936,0.005334083221196445,0.5901759723763436,0.0031480477518059506,0.00454869192377201,1.0,0.00454869192377201,8.050218043600578e-06,0.6722973007803024,5.412139861405558e-06,1.056771995350434e-16,1.0,1.056771995350434e-16,1.0,1.0,1.0,0.09227422182296735,0.2913503179922799,-11.884178498745003,-0.8445447544092431,7.2321119920413635,-0.20917981672898123,-0.25183707435059927,-85.03460041556596,55.199201749547,9.061011432925909,-3.1807979900212926,358.15,8.0,0.2
100,0.0003798863035292104,0.1713013793912328,6.50750478063903e-05,9.005139179616892e-08,0.6783008281880305,6.108193363482629e-08,0.989435638879692,1.000914843005049,0.9903408171528671,0.007620297119517319,1.0485305331187793,0.007990114201250993,0.08385590989868119,0.6468847069208978,0.05424510569839358,0.19998070334299772,0.6850124156953494,0.1369892646894419,0.2905264631240999,0.6684311408333214,0.194196935188312,0.005920632115641639,0.5865214918188089,0.003472577980976484,0.00437923564528268,1.0,0.00437923564528268,9.535211112710756e-06,0.6694530794106394,6.383376442234766e-06,1.239634931961101e-16,1.0,1.239634931961101e-16,1.0,1.0,1.0,0.09185609332172773,0.2909064394790209,-11.864615720071468,-0.8549255020955537,7.214087223193171,-0.15476831168986077,-0.1683619140768161,-83.89278028034927,54.678281694611975,9.036710470479564,-3.188029045893866,363.15,8.0,0.2
101,0.0003604008152263289,0.1683690867268135,6.068035611525609e-05,9.393253288215117e-08,0.6737944336097128,6.329121779085477e-08,0.9894435980024512,1.00092220082673,0.9903560637065317,0.008214445371607877,1.0484503866457073,0.008612438425942318,0.08283359595465314,0.6457183728781679,0.05348717479948623,0.19997856868135502,0.6816533121059699,0.13631605369185684,0.2900766912691601,0.6657256676138545,0.19311149895437962,0.00653257043057881,0.582897381761664,0.0038078182001580535,0.004213858063317473,1.0,0.004213858063317473,1.1248504653276033e-05,0.6666168526087206,7.498442768521416e-06,1.4480389126530678e-16,1.0,1.4480389126530678e-16,1.0,1.0,1.0,0.09140844214148734,0.29043718601691937,-11.849066315468754,-0.8655606053784983,7.198656547953827,-0.10304423769549871,-0.08751902076375445,-82.78912491598352,54.175184203695046,9.01471347508549,-3.1952790589678166,368.15,8.0,0.2
102,0.00034541744690041033,0.16365946038733498,5.653083296809207e-05,9.740427147929422e-08,0.6693366218202312,6.519624602281159e-08,0.9894520409147106,1.000929831357344,0.9903720644489412,0.008836638486052205,1.0483653410252076,0.009264025519946593,0.08175130529531449,0.6445488714198968,0.0526927115651984,0.1999763338984318,0.6782703874496602,0.13563802547405193,0.2895993902159844,0.6630021017449702,0.19200500437725943,0.007167793639657991,0.5793027484571568,0.004152322555827601,0.004052574175327284,1.0,0.004052574175327284,1.321989305084712e-05,0.6637881148599896,8.775207886872479e-06,1.6848879503702481e-16,1.0,1.6848879503702481e-16,1.0,1.0,1.0,0.0909333612282671,0.28994490506715637,-11.837443555162846,-0.8764555877936181,7.185777410073511,-0.053996145714046595,-0.009202993550420847,-81.72212916423119,53.68935842353753,8.994969565918133,-3.2025447107518397,373.15,8.0,0.2
103,0.0003282787019459219,0.16024828272195055,5.260609824102505e-05,1.0049680162359664e-07,0.6642119188481742,6.675117344451343e-08,0.9894607507561561,1.0009407990401409,0.9903916344807245,0.009474970969873852,1.0482775671171172,0.00993239951680467,0.0806397356141974,0.6427062642465847,0.0518276632264331,0.19997404208716998,0.674168127005687,0.1348161254036638,0.28910673747910737,0.6595481309945356,0.19067980836227313,0.007820999356405197,0.5751361989499645,0.004498139841833003,0.003888573676964385,1.0,0.003888573676964385,1.5503514244558412e-05,0.660280426179915,1.0236666992683415e-05,1.9519307110779092e-16,1.0,1.9519307110779092e-16,1.0,1.0,1.0,0.09044298528601717,0.28943511667785493,-11.82990784247452,-0.8876341718476174,7.1755410952667935,-0.008049521713176078,0.06668713955869639,-80.69080996030888,53.22072050137951,8.977651669239805,-3.2107278063032947,378.15,8.0,0.2
104,0.0003154292801258927,0.15510866893146696,4.892581578233808e-05,1.0310391842145285e-07,0.6591445889775595,6.796038992988438e-08,0.9894698652205073,1.0009520074932683,0.9904118479465605,0.010136128455224266,1.048185677480874,0.010624544671872408,0.07947798894280482,0.6408634066656724,0.05093453474882254,0.19997166923701185,0.6700591694003667,0.13399285059255703,0.28859094156871284,0.6560861446364028,0.18934051823080622,0.008492406608289076,0.5710066894863672,0.004849220983171292,0.0037293929120512546,1.0,0.0037293929120512546,1.8121324273709533e-05,0.6567875877656354,1.1901860856848539e-05,2.253510594666708e-16,1.0,2.253510594666708e-16,1.0,1.0,1.0,0.08992954667815498,0.28890647395275715,-11.826093558245695,-0.8990807256500215,7.167744137985579,0.0353025812206537,0.14024452411461924,-79.693330891833,52.76827481637376,8.96246762483244,-3.218918616905246,383.15,8.0,0.2
105,0.00029971060263143804,0.15183244517843578,4.5505793643433726e-05,1.0515566396724254e-07,0.6541353724862256,6.878603941824866e-08,0.9894794169863359,1.0009633313022361,0.9904326134816371,0.010814647357193211,1.0480893290477362,0.011334716492488508,0.07827673734147807,0.6390397864514749,0.05002194951481633,0.1999692352108418,0.6659683005429956,0.13317317173424686,0.28805007211415995,0.6526115123690396,0.18798479320043285,0.009183661206175113,0.5669318459125089,0.005206509999851957,0.003575346319639432,1.0,0.003575346319639432,2.1122306065993776e-05,0.6533297803826651,1.3799831583271158e-05,2.5941658943878774e-16,1.0,2.5941658943878774e-16,1.0,1.0,1.0,0.08939109530130272,0.2883498878724553,-11.826101569665163,-0.9108140938832837,7.162499695759263,0.07598133097110843,0.2115585857103852,-78.72851485054312,52.33163800883625,8.949422664500677,-3.227110164168418,388.15,8.0,0.2
106,0.00028213377570839927,0.15002203560904223,4.232628334583903e-05,1.0664490088799638e-07,0.6491829144057072,6.923204756497731e-08,0.9894893531071195,1.000974777851373,0.9904538854126977,0.011508713483932127,1.0479890480142233,0.012061005687894488,0.07703972425826475,0.6372319332958559,0.0490921724296737,0.19996674671146256,0.6618955626835512,0.1323571023325827,0.2874870761367774,0.6491263657321448,0.18661544092762672,0.009891891756701668,0.5629080137376942,0.005568225140873206,0.0034263683546322645,1.0,0.0034263683546322645,2.455250383248068e-05,0.6499038008358877,1.595676556076688e-05,2.9777878465921663e-16,1.0,2.9777878465921663e-16,1.0,1.0,1.0,0.08883057151790527,0.2877693165573867,-11.829762396606155,-0.9228324318875568,7.159692823768876,0.11408703404001361,0.28071412630419723,-77.79507401845738,51.91027005133911,8.938435385694541,-3.2352994205133614,393.15,8.0,0.2
107,0.00027096657360590646,0.14522625006114878,3.9351459376704085e-05,1.0761145100381425e-07,0.6442827373727771,6.933220022539402e-08,0.9894995394501839,1.000986488156594,0.9904756690268066,0.012219396811508241,1.0478861841190683,0.012804537097048083,0.07576518588153204,0.6354151703680971,0.04814234849488424,0.19996420003118812,0.6578184174882864,0.13154013361882733,0.28690952389185664,0.6456378017300864,0.18523963430096402,0.010609859547829672,0.5589121396623261,0.0059299793013942404,0.0032821218963914023,1.0,0.0032821218963914023,2.8452895546090475e-05,0.6464850593644096,1.8394371866203636e-05,3.407377656054833e-16,1.0,3.407377656054833e-16,1.0,1.0,1.0,0.0882555492666462,0.2871805980769136,-11.836740173430686,-0.9351200777304131,7.159065017447477,0.14982050507866576,0.34779162158904076,-76.8916838213342,51.50355144320587,8.929376762640658,-3.24348777658631,398.15,8.0,0.2
108,0.00025825334998847295,0.1415548557675734,3.655701570911097e-05,1.0815379066854875e-07,0.6386662820956208,6.907417938083006e-08,0.989509729445349,1.0010018402148944,0.9905010600853366,0.012931065727419894,1.0477831943942197,0.013548953354797631,0.07449044623300087,0.6328546622923701,0.04714162619479371,0.19996165185605655,0.6529839235614843,0.13057174399080335,0.28633120845689564,0.641372632804834,0.1836450010221889,0.011329787815374099,0.5542976230542479,0.006280074455770842,0.003136675903095512,1.0,0.003136675903095512,3.292400627797791e-05,0.6423291700114303,2.1148049625984655e-05,3.883746858159345e-16,1.0,3.883746858159345e-16,1.0,1.0,1.0,0.08767976531040923,0.2865895699606748,-11.847174922255048,-0.9476981045926667,7.16068426591191,0.1827959932448268,0.41286882662758306,-76.01766570496119,51.11147162220569,8.92241474318939,-3.2526806726950905,403.15,8.0,0.2
109,0.0002489959189918863,0.13638213495641913,3.3958595027549025e-05,1.0816834954867533e-07,0.6331134365584666,6.848283550961936e-08,0.9895201063910142,1.001017376594322,0.9905268209868673,0.01365240562605529,1.0476782319259315,0.014303328187841252,0.07319147726398768,0.6302983576107326,0.046132467910594714,0.19995907099103638,0.6481695515327092,0.12960738136915723,0.2857417580011028,0.6371145850116597,0.18205024156937474,0.012055332436869109,0.5497270911043869,0.0066271428328164165,0.0029966994020404134,1.0,0.0029966994020404134,3.799363957536962e-05,0.6381979032402783,2.4247461113467762e-05,4.414272187700848e-16,1.0,4.414272187700848e-16,1.0,1.0,1.0,0.08709287880903485,0.2859908620884442,-11.860789650474336,-0.9605543690931734,7.164418266136292,0.21349661810756346,0.4760168965216671,-75.17152774613723,50.73316404004878,8.917282155969021,-3.2618623890888983,408.15,8.0,0.2
110,0.00023744344107064357,0.13289450229422717,3.155492792411182e-05,1.0764446097935336e-07,0.6276244146105987,6.756029180824004e-08,0.9895306901294268,1.0010329944857954,0.9905528698758558,0.01437886304961672,1.0475710791557968,0.0150628810819204,0.071877342705073,0.6277619199229874,0.045121858655499156,0.19995647411209166,0.6433940195749233,0.12865079961900774,0.2851399485244131,0.6328601218959996,0.1804537025805791,0.01278761603364432,0.5452140197407327,0.006971987540604267,0.002862318857226583,1.0,0.002862318857226583,4.3736435923829114e-05,0.6341071064662817,2.7733584830807195e-05,5.004647449325059e-16,1.0,5.004647449325059e-16,1.0,1.0,1.0,0.08649364919576036,0.28537749960994474,-11.87760417223615,-0.9736999601926007,7.170308483280502,0.24192293631032347,0.5373047813543916,-74.35231244543651,50.36826478618725,8.913956371328501,-3.2710268540258802,413.15,8.0,0.2
111,0.00022435661812838395,0.13073065502651265,2.933028764745681e-05,1.0661184653539785e-07,0.6221974552978229,6.633361961892656e-08,0.9895414300782851,1.0010486998166452,0.9905791619945712,0.015108615159330046,1.0474622328897014,0.01582570377066304,0.07055188449831001,0.6252426052253884,0.04411204406728405,0.19995386804395426,0.6386564491324997,0.12770182735526026,0.2845285666120237,0.6286109530542913,0.17885777342915563,0.013523983813503074,0.540755053063781,0.007313162584704569,0.0027334127419397377,1.0,0.0027334127419397377,5.0223631846116454e-05,0.6300540532296381,3.1643602812558796e-05,5.65972773517818e-16,1.0,5.65972773517818e-16,1.0,1.0,1.0,0.08588485627576845,0.28475302984199863,-11.897487266259244,-0.9871335140858616,7.178266303958421,0.26816558513504296,0.5967980759910706,-73.5590207271952,50.01633616348086,8.912371419016878,-3.2801712139972676,418.15,8.0,0.2
112,0.00021642489451982448,0.12596486173187435,2.7261931913525195e-05,1.0512938190857724e-07,0.6168280197844825,6.484674846383423e-08,0.98955220793922,1.0010646109797379,0.9906056960848161,0.015842074142878734,1.0473528765919926,0.01659224192472767,0.0692146460177179,0.6227202603676751,0.043101362389409766,0.1999512515342016,0.6339376520990376,0.12675662693185585,0.28391425602577547,0.6243727175734822,0.17726831559266684,0.014258093985410086,0.5363311258164963,0.007647059599192405,0.002609677201383885,1.0,0.002609677201383885,5.751982878824428e-05,0.6260186145994558,3.600848353001459e-05,6.383191408775615e-16,1.0,6.383191408775615e-16,1.0,1.0,1.0,0.08527314505511646,0.28413078604967723,-11.920204151493476,-1.000844451137952,7.188111795364282,0.29236984808566346,0.6545592246225744,-72.7906442760925,49.676901160050676,8.91243553586917,-3.2892964046549946,423.15,8.0,0.2
113,0.00020735073671325992,0.12212961969052472,2.5323666617340556e-05,1.0335729409049566e-07,0.6106677806339066,6.311696939456887e-08,0.989562714989762,1.001084626779842,0.990636021210773,0.0165613937361311,1.0472460762978604,0.017343854608187253,0.06790693131599337,0.6193584682789541,0.042058732965397805,0.19994868952497835,0.6283923682644144,0.12564623054196725,0.28331424153732615,0.6192880735370723,0.1754531308472675,0.014978220353802635,0.5312203379106313,0.00795673527764693,0.0024857113504251236,1.0,0.0024857113504251236,6.580222641946051e-05,0.621162927373583,4.087390359041138e-05,7.171488216425148e-16,1.0,7.171488216425148e-16,1.0,1.0,1.0,0.08467567578883774,0.28352169563133356,-11.945834733194411,-1.014847993903342,7.199853862251322,0.31418586891584493,0.7106492456395346,-72.0467124609633,49.34999541275983,8.914307442266756,-3.2995624211351164,428.15,8.0,0.2
114,0.00020104116753240524,0.11703392509654714,2.3528636942309882e-05,1.0118988465083738e-07,0.6045793615094996,6.117731585342325e-08,0.9895732066631578,1.0011047760052232,0.990666463397291,0.017278999656881334,1.0471392630514929,0.01809351896697371,0.0665980226102739,0.616008552212507,0.04102495148837064,0.19994613730540334,0.6228894712408213,0.12454434374280735,0.2827140936865092,0.6142289349904974,0.17365117667186822,0.01569286474239044,0.5261617527757046,0.008256985218928209,0.0023673755679796665,1.0,0.0023673755679796665,7.508788326125435e-05,0.6163436021658858,4.6279936448252996e-05,8.036606029162157e-16,1.0,8.036606029162157e-16,1.0,1.0,1.0,0.08407806343468763,0.2829152360439262,-11.974160776099309,-1.0291340579791843,7.213409581545835,0.33408739427208534,0.7651231828852737,-71.32597094503225,49.0348381858475,8.91773211012657,-3.309800474551568,433.15,8.0,0.2
115,0.00019099291889046558,0.11452612963473287,2.187367978816547e-05,9.864361425434431e-08,0.5985636050325662,5.904447736152211e-08,0.989583725018132,1.001124936818106,0.9906969441850034,0.01799103558149773,1.047031989011579,0.01883718976927366,0.06529575007558336,0.612688729114017,0.040005970130355645,0.19994360916526424,0.6174486770868554,0.12345491697106364,0.28211129725278616,0.6091913750550257,0.1718597690919819,0.01640456448190066,0.5211707099939042,0.008549578518172951,0.002254669239654099,1.0,0.002254669239654099,8.548633587122652e-05,0.6115785514359893,5.228160945969514e-05,8.985153953657008e-16,1.0,8.985153953657008e-16,1.0,1.0,1.0,0.08347777857597155,0.2823023888152909,-12.005206230792732,-1.043712748148116,7.228820717247431,0.35208560115129883,0.8180350110430377,-70.6276654077562,48.73112725642724,8.92268846920983,-3.320004759211536,438.15,8.0,0.2
116,0.00018532249803702446,0.10975196558057267,2.0339508425865255e-05,9.578921818353905e-08,0.5926150954216569,5.6766136674203965e-08,0.9895941413349773,1.0011452568125043,0.9907274807669556,0.018698860960365542,1.0469255399039639,0.019576315106519845,0.06399786535747323,0.6093747775040288,0.03899868496294305,0.19994110049464006,0.6120457003494896,0.12237309088088964,0.2815130752596283,0.6041818090862625,0.1700850790917994,0.017106482562354988,0.5162244586265949,0.008830784699756995,0.0021471994173587203,1.0,0.0021471994173587203,9.707763830425383e-05,0.6068434749786135,5.891093137127032e-05,1.0019928537675869e-15,1.0,1.0019928537675869e-15,1.0,1.0,1.0,0.08288204881587581,0.28169849354688353,-12.038746536139758,-1.0585724124913782,7.245910661493581,0.3683162095392695,0.8694362524578941,-69.95095216111703,48.43844801421287,8.929094206313268,-3.3301778350731683,443.15,8.0,0.2
117,0.00017780786457498654,0.1064252242275825,1.8923241856820566e-05,9.264879870499294e-08,0.5867347751442423,5.436027207555816e-08,0.9896045001387093,1.0011656185255566,0.9907580014770452,0.019399083333862456,1.046819441559654,0.020307337582323087,0.06271130805227233,0.6060841959185964,0.03800833271586487,0.19993862394644019,0.6066990867320118,0.1213025805507604,0.2809167653733488,0.5991965243579765,0.16832434944559577,0.017801329387699856,0.511337680068017,0.009102490471233054,0.002044937064311948,1.0,0.002044937064311948,0.00010998090658525947,0.6021554748377821,6.62256050279367e-05,1.114745123107766e-15,1.0,1.114745123107766e-15,1.0,1.0,1.0,0.08228819925070978,0.28109466588672255,-12.074804373393842,-1.0737224933610823,7.264718378271075,0.38279174172216984,0.9193760372930997,-69.2951437836959,48.1565203715492,8.936929456211953,-3.340314469849957,448.15,8.0,0.2
118,0.00017197219888723936,0.10230534956666452,1.7593675922906966e-05,8.943460735047784e-08,0.5799523738309309,5.1867812835546814e-08,0.989614317313687,1.0011908434458847,0.9907927930374136,0.020073795949237132,1.0467185063444717,0.0210116137126492,0.061477445651336136,0.6018119663919483,0.03699786245618472,0.19993624509066615,0.6004070933730132,0.12004313977480127,0.2803494166533019,0.5932603390978967,0.16632018998963538,0.018467383846584823,0.505658389561548,0.009338187575279025,0.001942652867941524,1.0,0.001942652867941524,0.00012448710154764196,0.5965188504495539,7.425890271099632e-05,1.235083728066874e-15,1.0,1.235083728066874e-15,1.0,1.0,1.0,0.0817232137994605,0.2805214782867964,-12.11330107909719,-1.0891634107424895,7.285102064971132,0.39521411023345254,0.9679031845249576,-68.65989457683528,47.8853894511432,8.946332368832076,-3.3518108370746416,453.15,8.0,0.2
119,0.00016802459493885178,0.09739663666097154,1.6365030423366256e-05,8.60193313883987e-08,0.5732548206570682,4.931099638809744e-08,0.9896239790907808,1.001216151067782,0.9908275113496546,0.020739527978034685,1.046618860581575,0.02170638114137036,0.060257832720235924,0.5975649531812838,0.03600796898827341,0.19993390423941534,0.5941797962936292,0.11879668649316577,0.2797892626337593,0.5873719818618465,0.1643403736968559,0.01912100235710901,0.5000441350109917,0.009561345084203707,0.001845667088749671,1.0,0.001845667088749671,0.00014056014645270667,0.5909349052382709,8.30618968243077e-05,1.3650521083756853e-15,1.0,1.3650521083756853e-15,1.0,1.0,1.0,0.08116538529320946,0.27995737324802955,-12.154103670264787,-1.104890334437675,7.307056221936907,0.4060431312707234,1.0150606311644066,-68.04413023361622,47.624345104304055,8.957059079792646,-3.3632677867339433,458.15,8.0,0.2
120,0.00016233719388288807,0.09382916710412588,1.5231963692052394e-05,8.243434275354635e-08,0.5666419200034432,4.6710754252091486e-08,0.989633508547553,1.0012414696015395,0.9908621084650797,0.021394411668289783,1.046520245678767,0.0223896849552513,0.05905650668360623,0.5933531937365827,0.03504136685164361,0.1999316085968228,0.588027349447226,0.11756525387390994,0.2792348522854748,0.5815293650518333,0.16238326634991462,0.019763813390896265,0.4945027206820041,0.009773259492849627,0.0017538131213721542,1.0,0.0017538131213721542,0.0001583316607264285,0.5854130797768475,9.268942513204147e-05,1.5051327691117489e-15,1.0,1.5051327691117489e-15,1.0,1.0,1.0,0.0806132555457789,0.27939727191370045,-12.19719562012706,-1.1209086087109597,7.330583119976686,0.41531037410915994,1.060891213690335,-67.44723229884634,47.37311885247159,8.96908238139546,-3.374682125535744,463.15,8.0,0.2
121,0.0001587855979287865,0.08932969076862604,1.4184268361489886e-05,7.87293559343682e-08,0.5601100117621673,4.409710047842678e-08,0.9896428383257514,1.0012668709499553,0.9908965880884576,0.022039030475252085,1.0464233219449384,0.023062155482359025,0.05787272357325864,0.5891649291656622,0.034096579084662876,0.19992935644380397,0.5819375265660869,0.11634639517685681,0.27868989898989843,0.5757354638178648,0.16045165825630306,0.020392418506136448,0.4890226344031744,0.009972354219722894,0.0016667734401899705,1.0,0.0016667734401899705,0.00017790800019768256,0.5799413218417916,0.00010317620080087384,1.6554929911915224e-15,1.0,1.6554929911915224e-15,1.0,1.0,1.0,0.08007053964643951,0.2788487633171831,-12.242454460985757,-1.1372136712839946,7.355589965806949,0.423093462367842,1.1054359148853974,-66.86856229396186,47.13140535831137,8.982352647850387,-3.386055205079652,468.15,8.0,0.2
122,0.00015215164764410106,0.08687582800160296,1.321830037088942e-05,7.493010281921508e-08,0.5536598971502307,4.1485793020342775e-08,0.9896520169024234,1.0012922515356828,0.9909308962410571,0.022671359700741082,1.046327572575042,0.02372166876265205,0.056710816153258084,0.5850148967176437,0.033176672254671566,0.19992715558891405,0.5759250121920735,0.11514304952007189,0.27815150041087333,0.5699870846751928,0.15854276281722438,0.021009868720013668,0.48361586355544844,0.010160705804216012,0.0015844111104042142,1.0,0.0015844111104042142,0.00019943158350208318,0.5745336333898968,0.00011458015228215254,1.816601630680476e-15,1.0,1.816601630680476e-15,1.0,1.0,1.0,0.07953432750164326,0.2783037269886202,-12.289889530090441,-1.1538128481303884,7.382100603751091,0.4294116100526517,1.1487339164931496,-66.30756471461363,46.8989663204233,8.996849962367106,-3.3973832611406642,473.15,8.0,0.2
123,0.002036791049293504,0.2122586414580819,0.00043232650105702055,4.246744845210353e-09,0.7446356622364237,3.1622776601623337e-09,0.9893949001350405,1.0009435365584207,0.9903284303940328,0.0006703807799013025,1.049204213280723,0.0007033663387748639,0.08958032743306073,0.6489017426781644,0.058128830580993676,0.20000571277780957,0.7125156377882561,0.14250719800117576,0.2943061284599498,0.6891141566849204,0.20281051952088214,0.0006459959852017483,0.6381448286968769,0.00041223899731544,0.007736885532443327,1.0,0.007736885532443327,5.144120347077722e-07,0.701455198791387,3.6083699606662195e-07,1.0000285638890459e-16,1.0,1.0000285638890459e-16,1.0,1.0,1.0,0.09228749926225555,0.2963429237559877,-13.587881470722067,-0.7364470073999457,8.50000000000083,-2.0447023734322833,-2.2140260294739598,-112.82424578715067,67.9917863882519,10.154756141406779,-3.0871019036296268,273.15,8.5,0.2
124,0.0019279705707395062,0.21094968708067494,0.0004067047885982492,5.388094127381521e-09,0.7416176820514027,3.9959058774234515e-09,0.9893939122680521,1.0009331651956295,0.9903171802317482,0.0007355305419441321,1.0492142439572851,0.0007717291214734045,0.08968045757319462,0.6495571996967621,0.058252586888768575,0.20000547855267822,0.7130057633530749,0.14260505891024938,0.2943623513011305,0.689505462927113,0.20296444930219942,0.0008198200021698373,0.6358789782603244,0.000521306305337133,0.007506484197554736,1.0,0.007506484197554736,6.594197027638339e-07,0.7005056497238265,4.619272273252723e-07,1.0000273927633905e-16,1.0,1.0000273927633905e-16,1.0,1.0,1.0,0.09234395868587826,0.29629032725996407,-13.44208803865407,-0.7418811676525502,8.398384750024892,-1.9205132209078175,-2.0614656485020615,-110.65279443808836,67.02076236456784,10.064515283670785,-3.091183960373489,278.15,8.5,0.2
125,0.0018086358344562962,0.20966234548355875,0.00037920283117772043,6.7742956075838895e-09,0.7386324699611474,5.003714696876639e-09,0.9893935699141062,1.0009236414107294,0.9903074147867883,0.0008166869692886528,1.049217756860634,0.0008568824699743496,0.08973860829073202,0.6502349212720377,0.058351176896986365,0.2000051867523973,0.7133045408947366,0.1426646079129848,0.29438202897268423,0.6897702024603062,0.2030559517251641,0.0010201368360372527,0.6336418515752382,0.0006464013936467499,0.007286048081056912,1.0,0.007286048081056912,8.321989005709135e-07,0.69957310684772,5.821839703876511e-07,1.0000259337619888e-16,1.0,1.0000259337619888e-16,1.0,1.0,1.0,0.09236393109447696,0.2961906715814361,-13.303170822049287,-0.7474123690913599,8.300707460989912,-1.7976066012963139,-1.9147884345367225,-108.5665818540389,66.08257172659418,9.978147233496177,-3.0953501938521866,283.15,8.5,0.2
126,0.001674278629393429,0.21020747520430907,0.0003519458834733237,8.414498517407169e-09,0.7356773172795918,6.19035569553921e-09,0.9893939307497922,1.0009146934941324,0.9902989229413832,0.0009130880187213166,1.049214166728717,0.0009580248847126609,0.08975676634098985,0.6509656416860895,0.05842857099683085,0.20000484014406272,0.7134631906881508,0.14269609140225656,0.29436188077060893,0.6899117218414428,0.20308371200693626,0.0012506867795593567,0.631463943801309,0.0007897636062807095,0.007075121781925366,1.0,0.007075121781925366,1.0386617084710663e-06,0.6986904971859378,7.257030654996455e-07,1.0000242007203117e-16,1.0,1.0000242007203117e-16,1.0,1.0,1.0,0.0923441329891046,0.2960361678145007,-13.17263235136774,-0.7531469849190356,8.208284395863283,-1.6776236559004907,-1.7736850141390623,-106.56244374340743,65.1772879190608,9.89618607070014,-3.0995805774841987,288.15,8.5,0.2
127,0.001544887063429679,0.20894967177926074,0.00032280364483965734,1.0409823394122993e-08,0.7327505585987958,7.627803906958438e-09,0.9893947685568858,1.0009067122358737,0.9902918648996456,0.0010341075242577696,1.0492057719703811,0.0010849915832892528,0.08971848752107084,0.6516743006983717,0.05846723261500942,0.20000440493331587,0.7134165454474136,0.14268645164179186,0.2943147902994265,0.6899569412128339,0.2030645324686889,0.0015008604708869788,0.6292726356816816,0.0009444504243054992,0.00687137991304317,1.0,0.00687137991304317,1.273657116788084e-06,0.6977790532692278,8.887312571420036e-07,1.0000220246665769e-16,1.0,1.0000220246665769e-16,1.0,1.0,1.0,0.09229748210875828,0.29585968777267946,-13.045988521430985,-0.758849124960091,8.117600480180375,-1.557489631427696,-1.6378672715239349,-104.6328666584897,64.30038046669044,9.816840530145212,-3.1038868829539568,293.15,8.5,0.2
128,0.001426957228420184,0.20546714632550667,0.00029319282965204954,1.2812466468471145e-08,0.7298485472623087,9.351160038860697e-09,0.9893960116516394,1.000899646267868,0.9902861180809652,0.001183041807407551,1.0491933008558494,0.001241239538964399,0.08961807314939114,0.6523558861734186,0.058462877526525306,0.20000386924645774,0.7131747087141798,0.14263770119155142,0.2942448392977186,0.6899174653882925,0.20300465373186743,0.0017674570713807453,0.6270639339602537,0.0011083085842858791,0.0066739236047905675,1.0,0.0066739236047905675,1.538186115011744e-06,0.696834456604027,1.0718610856100685e-06,1.0000193462322895e-16,1.0,1.0000193462322895e-16,1.0,1.0,1.0,0.09222807218521888,0.29567180933860515,-12.923733947396801,-0.764559642025583,8.029134510279796,-1.4379861427550467,-1.5070668238199594,-102.77452586431498,63.451276475189445,9.740275840680365,-3.1082572197345595,298.15,8.5,0.2
129,0.0013061870714094499,0.20346085401947417,0.00026575793705816255,1.558815758688129e-08,0.726262744132807,1.1321098105023052e-08,0.9893976201169692,1.000895966075636,0.990284086819909,0.001354237715477698,1.0491771489654882,0.0014208352653464272,0.08947767606491822,0.6524498779486383,0.05837969882768368,0.20000325350597672,0.7121422756936007,0.1424307720978704,0.2941542460268304,0.6891150329845234,0.20270611295331684,0.0020591109299389274,0.6243021794219422,0.0012855074412324145,0.00647193115435516,1.0,0.00647193115435516,1.8469713352234582e-06,0.6952610695277864,1.2841272659146251e-06,1.0000162675298808e-16,1.0,1.0000162675298808e-16,1.0,1.0,1.0,0.09213810085180536,0.2954604486863974,-12.809865457929448,-0.7705320150011357,7.946111446131625,-1.3228431671015628,-1.3810321575694144,-100.98734671913022,62.632446013136956,9.668157481561945,-3.113485653591356,303.15,8.5,0.2
130,0.0011918305334839747,0.2015567707182958,0.00024022151357249374,1.8771050567298092e-08,0.7227046039406293,1.356592466578867e-08,0.9893997247984854,1.0008928868762317,0.990283146828105,0.001553657525470504,1.0491559990920913,0.0016300291133819536,0.08927471428698763,0.6525488081199396,0.05825610840322192,0.20000253623010264,0.7109787054047774,0.14219754428655043,0.2940356230262173,0.6882358088682714,0.2023658448495348,0.002372529782371892,0.621560500545362,0.0014746707990898516,0.006276049775921026,1.0,0.006276049775921026,2.2004308377778643e-06,0.6936918924422201,1.5264210320463456e-06,1.0000126811505121e-16,1.0,1.0000126811505121e-16,1.0,1.0,1.0,0.0920202023459421,0.29522747233075186,-12.70299246205585,-0.7767061778863393,7.867550598985806,-1.211002827859426,-1.2595304706954842,-99.2667411516665,61.84165116372738,9.599776744106098,-3.118757313567796,308.15,8.5,0.2
131,0.0010860747172561555,0.19960001458888751,0.0002167805294089506,2.2363560125532268e-08,0.7191732761278482,1.608327480136113e-08,0.989402314568966,1.000890381699697,0.990283260283496,0.0017835396504136812,1.0491299652715007,0.0018711648914988492,0.0890054076422459,0.6526485963927218,0.0580892543690738,0.2000017093756813,0.7096919463717835,0.14193960240451106,0.2938896075140631,0.6872876580269525,0.2019867000668007,0.0027077586728246573,0.6188355822154952,0.0016756574147965037,0.006085585034635426,1.0,0.006085585034635426,2.6047523590393935e-06,0.6921230103550903,1.802809043967868e-06,1.000008546878404e-16,1.0,1.000008546878404e-16,1.0,1.0,1.0,0.09187502200991574,0.2949757045948794,-12.603252786568046,-0.7831115154771041,7.793625517567858,-1.1028438701233838,-1.1423430031286559,-97.60980773029307,61.07816992636734,9.535163683814929,-3.1240682324330806,313.15,8.5,0.2
132,0.0009892575903033903,0.19766740837264044,0.00019554398408823447,2.6346007521376875e-08,0.7156687331940976,1.8855013827545985e-08,0.9894054006045762,1.0008884015635608,0.9902843899094688,0.002045392812507724,1.0490989349653304,0.002145819421187595,0.08866728153660486,0.6527496043232182,0.057877532939434206,0.20000076753608897,0.7082938009962999,0.14165930384031386,0.29371556612501987,0.6862766790290795,0.20157014329942463,0.0030659600658036806,0.6161284315843643,0.0018890251666439165,0.00589999964894522,1.0,0.00589999964894522,3.0681519230731717e-06,0.6905551141745235,2.1187280015425767e-06,1.0000038376804446e-16,1.0,1.0000038376804446e-16,1.0,1.0,1.0,0.09170193193941598,0.29470485006133074,-12.510868552198438,-0.789783280813895,7.724573144763281,-0.9987773297226975,-1.0292649672697582,-96.01390547486653,60.3413831131165,9.474381532278738,-3.1294146889257477,318.15,8.5,0.2
133,0.0009099375621038895,0.19362475461500334,0.00017618643717733998,3.072887108876504e-08,0.7121898490617558,2.1884790062545756e-08,0.9894088962595499,1.00088705631713,0.9902865576712016,0.002343739309414104,1.0490637886794323,0.002458732039610876,0.08825220547230428,0.6528256806032439,0.05761330610219438,0.19999969443213272,0.706766733030541,0.14135313064090493,0.2935184326254356,0.6852157095423992,0.2011234410752107,0.0034430933804908055,0.6134147530984937,0.002112044275888826,0.005718375796360641,1.0,0.005718375796360641,3.5949451710389383e-06,0.6889614606086962,2.476778675847166e-06,9.999984721606607e-17,1.0,9.999984721606607e-17,1.0,1.0,1.0,0.09150588234382227,0.29442840091641054,-12.425113967294521,-0.7966968283781142,7.659857615151631,-0.8984680753020599,-0.9201044310717994,-94.47585578727987,59.62999009744508,9.417135495628628,-3.134798131426887,323.15,8.5,0.2
134,0.0008261067071211695,0.1927315139001588,0.00015921679630653807,3.537483538180446e-08,0.7080531641505174,2.5047264123390294e-08,0.989412859669192,1.0008888171520272,0.9902922667893022,0.0026688267610856377,1.0490239241144128,0.0027996631216956154,0.0877885265448085,0.6523164234492262,0.05726589765558695,0.19999852530745477,0.7045173590810132,0.1409024328697052,0.29329482940353546,0.6834278472146985,0.2004458538584605,0.0038513855536223833,0.610171198517945,0.002350004539208469,0.005531917489712311,1.0,0.005531917489712311,4.213958242787734e-06,0.6867530281014949,2.893948583527733e-06,9.99992626537273e-17,1.0,9.99992626537273e-17,1.0,1.0,1.0,0.09128346001301531,0.294120971485492,-12.348184877326998,-0.8040148660004114,7.6012397045673445,-0.8040381059135162,-0.8146802650632808,-92.99512812002126,58.94520897389787,9.364373717828457,-3.1410248746330027,328.15,8.5,0.2
135,0.0007569418496880359,0.1901443016424467,0.00014392817939287345,4.030470493408976e-08,0.7039512330944933,2.837254673786219e-08,0.9894172866676654,1.0008911118821795,0.9902989681682488,0.003030641071878999,1.048979394533857,0.0031790800366290717,0.08724741193012919,0.6517879661720971,0.05686681317571807,0.19999722417141563,0.7021674644384349,0.14043154379116818,0.29304505001116077,0.6816004904040994,0.19973964979810102,0.004281647940606723,0.6069331281611018,0.002598673978276977,0.00534946535345135,1.0,0.00534946535345135,4.922574338050965e-06,0.6845285247803196,3.369642549747488e-06,9.999861208570793e-17,1.0,9.999861208570793e-17,1.0,1.0,1.0,0.09103499485169624,0.2938020321655537,-12.277940806768681,-0.811622166991116,7.547101679905248,-0.7137463135291878,-0.7128245452156177,-91.56750386346104,58.28444496608859,9.315122327246693,-3.147284389208218,333.15,8.5,0.2
136,0.0007018545427770685,0.18554036411868935,0.00013022234742521359,4.544660017900753e-08,0.6998851238411697,3.180739939444482e-08,0.9894221879307981,1.0008938952677793,0.9903066277424253,0.0034294559941666076,1.0489300904921515,0.0035972595863000304,0.0866285601148866,0.651241817611966,0.056416140946326195,0.19999579008807736,0.6997274920975303,0.1399425526283945,0.2927684772949193,0.6797379165422537,0.1990058347856965,0.004734728659045658,0.6037027533258262,0.0028583687277165598,0.005170787006917934,1.0,0.005170787006917934,5.734793955718118e-06,0.682290028583902,3.912792731969703e-06,9.99978950440388e-17,1.0,9.99978950440388e-17,1.0,1.0,1.0,0.09075987065183028,0.29347037728429654,-12.214363640917304,-0.8195374126878737,7.4974718378028085,-0.6277222938449339,-0.6143784136855598,-90.19079583604388,57.64702658534018,9.269354317953404,-3.153573844661476,338.15,8.5,0.2
137,0.000645592447488158,0.1830621013033138,0.00011818351002273145,5.0636014045492884e-08,0.6958587878334782,3.5235515354415704e-08,0.9894277387121666,1.0008968925933117,0.9903151491226346,0.003859566624795727,1.048874230522648,0.004048199973733512,0.08594291401191687,0.6507208080679543,0.055924842453549256,0.19999424370820332,0.6972514314855262,0.13944627271440996,0.2924551177841931,0.6778312547412142,0.19823521944314915,0.005220148862444214,0.6005212802448987,0.0031348104779439514,0.0049963860201278415,1.0,0.0049963860201278415,6.676942666381319e-06,0.6800820386553456,4.540868780537468e-06,9.999712185410143e-17,1.0,9.999712185410143e-17,1.0,1.0,1.0,0.09044807308420075,0.2931007608676953,-12.158219903957024,-0.8278326372766156,7.453019372132025,-0.5466416734096586,-0.5191924607771222,-88.86351067152752,57.03287481392875,9.227324903427064,-3.1598852570411546,343.15,8.5,0.2
138,0.0005947544757699522,0.1806942533918646,0.0001074687159507213,5.5828138235774076e-08,0.6918711823091928,3.8625880007306036e-08,0.9894338550479127,1.0009002043931903,0.9903245477509981,0.00432332778091536,1.0488126646522913,0.004534360930067117,0.08518628948922953,0.6502035686871876,0.0553884294291169,0.19999257659616898,0.694723962892211,0.13893963536191456,0.29210973255556627,0.675889327566593,0.19743385071263903,0.005733650657152827,0.5973689486330578,0.003425104864892624,0.004825746443657126,1.0,0.004825746443657126,7.7626896132135e-06,0.6778829901633867,5.262195246715429e-06,1.0389376308853058e-16,1.0,1.0389376308853058e-16,1.0,1.0,1.0,0.09010437174591485,0.29270454285947445,-12.108695062406362,-0.8364736967177083,7.413121612992004,-0.4699972444175435,-0.4271259651313733,-87.58310824247405,56.440770871148196,9.188706122792633,-3.1662201730536577,348.15,8.5,0.2
139,0.0005508483028991392,0.1775801505711543,9.78197245706939e-05,6.100532648324658e-08,0.6872279311201414,4.192456430639037e-08,0.989440286088747,1.0009068489428623,0.9903375589662119,0.004816547654676905,1.0487479205282089,0.005051344336967424,0.0843755279868864,0.64903429776346,0.05476261155538999,0.19999080395942032,0.691455658125204,0.13828477297074965,0.29174649427702665,0.6732379689079314,0.19641481724307486,0.006269505964360669,0.5936445342350156,0.0037218579480965412,0.004650446703304967,1.0,0.004650446703304967,9.020765887459883e-06,0.6750130263190841,6.089134481410258e-06,1.1959987713423425e-16,1.0,1.1959987713423425e-16,1.0,1.0,1.0,0.08974292394446244,0.2922974035852523,-12.065527991277255,-0.8454619932834052,7.377531442026913,-0.397967564943092,-0.3380451250233454,-86.34785964440456,55.87022390226528,9.15352137085839,-3.173429481620813,353.15,8.5,0.2
140,0.0005165385170149771,0.17260187746683495,8.915551782071972e-05,6.605477118768345e-08,0.6826316511251154,4.5091077520539986e-08,0.9894472035400391,1.0009138494121896,0.9903514092853868,0.005342925596194039,1.0486782646172232,0.005603009942195708,0.0834945509937412,0.6478553071588627,0.054092387980141536,0.19998891251627368,0.6881392775114377,0.13762022576924665,0.29135567496032666,0.6705657527281118,0.1953731374913785,0.006828736029478749,0.589942569441268,0.004028562079266855,0.004479173441383963,1.0,0.004479173441383963,1.0464441574249005e-05,0.6721424526666414,7.033595425502496e-06,1.374178599267017e-16,1.0,1.374178599267017e-16,1.0,1.0,1.0,0.08935401510695022,0.29187227953211275,-12.028169014367998,-0.854777387204764,7.345909386435871,-0.32993034610030747,-0.251826094678397,-85.15535094493728,55.31997423826273,9.121397677283774,-3.1806598569011264,358.15,8.5,0.2
141,0.00047594262168870554,0.17119904545585954,8.148092252486566e-05,7.080941802067336e-08,0.6780867983900881,4.801493156150387e-08,0.9894547678873294,1.0009209273120154,0.9903659838070809,0.005895216571282004,1.0486020617865148,0.006181736251324336,0.08255728296730583,0.6467108540574029,0.05339069097644505,0.1999869285133733,0.6848281031691791,0.13695666891244365,0.2909280980431629,0.6678624205188106,0.1942999437560406,0.0074199391864278276,0.5863047425615296,0.004350345534520772,0.004312544607995894,1.0,0.004312544607995894,1.2132942096523597e-05,0.6693169565363657,8.120783877877124e-06,1.5778714065167998e-16,1.0,1.5778714065167998e-16,1.0,1.0,1.0,0.08892844216027654,0.2914041114742696,-11.997018327872318,-0.8644660020682087,7.3186236858251235,-0.2662108270405817,-0.1683508778759526,-84.00422279569999,54.78974628236441,9.09244276435579,-3.1879020926826924,363.15,8.5,0.2
142,0.0004430614611943692,0.1682725289727724,7.455507256554839e-05,7.527737753534941e-08,0.673588330335992,5.070596304610817e-08,0.9894627902413268,1.0009283217496745,0.9903813300700014,0.006477360492161303,1.0485212235994874,0.0067916499489359475,0.081556512737762,0.6455586004000704,0.052649508216500156,0.19998483781594978,0.6814828935791774,0.13628624594677594,0.2904744788351856,0.6651405026665803,0.19320634086424832,0.00803303729466479,0.5826915753520846,0.004680783156090276,0.004149901642447752,1.0,0.004149901642447752,1.4043341797838885e-05,0.6664937959340116,9.3598001824404e-06,1.808376977825423e-16,1.0,1.808376977825423e-16,1.0,1.0,1.0,0.08847693469111767,0.29091761557375756,-11.971143980883188,-0.8744782378033727,7.2949409644193635,-0.20619507399117398,-0.08750794100904362,-82.89227575227919,54.278357199500135,9.066299972988038,-3.195160794403103,368.15,8.5,0.2
143,0.0004175325915757408,0.16356992284435662,6.829577378904817e-05,7.93921819932194e-08,0.6691359956603433,5.312416674568007e-08,0.9894712434426206,1.0009360154348181,0.9903974037987916,0.0070875188423784345,1.0484360183097399,0.007430810034798505,0.0804959338992749,0.6443986042059422,0.051871467448946516,0.19998264716237504,0.6781091192512727,0.13561005673281615,0.28999631677633925,0.6624017168822179,0.1920940581221667,0.008666522691845915,0.57910329025379,0.005018811805907105,0.00399126296500321,1.0,0.00399126296500321,1.622723187389894e-05,0.6636735997497923,1.0769585391725079e-05,2.0687784229533876e-16,1.0,2.0687784229533876e-16,1.0,1.0,1.0,0.08800098533322907,0.2904139287600969,-11.950320465651311,-0.8848131016832912,7.274707868811583,-0.14975972955811587,-0.00919188196980337,-81.81789274807528,53.785144230542834,9.042862469420784,-3.2024328888777154,373.15,8.5,0.2
144,0.00039097851120066773,0.1601620008366804,6.261990063804543e-05,8.314054149595871e-08,0.664015047357092,5.52065705987332e-08,0.9894799454556585,1.000947048999947,0.99041703144847,0.007713961663164042,1.0483482632072474,0.008086918312025314,0.07940580445292189,0.6425656800043115,0.05102344473458113,0.1999803990501807,0.6740161351349128,0.1347900156705404,0.28950380533253894,0.6589328932355965,0.1907635800504848,0.009316978907982004,0.5749431189902349,0.005356732912921404,0.003829915895578152,1.0,0.003829915895578152,1.8749039594479005e-05,0.6601746150008578,1.237763999592101e-05,2.3612089795062995e-16,1.0,2.3612089795062995e-16,1.0,1.0,1.0,0.0875107446272866,0.28989486698428113,-11.934699326657748,-0.895496997451862,7.258009230152107,-0.09732064562165672,0.06669827618500399,-80.78008108421737,53.3100138985406,9.022298367820351,-3.2106211664782998,378.15,8.5,0.2
145,0.0003707294992809664,0.15502692652714464,5.747305484647547e-05,8.643922253829347e-08,0.65894972110593,5.695910158422194e-08,0.9894890135301733,1.000958342618162,0.9904372830220425,0.00836319527639953,1.0482567780759569,0.008766776134858632,0.07826568359601899,0.6407290797734012,0.050147099428313434,0.19997807009503438,0.6699128617635483,0.13396788122731593,0.28899031668251474,0.655457134934615,0.18942076499656813,0.009983565224453038,0.5708165374123262,0.0056987841324523955,0.003673293584171195,1.0,0.003673293584171195,2.162520766889092e-05,0.6566870719875805,1.4200994305207347e-05,2.689970477072686e-16,1.0,2.689970477072686e-16,1.0,1.0,1.0,0.08699960837169948,0.2893611326210181,-11.923659468829342,-0.9064981901960456,7.244436869443039,-0.04816782896746827,0.14025567722341284,-79.7768013020211,52.85176753277947,9.004213983035296,-3.218815529802185,383.15,8.5,0.2
146,0.00034812643810013693,0.1517525323030027,5.282906854332032e-05,8.920967645292223e-08,0.6539415887611107,5.8337917552488615e-08,0.9894985077008479,1.000969746374367,0.9904580702911323,0.009029818547204846,1.0481609425937894,0.009464703119889117,0.0770861261067712,0.6389123320717358,0.0492512766012531,0.1999756799519765,0.6658282421327224,0.1331494554517204,0.2884523652047295,0.6519688510901189,0.1880619571367549,0.010669485993511713,0.5667450061527243,0.0060468779050392015,0.003521707046040812,1.0,0.003521707046040812,2.4909485946289374e-05,0.6532351796563578,1.6271752527271844e-05,3.060106364770742e-16,1.0,3.060106364770742e-16,1.0,1.0,1.0,0.08646407109207618,0.2888005808525061,-11.917232449302995,-0.9178327457249885,7.234049077641516,-0.00232233498118466,0.21156974811523915,-78.80681851649541,52.409963999598254,8.988585659881677,-3.2270092803608645,388.15,8.5,0.2
147,0.0003242794190169305,0.14994214982841392,4.8623153232507566e-05,9.143550015287925e-08,0.6489893733120907,5.9340667942694656e-08,0.9895083731666411,1.0009812711179558,0.990479349154205,0.009712010972535169,1.0480613013349636,0.010178782858454655,0.07587088576791645,0.6371113399975575,0.04833820169839887,0.1999732353531837,0.6617616539763547,0.13233461897832569,0.2878930010701666,0.6484703831586223,0.18669008471265658,0.011371762786887426,0.5627242837337124,0.0063991670690409135,0.003375094726962769,1.0,0.003375094726962769,2.864975964529689e-05,0.6498150907031837,1.8617046162533023e-05,3.4756284354577654e-16,1.0,3.4756284354577654e-16,1.0,1.0,1.0,0.08590717615946855,0.2882173719246837,-11.915144643270414,-0.9294930480256972,7.2266475695427035,0.04039936149476683,0.28072529150879155,-77.86876169100265,51.983980054293546,8.975290387171759,-3.2351995224066616,393.15,8.5,0.2
148,0.0003085053692118199,0.14514889951259896,4.477921483482367e-05,9.314716416100337e-08,0.644088051338389,5.999497545215776e-08,0.9895184565016694,1.0009930796854278,0.990501127179177,0.010410790047332532,1.0479593989425484,0.010910085280519663,0.07461829572384689,0.6352979804241278,0.04740485257605026,0.19997073277771327,0.6576869979807263,0.13151815092458025,0.2873208882889619,0.6449696087842262,0.1853132409152681,0.012082055843505047,0.5587280900765105,0.006750583985639313,0.003233127049275055,1.0,0.003233127049275055,3.2886352637281094e-05,0.6463987657533717,2.125769775486862e-05,3.939345507489632e-16,1.0,3.939345507489632e-16,1.0,1.0,1.0,0.08533759114039123,0.287629486805338,-11.916949791932737,-0.9414567568827296,7.221885120029284,0.0802847676436842,0.3478027840974733,-76.96121955876917,51.57310950565772,8.964155793866581,-3.243387824485035,398.15,8.5,0.2
149,0.0002915768970407525,0.14147799125629765,4.125171369006997e-05,9.440944259039599e-08,0.6384696602434711,6.027756473446568e-08,0.9895285386480648,1.0010085330453689,0.990526510878627,0.011110755341167074,1.0478574122228568,0.011642487339636617,0.07336514684452884,0.632741020862037,0.046421137910100434,0.19996822813222145,0.6528550216446457,0.1305502619055029,0.2867482463783254,0.6406928762383358,0.18371755872842824,0.012794077347533014,0.5541133765000797,0.0070893693982447045,0.0030899569208347267,1.0,0.0030899569208347267,3.773466940310687e-05,0.642245349653679,2.4234915944864343e-05,4.452394784328254e-16,1.0,4.452394784328254e-16,1.0,1.0,1.0,0.08476747908273667,0.28703991768480874,-11.922805531667015,-0.9537480688802933,7.219844301874121,0.11693601984644822,0.41287998562329653,-76.08352567835958,51.177353913595496,8.955355888884293,-3.2525805752691386,403.15,8.5,0.2
150,0.00027900663973095104,0.1363068801864015,3.803052461301721e-05,9.514343686356711e-08,0.6329140464094172,6.021761761461915e-08,0.9895387895333599,1.0010241797598776,0.9905522551332138,0.011820423940272362,1.047753630283957,0.012384892094915763,0.0720878330088988,0.6301865887393034,0.04542878557348649,0.19996569080184695,0.6480413371351834,0.12958603364838953,0.28616546801767573,0.6364240262385417,0.18212257932624584,0.013510810850406839,0.5495409406881878,0.007424743704192752,0.00295216177820047,1.0,0.00295216177820047,4.321522049814765e-05,0.638114853054137,2.7576274077877623e-05,5.022280408949358e-16,1.0,5.022280408949358e-16,1.0,1.0,1.0,0.0841872635889021,0.2864445698008436,-11.932289609503261,-0.9663448434257547,7.220276430445501,0.15095174140542375,0.47602804792853864,-75.23407262283938,50.79573121956466,8.948565745726961,-3.2617613950635285,408.15,8.5,0.2
151,0.0002618087697738427,0.134079331010322,3.51031447039122e-05,9.53243329627852e-08,0.6274230027282571,5.98086792205788e-08,0.9895492732260297,1.001039857969719,0.9905782639242235,0.012534470825688064,1.0476473865451843,0.013131705602258955,0.0707969007874911,0.6276597254568289,0.04443636331147102,0.19996314027655046,0.6432743827037603,0.12863116562490343,0.2855688086171921,0.6321573144075165,0.18052441113399822,0.014235833280970285,0.545032853423173,0.007758996833983809,0.002819938778491844,1.0,0.002819938778491844,4.9412056965541104e-05,0.634032491497953,3.132884958790082e-05,5.655644030093041e-16,1.0,5.655644030093041e-16,1.0,1.0,1.0,0.083593180382953,0.28583071271129895,-11.945433771088368,-0.9792604820574955,7.223235788183913,0.1823360263258052,0.5373159148880494,-74.41189935542103,50.42787396323907,8.94376095985442,-3.2709229991808066,413.15,8.5,0.2
152,0.0002481634473860417,0.1306542249413817,3.242360287700461e-05,9.500633165033208e-08,0.6219914594441689,5.909312687962682e-08,0.989559849359852,1.0010557124949915,0.990604540057363,0.013253566340086348,1.0475400886314257,0.013883642058576536,0.06949140192649331,0.6251357498277514,0.043441559649900055,0.19996057436017695,0.6385304654576475,0.1276809186193823,0.2849661682076928,0.6278995958336552,0.17893014184387573,0.014961574012510657,0.5405658183338643,0.008087715499635502,0.0026929551939377946,1.0,0.0026929551939377946,5.6386020071493606e-05,0.6299735754032224,3.5521702667196714e-05,6.355929575770284e-16,1.0,6.355929575770284e-16,1.0,1.0,1.0,0.08299313171396569,0.2852144266614105,-11.961904459893013,-0.9924782032035029,7.228463028963668,0.21130596085263023,0.5968092022209319,-73.61588035147764,50.07321804022299,8.940812357387946,-3.280066641025814,418.15,8.5,0.2
153,0.00023805630438366706,0.1258893360297786,2.9968750096562718e-05,9.421446687633045e-08,0.616617837478703,5.809432082449183e-08,0.9895704766245167,1.001071737900023,0.9906310368090588,0.013975617841660206,1.0474321377657223,0.014638511272486913,0.06817568742250758,0.6226140945195252,0.04244714389281073,0.1999580008751548,0.6338107935296211,0.12673553920727856,0.2843597986769449,0.6236519166316169,0.1773415334578574,0.015685876549847728,0.5361385372150479,0.008409802908371181,0.002571127470429162,1.0,0.002571127470429162,6.421543513434454e-05,0.6259375958191918,4.019485508247486e-05,7.12824871372338e-16,1.0,7.12824871372338e-16,1.0,1.0,1.0,0.08238936156855146,0.2845979491957955,-11.98156627211612,-1.005996538900437,7.235866321226497,0.23796168821017583,0.6545703341851253,-72.84505243596799,49.73133153905126,8.939650725369468,-3.2891893201710904,423.15,8.5,0.2
154,0.00022694446195774474,0.12205366005634001,2.7699402211459576e-05,9.309278745450506e-08,0.610453023899181,5.682877360480633e-08,0.9895808342095298,1.001091873234407,0.9906613310356852,0.014683867129343312,1.0473267202286436,0.015378806400848322,0.06688889500431552,0.6192529995187989,0.04142114886592039,0.19995548090553952,0.6282645285615021,0.1256249359444072,0.28376759837267795,0.6185586406538914,0.1755268999110231,0.016396331806562834,0.53102452621376,0.00870685432922363,0.0024490587913755754,1.0,0.0024490587913755754,7.309482513208198e-05,0.621081272832372,4.539782703049316e-05,7.968577466416251e-16,1.0,7.968577466416251e-16,1.0,1.0,1.0,0.08179970659561658,0.2839946359274232,-12.004473883575699,-1.0198296318933002,7.245431716160306,0.2619628744534027,0.7106603413160993,-72.09893545542575,49.4022405985754,8.940430035174542,-3.299453471627783,428.15,8.5,0.2
155,0.00021904357159794504,0.11695861534802017,2.561903283498059e-05,9.155923827702511e-08,0.6043596246075075,5.5334706874452176e-08,0.9895911675113175,1.0011121469789224,0.9906917383386334,0.01539053852028822,1.0472213700973318,0.016117300835751986,0.06560077953551204,0.6159028775055398,0.0404037088825284,0.1999529704237866,0.622759617148511,0.12452263530882486,0.2831757176564786,0.6134914513074553,0.17372588200010325,0.017100942618078693,0.5259618134368856,0.008994442790884795,0.0023325293284019864,1.0,0.0023325293284019864,8.302949514367814e-05,0.6162603716441556,5.116778753466971e-05,8.889213936118176e-16,1.0,8.889213936118176e-16,1.0,1.0,1.0,0.08121036162739821,0.2833948527873148,-12.030316802853848,-1.0339604571544185,7.257002386307469,0.28385666651905445,0.765134262928799,-71.3762016727853,49.085091073687586,8.942858554046612,-3.309689385125472,433.15,8.5,0.2
156,0.00020724029462615244,0.11444939960431158,2.3718527293783797e-05,8.96285944290106e-08,0.5983388809839245,5.3628272894816176e-08,0.9896015300737298,1.0011324260220658,0.9907221805978614,0.016091827849951983,1.0471155225229196,0.016850002727451338,0.06431907204983946,0.6125836958945357,0.039400814872797583,0.19995048355481665,0.6173175647647302,0.12343294558158965,0.28258098432594597,0.6084460101793888,0.1719352724656862,0.017802902375523233,0.5209673686671151,0.009274731205213873,0.0022215392694616824,1.0,0.0022215392694616824,9.413538510872446e-05,0.6114945348032009,5.75632735255796e-05,9.897210677216924e-16,1.0,9.897210677216924e-16,1.0,1.0,1.0,0.0806181401944176,0.2827883142491665,-12.059101268694121,-1.0483982934888805,7.270606189319403,0.3036694636851241,0.8180460738562603,-70.67608154522237,48.77956551951987,8.94690760075614,-3.3198913006395565,438.15,8.5,0.2
157,0.0002003294137800635,0.10967577215019964,2.1971283140725316e-05,8.736885872147276e-08,0.5923849650689952,5.175599832183757e-08,0.9896117807750173,1.0011528715900444,0.990752676082246,0.01678906459662765,1.0470105883277327,0.017578328400787428,0.06304157804673088,0.609269175771106,0.03840929029584158,0.1999480157978144,0.6119119877470119,0.12235058779291157,0.28199132359543116,0.6034291893754226,0.17016179580809349,0.018494665434992095,0.5160165481662746,0.009543553417254734,0.0021157022325660278,1.0,0.0021157022325660278,0.00010649285719230043,0.606757429189906,6.461533225708796e-05,1.0995124745379337e-15,1.0,1.0995124745379337e-15,1.0,1.0,1.0,0.0800309720571386,0.28219174037806993,-12.090569050159893,-1.0631291895215267,7.286039309888205,0.3215628363440747,0.8694472969151021,-69.99770553431222,48.48522347632247,8.952481937368074,-3.3300618605186663,443.15,8.5,0.2
158,0.0001915440735733077,0.10634844403680023,2.037041418899165e-05,8.480120073167379e-08,0.5864991829229447,4.973583494001122e-08,0.9896219743857784,1.0011733559731504,0.9907831532405847,0.017478903347586693,1.046905988845289,0.018298768593036474,0.06177514801940868,0.6059783872116951,0.037434404566565,0.19994557965950877,0.6065630377371631,0.12127959818038958,0.28140348632254175,0.5984369101970821,0.16840223287354875,0.019179527793015,0.5111254932858209,0.009803145604193904,0.002014990291283748,1.0,0.002014990291283748,0.0001202275046634322,0.602067709032159,7.238509829536587e-05,1.2189888012120634e-15,1.0,1.2189888012120634e-15,1.0,1.0,1.0,0.07944559544056867,0.2815951151973158,-12.12472987559726,-1.0781619967311142,7.303330586945218,0.33756061832648837,0.9193870623198485,-69.34037490709159,48.201773544998375,8.959556042936542,-3.340195859510322,448.15,8.5,0.2
159,0.00018468697327858055,0.10222827975670977,1.8880231571742714e-05,8.21169653958341e-08,0.579711024554285,4.760411014290783e-08,0.9896316266504908,1.0011987159472184,0.9908179138632284,0.018143694854003814,1.0468065329698144,0.018992938305381995,0.06056059030722344,0.6017052188807936,0.036439623246357945,0.19994323989224827,0.6002679031533419,0.12001950935980549,0.2808444997011112,0.5924948129573497,0.16639890932051035,0.019835716803866275,0.5054415326575677,0.01002579510270764,0.0019142468938295263,1.0,0.0019142468938295263,0.00013566086818143209,0.5964285586472792,8.091201607429009e-05,1.3463761129716695e-15,1.0,1.3463761129716695e-15,1.0,1.0,1.0,0.07888897213450584,0.2810292687913552,-12.161526881200025,-1.0934996175915668,7.322355548638257,0.35134685978598823,0.96791419560397,-68.70376182728275,47.92927872374869,8.968277005134821,-3.351690833169496,453.15,8.5,0.2
160,0.0001799355664651351,0.09732016421121302,1.7511358875824588e-05,7.921040901816675e-08,0.5730075443213978,4.538816195619329e-08,0.9896411193725572,1.0012241616988282,0.9908526001264785,0.01879972022885016,1.0467083948181928,0.019677824983770856,0.059360009686049924,0.5974568036672645,0.03546504165268524,0.19994093762869444,0.5940369114417632,0.11877229705971985,0.2802928676137579,0.586600972641909,0.16442006876682022,0.02047939183203279,0.49982217919511773,0.010236054254077321,0.0018187197031607886,1.0,0.0018187197031607886,0.00015273654445951726,0.5908415965621056,9.024310378184019e-05,1.483788376527295e-15,1.0,1.483788376527295e-15,1.0,1.0,1.0,0.07833966548136521,0.280472882390632,-12.200762934011014,-1.1091319775011048,7.343057404136322,0.3634328002995696,1.0150716278104035,-68.08674056458736,47.6669774285672,8.978375241924219,-3.3631464029585367,458.15,8.5,0.2
161,0.0001733914709367593,0.09375227944025452,1.6255845635819828e-05,7.611235289237043e-08,0.5663887424803998,4.310917984193408e-08,0.989650480715704,1.0012496161712694,0.990887163960311,0.01944513783982613,1.0466112634750715,0.020351500282987347,0.05817739399780755,0.5932439587620403,0.03451338752571831,0.19993868000006815,0.5878810129240537,0.1175401537211383,0.2797468450908971,0.580753122257304,0.16246385372816885,0.021112472226800537,0.4942759577240636,0.010435387429824527,0.0017282451319790763,1.0,0.0017282451319790763,0.00017159203670018662,0.5853170317532695,0.00010043574159385124,1.6317303475268476e-15,1.0,1.6317303475268476e-15,1.0,1.0,1.0,0.07779592330857044,0.2799203126741867,-12.24241111948399,-1.125063862431144,7.365430239579667,0.3738588216208008,1.060902195365436,-67.4886838513347,47.41459236831016,8.989819139314744,-3.3745593795047526,463.15,8.5,0.2
162,0.0001691888537254793,0.0892534564239606,1.5100689983406918e-05,7.287166918803444e-08,0.5598508030574251,4.0797262515056094e-08,0.9896596385712576,1.0012751565838656,0.9909216095751677,0.020080519600801518,1.0465158468320788,0.021014581974860953,0.057012019300513965,0.5890541542441392,0.033583166810814795,0.19993646533590953,0.5817872029469279,0.11632047693487421,0.2792104125841762,0.5749544045590064,0.16053325651400954,0.02173128745778626,0.48879065720251624,0.01062205027834814,0.0016425107309429167,1.0,0.0016425107309429167,0.00019233565418468076,0.5798420564364131,0.0001115243012484881,1.790350784983737e-15,1.0,1.790350784983737e-15,1.0,1.0,1.0,0.07726172775504096,0.2793796743095709,-12.286333741873053,-1.1412896609697367,7.389368976971176,0.3827143217449122,1.1054468812733529,-66.90894143458479,47.171806431710216,9.002553184549807,-3.38593115687432,468.15,8.5,0.2
163,0.00016175980345636167,0.08679847692993091,1.4040504568497179e-05,6.951407702536837e-08,0.5533947756528859,3.846872706017117e-08,0.9896686479333908,1.0013006723593667,0.9909558825886895,0.020703870639292618,1.046421561210683,0.0216649766374726,0.05586816256804815,0.5849031388904411,0.0326774636500928,0.19993430136108573,0.5757711954546487,0.11511641170706234,0.2786802920862283,0.5692013950767009,0.1586252110358636,0.02233926164905414,0.48337919182892386,0.010798334241974664,0.0015613820741834066,1.0,0.0015613820741834066,0.00021511641520453783,0.5744316665438584,0.00012356968088688314,1.9601441997246524e-15,1.0,1.9601441997246524e-15,1.0,1.0,1.0,0.07673379301079714,0.2788421214037617,-12.332533339694384,-1.1578163808955761,7.414892184368775,0.3900245963073844,1.148744867101445,-66.3469517283589,46.93837523538515,9.016554419848035,-3.3972579539758616,473.15,8.5,0.2
164,0.006109399033410228,0.2098058540108382,0.0012817876816976223,1.3499142687116903e-09,0.7407877842689985,1.000000000072039e-09,0.9893246891329268,1.0009789603119643,0.9902931987392345,0.00019861528387241025,1.049998312754277,0.0002085457129532424,0.08457145419652198,0.644424470417185,0.054499914583004905,0.20000741668561176,0.7080165245807769,0.14160855605212613,0.29875665549593156,0.6889476309567443,0.2058276900364822,0.0019573516022668015,0.6337205427811449,0.0012404139198020614,0.007361795167792423,1.0,0.007361795167792423,1.6362946250949003e-06,0.6973231835872932,1.1410261772579524e-06,1.0000370834280606e-16,1.0,1.0000370834280606e-16,1.0,1.0,1.0,0.09087946851380463,0.3048660558792562,-14.219868823823912,-0.7706999699319874,8.999999999968713,-2.5726826872031183,-2.214041480091124,-113.35222610092153,68.51973580078841,10.418730847675032,-3.0834358876853356,273.15,9.0,0.2
165,0.005646459512987994,0.21042355434264798,0.0011881480801747906,1.7403710570863911e-09,0.73804657554521,1.2844748988606083e-09,0.9893294408609272,1.0009654589205452,0.9902845977949644,0.00022188223029964382,1.0499501580737092,0.0002329652827768582,0.0847414267277488,0.6455369427985217,0.054703721538215885,0.2000073343848047,0.7089716146791256,0.1417995228064628,0.29848686991403367,0.6892866212558169,0.2057430060522688,0.002443129307036365,0.631892084704705,0.0015437940710263697,0.007145676275185462,1.0,0.007145676275185462,2.0622088389638418e-06,0.6968130200106594,1.4369739689710695e-06,1.0000366719240233e-16,1.0,1.0000366719240233e-16,1.0,1.0,1.0,0.09060976847103644,0.3041333311673928,-14.065013943233133,-0.7762610196607512,8.891274378274117,-2.4406869038601866,-2.0614799374648,-111.17296812104073,67.54090746959474,10.32458783618423,-3.087739017258198,278.15,9.0,0.2
166,0.005160858751005098,0.20934565660229176,0.0010804033638608453,2.246373708278207e-09,0.7353710366193212,1.6519181624909354e-09,0.9893349059925972,1.0009534033222962,0.9902781411788343,0.00025345137411598935,1.0498947852358227,0.0002660972759952308,0.0848853333341802,0.646587501428023,0.05488579558843245,0.20000722233046353,0.7096415015485336,0.14193342557514155,0.2981766284389114,0.6895086953509906,0.20559537805907085,0.002959824728659158,0.6300111971808596,0.0018647227207480692,0.006939049728930535,1.0,0.006939049728930535,2.5327899719754155e-06,0.6962292084357196,1.7634023573223726e-06,1.0000361116523192e-16,1.0,1.0000361116523192e-16,1.0,1.0,1.0,0.09029964345930129,0.3033374894362902,-13.91143862323095,-0.7815866937245263,8.782011471821304,-2.3054874318544387,-1.9148012725243206,-109.07446268459704,66.59042688117711,10.232074810787642,-3.092184132732431,283.15,9.0,0.2
167,0.004656578616843299,0.20829202104876707,0.0009699281712747628,2.8884143917479983e-09,0.7327355795902761,2.1164439934343612e-09,0.9893410251825304,1.0009421579806541,0.9902731407249947,0.00029397743567594054,1.0498327963824887,0.00030862715336902593,0.08500190721022258,0.6476665303762746,0.055052890318210895,0.20000707817444652,0.7101441257390011,0.1420338516718044,0.2978292984141715,0.689603695071914,0.20538418468708838,0.0035041076083109847,0.6281672224200079,0.002201165543373529,0.006741874827349774,1.0,0.006741874827349774,3.051075919204239e-06,0.6956702962054004,2.122542888457978e-06,1.0000353908722293e-16,1.0,1.0000353908722293e-16,1.0,1.0,1.0,0.08995246326274181,0.3024858799194292,-13.761721185839116,-0.7868282164069484,8.674393219589797,-2.169566312786074,-1.773696321048328,-107.054386400293,65.66920796212784,10.142146092233665,-3.096708885178226,288.15,9.0,0.2
168,0.004173573731623245,0.20508715037960576,0.0008559463435177887,3.719162647921336e-09,0.7301282686033547,2.7154657847810756e-09,0.9893471395861011,1.000932371354297,0.9902695785185067,0.0003473276577539029,1.0497708691830345,0.00036461445717162215,0.08508475187188982,0.6486549370685182,0.05519064437095117,0.20000688789156584,0.7103704096205623,0.1420789748784655,0.29748229064268084,0.6896071914011945,0.20514592694169295,0.004039915251190407,0.626244386303966,0.0025299742472017703,0.006552781859074454,1.0,0.006552781859074454,3.591883950907797e-06,0.6950140258498051,2.496409725105731e-06,1.0000344394578298e-16,1.0,1.0000344394578298e-16,1.0,1.0,1.0,0.08960565326126697,0.3016558680934667,-13.61293694042956,-0.7918269488289246,8.566155665003333,-2.0310821159293964,-1.6378770453710256,-105.1064591429914,64.77395340349796,10.053626998548973,-3.101310982811566,293.15,9.0,0.2
169,0.0036850201598148404,0.20404781922502438,0.0007519203274104692,4.742101413753997e-09,0.7275236549838578,3.4499909528384313e-09,0.989353714472841,1.0009228380534856,0.990266727728914,0.00041278180863249926,1.0497042893981006,0.00043329883510704014,0.08513499121578758,0.6497451412974917,0.05531604689686261,0.20000665417848018,0.7105434643461018,0.14211342095225002,0.29710918765656263,0.6894796617482398,0.2048507422077411,0.004593323295830513,0.6244299321111322,0.002868208553779929,0.006372116807170489,1.0,0.006372116807170489,4.183388936050948e-06,0.6944632829418174,2.905210014352418e-06,1.0000332708923993e-16,1.0,1.0000332708923993e-16,1.0,1.0,1.0,0.08923279318423491,0.3007942125584789,-13.471044248570523,-0.7969381612403478,8.462182043807159,-1.8950542231723797,-1.507075327630314,-103.23159394473231,63.90832754798607,9.968801377078677,-3.1059249088797865,298.15,9.0,0.2
170,0.003233540685038815,0.20221599889885838,0.0006538736596052228,6.0256200935751825e-09,0.724205966335013,4.363790022635292e-09,0.9893598613208612,1.000917272587777,0.9902673740010978,0.0004948436638377691,1.0496420571402028,0.0005194087212734711,0.08515594790994957,0.6501742299482228,0.055366202857862444,0.20000636073564237,0.7098511341258722,0.14197474200058402,0.2967604217421055,0.6885902110614991,0.20434632144209589,0.00512623201663236,0.6219907314002747,0.0031884688013526664,0.0061875220043988875,1.0,0.0061875220043988875,4.805735423727222e-06,0.6932112303292046,3.331389765718591e-06,1.0000318036782129e-16,1.0,1.0000318036782129e-16,1.0,1.0,1.0,0.08888433225882615,0.29999396845276444,-13.333145124860508,-0.8020080470870093,8.360136155014212,-1.759877657288237,-1.3810394871290137,-101.42438120931689,63.06946584420443,9.886667397095682,-3.1113784156532107,303.15,9.0,0.2
171,0.002819646420246684,0.2004642869904374,0.0005652384091998909,7.603367224679334e-09,0.7208858796844511,5.48116007032688e-09,0.9893658138383207,1.000912578730651,0.9902686880368626,0.0005965561648626147,1.0495818096052627,0.0006261344990476788,0.08513084072148999,0.6505750384407489,0.05538399997487662,0.2000059966020551,0.7089969569348981,0.14180364295958864,0.29642275432858434,0.6876198724407041,0.20382617651994334,0.00564117192045607,0.6195384353265453,0.0034949228250073967,0.006009688631160769,1.0,0.006009688631160769,5.459847457008278e-06,0.6919335818207997,3.777851807122923e-06,1.0000299830102748e-16,1.0,1.0000299830102748e-16,1.0,1.0,1.0,0.0885470433065993,0.2992424083521983,-13.200448140932087,-0.8071223888824439,8.261127514723167,-1.6265305556038703,-1.259536811729473,-99.68226887941096,62.25716620940384,9.80753426694433,-3.1168392784285404,308.15,9.0,0.2
172,0.0024497677224671736,0.1986400297146636,0.0004866219331849033,9.516567162151322e-09,0.7175590212205594,6.8286986182530176e-09,0.9893715062225895,1.0009087603762905,0.9902706078448754,0.0007214786430870671,1.0495242152850943,0.0007572093067309091,0.08505344119303948,0.650936737739185,0.05536440954368875,0.2000055489613463,0.7079816830602454,0.1416002651750423,0.2960999333263754,0.6865793480499638,0.20329609918086058,0.006135269128867797,0.6170626973172635,0.0037858457174265022,0.005837722914174954,1.0,0.005837722914174954,6.148114754547526e-06,0.6906193633617702,4.2460070976607165e-06,1.0000277448067333e-16,1.0,1.0000277448067333e-16,1.0,1.0,1.0,0.08822468755859372,0.2985497105654097,-13.073510578068271,-0.8123312969099685,8.165662054263287,-1.4957399872795891,-1.14234855196463,-98.00270384744927,61.471054945851584,9.731606193557058,-3.1223014786212713,313.15,9.0,0.2
173,0.002142132257375746,0.19470130041206876,0.0004170759361656981,1.1825200170297236e-08,0.7142212726684577,8.445809515188949e-09,0.9893766937704747,1.0009060990961325,0.9902731670984346,0.0008750379061694714,1.0494717561428113,0.0009183275680792036,0.08491402806799456,0.6512019150086092,0.05529617768897286,0.20000499823194845,0.7067554276541865,0.14135461805839553,0.2958058716001578,0.6854911015273885,0.20277229276146141,0.006595729759327697,0.6145086093835613,0.004053132722274234,0.005670475709385091,1.0,0.005670475709385091,6.8628513358090996e-06,0.6892095172979087,4.729942456440296e-06,1.0000249911597417e-16,1.0,1.0000249911597417e-16,1.0,1.0,1.0,0.08793119823153978,0.29794801568273377,-12.951800551606654,-0.8176183363622372,8.073358717776753,-1.3673728795326952,-1.0292698891210694,-96.38250102467654,60.70996881922389,9.658674385332425,-3.1277673834276385,318.15,9.0,0.2
174,0.0018584579284002293,0.19289560663147998,0.00035848836949784564,1.4493944218681783e-08,0.7108816377921454,1.0303478804244519e-08,0.9893820389257201,1.0009037824642404,0.9902762250629357,0.0010567029767179267,1.0494177211970945,0.0011089228298095135,0.08471379942858014,0.6514974679232396,0.05519082582587716,0.20000434648601892,0.7054624675140028,0.1410955597855525,0.29550295631188406,0.6843316868316787,0.20222203655665946,0.0070602608665213135,0.6119989214068382,0.004320872035161953,0.005507855991942602,1.0,0.005507855991942602,7.648167907408269e-06,0.6878341860202655,5.260671347138489e-06,1.0638259869597832e-16,1.0,1.0638259869597832e-16,1.0,1.0,1.0,0.08762896033369828,0.2973614287342285,-12.838722673192242,-0.8232173693603263,7.987016117973923,-1.2442779515608986,-0.9201089625057873,-94.82166566353871,59.97579091083595,9.590035902324058,-3.1332244271081007,323.15,9.0,0.2
175,0.0016077137554050735,0.19204903265967166,0.0003087598715191924,1.754823192333553e-08,0.7068528227217401,1.2404017268785478e-08,0.9893872457959548,1.0009048885901803,0.9902825310259455,0.0012688770294798982,1.0493651033146663,0.0013315152751337803,0.08445816707366913,0.6511611171257415,0.054995874422082924,0.20000358512529606,0.7033992162895646,0.14068236503223647,0.29520796251845793,0.6824530201991085,0.20146556560754686,0.0075222794025661165,0.608912601693138,0.004580410721679236,0.005339658508735716,1.0,0.005339658508735716,8.520954348368726e-06,0.6857980322390108,5.843653724909718e-06,1.1772974874819715e-16,1.0,1.1772974874819715e-16,1.0,1.0,1.0,0.08733475785855409,0.29681569382209494,-12.734070581157466,-0.8291406513315336,7.906437637812571,-1.1267977300325946,-0.8146845347210653,-93.31788774414034,59.26796005870137,9.525749260230212,-3.139499955835225,328.15,9.0,0.2
176,0.0014047709648024205,0.18951690434918805,0.00026622784456897705,2.100996668320633e-08,0.7028314298926476,1.4766464925954792e-08,0.9893923239744241,1.000906844366472,0.9902895488296509,0.001517973841868283,1.049313813683421,0.001592830921082482,0.08412537202120111,0.6507553664846369,0.05474503730031315,0.20000269099834547,0.701183949622613,0.14023867680937088,0.2949203921792611,0.6805439502163141,0.20070628869301887,0.007973338494721118,0.6057814044598228,0.004830100191565726,0.005174792512462222,1.0,0.005174792512462222,9.46974535519472e-06,0.6836962244360669,6.474429145717615e-06,1.2994613368608067e-16,1.0,1.2994613368608067e-16,1.0,1.0,1.0,0.08704811682787182,0.29632518415403014,-12.63659346807209,-0.8353305766296222,7.830723461824568,-1.0138780982281959,-0.7128286760754519,-91.86763564816003,58.58456848906793,9.465184088736365,-3.145784557674861,333.15,9.0,0.2
177,0.001244071861542993,0.18497352848060375,0.00023012036191304052,2.4853083375422245e-08,0.6988230147536502,1.736790665033641e-08,0.9893974045326154,1.0009095259391387,0.9902972871361543,0.0018063415393322407,1.049262525179404,0.0018953264848961982,0.08371119306917715,0.6502924121459623,0.05443675366457158,0.2000016557148054,0.6988376095032978,0.1397686789764362,0.294632805802194,0.6786087845773221,0.19994041024203302,0.00842132406796144,0.6026180962290362,0.005074842277562684,0.005012798646388985,1.0,0.005012798646388985,1.0514080247342233e-05,0.6815412484391932,7.16577937796349e-06,1.4327318093387713e-16,1.0,1.4327318093387713e-16,1.0,1.0,1.0,0.08676160647005238,0.29587690251682036,-12.54671421560899,-0.8418368740511918,7.760252523809321,-0.9060100410606471,-0.6143825099854093,-90.4690835832596,57.9253061399562,9.40849409526141,-3.152079006724459,338.15,9.0,0.2
178,0.0010961563560047674,0.1825252561541095,0.00020007621966472544,2.8966768606262634e-08,0.6948393861985777,2.012725171853173e-08,0.9894029613512907,1.0009124199347876,0.9903057123367657,0.002131333641317982,1.049206434025353,0.0022362089695255106,0.08322079506310529,0.6498533283098995,0.054081310656355026,0.20000048897728823,0.6964532759787506,0.1392909957455844,0.2943182717469735,0.6766312441749004,0.1991449383955611,0.00889300370640031,0.5995009308489166,0.00533136400002985,0.004853855911831842,1.0,0.004853855911831842,1.170025493876372e-05,0.6794157944987773,7.949338005058402e-06,1.5830736825758682e-16,1.0,1.5830736825758682e-16,1.0,1.0,1.0,0.08644828506042804,0.2954144570697469,-12.465851377763434,-0.848778744213501,7.696215521930044,-0.804391246005947,-0.5191965992208887,-89.12126024412382,57.29061610963752,9.356195551281443,-3.158380667771028,343.15,9.0,0.2
179,0.0009699931487155772,0.18017944189881058,0.00017477282418124272,3.331336533257982e-08,0.6908807752061575,2.3015563665698674e-08,0.9894088729449604,1.0009157129278015,0.9903148874407975,0.002495527589409675,1.0491467704114406,0.0026181747109018066,0.08264953403917377,0.6494021373064176,0.05367278405241895,0.19999918153795387,0.6940000097799502,0.13879943394332203,0.29398368258018176,0.6746241945475895,0.19832850507078933,0.009381974870989362,0.5963963456840267,0.005595375528357421,0.004697460036606898,1.0,0.004697460036606898,1.3039147998857327e-05,0.6772831617081329,8.831195382646364e-06,1.7514814197338682e-16,1.0,1.7514814197338682e-16,1.0,1.0,1.0,0.08611505477729903,0.2949537090422626,-12.393179081599065,-0.8561259712167196,7.637978384493451,-0.7085147072476047,-0.42713020156061643,-87.82162570530411,56.67927986111976,9.307960617778418,-3.1646951105114,348.15,9.0,0.2
180,0.0008746163090216279,0.17513465978070833,0.0001531756297191616,3.787409967453132e-08,0.6862509287902641,2.599113607874212e-08,0.9894148093035154,1.000922598225175,0.9903276416505408,0.002897854140409771,1.0490868654638545,0.003040100716733939,0.08200811590451625,0.6482570673170809,0.053162340712460954,0.19999773736597853,0.6907604437655012,0.1381505258150195,0.2936477131604537,0.6719202791724561,0.1973078534051253,0.009878102060055884,0.592679147922783,0.00585454511204821,0.004535077777560539,1.0,0.004535077777560539,1.4563085959360494e-05,0.6744365511673407,9.82187746878462e-06,1.937937667748013e-16,1.0,1.937937667748013e-16,1.0,1.0,1.0,0.08578058635394764,0.294522367343575,-12.328298862650453,-0.863875011333557,7.58517473696896,-0.6184865675346392,-0.33804947410310976,-86.56837864699611,56.0907342066973,9.263776523074402,-3.171881175911388,353.15,9.0,0.2
181,0.000784405905374779,0.1721260815955961,0.0001350167148726067,4.248042242682899e-08,0.6816646227005381,2.89574011257439e-08,0.9894213412672902,1.0009296226723234,0.990341129778613,0.0033359458227936586,1.049020938341587,0.0034994770172837,0.08129210353954176,0.6471367596403909,0.05260710846893021,0.19999616511818674,0.6875079328185411,0.1374989500520402,0.29327794796257367,0.6691888585236083,0.19625833522722086,0.010404602839344305,0.5890160413807584,0.006128477976569579,0.004375920428460474,1.0,0.004375920428460474,1.630713517371645e-05,0.6716240474586448,1.0952264127826672e-05,2.1494778049180639e-16,1.0,2.1494778049180639e-16,1.0,1.0,1.0,0.0854124552677102,0.2940623963483709,-12.271602354639937,-0.872076887594858,7.538240417868378,-0.5343485933853885,-0.2518306025290414,-85.35976919222236,55.52438346984652,9.223602293075668,-3.179079481280121,358.15,9.0,0.2
182,0.0007006616041654968,0.1707233701786093,0.00011961931041788428,4.7050518361603e-08,0.6771230895875736,3.185899235970547e-08,0.9894284304742205,1.0009368180558045,0.990355344892815,0.0038090564141354663,1.0489493726708548,0.003995507336075295,0.08050308571757332,0.6460320884945311,0.05200757659637815,0.19999446758169206,0.6842389305103462,0.1368440006060831,0.29287653210060854,0.6664348136077187,0.1951831170805441,0.010959404059631797,0.5853986876097718,0.006415620753493658,0.004219920317514684,1.0,0.004219920317514684,1.829858389871064e-05,0.6688366866582146,1.2238764225350983e-05,2.3888055285394877e-16,1.0,2.3888055285394877e-16,1.0,1.0,1.0,0.08501280373587429,0.2935772407552924,-12.222544910077502,-0.880716711832157,7.496767964239218,-0.455749365938895,-0.16835554326900104,-84.19376133459829,54.97927549047663,9.187207368411897,-3.186289940405924,363.15,9.0,0.2
183,0.0006407577148558918,0.16594682771384175,0.0001063317101135056,5.155888867664296e-08,0.6726196823118858,3.467952332203752e-08,0.9894358100595178,1.0009445130498784,0.990370345094136,0.004319865249040914,1.0488748687435805,0.004530998096077743,0.07963615568225656,0.644887140872841,0.05135633274803489,0.1999926351390344,0.6809003458738763,0.13617505443839645,0.2924586024663898,0.6636732086899422,0.19409693910784515,0.011527800151687164,0.5817749211442964,0.006706585024215006,0.0040666313081386025,1.0,0.0040666313081386025,2.054762258847246e-05,0.6660181987286722,1.368509058453101e-05,2.6562404120431413e-16,1.0,2.6562404120431413e-16,1.0,1.0,1.0,0.08459677864615336,0.2930994117401343,-12.180072842050995,-0.8897402497407491,7.459926880631568,-0.3819764879735772,-0.0875127580837547,-83.0680571662616,54.45412897933312,9.154185862904528,-3.193517954569178,368.15,9.0,0.2
184,0.000582199143450269,0.16311329704909508,9.496442182733246e-05,5.5852096311252845e-08,0.6681628397850273,3.731829527927355e-08,0.9894437642921627,1.000952322261184,0.9903860336150878,0.004861576884582013,1.0487945358605766,0.0050987952722157,0.07870436324659268,0.6437637065741365,0.050667012607183745,0.19999069249542933,0.6775625595581558,0.13550620549501116,0.2920079440132961,0.6608894411729004,0.19298496693699485,0.01212543056286618,0.5782030642654976,0.007010961106987746,0.003916667053582072,1.0,0.003916667053582072,2.3115273603656124e-05,0.6632317284728864,1.5330782866276543e-05,2.95861786216194e-16,1.0,2.95861786216194e-16,1.0,1.0,1.0,0.08414813927462496,0.29259019900884264,-12.14458045328032,-0.8991962960654858,7.4280782032887265,-0.313328314033246,-0.00919686788390851,-81.9814613325504,53.948702843189764,9.124641775744244,-3.200756053972121,373.15,9.0,0.2
185,0.0005327270599514405,0.15970787063893185,8.508070437658316e-05,5.99298564999352e-08,0.6630322590757403,3.973542814123691e-08,0.9894519153107914,1.0009635957080716,0.9904053469297281,0.005427812358317082,1.0487121772563843,0.005692212916029816,0.07772764876176312,0.6419483318138713,0.04989713445842836,0.19998866286658754,0.673483847743456,0.1346891341724582,0.29154588342925863,0.657382994067195,0.19165730575669143,0.01273811195505427,0.5740418408394551,0.0073122092354984255,0.0037629199636960114,1.0,0.0037629199636960114,2.6065655807282393e-05,0.6597462650314222,1.719671906444916e-05,3.2958853044985095e-16,1.0,3.2958853044985095e-16,1.0,1.0,1.0,0.08368818818003165,0.2920786704190665,-12.115635117815852,-0.9090731633257477,7.400822103186286,-0.24982256544033388,0.06669315253326268,-80.93258300403605,53.4625055710558,9.098544204077948,-3.2089164146561675,378.15,9.0,0.2
186,0.0004946620197851153,0.154582075110657,7.6465881496812e-05,6.369817366297999e-08,0.6579548839106526,4.191052445774656e-08,0.989460419695777,1.0009751612193571,0.9904253031251533,0.006022097849027262,1.0486262126988333,0.00631492965992725,0.0766913108018224,0.6401224221566079,0.049091827628827765,0.1999865335824243,0.6693864325839759,0.1338682722795745,0.29106355285391905,0.653873730643047,0.19031881115881175,0.013367039522619681,0.5699076963483771,0.0076179787013338955,0.0036130431884614364,1.0,0.0036130431884614364,2.9408605656144025e-05,0.6562647859260023,1.9299832295311575e-05,3.6731310678881274e-16,1.0,3.6731310678881274e-16,1.0,1.0,1.0,0.08320807067063478,0.2915582785718779,-12.092514727153224,-0.9193354392365629,7.377676904480395,-0.1906392282282225,0.14025042415522798,-79.91927270128186,52.994228425903856,9.075444429597487,-3.217084430307051,383.15,9.0,0.2
187,0.00045172455884685505,0.15272069089544127,6.898768672153007e-05,6.70468835959362e-08,0.6529361095537116,4.377733133283114e-08,0.9894694525852162,1.000986738709846,0.9904458003962922,0.006637810593806757,1.048534854040174,0.006959975762123489,0.07560819134185787,0.6383305542474248,0.04826301868489348,0.19998432875992997,0.6653212621373933,0.13305382601825602,0.2905509171012857,0.6503508412935399,0.18896003337543074,0.014021800353974706,0.5658418369881624,0.007934121270174316,0.0034675219733862153,1.0,0.0034675219733862153,3.321457471302183e-05,0.6528326903087451,2.1683560167362845e-05,4.097337953064207e-16,1.0,4.097337953064207e-16,1.0,1.0,1.0,0.08269772649451149,0.29100270870701617,-12.075306215364023,-0.9300071561300963,7.358750716563215,-0.13582160372260882,0.2115643679979074,-78.94031778523684,52.543452508105005,9.055329914135058,-3.225252302062383,388.15,9.0,0.2
188,0.00041744353451852713,0.14949426428343027,6.240541407272196e-05,6.997932254785776e-08,0.6479691940902053,4.534444523431388e-08,0.9894787841974501,1.000998575782953,0.9904668537490954,0.007275788184415266,1.048440419974109,0.007628230419711003,0.07447692807828682,0.6365309809507465,0.047406872087870096,0.19998204549775397,0.6612484741045366,0.13223782243369386,0.2900209773014061,0.6468253494855366,0.18759292000111888,0.014689670695909011,0.5618051667359644,0.008252732894611573,0.0033260744726190555,1.0,0.0033260744726190555,3.751593974179975e-05,0.6494082547601037,2.4363160953407395e-05,4.570370324133596e-16,1.0,4.570370324133596e-16,1.0,1.0,1.0,0.08217015979722062,0.29043849081524714,-12.063288253105442,-0.9410496392021931,7.343475907100938,-0.08487268528592844,0.28071981262654694,-77.99403373778331,52.10924114330975,9.037920931679862,-3.2334221138648056,393.15,9.0,0.2
189,0.00039105062494824077,0.14470846392624165,5.6588335253656726e-05,7.246064216762425e-08,0.6430534456267368,4.659606561821679e-08,0.989488377491107,1.0010106572295914,0.990488411073415,0.007933217985070518,1.0483432728562103,0.008316735706750579,0.07330312037349984,0.6347243356497948,0.04652727438012661,0.1999796941334428,0.6571722892123042,0.13142111338965098,0.28947576260333874,0.6432981110630194,0.18621921128125482,0.015368550251689962,0.5577979554855704,0.00857254590916991,0.0031887877569833946,1.0,0.0031887877569833946,4.236905545185911e-05,0.6459925389608487,2.7370093704719447e-05,5.09685361837705e-16,1.0,5.09685361837705e-16,1.0,1.0,1.0,0.0816273889835186,0.2898668856889291,-12.056181447195428,-0.9524562647188508,7.331650751817148,-0.037590477141646775,0.34779720856619545,-77.07909480355451,51.69097359938049,9.02308784072797,-3.2415903451368937,398.15,9.0,0.2
190,0.00036455073722735766,0.14103834534241033,5.141563277190236e-05,7.451762072627759e-08,0.637419847359794,4.7499010428958876e-08,0.9894980146211033,1.0010264033176914,0.9905136386661594,0.008596057307184763,1.048245574902729,0.009010779033866698,0.07212088519525466,0.6321742320704635,0.04559296521455216,0.19997732577762745,0.6523379115489489,0.13045279105492127,0.28892740531504607,0.6389961228070098,0.18462349176900383,0.016052251363276416,0.5531732124031746,0.008879675452926856,0.003049795903381699,1.0,0.003049795903381699,4.791602205350733e-05,0.6418392212685661,3.075438228111058e-05,5.67800083236164e-16,1.0,5.67800083236164e-16,1.0,1.0,1.0,0.08108149323966678,0.289292030569894,-12.054094704404122,-0.9642503617030967,7.323315438158698,0.005652584135057831,0.4128743417893291,-76.19480911407096,51.28862606163895,9.010991962906022,-3.2507686526887904,403.15,9.0,0.2
191,0.00034451222808448977,0.1358742410268982,4.681033751546572e-05,7.609392219603134e-08,0.6318485297912849,4.80798328656148e-08,0.9895078299860467,1.0010423570107974,0.9905392504098716,0.009271806854506211,1.0481459757906386,0.009718207042858744,0.0709086008908824,0.6296236725696847,0.04464573370969539,0.19997491341141233,0.6475180468335181,0.1294873653478596,0.2883683247623173,0.6347042454046656,0.18302859996687415,0.016741703137822448,0.5485881883469019,0.009184300594219664,0.0029157088610743623,1.0,0.0029157088610743623,5.415895995327956e-05,0.6377055375949838,3.453746867259133e-05,6.321367516298388e-16,1.0,6.321367516298388e-16,1.0,1.0,1.0,0.0805249199734731,0.28871291308432395,-12.0563738987161,-0.9763938966213356,7.318037050690578,0.04564566066402658,0.47602234614286026,-75.33937870358078,50.9010258967347,9.001213084311981,-3.2599370325629797,408.15,9.0,0.2
192,0.0003196613452373803,0.13364297680666126,4.2720493747545356e-05,7.71530763970801e-08,0.6263425738791141,4.832425645323906e-08,0.9895179252910282,1.001058317542016,0.990565149469503,0.009954966134558733,1.0480434262285396,0.010433236815652011,0.06967712952721011,0.6271038490201117,0.04369479611518635,0.19997247719955838,0.6427475467421323,0.12853181913596315,0.2877926297254127,0.6304151245939612,0.1814288265255698,0.01744258373665935,0.5440707174647242,0.00948999904804278,0.002786770748692431,1.0,0.002786770748692431,6.119372458648837e-05,0.6336228652659822,3.877374310878812e-05,7.034701970235391e-16,1.0,7.034701970235391e-16,1.0,1.0,1.0,0.07995175700700623,0.28811236822372643,-12.063005445846008,-0.9888987502950317,7.315834819570275,0.08243395307426174,0.537310165142443,-74.51180142867257,50.52776453699941,8.993706246734584,-3.26908819550199,413.15,9.0,0.2
193,0.00030327631030457815,0.12875549274010234,3.904849076966617e-05,7.774417829310522e-08,0.6208944343412685,4.8270927604624257e-08,0.9895280782984998,1.0010745256815035,0.9905913516312002,0.010646651367674079,1.0479401633615173,0.011157053573493496,0.06842463322233411,0.6245749836135569,0.04273631417360297,0.19997001330977857,0.6379872117782194,0.12757831123075902,0.2872128727813014,0.6261392390093143,0.1798352495969631,0.018142678415230068,0.5395836232274821,0.009789492154340874,0.00266263783086821,1.0,0.00266263783086821,6.907295752782078e-05,0.6295515063065246,4.3484984456686125e-05,7.820165370997917e-16,1.0,7.820165370997917e-16,1.0,1.0,1.0,0.07937456090031277,0.28751622683578426,-12.073491368216775,-1.0017365595668668,7.31631435542413,0.11635207049826865,0.5968034201973247,-73.71083424183199,50.16816036653014,8.98828352054152,-3.2782244747880194,418.15,9.0,0.2
194,0.0002849230526776484,0.12551056667007623,3.5760853798939646e-05,7.785160226538437e-08,0.6155069413280212,4.791820158785239e-08,0.9895383825713672,1.0010907934645057,0.9906177645719536,0.011341817446392592,1.0478352184743818,0.011884355761837339,0.06716113357281174,0.6220661037472734,0.04177866468488919,0.1999675403051114,0.6332689881750374,0.1266332419168689,0.28662361564191835,0.6218698765721034,0.17824259248188978,0.018847270138748116,0.5351526041352845,0.01008616569559224,0.0025434940235078206,1.0,0.0025434940235078206,7.790337149422913e-05,0.6255205222915917,4.873015762534613e-05,8.685827995699866e-16,1.0,8.685827995699866e-16,1.0,1.0,1.0,0.07878787407188198,0.28690861654619837,-12.087826848183779,-1.0149183917966151,7.319499489765828,0.1474404200501448,0.6545645155728105,-72.93557370412802,49.82184116998667,8.984905540837165,-3.287338981006653,423.15,9.0,0.2
195,0.0002725173863237426,0.120256102611636,3.277187877320285e-05,7.761615936456669e-08,0.6093250257960432,4.7293468307004394e-08,0.9895483601431978,1.0011113223590982,0.9906480673612339,0.012027472577839734,1.0477333679594236,0.012601584352019636,0.06591847352637754,0.6186981585765815,0.04078363818694892,0.19996510574413565,0.6277034567068709,0.1255187880963489,0.2860516747059758,0.6167605989894293,0.17642540223358705,0.0195352461214154,0.5300181831531098,0.010354035656721425,0.0024237089692174516,1.0,0.0024237089692174516,8.789215755905762e-05,0.6206492630380369,5.455020281585218e-05,9.624086929905179e-16,1.0,9.624086929905179e-16,1.0,1.0,1.0,0.07821846349054101,0.286324269708459,-12.105862465283035,-1.0284430106188973,7.3251988354588695,0.17546539486228718,0.7106545266355335,-72.18543293501686,49.48872644880539,8.983672960289534,-3.2976031538265786,428.15,9.0,0.2
196,0.0002557051269589692,0.11766035324677862,3.0086355565004705e-05,7.694262450717298e-08,0.6032184878913742,4.641321360961066e-08,0.9895584352237495,1.0011318402564449,0.9906784572968403,0.012711153900091901,1.0476303325939564,0.013316590388006248,0.06467547434086202,0.6153645743685164,0.039798995739846466,0.19996268252957816,0.6222031519745795,0.12441741134719571,0.28547302602161606,0.6116725907184944,0.17461602540689009,0.020224479721720864,0.5249565190518374,0.010616972474349057,0.0023093915228422687,1.0,0.0023093915228422687,9.905611816163776e-05,0.6158365847294118,6.1002381505216066e-05,1.0652047236551219e-15,1.0,1.0652047236551219e-15,1.0,1.0,1.0,0.07764233336791289,0.28572880809119955,-12.12739468364568,-1.0423039356885242,7.333358360376425,0.2009573949447168,0.7651284408131952,-71.45910094435963,49.167978701030705,8.984302367718175,-3.307836953875872,433.15,9.0,0.2
197,0.0002452898613951311,0.11273913672123731,2.7653767220159007e-05,7.589077986748266e-08,0.5971803523208337,4.532048265916619e-08,0.989568427282627,1.0011525469766114,0.9907089513816415,0.013393934855418406,1.0475279226311323,0.014030520754953162,0.06343042595401173,0.6120330509544276,0.038821517119972705,0.19996026706671016,0.6167357183490532,0.123322638950656,0.2848978328194952,0.606614159893942,0.17282305951140284,0.020905164920143934,0.5199373612011206,0.01086937628405387,0.002200178936207692,1.0,0.002200178936207692,0.00011147104661902531,0.6110501980611671,6.811440511464104e-05,1.1771803606355668e-15,1.0,1.1771803606355668e-15,1.0,1.0,1.0,0.07706965067082527,0.2851431985716702,-12.152079199645126,-1.0564816408270619,7.343705473585861,0.22414327821187638,0.8180402746382016,-70.75560773069563,48.859080106557,8.986664894274705,-3.3180428761217993,438.15,9.0,0.2
198,0.00023288543531180673,0.1093053032970067,2.5455613140212447e-05,7.447354662200311e-08,0.5912126863642045,4.402970556146433e-08,0.9895784133563539,1.0011732860144,0.9907394718688971,0.01407209029579964,1.0474253327046394,0.01473946385992766,0.062190904110478916,0.6087271121307667,0.03785728945997326,0.1999578732580048,0.6113261364322392,0.12223947410802344,0.2843215739914245,0.6015800669742798,0.1710421915239938,0.021581830062503186,0.5149809621075193,0.011114231609628872,0.0020960853859675367,1.0,0.0020960853859675367,0.00012527016336062638,0.6063132489293985,7.595295974109781e-05,1.2991236049083342e-15,1.0,1.2991236049083342e-15,1.0,1.0,1.0,0.07649587984159036,0.2845545339002829,-12.179905036865895,-1.0709845431238125,7.3562542187752875,0.24506694871828563,0.8694415088356494,-70.07420142193801,48.56170778778935,8.990724093101514,-3.3282152556428652,443.15,9.0,0.2
199,0.0002239865370654026,0.1047366405251485,2.345959741509191e-05,7.274119939200687e-08,0.5853112173983671,4.2576239971152864e-08,0.9895882885221317,1.001194156911489,0.990770012216399,0.01474562597912424,1.0473236044502638,0.015443442150331851,0.06095725814490211,0.6054302177765261,0.036905366073728,0.19995550143085072,0.6059579641892652,0.121164628575482,0.28375009965855813,0.5965749457066896,0.16927820029807206,0.022248889663092807,0.5100714250701127,0.01134852285668145,0.0019968467409573138,1.0,0.0019968467409573138,0.00014055008678099334,0.6016091013771835,8.45562114067986e-05,1.431361234766983e-15,1.0,1.431361234766983e-15,1.0,1.0,1.0,0.07592687066109176,0.2839741589368229,-12.210648543483057,-1.0858021044675072,7.370832694985146,0.2638828584607328,0.9193813021168005,-69.41405266695733,48.27543978445803,8.996389162666372,-3.3383545660335923,448.15,9.0,0.2
200,0.00021244060789460208,0.10182165436001311,2.1631054149075225e-05,7.082757303412786e-08,0.5785091666843006,4.0974400254244776e-08,0.9895977010933956,1.0012198630221527,0.9908048747357667,0.015394445634690725,1.0472261910620533,0.01612146666552903,0.0597750626995491,0.6011631619643447,0.035934565699077894,0.1999532255095707,0.5996561715021526,0.11990318568857572,0.283202812466753,0.5906173711944162,0.16726450061397888,0.02289198302585025,0.5043814206333583,0.011546290919693072,0.0018975349186351582,1.0,0.0018975349186351582,0.0001577308435668424,0.5959674311770331,9.400244565791748e-05,1.5723377133803432e-15,1.0,1.5723377133803432e-15,1.0,1.0,1.0,0.07538194894213443,0.2834153239022207,-12.24445277146933,-1.1009558712498226,7.387487394515931,0.280159251538378,0.9679084802668848,-68.77494943553036,48.00045490132212,9.00386509392154,-3.349858655346781,453.15,9.0,0.2
201,0.00020599085954573352,0.09692210727370193,1.996506818629367e-05,6.867362018221978e-08,0.5717908512618627,3.926694774322525e-08,0.9896069242944058,1.0012457077741053,0.9908396853333077,0.016036221401066787,1.0471303747986622,0.016792014526053393,0.05860370491741877,0.5969128105083867,0.0349813022084606,0.1999509813584962,0.5934102824648331,0.11865296832706579,0.2826644482500824,0.5847107307984077,0.1652769361070344,0.023521163997952114,0.4987491247399264,0.011731159956842886,0.0018032614481771469,1.0,0.0018032614481771469,0.00017668493074403648,0.5903700316508117,0.00010430948815557824,1.7240076287407727e-15,1.0,1.7240076287407727e-15,1.0,1.0,1.0,0.0748459171780313,0.2828705077832483,-12.28089412827375,-1.116416445729268,7.405972855536113,0.29455850768169534,1.0150659671703042,-68.15561485720524,47.73584039990488,9.012806727593057,-3.361325523577744,458.15,9.0,0.2
202,0.00019763114992465944,0.0933579290033864,1.845043486352397e-05,6.630226276669288e-08,0.5651578176956689,3.74712421335089e-08,0.9896160290665925,1.0012715558894985,0.9908743811566942,0.01666841723498375,1.0470354087009084,0.017452423052028473,0.05744852342946299,0.5926988527936091,0.03404967393132948,0.19994877868247665,0.5872403525637666,0.11741799128819212,0.2821308135408453,0.5788505746025789,0.16331158353121134,0.024140745728908168,0.4931910369146303,0.011905999417932654,0.0017139215963666258,1.0,0.0017139215963666258,0.00019756970241091581,0.5848358852608752,0.0001155458518102157,1.8870121570607243e-15,1.0,1.8870121570607243e-15,1.0,1.0,1.0,0.0743145718143714,0.2823285109930327,-12.319965163579731,-1.1321909921726574,7.426301910247876,0.30711812298187874,1.0608965927730483,-67.55542454997364,47.48132186176431,9.023183886041815,-3.372750748189861,463.15,9.0,0.2
203,0.00019020199726486225,0.08974311524611903,1.706931976058255e-05,6.375641332096991e-08,0.5586069322891649,3.5614774458987016e-08,0.9896249566732473,1.0012974580623728,0.9909089535520085,0.01729105567924668,1.0469418634755967,0.01810273005429081,0.05630986269715671,0.588512614283355,0.03313906450584046,0.19994661783366025,0.5811373178460305,0.11619644120023859,0.2816051162275593,0.5730392648447236,0.1613707887795535,0.02474779002522056,0.4876983191936684,0.012069455599057904,0.0016292462106050475,1.0,0.0016292462106050475,0.00022050543340543282,0.5793559792153692,0.00012775114129291403,2.0615473539337234e-15,1.0,2.0615473539337234e-15,1.0,1.0,1.0,0.07379112037366826,0.28179538198123744,-12.361525963220393,-1.1482743405830371,7.448369801607985,0.3179376416095952,1.105441334440923,-66.9737181147201,47.236572018180674,9.034935977785036,-3.384134598022648,468.15,9.0,0.2
204,0.00018504108250614262,0.08542662073543131,1.5807434375725906e-05,6.107408433315347e-08,0.5521354608948358,3.372116770201576e-08,0.9896336705425695,1.0013234443339183,0.9909433956165039,0.017903892298097936,1.0468500851447138,0.018742691176685606,0.055188574637795855,0.5843494299577919,0.032249412129779054,0.19994450013845147,0.5750961610907398,0.11498731446083033,0.2810893028512979,0.5672776590849755,0.159455681715312,0.02534059117762862,0.48226581899113474,0.01222090095799859,0.001548996502170024,1.0,0.001548996502170024,0.0002456158064939288,0.5739252746590198,0.00014096511920262474,2.247789020047674e-15,1.0,2.247789020047674e-15,1.0,1.0,1.0,0.07327750801839993,0.2812744050078883,-12.405467382885305,-1.1646636544934181,7.472097394967775,0.3270983204730605,1.148739394549761,-66.40987800419323,47.00129056611612,9.048012085213513,-3.395477480900717,473.15,9.0,0.2
205,0.016604035677157354,0.2031456675111487,0.0033730379110150587,4.3247858897214477e-10,0.7311986624622364,3.16227765799987e-10,0.9891244244031846,1.001069178299989,0.9901819747737456,5.2169583499481203e-05,1.052053451204468,5.48851903685289e-05,0.07159824078419146,0.6334299567745157,0.04535247056506177,0.20000795737928748,0.6969831842312372,0.13940218300580134,0.31025883369584256,0.6885559483970265,0.21363056548399623,0.005439314714694381,0.6228552975014955,0.003387905984825232,0.006358408823969935,1.0,0.006358408823969935,5.249895832560806e-06,0.6872205565896171,3.607836336089947e-06,1.0000397868964376e-16,1.0,1.0000397868964376e-16,1.0,1.0,1.0,0.08825444604484828,0.32686286980547824,-14.864780956986282,-0.8056534401640253,9.500000000297813,-3.1524287788534777,-2.2140902602577874,-113.93197219257188,69.09938433210544,10.70855511333355,-3.0740962173280693,273.15,9.5,0.2
206,0.015331178876459612,0.20251903607226815,0.0031048555679121185,5.619069704612546e-10,0.7291385555731134,4.097080368085836e-10,0.9891435379459718,1.0010499454412496,0.9901820846943796,5.889074825342809e-05,1.051859297089187,6.19447810629071e-05,0.07177872165538686,0.6352444037963132,0.04559703124323774,0.20000793785946158,0.6986105890531928,0.13972766328331285,0.30917315726452066,0.6888876687747802,0.21298557555569414,0.0067175868564948995,0.6216873383291546,0.004176238692809226,0.006165781682302216,1.0,0.006165781682302216,6.553702165064581e-06,0.6873348715451189,4.504588035769633e-06,1.0000396892973048e-16,1.0,1.0000396892973048e-16,1.0,1.0,1.0,0.0871687912800999,0.32450433670288725,-14.705064221167397,-0.8115859815405394,9.387525516868466,-3.015973386568452,-2.061524897447556,-111.748254603749,68.11610403233749,10.612186117555607,-3.0791062793890083,278.15,9.5,0.2
207,0.013960502768853925,0.20202391300403946,0.002820355396867597,7.268265774341883e-10,0.727191400611243,5.28542036845843e-10,0.9891645683444725,1.0010311770673945,0.9901845721632285,6.762572422100487e-05,1.0516457182627912,7.111830332144015e-05,0.07194616402611549,0.6371786796263792,0.04584256179834318,0.20000791165112392,0.7001392908462991,0.14003339742706714,0.30797862941293885,0.6890544046527323,0.21221403113589704,0.008095533875032037,0.620650951525338,0.005024500802644238,0.005982320314190989,1.0,0.005982320314190989,8.015049786061938e-06,0.6875640319258404,5.510859946991088e-06,1.1694867856054748e-16,1.0,1.1694867856054748e-16,1.0,1.0,1.0,0.08597429251919042,0.3219391329086193,-14.549591859913527,-0.8174400725055987,9.27692046598348,-2.878546474024525,-1.914842309911097,-109.64752172676711,67.16340384857365,10.51856329448591,-3.0842764437934185,283.15,9.5,0.2
208,0.012541665168912608,0.20150187116393392,0.0025271689990474253,9.374562486025295e-10,0.7253198713530311,6.799556456354819e-10,0.9891866437310446,1.0010132738249478,0.9901889606651252,7.894715561079706e-05,1.0514215754949892,8.300674273315234e-05,0.07209984669438216,0.6391669332877918,0.04608383790216819,0.20000787658332392,0.7015227422611675,0.14031007405456655,0.30672475698817536,0.6890701124645708,0.21135486279351015,0.009524100233431579,0.6196817506500683,0.005901911106019603,0.005807569913726929,1.0,0.005807569913726929,9.604076668603749e-06,0.6878442843029654,6.606109242506551e-06,1.3962385580308864e-16,1.0,1.3962385580308864e-16,1.0,1.0,1.0,0.08472045901890557,0.31926642309454417,-14.39740911258994,-0.8231737571167448,9.167519415946726,-2.739887073825959,-1.7737332406495503,-107.62470716133289,66.23945488396528,10.427269553152383,-3.0895666496538703,288.15,9.5,0.2
209,0.01112310119508942,0.20098989255628028,0.002235630914093656,1.2059861728378877e-09,0.7234800089990325,8.725068871774645e-10,0.9892089194944071,1.0009964501782336,0.9901946168985476,9.353753347066448e-05,1.0511954451591465,9.832622913578368e-05,0.07223860931451595,0.6411714590585565,0.04631733453454921,0.2000078300847281,0.702743748123659,0.14055425216782177,0.3054594943999378,0.6889444023677236,0.21044460881691213,0.010955564167657432,0.6187423245709293,0.0067786712400823386,0.005641293694829157,1.0,0.005641293694829157,1.1289648843608965e-05,0.6881419388280546,7.768880843928981e-06,1.6349245691736456e-16,1.0,1.6349245691736456e-16,1.0,1.0,1.0,0.08345524804307602,0.3165825968010133,-14.248287098601416,-0.8287835129696912,9.059231136229682,-2.6002466165975053,-1.6379099219238997,-105.67562364365949,65.34305215106032,10.338176372330153,-3.0949219032344257,293.15,9.5,0.2
210,0.009751131237912696,0.20046157585380797,0.0019547271343092723,1.5472174483978258e-09,0.7216304148127157,1.1165191690927928e-09,0.9892305902076974,1.0009809544615536,0.9902009803686669,0.00011226245377445261,1.0509754981703947,0.00011798508828143616,0.07236099513318499,0.6431453667466474,0.04653863875308463,0.20000776891913147,0.7037732933652118,0.14076012623084538,0.30422856728928094,0.6886904395471884,0.2095193057292663,0.012344503093519574,0.6177858145439665,0.007626258898770506,0.005483183389635009,1.0,0.005483183389635009,1.3039214836999824e-05,0.6884129498239465,8.976364349327215e-06,1.880727312658961e-16,1.0,1.880727312658961e-16,1.0,1.0,1.0,0.08222438882487214,0.31397970007441106,-14.102221704138172,-0.8342782064198312,8.952133816291818,-2.4600146215342593,-1.507104162956079,-103.7965543430942,64.47323027569641,10.251252740933852,-3.100293850640222,298.15,9.5,0.2
211,0.008483441534767207,0.1991007086449451,0.0016890592213201121,1.9818526755556033e-09,0.7190101228925497,1.4249721358061642e-09,0.9892504855148716,1.000970244704798,0.990210300560161,0.00013616365698980738,1.050773593374149,0.000143077175142145,0.07247468939582954,0.6443946679532944,0.04670230340824372,0.2000076892478389,0.7038774285349828,0.14078089799499277,0.3030983846186312,0.6876471813207216,0.20842474984586568,0.013634295729374031,0.6161450462898441,0.008400703773304588,0.005323445136223468,1.0,0.005323445136223468,1.4829157907023652e-05,0.6879254859469888,1.0201355659373879e-05,2.1262208797253284e-16,1.0,2.1262208797253284e-16,1.0,1.0,1.0,0.08109429458758656,0.31158182813525115,-13.959174802309441,-0.8396646415609694,8.846193627854726,-2.3198165377584448,-1.3810645181412657,-101.98432008978709,63.62935466265014,10.166611806318535,-3.1064633079080584,303.15,9.5,0.2
212,0.007371074778376184,0.19569453873203654,0.0014424790787136753,2.5353834024642755e-09,0.7163255932191295,1.8161600198081571e-09,0.9892678990633926,1.0009621589560942,0.990219732032453,0.00016699139948349006,1.0505968876370801,0.00017544064455951485,0.07256703601545936,0.6453635271220808,0.04683211831573191,0.20000758451896816,0.7035618230637776,0.1407177007907478,0.3021090759776447,0.6865513526112269,0.20741339474857992,0.014775717038434907,0.6142479620555127,0.009075954078767556,0.005171163831760821,1.0,0.005171163831760821,1.6591383413316718e-05,0.6871621365515302,1.1400970474640329e-05,2.3647200367576997e-16,1.0,2.3647200367576997e-16,1.0,1.0,1.0,0.08010510219331904,0.30948015329140427,-13.818290134400858,-0.8448994476910847,8.740845888932778,-2.179067974961932,-1.2595582825165372,-100.23480629876903,62.80966068718779,10.0837815058363,-3.1126010941655275,308.15,9.5,0.2
213,0.006328888164681194,0.19423858143146228,0.0012293142591460462,3.2127424155799234e-09,0.7135689719880167,2.292513302747666e-09,0.9892843423598818,1.0009543788758852,0.9902284944384742,0.0002052515087912006,1.0504300398135415,0.00021560235055133033,0.07263683566180107,0.6464261478149107,0.046954349866322784,0.20000745325688132,0.7032371242275992,0.14065266625245518,0.30117480342159997,0.6853273679055268,0.20640333530838958,0.015854319202747283,0.6124550486210263,0.009710057838171854,0.005026622862823715,1.0,0.005026622862823715,1.842218355031066e-05,0.6865105593456687,1.2647023533492354e-05,2.6103940887513617e-16,1.0,2.6103940887513617e-16,1.0,1.0,1.0,0.07917097533527347,0.3075036947990235,-13.683918037242208,-0.8502593713925877,8.63968813557369,-2.041302439469061,-1.14236702167259,-98.54826629963875,62.01658045862514,10.004368949943833,-3.1186299107670576,313.15,9.5,0.2
214,0.005410936632549627,0.192738305897336,0.0010428947598754516,4.0437578361010184e-09,0.7107333868435303,2.8740337024271396e-09,0.9892988834873077,1.0009480918549334,0.9902368297008368,0.00025318264707580257,1.050282492987802,0.00026591330175202484,0.07268071810866353,0.6473688984501593,0.047051236420572046,0.20000728720444047,0.7026877511337908,0.14054267085605845,0.30034848116009644,0.68403368160511,0.2054484773324438,0.01681833801764776,0.6105586899279108,0.010268582426819797,0.004888658928677791,1.0,0.004888658928677791,2.0268608003259565e-05,0.685749376633099,1.3899185303455892e-05,2.8555729371927933e-16,1.0,2.8555729371927933e-16,1.0,1.0,1.0,0.07834483738828896,0.30575942183640387,-13.554506398374677,-0.8556658147639283,8.541508143406972,-1.905630439694079,-1.0292858255528852,-96.92075858483791,61.248194506521635,9.927787228981302,-3.1245748672606584,318.15,9.5,0.2
215,0.004583549788375599,0.19284589720417727,0.0008839187713193089,5.041230670670295e-09,0.7078309820724203,3.568339256474166e-09,0.9893121326921606,1.0009425398407428,0.9902445987921532,0.0003122960278787615,1.050148052168717,0.00032795706537690856,0.07269619277325179,0.648298127800544,0.047128805673126564,0.20000708107608062,0.7020354079484676,0.1404120527558285,0.29959545356341527,0.6826599577345651,0.20452181966706892,0.01770291021679391,0.608660603432852,0.010775064015071386,0.004756782414468924,1.0,0.004756782414468924,2.2174961768410814e-05,0.6849867416801706,1.5189554808626071e-05,3.1066021432813822e-16,1.0,3.1066021432813822e-16,1.0,1.0,1.0,0.07759203858950614,0.30417900839302153,-13.43150456574562,-0.8612264737404034,8.447533862196563,-1.773362284236215,-0.9201228327107542,-95.35074999621403,60.50484750310134,9.854564198456751,-3.130422217196882,323.15,9.5,0.2
216,0.00391480973579327,0.190512628038558,0.0007458206910369092,6.249169731740816e-09,0.704144295809427,4.40031722015022e-09,0.9893227768081885,1.0009421363407762,0.9902548537489771,0.000385486579676556,1.0500400144490962,0.00040477633369350336,0.07268681303774213,0.6483502497789775,0.04712651338865794,0.2000068243140319,0.7003641709453725,0.14007761369411373,0.29899023932695334,0.6805945998671761,0.20349114229891901,0.018442882688769962,0.6059459348921883,0.011175389792953669,0.004621610735897254,1.0,0.004621610735897254,2.4106063992511688e-05,0.6833204326569151,1.647216607701837e-05,3.351946961057551e-16,1.0,3.351946961057551e-16,1.0,1.0,1.0,0.07698710935321196,0.30290505531191636,-13.313425648847657,-0.8668636115676474,8.35651601396953,-1.643928770140024,-0.8146966729303766,-93.83501878424778,59.78506682239018,9.784302642074614,-3.1370261995791013,328.15,9.5,0.2
217,0.0033746479470957193,0.1861576192299185,0.0006282164275704713,7.684545809399862e-09,0.7003962534647656,5.382227094482035e-09,0.9893315387700513,1.0009433875164253,0.990264861793333,0.0004755960276860919,1.0499510542534969,0.0004993525506677877,0.07263882068463076,0.6482122907091211,0.0470853763503936,0.20000650668982278,0.698423281447736,0.1396892007132046,0.2984918420773407,0.6785133337105483,0.20253069485329894,0.019071161572137903,0.6030657687159418,0.011501164713807271,0.004491217657694194,1.0,0.004491217657694194,2.6064921103678323e-05,0.68147317174276,1.776254445574847e-05,3.597467916211809e-16,1.0,3.597467916211809e-16,1.0,1.0,1.0,0.07648906465941258,0.3018664977089822,-13.200843177227465,-0.8726297930761069,8.269037981823153,-1.5176405028301865,-0.7128395027849745,-92.37139805276205,59.088309240250865,9.717054464327838,-3.1435596583780465,333.15,9.5,0.2
218,0.002887984176823104,0.1838169492304237,0.0005308604408093594,9.335041878898952e-09,0.6966162527095328,6.502941892565146e-09,0.9893397538744236,1.0009449436552202,0.9902746241977044,0.0005838610892859938,1.0498676323736313,0.0006129768594437757,0.07255023170106485,0.648098664588824,0.0470197082810699,0.20000612413004115,0.6964444951916144,0.1392931641549779,0.29802442975224663,0.6763737087222768,0.20157588884136868,0.019663957150528853,0.6002262015683298,0.011802822308264332,0.0043652183994752,1.0,0.0043652183994752,2.8157752007438242e-05,0.6796622001739941,1.913775968132918e-05,3.8577188366582964e-16,1.0,3.8577188366582964e-16,1.0,1.0,1.0,0.07602207696717396,0.3009124232641116,-13.09590683687301,-0.8786856132184322,8.186890126639657,-1.396249992737918,-0.614392448921793,-90.95932353493687,58.41552621376071,9.653604132163661,-3.1500210587223925,338.15,9.5,0.2
219,0.0024759923409775893,0.1815462061452843,0.0004495070159492623,1.1218427546234432e-08,0.6928054746999389,7.772188021555806e-09,0.989347094614165,1.000947325272594,0.9902843281202605,0.0007136359253839729,1.0497930675220881,0.0007491700472028047,0.07241513407528652,0.647914487495449,0.04691881448130349,0.20000566450235,0.6943342719867995,0.13887078745547526,0.2976066049501984,0.6742057602207605,0.2006480873371681,0.020203461292045106,0.5973368514560359,0.012068271956704119,0.0042427989588943536,1.0,0.0042427989588943536,3.03716169892312e-05,0.6777895219630597,2.0585563760376175e-05,4.1304624889508795e-16,1.0,4.1304624889508795e-16,1.0,1.0,1.0,0.07560476234164808,0.3000826085096036,-12.997820863390888,-0.8849996470855023,8.109456701672814,-1.2793232257515583,-0.5192059772820123,-89.59619222386944,57.76552933326087,9.593652163093124,-3.1564270610046434,343.15,9.5,0.2
220,0.0021295088878347927,0.1792127778588551,0.00038163520326399425,1.3333699870341877e-08,0.6889733804854772,9.186564274048209e-09,0.9893537604334112,1.0009504532532838,0.9902940949336637,0.0008676999890623647,1.0497253365863308,0.0009108466630744461,0.07222859597423519,0.6476658186264311,0.04677999273989077,0.20000511789705855,0.6921046598741815,0.13842447409523925,0.2972270407399571,0.6720145880070859,0.1997409073274276,0.02070158670481522,0.5944043920115876,0.012305114058950854,0.004123357602292468,1.0,0.004123357602292468,3.2735721878458184e-05,0.675860320621818,2.2124775484561424e-05,4.419231917988936e-16,1.0,4.419231917988936e-16,1.0,1.0,1.0,0.07522580485113234,0.2993565629614917,-12.906681357925487,-0.8915989222769274,8.0368468820643,-1.1670680593322624,-0.4271393200400278,-88.28017905738876,57.1378149762456,9.537228175341335,-3.1627880432711373,348.15,9.5,0.2
221,0.0018628284665528573,0.174256487828154,0.0003246099460078067,1.569254371152275e-08,0.6844222190574919,1.0740325589697072e-08,0.9893593926534003,1.0009576848988377,0.9903068872032678,0.0010480973131217737,1.0496680590289473,0.0011001542723379871,0.07199457719233039,0.6466490457594127,0.04655522464127281,0.2000044771613374,0.6890141140649584,0.13780590764034412,0.29690602765841934,0.669140178778208,0.19867175242768223,0.021146023097153126,0.5907834946320512,0.012492721422906193,0.003998902566839341,1.0,0.003998902566839341,3.530896703629952e-05,0.6731443634988361,2.376803214145121e-05,4.722046607237758e-16,1.0,4.722046607237758e-16,1.0,1.0,1.0,0.07490550297200503,0.2987688718175158,-12.82246072328555,-0.8985021799082957,7.968982552932039,-1.0599209496903734,-0.33805857577410986,-87.00981302915186,56.53215038551104,9.484484612481268,-3.169974131419642,353.15,9.5,0.2
222,0.001606546542179917,0.17283927325548828,0.00027767433680149446,1.8226239263511464e-08,0.6798930916660915,1.2391894162314722e-08,0.9893653641485574,1.000964791945484,0.9903198958830287,0.0012557119772935784,1.0496073279765252,0.0013180044931952314,0.07170367253962234,0.6456978665545463,0.046298908382959955,0.20000373939052957,0.6859544822750238,0.13719346150669948,0.2965656368363098,0.6662295626859688,0.1975807945371405,0.021606980748489883,0.5872504634508363,0.012688709458323982,0.0038771477652457314,1.0,0.0038771477652457314,3.816929954736895e-05,0.6705054208628173,2.5592722257047564e-05,5.056641408490837e-16,1.0,5.056641408490837e-16,1.0,1.0,1.0,0.07456593105909583,0.29817220160472896,-12.74624114902849,-0.9058069181630047,7.906862304490214,-0.958434848248891,-0.25183991433309083,-85.78385544708586,55.948451101101924,9.43563610870337,-3.1771288323694495,358.15,9.5,0.2
223,0.0014027425372624763,0.1698881062264393,0.00023830927317879255,2.09413028967179e-08,0.6753717046286277,1.4143163434500777e-08,0.9893709957246352,1.0009726353550867,0.9903332929343744,0.001494676323895003,1.0495500264390536,0.001568737575261828,0.07134825960837642,0.6446699181980149,0.04599607668530275,0.2000028895722449,0.6827819766345187,0.13655836827475276,0.2962444409673384,0.6633188192348148,0.19650451278733272,0.022046544996646548,0.5836709403479857,0.01286792764961687,0.0037574109927493177,1.0,0.0037574109927493177,4.128265684849658e-05,0.66779895328372,2.7568515032197006e-05,5.417349810777736e-16,1.0,5.417349810777736e-16,1.0,1.0,1.0,0.07424567846953391,0.2976472044459038,-12.676730958890799,-0.9134438767895202,7.849453440009514,-0.8617709992278008,-0.16836521368734375,-84.59978296788721,55.38527778292885,9.390208514638006,-3.1842671047105293,363.15,9.5,0.2
224,0.0012430108996593632,0.16514613552010285,0.0002052784464881101,2.3799443371061628e-08,0.6708658654452823,1.596623417424326e-08,0.9893764596324479,1.0009810864074697,0.9903471234288638,0.0017667017573891712,1.0494944044800485,0.0018541436087650038,0.07092523371950413,0.6435809169820089,0.04564612695436177,0.20000192170588957,0.6795178351321258,0.135904872859851,0.2959326345642129,0.660409055215295,0.195436591599925,0.022474786046876968,0.5800609321427294,0.013036745344059861,0.003639417869120045,1.0,0.003639417869120045,4.469509206689513e-05,0.6650407866073839,2.9724059185657367e-05,5.809182417261333e-16,1.0,5.809182417261333e-16,1.0,1.0,1.0,0.07393494637655267,0.29717566926331557,-12.613951002645273,-0.9214345481222359,7.7967975052894545,-0.770026999369761,-0.08752294130397602,-83.4561076776578,54.842159124288855,9.3482009353824,-3.19139329020945,368.15,9.5,0.2
225,0.00109465007163739,0.16237896748979153,0.00017774814839510567,2.6724100484552537e-08,0.6663919195539801,1.7808724620254397e-08,0.9893823158484637,1.000989604083383,0.9903614126282544,0.002071043014456528,1.0494347785123501,0.0021734245671657356,0.07043618211053343,0.6425170691309208,0.04525644929043173,0.20000083882714775,0.676256406819899,0.13525184862621267,0.2955983614129504,0.6574810576038689,0.1943503232877573,0.0229235632174524,0.5765027424821019,0.013215497062323143,0.0035231701781848787,1.0,0.0035231701781848787,4.85038386424582e-05,0.6623177644107616,3.2124953975013235e-05,6.243510465295259e-16,1.0,6.243510465295259e-16,1.0,1.0,1.0,0.07360187519662735,0.29669303820868825,-12.558444783878578,-0.9298392050222177,7.749367181615864,-0.6836513167952575,-0.009207664574564676,-82.3517843353124,54.31900425257046,9.309792480434593,-3.198510240795799,373.15,9.5,0.2
226,0.0009725162552283342,0.15890668462745455,0.00015453933386464194,2.9693035323773587e-08,0.6612273094429141,1.9633845856332217e-08,0.9893881415599375,1.0010017274278933,0.9903792387981704,0.002405606696826194,1.0493754043325771,0.0025243845001471426,0.06989218603496233,0.6407408611446961,0.044782779467327054,0.19999964888197053,0.6722299980366356,0.13444576357525487,0.2952654743906388,0.653841312127551,0.1930567652015391,0.023375815909577557,0.5723338561587074,0.013378770860384588,0.003401888436370434,1.0,0.003401888436370434,5.2820746707090656e-05,0.6588736374456337,3.480219751549531e-05,6.718816922671615e-16,1.0,6.718816922671615e-16,1.0,1.0,1.0,0.07327030898701686,0.2962380203389025,-12.510083321098445,-0.9386698185930374,7.706994622937397,-0.6029481969811842,0.0666817039208804,-81.2857086355769,53.81560830537189,9.275095571235992,-3.2065422074586136,378.15,9.5,0.2
227,0.0008771958941036388,0.15378864068969283,0.0001349027641727783,3.264758526945322e-08,0.6561033225169647,2.142018916744417e-08,0.9893941057871406,1.0010142531917616,0.9903976019168454,0.0027735022249633424,1.0493145810384028,0.0029102763251964885,0.06928002668232662,0.6389318090736084,0.044265212780806806,0.1999983405519379,0.6681589292082991,0.13363067706661957,0.294924437987756,0.650210541254897,0.19176297845331514,0.023834097589541695,0.568168615302476,0.013541786224433987,0.0032825364617777666,1.0,0.0032825364617777666,5.761402332777854e-05,0.6554098707064276,3.7760799580136406e-05,7.241142972548034e-16,1.0,7.241142972548034e-16,1.0,1.0,1.0,0.07293072480139359,0.29580166652944495,-12.468117020055798,-0.9478906658966125,7.6691766981160026,-0.5270735193372174,0.14023827720167686,-80.25570699239086,53.330638423105746,9.243649428198434,-3.214572869484499,383.15,9.5,0.2
228,0.0007792696308182529,0.15190360561937266,0.00011837386667096996,3.549477248743059e-08,0.6510341179122803,2.310830789685148e-08,0.9894006702376807,1.0010266752977495,0.9904164634653905,0.0031714989814454904,1.0492476147647927,0.0033276877415106495,0.0686060249727202,0.6371700277944337,0.04371370283873374,0.19999692589988335,0.6641304177386586,0.13282404194433706,0.2945489365390055,0.6465699924333116,0.19044650366926477,0.024324481037172746,0.5640823999913833,0.013721011641993299,0.0031653765636759225,1.0,0.0031653765636759225,6.300086236515029e-05,0.6520071663219777,4.10770137465426e-05,7.822995988662649e-16,1.0,7.822995988662649e-16,1.0,1.0,1.0,0.07255679358498394,0.29532824166459626,-12.43289721140704,-0.9575478395178649,7.636231854519375,-0.45628676408258734,0.21155150403715617,-79.2607829455968,52.86389194054348,9.215549630354296,-3.2225999303527986,388.15,9.5,0.2
229,0.0007090540134917521,0.14700966437070684,0.0001042377925441251,3.822287125072119e-08,0.6460056942305122,2.4692192477805623e-08,0.9894073265021366,1.0010395699556358,0.9904358846326542,0.0036013189132657717,1.0491796506509128,0.003778430519302708,0.06786698925647232,0.6353619688878192,0.04312010391648073,0.19999539871857255,0.6600509475623484,0.1320071524323035,0.294167809999937,0.6429430438892138,0.18913314717558335,0.024818371710460516,0.5599879046045309,0.01389798796983715,0.003050153333520341,1.0,0.003050153333520341,6.898051031923826e-05,0.6485718442701456,4.4738816796444165e-05,8.461618809256698e-16,1.0,8.461618809256698e-16,1.0,1.0,1.0,0.07217736218322984,0.2948769022362999,-12.40352399324917,-0.9675912183958696,7.607440346328163,-0.38998504777105847,0.28070623324567134,-78.29914610026846,52.414326347033125,9.190463533541552,-3.230629134324599,393.15,9.5,0.2
230,0.0006405795789725429,0.14393402965825355,9.22012001183056e-05,4.074643880126139e-08,0.6410300752059379,2.6119692729146746e-08,0.9894144594647782,1.0010524856811853,0.9904558040161225,0.004058773303994158,1.0491067701973524,0.004258086551916548,0.06707108926009508,0.6335789268347398,0.042494828755048085,0.19999377454847742,0.6559980123950372,0.13119551859518236,0.2937590871670591,0.6393126940156386,0.1878039134083474,0.025337427732192913,0.5559517577210812,0.01408638748384352,0.0029372048755729593,1.0,0.0029372048755729593,7.567721478748084e-05,0.6451757443570632,4.882510338138232e-05,9.169574913390711e-16,1.0,9.169574913390711e-16,1.0,1.0,1.0,0.07177044214306177,0.2943997074924705,-12.38024008701824,-0.978057379216618,7.583031936387045,-0.3283288927678689,0.3477829112781187,-77.36983321918073,51.981683420430564,9.168442751253004,-3.2386563319017703,398.15,9.5,0.2
231,0.0005901793150531783,0.13862591862813178,8.181414970456848e-05,4.3072854265122475e-08,0.6353277279564968,2.736537863686159e-08,0.9894215454631753,1.0010693402222182,0.9904795737184684,0.004536852372007267,1.0490342297499595,0.0047593134335579225,0.0662384432797318,0.6310123427203678,0.04179727527209375,0.19999207931225632,0.6511415206774221,0.1302231466468222,0.2933522383162596,0.6349248485393347,0.186256625481626,0.025858124629414964,0.5512620204635781,0.014254602028610303,0.002820627128051446,1.0,0.002820627128051446,8.327553760443785e-05,0.6409995571219316,5.337958272353544e-05,9.94233486724937e-16,1.0,9.94233486724937e-16,1.0,1.0,1.0,0.07136547496679224,0.2939424607041671,-12.362874845105265,-0.9889507950130347,7.562798538430958,-0.2715654473743858,0.41285940562627776,-76.47202714558041,51.56581422082229,9.149586042497692,-3.247709072958666,403.15,9.5,0.2
232,0.0005397955697301814,0.13502711047511567,7.288703602793521e-05,4.511730003689599e-08,0.6296913781761244,2.8409974839818704e-08,0.9894290463212161,1.00108620328221,0.9905037673988442,0.005036956299054688,1.0489573614951049,0.005283552389422552,0.06535953833805141,0.6284741274744561,0.04107677882914013,0.1999903079567206,0.646326263761489,0.12925898853017684,0.29292108739102624,0.6305457947480785,0.18470015984744598,0.026399921830479064,0.5466385777668163,0.0144312157225682,0.0027071285823763907,1.0,0.0027071285823763907,9.177324361470773e-05,0.6368702566041379,5.8447649210292965e-05,1.0795329365377789e-15,1.0,1.0795329365377789e-15,1.0,1.0,1.0,0.07093629020683628,0.2934609280780564,-12.351023252652748,-1.0002562812192288,7.5465291508927885,-0.21901446742429437,0.4760067886049841,-75.6040388316691,51.16565490974726,9.133527590818266,-3.25675536023553,408.15,9.5,0.2
233,0.0004908546254622026,0.132772149876447,6.517182389941483e-05,4.68531439522086e-08,0.6241196721642261,2.9241968843315738e-08,0.9894368929234745,1.001103104230545,0.9905283449459157,0.005556702819480238,1.0488768473629466,0.00582829693502923,0.0644391401553577,0.6259577490646276,0.04033617912330778,0.19998846937905743,0.6415480254317647,0.12830220763925526,0.2924694540041449,0.6261779227317985,0.18313791517081876,0.02695892475884565,0.5420747610366232,0.014613752696455564,0.0025967985287184575,1.0,0.0025967985287184575,0.00010125731310364385,0.6327814870614669,6.407375316157227e-05,1.1734379013622101e-15,1.0,1.1734379013622101e-15,1.0,1.0,1.0,0.07048669760030016,0.29296035548275107,-12.344375296955992,-1.011964834065157,7.533993389956247,-0.17044344142556578,0.5372940285981068,-74.76467882317242,50.78060965841057,9.120128807440162,-3.26579274626808,413.15,9.5,0.2
234,0.00045697435500321673,0.12788436873815404,5.843987691911147e-05,4.828158431525362e-08,0.6186041908622868,2.98671903988867e-08,0.9894448285402363,1.0011203082045523,0.9905533116996019,0.006095340395038625,1.0487952729991223,0.0063927641936371155,0.06347887669393806,0.6234212398057084,0.03957408001000856,0.19998656648676685,0.6367657791798341,0.12734460183444582,0.29201183567967254,0.6218313358157048,0.18158210985468687,0.027520708941034724,0.5375313765823053,0.014793244561595358,0.002489568598212198,1.0,0.002489568598212198,0.00011178312951069096,0.6286915924582934,7.02771137020479e-05,1.2761119324995267e-15,1.0,1.2761119324995267e-15,1.0,1.0,1.0,0.07003119144397991,0.29246885831626007,-12.342439511776057,-1.0240511643331567,7.524805629476546,-0.12550876196089777,0.5967867424325017,-73.95269507429114,50.40998784345965,9.109197259006281,-3.2748225480164517,418.15,9.5,0.2
235,0.0004218657381439017,0.12462765516460927,5.2576137739161554e-05,4.936546053532326e-08,0.6131514775168769,3.026850506553453e-08,0.9894530553635686,1.0011375243666933,0.990578582323744,0.00664812078650823,1.0487105639095853,0.006971954498958081,0.06248812918848516,0.62090948396494,0.03879947204835682,0.19998461691603953,0.6320279488629585,0.12639586723358898,0.2915365959686504,0.6174952062831796,0.18002245046675772,0.028096670708601994,0.5330491007938705,0.014976905056521772,0.0023857073063847717,1.0,0.0023857073063847717,0.00012349704469631002,0.6246454950274681,7.714187261875598e-05,1.3887330264926844e-15,1.0,1.3887330264926844e-15,1.0,1.0,1.0,0.06955811571313729,0.2919585110722547,-12.345233072288194,-1.0365307390189569,7.519009027930828,-0.08418067916842248,0.6545473374327279,-73.16719480334658,50.053427912925066,9.100698912306369,-3.283838653465818,423.15,9.5,0.2
236,0.00039709823675348436,0.11937556143472827,4.740382495718787e-05,5.016331585344071e-08,0.6069033234675787,3.0444283107607e-08,0.9894610582203852,1.0011591122402461,0.9906079546442152,0.007203483480052071,1.0486278573498442,0.007553773447142005,0.06149565726430773,0.6175301270518089,0.03797542104356245,0.1999826635080357,0.6264316532775032,0.12527547052817742,0.2910725509971551,0.6123260604737397,0.1782313084641297,0.028663355616154726,0.5278585358419381,0.015130196927860225,0.002279921956190489,1.0,0.002279921956190489,0.00013672829846581258,0.6197489339036008,8.473721720864061e-05,1.5102896409727249e-15,1.0,1.5102896409727249e-15,1.0,1.0,1.0,0.06909623898111329,0.2914696993972245,-12.352714384034025,-1.0494141005536601,7.5164942481187715,-0.046795799992024774,0.7106369410923604,-72.40769412987117,49.710952472573354,9.094785972173517,-3.2940229694677363,428.15,9.5,0.2
237,0.0003671447176750067,0.11676217056552143,4.286861414739936e-05,5.061422534063005e-08,0.6007338481982941,3.040567836245232e-08,0.9894693075848258,1.0011806306458262,0.9906375053724648,0.0077664216612755846,1.0485424122079972,0.00814342250293834,0.060485418913712966,0.6141922575012141,0.03714967598852,0.19998068808644476,0.6209059075689506,0.12416919063257721,0.2905931046346417,0.6071807957791245,0.17644255251998814,0.02924133322814954,0.5227482818957095,0.01528585670535509,0.002178209845882205,1.0,0.002178209845882205,0.00015142558520972108,0.6149170280513085,9.31141708280919e-05,1.642938499325982e-15,1.0,1.642938499325982e-15,1.0,1.0,1.0,0.06861898529266355,0.29096029996654205,-12.364469168025689,-1.0626795954709045,7.5170453028652435,-0.012628677984580412,0.7651104879019817,-71.67268701728894,49.38152886813757,9.091077451271612,-3.3041850313976124,433.15,9.5,0.2
238,0.000347383973681681,0.1118459534817568,3.88534917607091e-05,5.075043455066207e-08,0.594633167518648,3.017789164980802e-08,0.9894775262259778,1.0012023739824238,0.990667248259705,0.008336925752142937,1.0484570184962592,0.008740908317516468,0.059457694208879204,0.6108499784937114,0.036319731228779524,0.19997869093203802,0.6154046948547317,0.12306782527047955,0.2901139064796756,0.6020705286211181,0.17466903303455592,0.0298151468921584,0.5176755466161419,0.015434572464838666,0.00208037848142555,1.0,0.00208037848142555,0.00016765724967126986,0.6101041494310551,0.00010228838370664013,1.7866709820236792e-15,1.0,1.7866709820236792e-15,1.0,1.0,1.0,0.06814200393470382,0.2904613412037918,-12.380054996357787,-1.0763014790475767,7.5203111050786156,0.018626051659598707,0.8180219929653506,-70.9611249572479,49.06456076976358,9.089405225877993,-3.314326932620395,438.15,9.5,0.2
239,0.0003256549879666687,0.10840657341324773,3.530314136039899e-05,5.056837938876433e-08,0.588605666494624,2.976483465367662e-08,0.9894858548450686,1.00122411718184,0.9906971014811721,0.008911088628627462,1.0483702198082812,0.009342119944325248,0.0584203640882315,0.6075370118523847,0.03549253342949253,0.19997668674193958,0.6099636237558367,0.12197850451179924,0.2896267856433297,0.596987313567903,0.1729035166985183,0.030392880328966775,0.5126700508723191,0.015581519504407705,0.0019865386965467894,1.0,0.0019865386965467894,0.0001855950766380365,0.6053436384672406,0.00011234879897367532,1.942561516334273e-15,1.0,1.942561516334273e-15,1.0,1.0,1.0,0.06765710770482564,0.2899524911996758,-12.399447118592576,-1.0902889773852311,7.526296525650285,0.04703070024153093,0.8694229352150386,-70.27223767041477,48.75970688902488,9.089723643719282,-3.324442849890432,443.15,9.5,0.2
240,0.0003095374666725262,0.10384525844828682,3.2143998226036485e-05,5.0098083266909e-08,0.5826457190797931,2.918943374956758e-08,0.9894941397284484,1.0012460039028146,0.9907270532883621,0.009488121528605514,1.0482835506547352,0.009946241725050218,0.057375243053993406,0.6042305592851398,0.03466787519963527,0.19997467872222782,0.604560067616756,0.1208967052899491,0.28914035113052233,0.591937021793487,0.17115287832852447,0.030966064428643025,0.5077101422442273,0.01572178497581025,0.0018965557587468217,1.0,0.0018965557587468217,0.0002053400903962362,0.6006127811007196,0.00012332988276435647,2.1108395785113413e-15,1.0,2.1108395785113413e-15,1.0,1.0,1.0,0.06717290204927145,0.28944993869527813,-12.422352036632624,-1.1046273206357022,7.534774329877469,0.07279776189492199,0.9193624710766515,-69.60513776352315,48.46648721894355,9.09191287990913,-3.3345327817917316,448.15,9.5,0.2
241,0.00029379675659623556,0.09977375576363302,2.931320583678036e-05,4.941517396990854e-08,0.575785084469774,2.8452520118352402e-08,0.9895020514083454,1.0012728692944028,0.9907615581863317,0.010050350275976675,1.0482002069654686,0.010534779239354204,0.056363105882546935,0.5999447420190857,0.033814749018099034,0.19997273286240677,0.5982126707767412,0.11962622260814418,0.28867254213521454,0.5859396273430869,0.16914468176288916,0.03152162703893534,0.5019657351386259,0.01582277668936476,0.0018056688838505928,1.0,0.0018056688838505928,0.00022753225330700614,0.5949343754967502,0.00013536675902657197,2.2896720318311588e-15,1.0,2.2896720318311588e-15,1.0,1.0,1.0,0.06670725291511984,0.28896638830698473,-12.449029921748958,-1.1193503572205408,7.5458792609025656,0.09538014051706666,0.9678894931281389,-68.95972854655166,48.18519603806595,9.09623566229345,-3.346008418863512,453.15,9.5,0.2
242,0.00027880702023142813,0.09606904968475989,2.6784725479072914e-05,4.8485545584935905e-08,0.5690126798135229,2.758889022550511e-08,0.9895099139595588,1.0012997749081574,0.9907960541170964,0.010610668551405198,1.0481169734415878,0.011121221808290654,0.05535269377787279,0.5956905368932373,0.03297307587502799,0.19997080177194632,0.5919356311291177,0.11836984275427274,0.28820531510210995,0.5799923194260398,0.1671568691769854,0.03207234109642988,0.49629359684287677,0.015917297521918804,0.0017190723814498516,1.0,0.0017190723814498516,0.000251912900943732,0.5893145900375232,0.0001484559479448185,2.4815609522676677e-15,1.0,2.4815609522676677e-15,1.0,1.0,1.0,0.06624216934950942,0.28848417060788695,-12.478915053921352,-1.1344178889208143,7.559265768844223,0.11560820854738638,1.015046842771137,-68.33456515633955,47.914752450240854,9.102262752761044,-3.357451085326372,458.15,9.5,0.2
243,0.0002681925610203759,0.09141575837825403,2.4517026357083853e-05,4.733968618140547e-08,0.5623247275368739,2.662027613363996e-08,0.9895176430337308,1.0013267887767916,0.9908305239369452,0.011168360486712431,1.048034677999511,0.011704829086474128,0.05434574212979994,0.5914568805264289,0.0321431631099852,0.1999688884980613,0.5857177368203604,0.11712532480556746,0.2877433172386419,0.5740979304196072,0.16519284291877684,0.03261373696646139,0.4906826698434207,0.016002995528274336,0.0016365935854590174,1.0,0.0016365935854590174,0.0002786118619647587,0.5837421670202297,0.00016263749206084935,2.686675700766345e-15,1.0,2.686675700766345e-15,1.0,1.0,1.0,0.06578229517753274,0.28801155713934856,-12.511813751205986,-1.149821662380525,7.57478744387659,0.13362746581020019,1.0608773699831344,-67.72891520714529,47.65477407335615,9.109909991837739,-3.368860348999515,463.15,9.5,0.2
244,0.0002530474123284649,0.08885774190665041,2.2485221654828473e-05,4.5993929772721505e-08,0.5557241465427833,2.5559937369094344e-08,0.9895253432947346,1.0013537362924316,0.9908648996642335,0.011720928963984616,1.04795222533248,0.012282973590771597,0.05334749688985159,0.5872685511345624,0.03132930720515871,0.1999670027519164,0.5795841492260438,0.11589770516325142,0.28728040219096224,0.5682507275493397,0.16324729755568124,0.03315202655001299,0.4851540258584719,0.016083839146105748,0.0015581825858421322,1.0,0.0015581825858421322,0.00030782716845407647,0.5782410843709023,0.0001779983156857095,2.9057985284681906e-15,1.0,2.9057985284681906e-15,1.0,1.0,1.0,0.06532147326616468,0.28753349559722047,-12.54769686285197,-1.1655679390955713,7.5924402146877386,0.14949708274417486,1.105422026122428,-67.14215867358551,47.4049739604091,9.11913694889925,-3.3802315094358493,468.15,9.5,0.2
245,0.00024415248486781666,0.08458849040830772,2.0652490124405798e-05,4.4488612574642826e-08,0.54920293431906,2.44332765697777e-08,0.9895328297561221,1.0013808349722528,0.9908992112936417,0.012269095520067753,1.0478714687635118,0.012856435143013212,0.052356861663268535,0.5830936855166555,0.030528955429320943,0.19996514224534423,0.573502284249422,0.11468046584796551,0.2868269734720549,0.5624577327964703,0.1613280492039653,0.03367706376257403,0.47967813766302136,0.016154151227590334,0.0014835782696760293,1.0,0.0014835782696760293,0.0003396453197449773,0.5727796200777369,0.0001945419172047096,3.1385348681049305e-15,1.0,3.1385348681049305e-15,1.0,1.0,1.0,0.0648701096682041,0.28707117044553526,-12.58630644062178,-1.1816413846633491,7.61201828903328,0.16338693420994002,1.1487200297348732,-66.57358939045636,47.164963222749456,9.129848413530185,-3.3915680798713503,473.15,9.5,0.2
246,0.03587726723926568,0.191766457120588,0.006880056429642519,1.3991742596694306e-10,0.7147072582064626,9.999999988813957e-11,0.9887502376115317,1.0012354208639145,0.9899717602842774,1.0604987988746156e-05,1.0558639967415695,1.1197425003193855e-05,0.04755459747449091,0.6151474355533186,0.02925308868520341,0.20000814951776927,0.6787219262940988,0.13574991651521848,0.3315262795326837,0.6875718457612552,0.22794813593664917,0.012191988500432606,0.6047839240646214,0.007373518647442371,0.004376146785826431,1.0,0.004376146785826431,1.700970137628378e-05,0.6705913223665073,1.1406558138981544e-05,2.6001185083920204e-16,1.0,2.6001185083920204e-16,1.0,1.0,1.0,0.08344246970174533,0.3674035469118664,-15.537319105314994,-0.8421042075456943,10.000000000485803,-3.8427657913858573,-2.214182470263018,-114.62230920510427,69.78953692462736,11.053631409594507,-3.0574535659199005,273.15,10.0,0.2
247,0.03306862954177488,0.19199144046959785,0.006348893820080859,1.8153492168978197e-10,0.7137544520599334,1.295713585604333e-10,0.9887970995059325,1.0012040652682392,0.9899876757507834,1.2006169777196369e-05,1.055385774845257,1.2671140793230098e-05,0.04769698344735175,0.6182111635005534,0.02948680763245396,0.2000081595585323,0.6815427459362213,0.13631411027517198,0.3288614414440884,0.6879020120405704,0.22622444725195062,0.014997842029200799,0.6047871314379838,0.009070501858600378,0.004235148820609063,1.0,0.004235148820609063,2.1197506988596162e-05,0.6718162229516036,1.4240829081068904e-05,3.221639471101937e-16,1.0,3.221639471101937e-16,1.0,1.0,1.0,0.08077761915890383,0.3619300711673981,-15.377284307026875,-0.8486864246251884,9.88749098761544,-3.705162393373774,-2.0616101737035564,-112.43744361055433,68.80512248663082,10.956695344702267,-3.0636585184763447,278.15,10.0,0.2
248,0.030066427432437457,0.19233623573385128,0.005782863474320023,2.344402362205441e-10,0.7130151646491953,1.671594436291876e-10,0.988847472249084,1.001172937436683,0.9900073284684543,1.3829333312455913e-05,1.0548719851947583,1.4588176285230364e-05,0.04783296827970395,0.62148697818999,0.029727566914010854,0.20000816985095762,0.6843450324765219,0.1368745974922233,0.32599706009703855,0.6880267026559622,0.22429468233410302,0.017997190197454587,0.6050234380507075,0.010888721888516462,0.004100199912353938,1.0,0.004100199912353938,2.5877138487647294e-05,0.6732463296817801,1.7421688509475685e-05,3.9076087459127623e-16,1.0,3.9076087459127623e-16,1.0,1.0,1.0,0.07791322504545387,0.3560634877639163,-15.221496697973679,-0.8551897183258367,9.776869083024797,-3.5665268571055804,-1.9149200558697343,-110.33550210984818,67.85122873973742,10.8624757400678,-3.070140332186549,283.15,10.0,0.2
249,0.02697340390564729,0.1927459084610518,0.00519901324008087,3.0172921921178253e-10,0.7124127053461901,2.1495572934065971e-10,0.9888995541229358,1.001142718672339,0.9900295881084997,1.6189211071164196e-05,1.0543410368008368,1.706894958575884e-05,0.04796211204963343,0.6248926523608266,0.0299711714115226,0.20000817966937184,0.6870725080841261,0.13742012164277584,0.32303555239638815,0.6879527610590714,0.22223320019133758,0.021087491236469358,0.6054120777041849,0.012766621883039704,0.003971423661968821,1.0,0.003971423661968821,3.096193134824635e-05,0.6748066618467484,2.089331753743832e-05,4.643206255463198e-16,1.0,4.643206255463198e-16,1.0,1.0,1.0,0.07495170516635188,0.35000895660376463,-15.069232364839868,-0.8615853398083392,9.667650974888108,-3.426793651477787,-1.7738031466931043,-108.3116137389847,66.92622164952999,10.770652935934745,-3.0768084790513623,288.15,10.0,0.2
250,0.02389616609434683,0.1931620371625369,0.004615832123158377,3.872319467175394e-10,0.7118619863660783,2.7565570277475057e-10,0.9889514763757377,1.0011140859034466,0.9900532532747607,1.9231554770694504e-05,1.0538119807196822,2.0266442825224642e-05,0.04808386037088717,0.6283364444087788,0.030212841858891424,0.2000081881161631,0.6896576857497856,0.13793718414720083,0.32008311572717485,0.6876918699176819,0.22011855638349864,0.024162386916458462,0.6058616856045147,0.014639064465433994,0.0038489793519983564,1.0,0.0038489793519983564,3.634852220440266e-05,0.6764124251750112,2.458659205580775e-05,5.411983296110582e-16,1.0,5.411983296110582e-16,1.0,1.0,1.0,0.07199925802000469,0.3439792822087536,-14.920130941379506,-0.8678628139643586,9.55963301839245,-3.2861384734602592,-1.6379719277392124,-106.36151550052224,66.02881999629244,10.681060294946217,-3.0835656845339745,293.15,10.0,0.2
251,0.02093138971582371,0.193530400499991,0.004050860234724756,4.95572058556715e-10,0.7112806333601553,3.524908076858165e-10,0.9890015442985113,1.0010876164427602,0.9900771986400055,2.3139439049780605e-05,1.0533020538731226,2.4372818676605867e-05,0.048197633538033934,0.6317288210426479,0.03044783421202776,0.20000819415442,0.692032861619812,0.13841224294809426,0.3172360278897412,0.6872601904969047,0.2180236929599849,0.027125489050752963,0.6062820787121813,0.016445697887775022,0.0037329755641267123,1.0,0.0037329755641267123,4.1932210458915714e-05,0.677979886230687,2.8429195276336898e-05,6.198256889211216e-16,1.0,6.198256889211216e-16,1.0,1.0,1.0,0.06915216269290743,0.33816741810113693,-14.774143286437068,-0.8740286474705915,9.452852204128977,-3.14493598603466,-1.5071584560572782,-104.4814757075946,65.15804305399442,10.593659130082852,-3.0903193466219623,298.15,10.0,0.2
252,0.018199926240074736,0.19300536998517684,0.003512683497668552,6.333506630816605e-10,0.7098457019952811,4.4958124604437754e-10,0.9890475208670084,1.0010674429248902,0.9901032726455382,2.813553604997277e-05,1.05283395686207,2.962204774792826e-05,0.04830934571846357,0.6343122606761769,0.030643210294465616,0.2000081966990586,0.6934027151469557,0.1386862266427736,0.31462127584771155,0.6859900982049499,0.21582707991613825,0.029856247059631816,0.6059422653461591,0.018091161978047905,0.0036169740259693766,1.0,0.0036169740259693766,4.763452375874485e-05,0.6787147717601422,3.233025492081958e-05,6.977763819163765e-16,1.0,6.977763819163765e-16,1.0,1.0,1.0,0.06653740749458828,0.33282120272113697,-14.631138335163492,-0.8800842241614103,9.347191813340494,-3.003771818038838,-1.3811114618509934,-102.66827537006749,64.31321605551108,10.508542502749002,-3.0978170609593065,303.15,10.0,0.2
253,0.01570334876447374,0.19237167664503554,0.0030208795307635613,8.059012385017897e-10,0.7082718893763252,5.707971928443831e-10,0.9890895021110819,1.001049898574003,0.9901279457689097,3.448785649481137e-05,1.052406658484893,3.629524981201096e-05,0.04841170391065955,0.636714931291261,0.030824454729168463,0.20000819457395627,0.6944710578777595,0.13889990246999617,0.3122334062488413,0.6845995917338273,0.21375486244361902,0.03235341397891371,0.6054457866904387,0.01958823817858485,0.0035076730070271213,1.0,0.0035076730070271213,5.339706226555357e-05,0.6792919714661166,3.6272195696866875e-05,7.753378025989387e-16,1.0,7.753378025989387e-16,1.0,1.0,1.0,0.06414954053162811,0.3279367558192163,-14.492012394130972,-0.8860932248955495,9.243518171393395,-2.86334839914579,-1.2595985403644352,-100.91908672295285,63.49386059567584,10.42588146008033,-3.105168680812638,308.15,10.0,0.2
254,0.01346760628248164,0.19161369311287982,0.0025805777771765294,1.0201573698406993e-09,0.7065273881858417,7.207691220520857e-10,0.9891270315190246,1.0010350547981168,0.9901508321989454,4.252890989288325e-05,1.0520247387003365,4.4741465317270627e-05,0.04850431376470327,0.6389013542863525,0.030989471752999095,0.20000818643396057,0.6952159847255192,0.13904888828485112,0.3100983045776966,0.6831078325794027,0.2118305807266178,0.03459141382038687,0.6047550215851448,0.020919331211608733,0.0034047606698406657,1.0,0.0034047606698406657,5.917901384001201e-05,0.6796764657435184,4.0222582972966134e-05,8.520393502113365e-16,1.0,8.520393502113365e-16,1.0,1.0,1.0,0.0620144489570778,0.32356591188033573,-14.35715251955072,-0.8920912448494104,9.14220382692582,-2.7242457270066285,-1.1424010841187509,-99.23120958717631,62.699455621270374,10.345806531266456,-3.112338413021997,313.15,10.0,0.2
255,0.01157808274266119,0.1888629184039586,0.0021866704963015016,1.2868549569920536e-09,0.7045824266408438,9.066953883322607e-10,0.9891586046898225,1.0010245663657333,0.9901720633265635,5.276636014836203e-05,1.0517034248776278,5.549456168635872e-05,0.04858673197777189,0.6405687677750391,0.031123143033217435,0.20000816990247341,0.6953302422350608,0.13907172922727803,0.3083014161960641,0.6815955528269388,0.21013687420948451,0.036485521654797154,0.603576237197191,0.022021793872579094,0.003307512445643373,1.0,0.003307512445643373,6.482846255425612e-05,0.6795566521058984,4.405461297454291e-05,9.257519657983522e-16,1.0,9.257519657983522e-16,1.0,1.0,1.0,0.06021758108058145,0.31987950022558026,-14.225645054937091,-0.8980333041072442,9.042538593189164,-2.5861200759675027,-1.0293142314836725,-97.60124822111135,61.92862733093349,10.268003641187228,-3.119344874122542,318.15,10.0,0.2
256,0.009861594876629772,0.18782593767734249,0.001852263304697063,1.6075948216530011e-09,0.7024639609956478,1.1292774260944572e-09,0.9891872728301115,1.0010146508591693,0.9901909525463679,6.546770478753166e-05,1.0514116610894675,6.883350823837358e-05,0.048658437885690506,0.6423225177362079,0.03125441033184761,0.20000814502561182,0.6954630007682591,0.1390982647176051,0.30666930472611476,0.6799444870177361,0.2085181030860839,0.03820890796432025,0.6024898256192397,0.02302047829652489,0.0032161943103508977,1.0,0.0032161943103508977,7.062570482748137e-05,0.679554374596948,4.7994006674507784e-05,1.0007640991632929e-15,1.0,1.0007640991632929e-15,1.0,1.0,1.0,0.05858550046710781,0.31653090121033933,-14.100662564119489,-0.9041328049331459,8.947199353184683,-2.4513793711702556,-0.9201463611396499,-96.02876708314807,61.182817533177584,10.193549213494874,-3.1261007762836015,323.15,10.0,0.2
257,0.0084118485588757,0.18593063977128335,0.0015640203842109067,1.9949779662643526e-09,0.6994526321181606,1.3953925895213342e-09,0.9892112801902603,1.001010379142034,0.9902107586348291,8.120737568982876e-05,1.051167221741014,8.5362531488756e-05,0.04872475787648602,0.6431851788980427,0.031339042111551474,0.2000081096142147,0.6945768896153984,0.13892101067369692,0.3053015741468766,0.6775713724149802,0.20686360659515302,0.03966847392108243,0.600570161387478,0.02382370178477944,0.0031242973027902445,1.0,0.0031242973027902445,7.653761232003523e-05,0.678647161422953,5.194203334308234e-05,1.074493901752441e-15,1.0,1.074493901752441e-15,1.0,1.0,1.0,0.05721781381105155,0.3137134247007302,-13.981190509581873,-0.9103431091907203,8.85530358774826,-2.319876596743203,-0.8147160120843983,-94.51096661085096,60.46097597068531,10.122257216222183,-3.133488417554896,328.15,10.0,0.2
258,0.007170145926137213,0.18402647877000267,0.0013194967070541104,2.454720106543772e-09,0.6962959944203198,1.709211777609446e-09,0.9892317684806474,1.0010080092455895,0.9902289232493067,0.00010064778152776401,1.0509584999996617,0.0001057766415027126,0.048778950236687324,0.6438526345325138,0.03140645561962153,0.20000806122188192,0.693428174724802,0.138691224823336,0.30413344425585176,0.6751590635248347,0.2053384514103634,0.04092359575810688,0.598475655312513,0.024491775789077398,0.0030372211347186474,1.0,0.0030372211347186474,8.254764162130499e-05,0.6775648803306932,5.593138291672047e-05,1.1484887324737014e-15,1.0,1.1484887324737014e-15,1.0,1.0,1.0,0.0560497439443523,0.3113035926367091,-13.86750581250489,-0.9166989233326709,8.767204123265811,-2.1916580018089133,-0.7128552644212661,-93.04541555174076,59.76229521595702,10.054047452180907,-3.1406940774991643,333.15,10.0,0.2
259,0.006116366332169007,0.1819933851446083,0.0011131382135759495,2.9938439609796593e-09,0.6930097516000587,2.074763059727847e-09,0.9892490947962158,1.0010074115959708,0.9902456758056171,0.00012451744778768818,1.0507818465916627,0.00013084067371922783,0.048820100171511296,0.6443304066867579,0.031456274997998135,0.20000799734601887,0.6920283254692715,0.13841119948382793,0.3031446050333585,0.6727180099134371,0.2039308354140358,0.04199508807493537,0.5962115927066124,0.025037958347011686,0.0029544568707574226,1.0,0.0029544568707574226,8.868977039887344e-05,0.6763106659651922,5.998183768276209e-05,1.2232171377564375e-15,1.0,1.2232171377564375e-15,1.0,1.0,1.0,0.05506098395146799,0.30926097435937144,-13.759717182355471,-0.9232247663864055,8.683031493037799,-2.0669513007977787,-0.6144051447037473,-91.63002484299673,59.086202130256666,9.988942090411639,-3.147735315397046,338.15,10.0,0.2
260,0.005271157497227917,0.1780203408009214,0.0009383732540718456,3.622604098703845e-09,0.6895965412597651,2.498135256819619e-09,0.9892629043081177,1.0010092201475627,0.9902612883623817,0.00015378737200909577,1.0506408466401642,0.00016157529473020225,0.04884675628502122,0.6445002608094308,0.03148174716539088,0.20000791430693216,0.6902590021901842,0.13805726335964288,0.3023552192370807,0.6702873831183216,0.20266488867458923,0.04286332350635662,0.5936655978203285,0.025446480573967346,0.002875462714291339,1.0,0.002875462714291339,9.49137669188766e-05,0.6747622853611611,6.404423027841768e-05,1.29795434905914e-15,1.0,1.29795434905914e-15,1.0,1.0,1.0,0.05427170115425823,0.30762638035691264,-13.657294522961859,-0.9299020935891568,8.602384051270068,-1.9455286743631761,-0.5192160816084425,-90.26239767248104,58.43171457321963,9.926744783072504,-3.15463520854472,343.15,10.0,0.2
261,0.004511441857034125,0.17590693334540314,0.0007935939020369636,4.335554661119493e-09,0.6861085149524884,2.974660970036036e-09,0.989275363229913,1.0010113224992754,0.9902758396627263,0.0001890472004771336,1.05051349334212,0.00019859663497978172,0.0488582623414135,0.644698090188301,0.03149882842142828,0.2000078109382868,0.6884759144344698,0.13770056052977353,0.3016421412665347,0.6677976349893929,0.20143590855092824,0.043651703025096564,0.5911588812154017,0.025805091923463058,0.002799981263187214,1.0,0.002799981263187214,0.00010148558322427265,0.6732589837315562,6.832608062497806e-05,1.3763354744800827e-15,1.0,1.3763354744800827e-15,1.0,1.0,1.0,0.053558751398924756,0.3061535874591235,-13.561761344207747,-0.9368521204908736,8.526562524803609,-1.8285414454092208,-0.4271473259814443,-88.94165244346573,57.79927235043972,9.867956862438398,-3.1613953439812654,348.15,10.0,0.2
262,0.0038537383261765205,0.17459246463888414,0.0006728336724404869,5.13779876492754e-09,0.6818509432384756,3.5032129340353183e-09,0.9892860880234506,1.0010172321585948,0.9902924216462387,0.0002309658606674908,1.0504036327944193,0.0002426073790966219,0.04885899885109749,0.6441972208253718,0.03147483127218704,0.20000768549235456,0.6859121430394451,0.13718770018042026,0.30102693730636776,0.6645983617776685,0.20006200938476096,0.0443441923504183,0.5880235310357933,0.026075428566823388,0.0027224775717868683,1.0,0.0027224775717868683,0.0001085890979430823,0.6710448817664085,7.28681583903366e-05,1.4578181091381176e-15,1.0,1.4578181091381176e-15,1.0,1.0,1.0,0.0529437030379415,0.304880680770343,-13.473145858669822,-0.9440973293256759,8.455533464376275,-1.7164705331948387,-0.3380649196232316,-87.66636261265633,57.18868728131726,9.812753060384379,-3.1688982877738874,353.15,10.0,0.2
263,0.0033263493273089344,0.17173477142364574,0.0005712498414005973,6.034954590101309e-09,0.6775306523865858,4.088866720554767e-09,0.989294700563013,1.0010247498741918,0.9903084801829537,0.00028107559792448395,1.0503151296169437,0.0002952179530662145,0.04884081342433597,0.6434924734770304,0.031428695837056105,0.20000753163583682,0.6831045520630911,0.13662605530734284,0.30053128177921623,0.6614153988138516,0.19877601759403835,0.044914245230266096,0.5847132756566555,0.0262619554522352,0.0026478124470289068,1.0,0.0026478124470289068,0.00011599886911411768,0.6686401678965054,7.756150332026841e-05,1.5417400319699715e-15,1.0,1.5417400319699715e-15,1.0,1.0,1.0,0.052448238349569395,0.30385763714147984,-13.39021691827232,-0.951570818287777,8.388397045344652,-1.6082089744016275,-0.251844920598388,-86.4336295732386,56.59821521472407,9.760518165514442,-3.1763094588586047,358.15,10.0,0.2
264,0.0029086177017267393,0.16706540770561012,0.0004859294021987326,7.025277232726397e-09,0.6731641704548276,4.729164920583444e-09,0.9893015781048712,1.0010335791465774,0.9903240995856766,0.00034054310824143964,1.0502441470144601,0.0003576534062366837,0.04880174183423602,0.6426220178240469,0.03136107381084495,0.20000734539203935,0.6800973088045541,0.1360244573422689,0.30013371506291,0.658249593680238,0.19756289598990087,0.04538362152193438,0.5812655074586597,0.026379933794258934,0.0025756787327462466,1.0,0.0025756787327462466,0.00012377793652399078,0.6660827768195929,8.244635166889906e-05,1.6288376670721142e-15,1.0,1.6288376670721142e-15,1.0,1.0,1.0,0.05205090264420421,0.30304233978991396,-13.313013026957869,-0.9592922868308494,8.325215540530893,-1.5038589328352745,-0.1683692452988922,-85.24187090149469,56.027357653313224,9.711248449830196,-3.1836355663570637,363.15,10.0,0.2
265,0.002525640831101657,0.16432887623784212,0.0004150357195553448,8.091866498515352e-09,0.6687881920281064,5.411744765674879e-09,0.989308042293642,1.001042476322728,0.9903393725036174,0.0004101057912114711,1.0501772583033968,0.0004306837754288081,0.04874076501982798,0.641783468104409,0.03128101721248726,0.20000712492673572,0.677099637118325,0.13542475170897225,0.2997590506026273,0.6550576801584603,0.19635946829425951,0.04582773244081294,0.5778683430972404,0.026482395813476226,0.002505848576080822,1.0,0.002505848576080822,0.00013215464491381093,0.6635711189603344,8.769400560126316e-05,1.7219588623274362e-15,1.0,1.7219588623274362e-15,1.0,1.0,1.0,0.051676511642141106,0.3022846995255954,-13.242310706594543,-0.9673354985655425,8.266662694238658,-1.4040118561923896,-0.08752634031141363,-84.09009253448042,55.47613718309661,9.665189964786277,-3.190884303333938,368.15,10.0,0.2
266,0.002201115506154262,0.16155538468863373,0.00035560206234086874,9.231575257032622e-09,0.664398313927664,6.1334430356688204e-09,0.9893136948324928,1.001051979542753,0.9903544326008219,0.0004911470545968319,1.0501184998579927,0.0005157626081828966,0.04865542336234734,0.6408847309199183,0.031182517909372674,0.2000068651881935,0.6740192864049778,0.13480848455024277,0.2994299027120766,0.6518663467259058,0.19518827678141473,0.04622428199156334,0.5744351101164052,0.026552850515875453,0.002437994866621546,1.0,0.002437994866621546,0.00014111038923917378,0.6610113944008092,9.327557515542717e-05,1.8206343318088914e-15,1.0,1.8206343318088914e-15,1.0,1.0,1.0,0.051347685923098435,0.3016310274498061,-13.177545415334864,-0.9756780050399598,8.212295663879765,-1.3083460350648373,-0.00921072547540572,-82.976479053582,54.94369284903836,9.622136778668542,-3.198067761430145,373.15,10.0,0.2
267,0.0019529368658411635,0.15638866067767745,0.00030541718083696074,1.0442113750249836e-08,0.6592696541373841,6.88416872059042e-09,0.9893181296425293,1.0010657462218813,0.9903724917014345,0.0005840985177292143,1.050071930676243,0.0006133454582170478,0.04855013634585303,0.6391770166411636,0.031032131307064056,0.2000065656439126,0.6700762640172823,0.13401965228560025,0.29916901697310894,0.6479892446124678,0.19385830531985943,0.046555522690226094,0.5702940300523844,0.02655033665620426,0.0023671185797133065,1.0,0.0023671185797133065,0.00015092900354868595,0.6576349311763254,9.925618486125146e-05,1.9241685231532302e-15,1.0,1.9241685231532302e-15,1.0,1.0,1.0,0.051087171729423404,0.30112196428106386,-13.118848300180728,-0.984347317120744,8.162148494311433,-1.2173985492167032,0.06667874521905377,-81.90015898781242,54.43005274020375,9.582317788651926,-3.2061214557986935,378.15,10.0,0.2
268,0.0017060264492444969,0.15445947526391696,0.0002635119501366684,1.168977053621595e-08,0.654173550218402,7.647138692914872e-09,0.9893227747014682,1.0010792223830194,0.990390473983957,0.0006900321138508063,1.0500230881200072,0.0007245496510875999,0.04841790317095615,0.6375462739893029,0.030868653761017936,0.2000062225419379,0.666203854920533,0.13324491646553305,0.29889538140485267,0.6440965804917229,0.19251749308763488,0.04689757334635376,0.5662529547560645,0.026555889478262068,0.0022981063567680485,1.0,0.0022981063567680485,0.000161641136886478,0.6543505827473822,0.00010576997211761623,2.036262495675492e-15,1.0,2.036262495675492e-15,1.0,1.0,1.0,0.05081396173405145,0.3006014195438677,-13.066406310431878,-0.9933757085009733,8.116501033124605,-1.130939594725772,0.14023515155491167,-80.85957306777942,53.93449824720077,9.545579340245947,-3.2141229581888124,383.15,10.0,0.2
269,0.0015246531260878623,0.149486385366523,0.00022791488475664424,1.2977569739407416e-08,0.6490810637290512,8.423494771072517e-09,0.9893265294967434,1.0010936649245936,0.9904085212210239,0.0008108283256669815,1.0499831396830963,0.0008513560711278053,0.04825514562796697,0.6357918941827084,0.03068023044286756,0.20000582860941035,0.6621973160022026,0.1324433228899481,0.29867155812902196,0.640237869360778,0.1912208420151887,0.04718818178949461,0.5621237918903965,0.02652559967992407,0.0022306355888312727,1.0,0.0022306355888312727,0.00017310882754398283,0.6509565473946511,0.00011268632470156719,2.1548035452170685e-15,1.0,2.1548035452170685e-15,1.0,1.0,1.0,0.05059062707972181,0.3001962242326795,-13.019179136931697,-1.00270167466897,8.07450768939087,-1.0483180940978685,0.21154802137419557,-79.8528142756121,53.45591630523285,9.511561812698975,-3.222084331912418,388.15,10.0,0.2
270,0.0013529997150926079,0.14627886863245956,0.0001979152675837867,1.4271220055437185e-08,0.6440214156138073,9.19097134263882e-09,0.9893303712690082,1.0011080884664794,0.9904266368429492,0.000946689885103427,1.0499421448463873,0.0009939696084698716,0.04806179160699969,0.6340677928604516,0.030474434125169265,0.20000538406461016,0.6582188120800226,0.1316473063086164,0.29844186085712554,0.6363782504257878,0.18992190926607397,0.047483104639631714,0.5580515711100241,0.026498021145328145,0.0021646363243058623,1.0,0.0021646363243058623,0.00018559538691879593,0.6476069529202539,0.00012019286299853703,2.2827327064844803e-15,1.0,2.2827327064844803e-15,1.0,1.0,1.0,0.05036148120719573,0.2997948748434382,-12.977704790909211,-1.012382706515679,8.036638588020214,-0.9699233828953897,0.2807021781797645,-78.8790844353928,52.99425657202565,9.480428646037812,-3.2300072016569423,393.15,10.0,0.2
271,0.0012043911029373628,0.1431912522155929,0.00017245827018692,1.5555631700415374e-08,0.6389903738292716,9.939898915398904e-09,0.989334078449061,1.001122769814006,0.9904448728883108,0.0010986152807529641,1.0499023398005607,0.0011534387538031869,0.04783604997116372,0.6323275862312491,0.03024805401310336,0.20000488546439585,0.6542229880529756,0.1308477937937102,0.29821881755678015,0.6325310745825462,0.18863266912992646,0.0477699717461321,0.5539931189897542,0.026464235641692157,0.0020999447537607394,1.0,0.0020999447537607394,0.0001991437248455104,0.6442550742137051,0.00012829935522953794,2.4201527499544358e-15,1.0,2.4201527499544358e-15,1.0,1.0,1.0,0.05013905635485405,0.2994232242153492,-12.941628772593749,-1.0224079202947018,8.002618032172876,-0.8955488388713428,0.34777811817713317,-77.9370531652842,52.548893780332065,9.452047931203754,-3.237896655745443,398.15,10.0,0.2
272,0.0010929837812976985,0.13788031673994672,0.00015070094995695132,1.6821988649003827e-08,0.6332097544941024,1.065184730253828e-08,0.9893372775541421,1.001141650791948,0.9904667552405655,0.0012651731925491867,1.0498674153554912,0.0013282641096386695,0.04758586758208579,0.6297686235165246,0.02996808632600978,0.20000433973010587,0.6493853503874979,0.12987988823465496,0.29802310884623223,0.6279454841847352,0.18714226538268736,0.04803270738555989,0.5492445438372349,0.026381702457249225,0.0020319680282912156,1.0,0.0020319680282912156,0.0002142434078738625,0.6400864229840054,0.00013713429659388402,2.5663710488570523e-15,1.0,2.5663710488570523e-15,1.0,1.0,1.0,0.04994402455593268,0.2991161094495185,-12.911213531515143,-1.032814377444766,7.972575067931589,-0.8258253165731327,0.4128537850860994,-77.02628701477916,52.120062848940684,9.426710356556887,-3.246795199899805,403.15,10.0,0.2
273,0.0009756301998574459,0.13552175217487206,0.00013221911415940167,1.802908398385031e-08,0.6274889477943776,1.1313050938722685e-08,0.9893408415874354,1.0011603079324478,0.9904887816138239,0.0014476912430283091,1.0498285568921444,0.0015198276084938045,0.04730368375988949,0.6272696341508102,0.029672164406051502,0.2000037416650992,0.6446188717960296,0.1289261863071408,0.297805347672075,0.6233689104553771,0.18564259510612618,0.04831590004741479,0.5445868589880863,0.026312204246003956,0.001965495667563688,1.0,0.001965495667563688,0.00023077982904064207,0.6359950516956087,0.00014677482930100681,2.724775918958144e-15,1.0,2.724775918958144e-15,1.0,1.0,1.0,0.049727005202775246,0.2987809959010164,-12.886193995899124,-1.043597459233931,7.946420257393733,-0.76014615613292,0.47600021791521085,-76.14517052037772,51.706773457076345,9.404086864482807,-3.2556646176723056,408.15,10.0,0.2
274,0.000891450086577607,0.13048596233428056,0.00011632172242005677,1.9174143728861736e-08,0.6218077209975615,1.1922630614123222e-08,0.9893441000063478,1.0011794964832306,0.99051102789301,0.0016473188890993196,1.0497925611992982,0.0017293431156995566,0.04698731686656403,0.6247129933244427,0.0293535873679953,0.20000308695327143,0.6398044495145073,0.12796286494933995,0.2976036162276082,0.6188301422557456,0.18416608816595514,0.04858162681657768,0.5399108395284968,0.026229746920198593,0.001900360881644976,1.0,0.001900360881644976,0.00024870459218356107,0.6318635277014594,0.00015714736097265764,2.8941326818013424e-15,1.0,2.8941326818013424e-15,1.0,1.0,1.0,0.049526085842240955,0.2984950854883295,-12.865921146814136,-1.0547200198653828,7.923627911109883,-0.6981039418401731,0.5372864359165848,-75.29233932358702,51.30825497346213,9.383951464965943,-3.264511522981086,413.15,10.0,0.2
275,0.000807991940463027,0.12710593193307146,0.00010270056858696382,2.022452831439994e-08,0.616183340818812,1.24620174232516e-08,0.9893476010645955,1.0011986287219288,0.9905334615152029,0.001863208442202599,1.04975382982951,0.0019559101979728533,0.0466386918549665,0.622188537640939,0.02901805948272797,0.20000237962642747,0.6350365588219878,0.12700882291417534,0.2973865452770576,0.6143080518420603,0.18268694927318993,0.04886122117935131,0.5352998738538003,0.026155405533649395,0.0018366064369641304,1.0,0.0018366064369641304,0.0002682889599146769,0.6277813765307746,0.00016842681256324567,3.076950774321035e-15,1.0,3.076950774321035e-15,1.0,1.0,1.0,0.04930989223763213,0.298194557442049,-12.850626120114438,-1.0662153643254604,7.904411645890057,-0.6398485360800761,0.5967780393048391,-74.46703484841032,50.924310211323515,9.366358442938207,-3.273334731257458,418.15,10.0,0.2
276,0.0007431029214049629,0.12237683418058005,9.093858299187976e-05,2.1172166220005716e-08,0.6106067842932849,1.2927868332120624e-08,0.9893510326686328,1.0012180464368847,0.990556108168803,0.0020956762026261557,1.049715512939064,0.002199863819993905,0.04625729744705016,0.6196422350522318,0.028662975177566052,0.20000161872331515,0.6302614015198296,0.1260533005227912,0.2971717858102492,0.6098167342357141,0.18122032792980133,0.04913710251408022,0.530703900006035,0.026077251939218716,0.0017741602923865892,1.0,0.0017741602923865892,0.00028958245515991706,0.6236948093870048,0.00018061107417278544,3.2730542620514366e-15,1.0,3.2730542620514366e-15,1.0,1.0,1.0,0.049096076571081275,0.2979149099038204,-12.839931884156579,-1.0780666518733504,7.888473079753635,-0.585139426153287,0.6545374840880533,-73.66815355033144,50.55436695322058,9.351168432454125,-3.282137063054246,423.15,10.0,0.2
277,0.0006753136644624532,0.1196289693689435,8.078707768040784e-05,2.200265243975023e-08,0.604238187699467,1.3294842834775916e-08,0.9893545611382819,1.001241581702436,0.990582925658613,0.0023388544239594214,1.0496757447845506,0.0024550387594122463,0.045859986270516545,0.6162751357576939,0.02826236926470856,0.20000082893519797,0.6246721055842065,0.12493493892953679,0.2969488839697981,0.6044941890419232,0.17950387480222726,0.049423893513231204,0.5254434354744201,0.025969460402114106,0.0017088965855333728,1.0,0.0017088965855333728,0.0003135699245800454,0.6188015131831158,0.00019403754381884766,3.483065543367062e-15,1.0,3.483065543367062e-15,1.0,1.0,1.0,0.048874154358938424,0.297624219636913,-12.8345578422228,-1.09034869222012,7.876316792322109,-0.5349014023150752,0.710625967944398,-72.89579973219423,50.19903612860048,9.338827800187078,-3.292115270880506,428.15,10.0,0.2
278,0.0006282477157890533,0.11453074362909704,7.195367807260191e-05,2.2708352318929772e-08,0.5979321844735644,1.3578054707853e-08,0.9893579450420681,1.0012654722255967,0.9906099500426924,0.0025969234725912622,1.0496370823142391,0.0027258271767640536,0.04543330349382635,0.6128823666399781,0.027845270569568686,0.1999999930003277,0.6190805616537327,0.12381610799738547,0.2967321674257791,0.599219938889406,0.17780783123139635,0.049702757145425595,0.5202000755598993,0.025855378022585727,0.0016452946353425404,1.0,0.0016452946353425404,0.0003396410629737337,0.6139042661315586,0.0002085070975130326,3.707438214103471e-15,1.0,3.707438214103471e-15,1.0,1.0,1.0,0.04865847468220666,0.2973604378499206,-12.83340743342198,-1.1029830746902822,7.867162445825803,-0.4879373285828755,0.765098407505226,-72.14799566788723,49.856813357942364,9.328719696174003,-3.302074180406752,433.15,10.0,0.2
279,0.0005794350689519147,0.11094368928506405,6.428466425067089e-05,2.3269416160559067e-08,0.5917003025672785,1.3768520582766734e-08,0.9893615430810657,1.001289299624214,0.990637126546772,0.0028682813905231267,1.0495958418661118,0.003010536220795023,0.04498066903118733,0.6095262598578461,0.027416898960483268,0.19999911774209891,0.6135518843921942,0.12270983556744111,0.296500992591492,0.5939790394153728,0.17611537476519895,0.049994271333390426,0.5150306076254556,0.025748579942627966,0.001583431981230548,1.0,0.001583431981230548,0.0003680876163276804,0.6090648317333138,0.00022418922210173532,3.948338253702027e-15,1.0,3.948338253702027e-15,1.0,1.0,1.0,0.048428385490662376,0.2970804509298601,-12.836578187906126,-1.1159908492828103,7.861112721853303,-0.44428665510671955,0.8180087878325287,-71.42403766401422,49.527447066264244,9.32084837412833,-3.3120107294651033,438.15,10.0,0.2
280,0.0005421293291786409,0.10621463260555136,5.7582067523403344e-05,2.3687586045971552e-08,0.585534504815675,1.3869898965706669e-08,0.9893651117897715,1.001313320478334,0.9906644652516342,0.0031525959114734716,1.049554470825392,0.0033088211335928334,0.04450287472244439,0.6061675142342677,0.026976196946783146,0.19999820467991306,0.6080468645569157,0.1216082812726334,0.2962690745303454,0.5887812392908267,0.17443767286552309,0.05028476115764698,0.5098985472527157,0.025640126663233984,0.0015232711236356348,1.0,0.0015232711236356348,0.00039899899956981523,0.6042442118629129,0.00024109283602915385,4.205591718566837e-15,1.0,4.205591718566837e-15,1.0,1.0,1.0,0.0481975999630965,0.2968112275471102,-12.843763179093033,-1.129357888975046,7.857926702502482,-0.4037414464691325,0.8694086281499998,-70.72300981712544,49.210450421605465,9.315095410009574,-3.321926546181854,443.15,10.0,0.2
281,0.0004981469871053271,0.10384994249318957,5.173253596404386e-05,2.395115588309963e-08,0.5794439931251142,1.3878353404865323e-08,0.9893689307157848,1.0013371900080397,0.9906919049642029,0.003448071119447945,1.0495100860679796,0.003618785417340329,0.04400373152951517,0.6028563799391985,0.02652793029369989,0.1999972613486915,0.6026177345681005,0.1205218965537728,0.2960202541249781,0.5836145143090596,0.17276171683679353,0.05059032075219642,0.5048491096530645,0.025540478388809313,0.0014648901597038477,1.0,0.0014648901597038477,0.000432670471520299,0.5994919878628424,0.0002593824810612575,4.481164151394602e-15,1.0,4.481164151394602e-15,1.0,1.0,1.0,0.04794994963606845,0.2965184250632393,-12.855006105101044,-1.143100027173486,7.857662057627643,-0.3662984151633973,0.9193470632062777,-70.04423394058146,48.90555258026112,9.311445560567917,-3.331817986064679,448.15,10.0,0.2
282,0.0004713739618155076,0.09879361844420997,4.6568739328136844e-05,2.4091428488517605e-08,0.5724447885775952,1.3791012687641736e-08,0.9893723211170045,1.0013664490708807,0.9907242480059498,0.003746744205517847,1.049469323200119,0.003932093105568782,0.04350446816806009,0.5985203004527242,0.0260383073589833,0.19999632093395792,0.5961954376841335,0.11923689409443751,0.2957917243634838,0.5775233198410723,0.17082661863591456,0.05087786219158774,0.49897892565160873,0.02538698101580906,0.0014042417829164097,1.0,0.0014042417829164097,0.0004703492376754373,0.5937447930201493,0.00027926741077078743,4.770662603377259e-15,1.0,4.770662603377259e-15,1.0,1.0,1.0,0.047722586335393447,0.29626312241672775,-12.870546737024352,-1.1572509005334521,7.860403841981753,-0.33262150503951293,0.9678731381228104,-69.38773019210825,48.613164973611866,9.310220130066412,-3.343126956127407,453.15,10.0,0.2
283,0.0004473209249312234,0.09394572669643644,4.202388935918587e-05,2.4088336794404863e-08,0.5655350637766301,1.3622799085296722e-08,0.9893757414644543,1.0013957483721287,0.9907566610450269,0.004054063376699342,1.049427690297409,0.004254446365728906,0.04298897616073743,0.594214880986906,0.025544689353101533,0.19999536096599382,0.5898395415033834,0.11796517201498546,0.29555830777642744,0.5714895764067696,0.16890849211465214,0.0511681054285035,0.4931809551225348,0.025235135107039917,0.0013457444037012687,1.0,0.0013457444037012687,0.0005112474596670052,0.5880537891570444,0.00030064100585409557,5.078118322517846e-15,1.0,5.078118322517846e-15,1.0,1.0,1.0,0.04749036046236799,0.29600565278969543,-12.889701662269502,-1.1717611735754216,7.865733648487673,-0.30170124020323713,1.0150295753084082,-68.75187460509017,48.33202736406602,9.310900209673626,-3.3544110940746372,458.15,10.0,0.2
284,0.00041666800832928423,0.09125231151443457,3.802191889416284e-05,2.3942922903740883e-08,0.5587187512085013,1.3377359985059512e-08,0.9893793193171795,1.001424903251627,0.9907890891263671,0.004368484650830023,1.0493838468378536,0.004584217227740127,0.04246059671653054,0.5899654957246399,0.025050286990631956,0.19999438798566005,0.5835761139442783,0.11671194775133575,0.2953124898355849,0.5655071906348578,0.16700133648630663,0.05146855661208754,0.48747713367345363,0.02508974445157031,0.0012894177848609,1.0,0.0012894177848609,0.0005556364475710857,0.5824436622250494,0.00032362692738901994,5.4046546207372e-15,1.0,5.4046546207372e-15,1.0,1.0,1.0,0.047245749375689844,0.29572918178683716,-12.912421782580438,-1.1866370915227278,7.873629585899157,-0.2734724196454681,1.0608592081628971,-68.13601509260097,48.061837635171344,9.313441772745337,-3.365667120963434,463.15,10.0,0.2
285,0.00039723932388778055,0.08677501877984681,3.447044979045581e-05,2.3672286320275903e-08,0.5519835646004146,1.3066712985307527e-08,0.989382736316225,1.0014542773900825,0.9908215732597877,0.00468995603624984,1.049341006372132,0.0049213631869194615,0.04191957018952062,0.5857203491253828,0.02455314528659201,0.1999934023234142,0.5773526469895075,0.11546672021186069,0.2950722834251445,0.5595874861345143,0.1651187573098475,0.051761300014795945,0.4818198981637432,0.024939624301951947,0.0012351653448794317,1.0,0.0012351653448794317,0.0006035559219244971,0.5768631823787211,0.00034816918986488847,5.7489741071602815e-15,1.0,5.7489741071602815e-15,1.0,1.0,1.0,0.047006765549658235,0.29546954642131856,-12.938385325191197,-1.2018593757515927,7.883833648217484,-0.2477210171192149,1.1054030358142934,-67.53937677344891,47.802154079656226,9.31772700852281,-3.3768991053246857,468.15,10.0,0.2
286,0.000379400693797193,0.08254863967982012,3.131901116653825e-05,2.328103756275992e-08,0.5453335987469414,1.2695931996662587e-08,0.9893861267602779,1.0014836814754524,0.9908540606286217,0.00501698699606444,1.0492977621917132,0.005264313227915341,0.04136912854170456,0.5815058206917229,0.02405638904394529,0.19999241028591838,0.5711960355235469,0.11423487189011522,0.29482980361498445,0.5537240693276384,0.16325435861675763,0.05205422104011859,0.4762321505151727,0.02478989362932782,0.0011829975865111026,1.0,0.0011829975865111026,0.0006552656406860854,0.5713380268166801,0.0003743781781903557,6.111941572775309e-15,1.0,6.111941572775309e-15,1.0,1.0,1.0,0.0467655162315662,0.2952092275898192,-12.967558378404062,-1.2174344959936647,7.896335412462508,-0.2243919052965332,1.1487002405058575,-66.96136822996282,47.5527024837979,9.323718044054406,-3.3881039265962265,473.15,10.0,0.2
287,0.055888384824205,0.17883102655455424,0.009994577230588551,4.5223206648522566e-11,0.6992599378718407,3.162277667141133e-11,0.988357419835574,1.001417645874342,0.9897585606541792,1.5350798529350142e-06,1.0598713701131304,1.6269871869632968e-06,0.02251478402030387,0.5968653563587014,0.013438294587617862,0.2000083196283283,0.6604138615853612,0.13208826671494348,0.3538096176882497,0.686546114972859,0.24290661846390038,0.019454593675409027,0.5867165640944618,0.011414332357089833,0.002142237480077539,1.0,0.002142237480077539,5.515076102172054e-05,0.6538973357359159,3.606293569591127e-05,8.759975769911691e-16,1.0,8.759975769911691e-16,1.0,1.0,1.0,0.0784047039243618,0.40969800255767796,-16.246705841485166,-0.8805521245419835,10.49999999904239,-4.680499820985002,-2.214276009693388,-115.4600432347034,70.62708387536577,11.47240488496371,-3.0417255926757103,273.15,10.5,0.2
288,0.051470484949408306,0.17972138618941103,0.009250346902948878,5.858607412506186e-11,0.6992690724571964,4.096742971234055e-11,0.9884334332488829,1.0013728379318174,0.9897903921591236,1.742963733001873e-06,1.0590910166526841,1.8459572319737118e-06,0.02259980685971462,0.6010528881874868,0.013583679185510851,0.20000836746228395,0.6643010564794546,0.1328657698099262,0.34947701440253554,0.6868997474378857,0.24005567292844798,0.023859236185891492,0.5877696710511832,0.014023735404513927,0.002070288037451329,1.0,0.002070288037451329,6.86340544148644e-05,0.6561140843232787,4.5031769765802853e-05,1.081018474649445e-15,1.0,1.081018474649445e-15,1.0,1.0,1.0,0.07407203477285593,0.4009474994105298,-16.086459846887788,-0.8878264731109385,10.38756128273379,-4.541756475945359,-2.061696728026892,-113.2740376931259,69.64154346055574,11.374905831664725,-3.049013785810288,278.15,10.5,0.2
289,0.04677209046762288,0.1807706278729211,0.008455020160761257,7.551286681680136e-11,0.6995826413174513,5.2827490821150826e-11,0.9885143922553211,1.0013280736640073,0.9898272121861676,2.013340668644016e-06,1.0582605305170034,2.130638964110674e-06,0.022683404737856058,0.6055526357534166,0.013735995526870277,0.20000842071211572,0.6682590047522369,0.13365742816714513,0.3448625614991034,0.6870030351563795,0.23692162646168766,0.028542872274556007,0.5891646330159597,0.016816450868860203,0.0020012047997121788,1.0,0.0020012047997121788,8.368291484272907e-05,0.6586358387704453,5.511656680819663e-05,1.305836232371059e-15,1.0,1.305836232371059e-15,1.0,1.0,1.0,0.06945750854614759,0.39163465204223913,-15.930600904945553,-0.8950293371922698,10.2771400167673,-4.402017994277429,-1.9149990761172428,-111.17099324702004,68.68656183641426,11.280142288406216,-3.0566843589369603,283.15,10.5,0.2
290,0.04195384710856524,0.18190334409022024,0.007631545086497834,9.695644586553061e-11,0.700093475202874,6.787857512931864e-11,0.9885974840454698,1.0012844684640123,0.9898673063373281,2.3631647408573063e-06,1.0574088218022686,2.4988312443545874e-06,0.022765083813951342,0.61025269949246,0.013892453851635914,0.20000847833962918,0.6722066428373276,0.13444702776368447,0.34012642639141416,0.6868591003205695,0.23361893122645713,0.03334514395248727,0.5907912369391223,0.019700018841603044,0.0019351763936715945,1.0,0.0019351763936715945,0.00010002616517225831,0.6613614839558843,6.615345303274118e-05,1.5454757059739038e-15,1.0,1.5454757059739038e-15,1.0,1.0,1.0,0.06472129408725744,0.3820802735969357,-15.778430540259034,-0.9021338386413432,10.168267282735757,-4.261263518099067,-1.773874340378078,-109.146083605606,67.76054912878134,11.187816675560411,-3.0646085094749,288.15,10.5,0.2
291,0.03706880337538459,0.18440390932178913,0.00683563225630165,1.2367429741895456e-10,0.700646510703543,8.665196495030282e-11,0.9886817990235185,1.0012393695328599,0.9899071411229214,2.8074050577738138e-06,1.0565452394173795,2.966150448907194e-06,0.022843540313125372,0.6156987650597807,0.014064739560384608,0.20000854012754532,0.6767717847694416,0.13536013667124933,0.33532036847766356,0.686354987983364,0.23014880747706398,0.038213062937084076,0.593174169219796,0.022667001861048627,0.0018734312959117149,1.0,0.0018734312959117149,0.00011761847281395346,0.6648861230760503,7.820289039139529e-05,1.799836228566092e-15,1.0,1.799836228566092e-15,1.0,1.0,1.0,0.05991515109356774,0.37238917197672244,-15.631333547134005,-0.9092315055096231,10.06222158462464,-4.120722825153142,-1.6380360256894324,-107.19609985221516,66.8632761520849,11.09828837284244,-3.0724041833471314,293.15,10.5,0.2
292,0.03247391006304848,0.18555174302370164,0.006025590614993571,1.5781757146230525e-10,0.7012120040198595,1.1066357555463053e-10,0.9887610442063912,1.0012013064757792,0.9899488492517946,3.3851170013193998e-06,1.05573409537454,3.57378343512491e-06,0.022919965587695056,0.6203713196621385,0.014218889298249182,0.20000860291228242,0.6803465327755871,0.13607515951666055,0.3308025646043697,0.6857634657675973,0.22685231318790205,0.042790555235248766,0.594834665913271,0.02545330562760258,0.0018138607151144698,1.0,0.0018138607151144698,0.0001356209008640067,0.6676129226888857,9.054226600351906e-05,2.0539784637124727e-15,1.0,2.0539784637124727e-15,1.0,1.0,1.0,0.05539726076774486,0.36327647482523573,-15.485702613346009,-0.9161240315504415,9.955995301783538,-3.978713512635997,-1.5072147597924674,-105.31525323419594,65.99170797312537,11.010491589648332,-3.0804754804191856,298.15,10.5,0.2
293,0.02825213549562724,0.18576490871904972,0.005248255371463418,2.0110744985136e-10,0.7008589433028465,1.4094795479315447e-10,0.9888337247732109,1.0011711930567924,0.9899918399659874,4.123752039387571e-06,1.0549904662712484,4.350519086820502e-06,0.02299609541270652,0.6241754578838989,0.01435359838376792,0.20000866655844415,0.682861133092146,0.1365781446743484,0.32665774613568066,0.6842817841343063,0.2235259453270148,0.04699469005024873,0.5956835613297021,0.027993964332717683,0.0017546638297318742,1.0,0.0017546638297318742,0.00015402332413412588,0.6694577368714362,0.00010311210600024763,2.304829471100683e-15,1.0,2.304829471100683e-15,1.0,1.0,1.0,0.051252354660373145,0.35490988183241523,-15.343131802979615,-0.9229116654976036,9.85094122151988,-3.8368458168086836,-1.381160342935116,-103.50134936883734,65.14619229211267,10.925030621049803,-3.0892471788587637,303.15,10.5,0.2
294,0.024397942154714986,0.185813458381147,0.004533466009150766,2.5515070866379457e-10,0.7003065772978656,1.7868371947946656e-10,0.988900001428883,1.001144885500345,0.9900321787018102,5.063206975521956e-06,1.054312579256053,5.338202805669789e-06,0.02306832847894433,0.6277394040153721,0.01448089877100335,0.20000873025529312,0.6850222471338403,0.13701042984586698,0.32287681302441945,0.682650693724963,0.22041208039882512,0.05083122960133283,0.5963223821947707,0.03031179992575614,0.001699176945974658,1.0,0.001699176945974658,0.00017264063456989517,0.6710975566456491,0.000115858708037611,2.553672420215018e-15,1.0,2.553672420215018e-15,1.0,1.0,1.0,0.047471333840634844,0.34727475543428515,-15.20450191440412,-0.9296573704091703,9.747915015834208,-3.6958031204389408,-1.2596405481882562,-101.75154144424603,64.32623130132136,10.842066812903084,-3.0977976017437916,308.15,10.5,0.2
295,0.020947233957951367,0.18567437213580035,0.0038893645131243357,3.2207909539799484e-10,0.699506701061894,2.2529648550285004e-10,0.988959242321024,1.001122482093741,0.9900693313619691,6.253229733468566e-06,1.0537067303460568,6.589070256555911e-06,0.023136563725702955,0.6310085682200582,0.014599369950087955,0.20000879333230898,0.6867895796426632,0.13736395509753277,0.3194956169521597,0.680895941568037,0.21754326893150167,0.05426445581043698,0.5966931239152596,0.03237922765509121,0.00164726520179774,1.0,0.00164726520179774,0.00019133648988718213,0.6724781213107016,0.0001286696032575163,2.799127314894877e-15,1.0,2.799127314894877e-15,1.0,1.0,1.0,0.04409005091338779,0.34044285123219015,-15.07014791690422,-0.9363936892742948,9.64724558297046,-3.556131792939263,-1.1424368330364119,-100.06309565310896,63.531270189367696,10.761713815315114,-3.1060761537030523,313.15,10.5,0.2
296,0.017907078622519175,0.18534060451657447,0.0033189087770235308,4.042042392585027e-10,0.6984348791072241,2.823103389811394e-10,0.9890113202942605,1.0011038932394911,0.9901030832045136,7.753954521453421e-06,1.053174073851303,8.166263871816834e-06,0.023200812134528116,0.6339538013994547,0.014708243048238695,0.20000885533779345,0.6881453371087992,0.13763516118117092,0.31652129612986424,0.6790412861194929,0.21493102800823188,0.057287426152771576,0.5967634316945776,0.03418704102387765,0.0015987320632106859,1.0,0.0015987320632106859,0.00021004566393707246,0.6735689134027248,0.0001414802296230478,3.0408560205265637e-15,1.0,3.0408560205265637e-15,1.0,1.0,1.0,0.04111564471156874,0.33442837515658763,-14.940421303839328,-0.9431555375117875,9.549273216503327,-3.418347093314327,-1.0293444875684714,-98.43347523845817,62.76079383611071,10.684086893775842,-3.114057484984594,318.15,10.5,0.2
297,0.015263172203205486,0.1848173758111353,0.0028208994331499013,5.039574195316401e-10,0.6970863748101952,3.5130185064001217e-10,0.9890564823937226,1.0010888965691944,0.9901334626041406,9.637403125611025e-06,1.0527119679686037,1.0145409610468753e-05,0.023261162511758304,0.6365676547395018,0.014807303666624402,0.20000891600202078,0.6890911947040008,0.13782438287928464,0.31393970706904123,0.6771074546209879,0.21257091595797709,0.059914519331526014,0.5965230414954291,0.03574039130137858,0.0015533418092531395,1.0,0.0015533418092531395,0.00022876532128273473,0.6743600119547006,0.000154270184795046,3.279342584415774e-15,1.0,3.279342584415774e-15,1.0,1.0,1.0,0.0385339721180894,0.3292028797762043,-14.815652744716695,-0.9499778901937459,9.454319562361038,-3.2829096907250825,-0.920171576770473,-96.8602974027029,62.01429742147077,10.609289157641465,-3.121736353369257,323.15,10.5,0.2
298,0.013029046496443061,0.18336185639468064,0.0023890301526404097,6.244459804027949e-10,0.694738561618951,4.338267022337739e-10,0.9890944263027281,1.0010807810299256,0.9901634207954814,1.1977269341811848e-05,1.0523233122194,1.2603959745119308e-05,0.023320734078105164,0.6381791218777589,0.014882805595509882,0.20000897620677793,0.6889142355437846,0.13778903094538741,0.3117675756948231,0.67444290371805,0.21026942903675344,0.06213195916250451,0.5953405472735782,0.03698967457098505,0.0015081463540625247,1.0,0.0015081463540625247,0.00024781387899532433,0.6741440260291037,0.00016706224609179705,3.512815724504983e-15,1.0,3.512815724504983e-15,1.0,1.0,1.0,0.036361757843890036,0.3247966228157121,-14.696250330394122,-0.9569020756885632,9.362683720473308,-3.150636875747105,-0.8147367743854131,-95.34172688985485,61.29169472508719,10.537616593423117,-3.1299496627269776,328.15,10.5,0.2
299,0.011203007365143744,0.17997395945529096,0.002016249593311707,7.689031901655763e-10,0.6921378418469536,5.321869946304392e-10,0.9891252410902333,1.0010771779090115,0.9901907049491813,1.4895688211271714e-05,1.0520071831326012,1.5670370995961444e-05,0.023376391972091317,0.6392133082849762,0.01494250084824685,0.20000903394441097,0.6880851233819091,0.13762324079913646,0.3100001923792112,0.6718050937424915,0.20825970830150642,0.06394199621558595,0.593615236874517,0.03795694322974453,0.0014656009874836338,1.0,0.0014656009874836338,0.0002667562857386825,0.6733730847130176,0.00017962650299444365,3.740904053950981e-15,1.0,3.740904053950981e-15,1.0,1.0,1.0,0.03459429502544633,0.3212032005132582,-14.581556674802302,-0.9639006094558201,9.273935742767058,-3.020968496913604,-0.7128720265222064,-93.87472604684545,60.59157218685982,10.468685937632314,-3.1379163071533003,333.15,10.5,0.2
300,0.00956612025131344,0.17825090055574622,0.0017051695496211816,9.369917567286e-10,0.689356274244091,6.459211464158543e-10,0.9891527574449501,1.0010740802178604,0.9902151868541638,1.8471179231423495e-05,1.0517244990929535,1.9426591724825026e-05,0.023428772330164938,0.6403055022222145,0.015001571833316182,0.20000909185416108,0.6872750171521353,0.13746125203465157,0.30841934085430617,0.6690669547268732,0.2063531891642601,0.06556283357191613,0.591954002232947,0.038810181730628376,0.0014257238500050842,1.0,0.0014257238500050842,0.00028640353242885894,0.6726931864196203,0.00019266170483140413,3.975643885565575e-15,1.0,3.975643885565575e-15,1.0,1.0,1.0,0.033013363760709805,0.31798546204261136,-14.473586040011037,-0.971122655609356,9.189820497123694,-2.895297459765199,-0.6144185165240409,-92.45837100196414,59.9145215455835,10.403101798075056,-3.1455979655463797,338.15,10.5,0.2
301,0.008176647843783143,0.176436499340056,0.0014426591218935144,1.131921052847575e-09,0.6863954102601385,7.76945415451398e-10,0.9891759516383526,1.001073151994522,0.9902374877837864,2.2851739749648692e-05,1.0514856514057738,2.4028276456414555e-05,0.023477749483552725,0.6411579441569533,0.015052945592306638,0.20000914855132298,0.6861748571269969,0.13724124893129636,0.30708330423081903,0.6663082719474744,0.20461214578595757,0.06693659232256187,0.5900721625024157,0.03949741978231667,0.0013881081408205656,1.0,0.0013881081408205656,0.00030651931773618176,0.6717956109271043,0.00020591833231953742,4.213347848455022e-15,1.0,4.213347848455022e-15,1.0,1.0,1.0,0.031677249067085515,0.31525995320652317,-14.371427828310157,-0.9785262229603603,9.109609491625035,-2.7731810111872774,-0.5192265198476135,-91.09005000930514,59.259346033565386,10.340560513245384,-3.1530569118791445,343.15,10.5,0.2
302,0.006948806320876961,0.1760502560836116,0.0012233391322658085,1.3539228779519974e-09,0.6833033473812273,9.251400346006254e-10,0.9891963218754573,1.001073062438429,0.990257791292694,2.8167731069325093e-05,1.0512753494981248,2.9612041324473903e-05,0.023523585783965524,0.6419621506323597,0.015101251720459312,0.20000920487954496,0.6849880854089534,0.1370039223146066,0.30590669256176417,0.6635018599508472,0.2029696594861425,0.06814882246890841,0.5881523436015615,0.04008188964877524,0.0013525953890194686,1.0,0.0013525953890194686,0.0003274681415141802,0.6708718031960708,0.00021968914258688418,4.459032317455012e-15,1.0,4.459032317455012e-15,1.0,1.0,1.0,0.030500559835911812,0.312855500236564,-14.27561327135419,-0.9861653088511213,9.03379252493519,-2.6550449841657686,-0.4271552413305108,-89.76815598222228,58.625760058498145,10.281200716467605,-3.1603038198493643,348.15,10.5,0.2
303,0.005981595551994443,0.17337911851868298,0.0010370837641400716,1.6076659888172968e-09,0.679338545687977,1.0921494747951676e-09,0.9892120696836076,1.0010791750114079,0.9902796026301933,3.4577846134498145e-05,1.051111769775179,3.6345181045446164e-05,0.023568940073947466,0.6417191823185447,0.015124640952368349,0.20000926092325877,0.6826638080933997,0.13653908371581822,0.30499132336828916,0.6600490905168042,0.2013092456047558,0.06910050074555812,0.5852689344464677,0.040442376441070155,0.0013163914973266196,1.0,0.0013163914973266196,0.0003494321292019141,0.66888859610549,0.0002337311663360204,4.705234451127618e-15,1.0,4.705234451127618e-15,1.0,1.0,1.0,0.029585113472076405,0.31097292052794956,-14.185441794534766,-0.9940097030054201,8.96171791874097,-2.540927702777535,-0.3380705414616344,-88.49081978223903,58.01313320722315,10.224976023337323,-3.1682573844484914,353.15,10.5,0.2
304,0.005210952652540871,0.16888195421691876,0.0008800358672929386,1.893301160664412e-09,0.6752607972614226,1.2784720512062283e-09,0.9892243817513695,1.0010874945474717,0.9903001578727502,4.230596506829344e-05,1.0509829135756426,4.446284642910442e-05,0.023610619721067098,0.6411823184282462,0.015138711892281474,0.200009314786912,0.6800078532704058,0.13600790478233285,0.3042701624033773,0.6566321841176472,0.19979358130076091,0.06985621539744913,0.582121760057213,0.04066482305809887,0.0012819389099555148,1.0,0.0012819389099555148,0.0003721090861685392,0.6666287043744414,0.0002480585979984907,4.956062358183696e-15,1.0,4.956062358183696e-15,1.0,1.0,1.0,0.02886387833867626,0.30948111694921937,-14.100663185450642,-1.0020584197907705,8.893308761685033,-2.430354477072987,-0.2518485703183038,-87.25577507590997,57.420353417955596,10.171587267130205,-3.176061291769596,358.15,10.5,0.2
305,0.0045100989872286276,0.16619233261825817,0.0007495438710267696,2.2071096583205806e-09,0.6711285058483262,1.4812542072320985e-09,0.9892354703292494,1.0010959071623582,0.9903195805664421,5.1502826885405744e-05,1.0508662281542942,5.4122581428349885e-05,0.02364908121778323,0.6406866420123166,0.015151650432098084,0.2000093683254421,0.6773719814848171,0.13548074213813135,0.3036170408174029,0.6531779785961929,0.19831596498846898,0.07054223095256325,0.5790294921378515,0.04084603216273372,0.0012491454301828467,1.0,0.0012491454301828467,0.0003961645542666561,0.6644291952979025,0.0002632232959969465,5.22014995012541e-15,1.0,5.22014995012541e-15,1.0,1.0,1.0,0.028210683031897263,0.3081271420117411,-14.022187864314118,-1.0103931120244254,8.829370403109895,-2.3239427960696846,-0.1683712270638466,-86.06195476472908,56.847437553017734,10.121288399682445,-3.183722707538428,363.15,10.5,0.2
306,0.003913396745586882,0.16356488530717114,0.0006400942898533751,2.549791993961846e-09,0.6669371902349579,1.7005511081365028e-09,0.9892447351579594,1.0011052666751998,0.9903381143973464,6.241881880450457e-05,1.0507678139841312,6.558768578668087e-05,0.023683887908509116,0.6400865937237138,0.015159739137491857,0.20000942017272752,0.6746078093749007,0.13492791679706778,0.30306613265042165,0.6497273522898692,0.19691035593568876,0.07112456384834208,0.575854604519835,0.04095740758653278,0.0012178180163630288,1.0,0.0012178180163630288,0.00042146977946128203,0.6621410800226756,0.0002790724549694121,5.495238510234934e-15,1.0,5.495238510234934e-15,1.0,1.0,1.0,0.027659703472900504,0.3069795319458006,-13.949392098700352,-1.018986977383244,8.769410311306606,-2.221348060414903,-0.08752689203032307,-84.90742873870293,56.29347228388131,10.073857515178624,-3.191263826398143,368.15,10.5,0.2
307,0.0034414337292353876,0.1591466107573313,0.0005476925141537752,2.9216350966273158e-09,0.662684287671408,1.9361216728442576e-09,0.9892518186416824,1.0011161208438497,0.9903559432162847,7.533611286263842e-05,1.0506913044438217,7.915499869537249e-05,0.023714542023537462,0.6392890755539001,0.015160447647411378,0.20000946898456165,0.671621978280235,0.13433075523419058,0.3026378082554556,0.6463085270361215,0.19559739607902366,0.07158299883577204,0.5725100769745065,0.04098198817353386,0.001187799041474647,1.0,0.001187799041474647,0.0004479338747486473,0.6596694632465789,0.0002954882987254004,5.779688320134583e-15,1.0,5.779688320134583e-15,1.0,1.0,1.0,0.027231311865635488,0.30607924490632593,-13.881810312985778,-1.0278224483867524,8.713067353543927,-2.1223175424903595,-0.00921006303432449,-83.7904505610075,55.75766568134603,10.029123194822386,-3.1987001926269003,373.15,10.5,0.2
308,0.003018197966827446,0.15581412851411927,0.0004702778858843049,3.317620886085934e-09,0.6576838921900959,2.181945817172151e-09,0.9892579683704102,1.0011304684708109,0.9903762933131514,9.030301579605044e-05,1.0506237955451965,9.48744972048243e-05,0.02374477949749592,0.6378183502657113,0.015144856086515935,0.20000951978960738,0.6679174489526206,0.13358984822411327,0.3022598468268251,0.6421719277312334,0.19410278851252966,0.07199215416662753,0.5685822759528658,0.04093346286681067,0.0011567004979913349,1.0,0.0011567004979913349,0.00047700075706034686,0.6565196401214347,0.00031316036536291076,6.0785456213545855e-15,1.0,6.0785456213545855e-15,1.0,1.0,1.0,0.026853280480119417,0.30527804811127346,-13.820495594902248,-1.0369940599079628,8.661156038163494,-2.0279542145542035,0.06668041228456462,-82.71071465314992,55.24061173967227,9.987597288386185,-3.2069691234888227,378.15,10.5,0.2
309,0.002632675405583233,0.15392386723288426,0.00040523157959627325,3.733524544088269e-09,0.6526851802722169,2.436816140109001e-09,0.9892634497015166,1.0011449588039316,0.99039611559766,0.00010769467969691663,1.0505627174481134,0.00011314001535709699,0.02377086476029937,0.6363550128203649,0.015126708949291464,0.20000956883013857,0.6642135220780669,0.1328490601619819,0.30191786871949217,0.6380379968401286,0.1926350721680257,0.07236408535871165,0.5646845477965623,0.04086288081749592,0.00112683946006915,1.0,0.00112683946006915,0.0005080026927007519,0.6533938692043525,0.0003319258449499741,6.394073195681898e-15,1.0,6.394073195681898e-15,1.0,1.0,1.0,0.026511234845579518,0.3045505478585999,-13.76469673178846,-1.0464633536862247,8.613177237474437,-1.9373915123478218,0.14023762544252014,-81.66602498540146,54.740955112598044,9.948807772944578,-3.215149958551825,383.15,10.5,0.2
310,0.002347702787341124,0.14901592354349788,0.00034984509906128174,4.170402554178693e-09,0.6476588374468023,2.7009980699245516e-09,0.9892671712070988,1.0011608934907923,0.9904156050268076,0.000127900184625614,1.0505191869421413,0.00013436159796264982,0.023791830245564027,0.6346961029953367,0.015100581939986073,0.20000961345478527,0.660303082028525,0.13206696419952865,0.30167412853812203,0.633955603680908,0.191248004272297,0.07263669050928509,0.5606269259965273,0.040722084514781626,0.0010980582492822381,1.0,0.0010980582492822381,0.0005405929242079474,0.6500877787217465,0.0003514328532910379,6.721102375424824e-15,1.0,6.721102375424824e-15,1.0,1.0,1.0,0.026267433217530764,0.3040218354958657,-13.713607746477587,-1.0561846725143942,8.568475726149986,-1.8501541706705562,0.21155112761439349,-80.65465035218479,54.257758594285924,9.912482957225517,-3.2232585196604826,388.15,10.5,0.2
311,0.0020777736001329383,0.1458979722960354,0.0003031429551496292,4.6180996912291326e-09,0.6426489786499687,2.9678170498721386e-09,0.9892706188565323,1.001176755707219,0.990434748703256,0.00015111312390347995,1.0504780273130432,0.00015874101629923922,0.023808014450164748,0.6330767547051269,0.015072300524083062,0.20000965543121355,0.6564315849862649,0.1312926551272682,0.3014436542949607,0.6298714656657666,0.18987075634641154,0.07289498620433459,0.5566304734828982,0.040575570685448085,0.0010703155852255855,1.0,0.0010703155852255855,0.0005754556270816686,0.6468367451663724,0.00037222584480918014,7.0675016402454875e-15,1.0,7.0675016402454875e-15,1.0,1.0,1.0,0.026036901174201165,0.3035214325131933,-13.667801843398456,-1.066216749824088,8.527562874511577,-1.7666073318052646,0.2807057351537112,-79.67576838430266,53.79094763488341,9.878774177466696,-3.231295734917276,393.15,10.5,0.2
312,0.001865036913693852,0.14120184513938144,0.0002633466534666291,5.075287588368879e-09,0.6376381434185499,3.236196955162744e-09,0.9892730620068741,1.0011933787256106,0.9904536394328929,0.00017773232213181683,1.050446676473809,0.00018669832708533953,0.023818525334247245,0.6313632874665881,0.015038142457636556,0.2000096925702761,0.6524633496269616,0.13049899397226117,0.30126809883010636,0.6258212207666507,0.1885399693879051,0.07309743010390456,0.5525703100620558,0.04039146961725398,0.0010434968588277829,1.0,0.0010434968588277829,0.0006123820695784685,0.6435064065024753,0.0003940717850009891,7.42985207083474e-15,1.0,7.42985207083474e-15,1.0,1.0,1.0,0.025861294570072912,0.3031331408190878,-13.62669124573451,-1.0765288745225843,8.489965055064268,-1.686402951169071,0.34778196215189067,-78.72790727758193,53.33975558057931,9.847478831327377,-3.2392693743021956,398.15,10.5,0.2
313,0.0016544679030923856,0.1387813166704457,0.00022960923398015253,5.533028566211574e-09,0.6318816489190076,3.4962192139337473e-09,0.9892753565108285,1.0012134596512678,0.990475802239948,0.00020755820374714014,1.0504161089055142,0.000218022480751489,0.023828038969537526,0.6289524195223936,0.014986702762364506,0.20000973273311767,0.6477794769818943,0.1295622000611474,0.3010969246393293,0.6210113387347856,0.18698460425919672,0.07329686827536748,0.5479295536989137,0.040161520321650164,0.0010153082619544479,1.0,0.0010153082619544479,0.0006533543881504435,0.6394808075541217,0.00041780759175347485,7.812385374298445e-15,1.0,7.812385374298445e-15,1.0,1.0,1.0,0.025690065076377052,0.30275139807545026,-13.59123758209149,-1.087211945475775,8.456401344797051,-1.6106084775493592,0.41285775194712104,-77.81107017575539,52.904853943638955,9.819105903906022,-3.2482248249300185,403.15,10.5,0.2
314,0.0014853344039050434,0.13513164091708516,0.00020071567531028896,5.988534021456561e-09,0.6261482859919503,3.749710313139508e-09,0.9892769141958502,1.0012341343495734,0.9904978148168994,0.0002413024539081567,1.0503925424480092,0.0002534622980595324,0.0238314074028008,0.6264761750496207,0.014929808955755863,0.20000976813388552,0.6430377640320176,0.12861383408537605,0.3009649525692652,0.6162433036204866,0.18546763664526705,0.07345619076153918,0.5432583173872689,0.03990568659479203,0.0009880242914651449,1.0,0.0009880242914651449,0.0006969234517636333,0.6354077244295017,0.000442830544586684,8.213103298082234e-15,1.0,8.213103298082234e-15,1.0,1.0,1.0,0.025558044260613998,0.3024502929617043,-13.560248241549505,-1.0981862151047834,8.426002282742845,-1.5380271178916038,0.4760041786388806,-76.9230514821364,52.48466234028237,9.793031306085817,-3.2571275616880495,408.15,10.5,0.2
315,0.0013520714745790029,0.1301070050359999,0.00017591397015208219,6.4358861509562595e-09,0.6204424476389933,3.993096956225207e-09,0.9892778318395944,1.001255315958938,0.9905196880897261,0.0002792852823072154,1.0503749667563549,0.0002933542691189805,0.02382822056014106,0.6239457729733682,0.014867517495977119,0.200009798220344,0.6382516493702092,0.12765658360433726,0.3008665270537472,0.6115169908164279,0.18398499326129686,0.07358111555241607,0.5385672946944728,0.03962838234366611,0.0009615814870093672,1.0,0.0009615814870093672,0.00074325620757426,0.6312982377169281,0.0004692163340137978,8.632909844521375e-15,1.0,8.632909844521375e-15,1.0,1.0,1.0,0.02545957731702728,0.3022186049642124,-13.533607467721549,-1.109455481214428,8.39869014459094,-1.4685926987520492,0.5372902330062685,-76.0628280804989,52.07875132455338,9.769199640511566,-3.265979522613114,413.15,10.5,0.2
316,0.0012206197703221835,0.12672049119450013,0.000154677536856945,6.865437411049884e-09,0.6147822078247229,4.2207487692476975e-09,0.98927869612885,1.0012764033649104,0.9905414147854231,0.0003217103555523686,1.0503573550054428,0.00033791083813584645,0.023818582382719975,0.6214525943178087,0.014802119814713785,0.20000982396278075,0.6335166009637204,0.12670954383625294,0.3007678976918075,0.606810614031495,0.18250915267932757,0.0737054330639149,0.53394125892631,0.03935437171985559,0.0009359416548238555,1.0,0.0009359416548238555,0.0007928256071848545,0.627243109547482,0.0004972943991794986,9.076115461899974e-15,1.0,9.076115461899974e-15,1.0,1.0,1.0,0.025360912508594527,0.30198852432756695,-13.51146341244469,-1.1210449786816734,8.374610497496516,-1.4023953258516497,0.5967815263627102,-75.2295816381819,51.686863975210834,9.747635324881864,-3.274782169585817,418.15,10.5,0.2
317,0.0011176924279278143,0.12198974747483456,0.00013634701703744875,7.274783411452621e-09,0.6091543237004086,4.4314657690703675e-09,0.9892790456707073,1.0012979148636756,0.9905630456484061,0.0003689771294542865,1.0503443996904092,0.00038755306153615313,0.023801662603859575,0.6189162854645575,0.014731236606661433,0.20000984353357518,0.628751551079933,0.12575649935299008,0.3006953442927978,0.6021451844994075,0.18106225356729957,0.07380293668941859,0.5293057937415289,0.03906432198484851,0.000911028161813381,1.0,0.000911028161813381,0.0008455238848722594,0.623162136810933,0.0005268984708216787,9.540184583806976e-15,1.0,9.540184583806976e-15,1.0,1.0,1.0,0.025288332161241676,0.301813043995509,-13.493429082427888,-1.1329355984460556,8.353452601061512,-1.339204051464893,0.6545405257113738,-74.42221817564305,51.308437661778825,9.728203786733248,-3.2835398355483116,423.15,10.5,0.2
318,0.0010112552017992223,0.11921788862672662,0.00012055971002129764,7.65695133438173e-09,0.6027245908280816,4.615032860005755e-09,0.9892792947975436,1.001323524775468,0.9905886304540656,0.0004203131468158745,1.0503314124452272,0.0004414681011644157,0.02378399521731655,0.6155674455089397,0.014640653179920388,0.2000098695749086,0.6231800857857263,0.12464216767968347,0.30062261155555176,0.5966592264575308,0.17936925486637825,0.07390215683494528,0.5240108566573065,0.0387255325119023,0.0008845896319217171,1.0,0.0008845896319217171,0.0009040871817340846,0.618281664799163,0.0005589805278461333,1.0026439421429264e-14,1.0,1.0026439421429264e-14,1.0,1.0,1.0,0.025215563565931645,0.3016338744143023,-13.480357258829148,-1.1452120196513746,8.3358252023589,-1.2800604269134115,0.7106284690515615,-73.64095875679256,50.94420015541314,9.711409813593411,-3.2934600101938845,428.15,10.5,0.2
319,0.0009359128329621624,0.11415307316284652,0.00010683732609517672,8.009681426994094e-09,0.5963427990722107,4.776515841850363e-09,0.9892789716875977,1.0013496625056781,0.9906141644233404,0.0004768597957622414,1.050323565108081,0.0005008570807417085,0.023758814917480848,0.6121676107246997,0.014544376961684603,0.2000098900992708,0.617578936693956,0.12352189525578268,0.3005786637972001,0.5912333178076388,0.1777121206590054,0.07397181114505619,0.5187054554314062,0.03836958198908234,0.0008589216034489908,1.0,0.0008589216034489908,0.0009663299791494021,0.613371465992677,0.0005927192359435415,1.0533392464627013e-14,1.0,1.0533392464627013e-14,1.0,1.0,1.0,0.02517158754620525,0.3015145846398437,-13.471080813687497,-1.1577887020548192,8.320888777529492,-1.2237218279714739,0.7651002551329094,-72.88378016727583,50.59260155258633,9.696613793495986,-3.3033412175657455,433.15,10.5,0.2
320,0.0008688655944167644,0.10925351093122496,9.492661671737729e-05,8.325506752584579e-09,0.5900215580885253,4.912228466036488e-09,0.9892784648385237,1.0013759018087147,0.9906396148676176,0.0005387479324589808,1.0503168452462177,0.0005658560288032393,0.023726317986716018,0.6087793140029948,0.014444091587769891,0.20000990620121353,0.6120130845581451,0.12240867963638999,0.3005410299364345,0.585853030623868,0.17607287321507878,0.07403439597972206,0.5134469133692324,0.03801273209894381,0.0008340008521566123,1.0,0.0008340008521566123,0.0010326869054561169,0.6084933989146726,0.0006283831651156675,1.1064182812952588e-14,1.0,1.1064182812952588e-14,1.0,1.0,1.0,0.025133931513591765,0.301409903856358,-13.465671931284076,-1.170683217503829,8.308721442511933,-1.1702245645478633,0.8180098787089214,-72.14997557345536,50.25338715745818,9.683818419725295,-3.313182710194509,438.15,10.5,0.2
321,0.0007922320266198575,0.10677718037228887,8.459230200309252e-05,8.59788214559743e-09,0.583770972857811,5.019194024652224e-09,0.9892780756250019,1.0014018995403207,0.99066494410447,0.0006060679513877791,1.050308124067064,0.0006365580930792667,0.02368677092796097,0.6054511935298124,0.014341183729201235,0.2000099190959982,0.6065329114946701,0.12131259855710923,0.3004921870845076,0.5805072236826779,0.17443788526276338,0.07410745597723567,0.5082792490136039,0.03766728207041806,0.0008098079094893126,1.0,0.0008098079094893126,0.0011035856279551452,0.6036952971408504,0.0006662294535887532,1.1621633105275513e-14,1.0,1.1621633105275513e-14,1.0,1.0,1.0,0.025085070905968607,0.30128442770900965,-13.464161408902333,-1.1839097851266196,8.299366015673368,-1.1195766934215259,0.8694088380728359,-71.43884506407782,49.926286088403536,9.673013243408608,-3.3229832623175604,443.15,10.5,0.2
322,0.000739251941230881,0.10218574366569683,7.554100937098755e-05,8.828803999422945e-09,0.5775713317671484,5.09926408385783e-09,0.9892772328288172,1.0014283204836083,0.9906902377644339,0.0006792145786802752,1.050303232663241,0.0007133812676598945,0.02363919985698463,0.6020868919998686,0.014232852371255614,0.20000992644101326,0.6010407602739324,0.12021411825043989,0.30046479266927956,0.5752184585356651,0.1728328948834612,0.07415840059240618,0.5031142071557424,0.03731014491798637,0.0007862714958027356,1.0,0.0007862714958027356,0.0011787707252177452,0.598881649335616,0.0007059441561069438,1.2201113115621148e-14,1.0,1.2201113115621148e-14,1.0,1.0,1.0,0.025057666376895785,0.3012040534393144,-13.466146460531728,-1.1974441909325693,8.292492495937537,-1.0715395455557386,0.9193463323471031,-70.7494750709738,49.61079224893511,9.664065394904911,-3.332749574920165,448.15,10.5,0.2
323,0.000688056515992698,0.09827813678209034,6.762091239253891e-05,9.017295097267962e-09,0.5704656551452343,5.144057155300877e-09,0.9892761049519437,1.0014598862177553,0.9907203355031177,0.0007563417144043479,1.050299730567987,0.0007943854988562164,0.02359362369589732,0.5977426894554227,0.014102916081984855,0.20000994958037807,0.5945998768390577,0.11892589138707894,0.300445180080826,0.5690097125816538,0.170956225564334,0.07420318303592596,0.4971694615278824,0.03689155655362621,0.0007611450722631208,1.0,0.0007611450722631208,0.0012623197539343449,0.5931158602475897,0.0007487018667622948,1.2799609990670684e-14,1.0,1.2799609990670684e-14,1.0,1.0,1.0,0.025038021926294368,0.3011332456141138,-13.472484373344697,-1.211373921561986,8.2886942146379,-1.0272139900309685,0.9678714230323101,-70.0823226770997,49.30775402842232,9.657514657471639,-3.343931819516351,453.15,10.5,0.2
324,0.0006431965042591042,0.09432625640016981,6.06703183764372e-05,9.158559815317267e-09,0.563442738334423,5.160324021541965e-09,0.9892747931121803,1.0014915462242042,0.9907503421945472,0.0008391409350874157,1.050297149101412,0.0008813473318166061,0.02354119795777268,0.5934207344119182,0.01396983498103781,0.20000997130858353,0.5882142556368487,0.11764871639322591,0.3004307234706783,0.5628674098447529,0.1691026631577259,0.07424202112736068,0.4912865107489784,0.03647410351061296,0.0007368043738211532,1.0,0.0007368043738211532,0.0013511492270031251,0.5873967077232356,0.0007936606075844305,1.3421108510327545e-14,1.0,1.3421108510327545e-14,1.0,1.0,1.0,0.0250235353971192,0.30107392913349723,-13.482213646335838,-1.2256245255752094,8.2873230277624,-0.9853971991936632,1.0150268054550684,-69.43557056408059,49.015717783349764,9.652745419315501,-3.355078743868932,458.15,10.5,0.2
325,0.0006084783742649827,0.08964993190554776,5.455004481885411e-05,9.252511708597886e-09,0.556498623244086,5.149010027384518e-09,0.9892732277465335,1.0015233971583777,0.9907802837705416,0.0009277372479062852,1.0502961725352018,0.0009743988805943129,0.02348182363607678,0.5891084987062107,0.013833341869133207,0.2000099915833118,0.581871431666867,0.11638010015025967,0.30042525524944425,0.556793140530366,0.16727472136497487,0.07427112012689688,0.48545358556725016,0.03605518156969805,0.0007132116502541817,1.0,0.0007132116502541817,0.001445372407140522,0.5817115771178211,0.0008407898624802943,1.406439746358644e-14,1.0,1.406439746358644e-14,1.0,1.0,1.0,0.025018039258248047,0.3010337428762209,-13.495198632368398,-1.2401936309297734,8.288276262409797,-0.9460008322332342,1.0608553484772365,-68.80854350518874,48.73435832838779,9.649702119353561,-3.366193342855299,463.15,10.5,0.2
326,0.0005702199322165346,0.0862175618881101,4.9162972295713e-05,9.296981485736765e-09,0.5496407052770284,5.109999460767832e-09,0.9892716349303795,1.0015551645959375,0.9908101151527884,0.0010220674514375707,1.0502944412016055,0.0010734717627779722,0.023416028289798954,0.5848433866973273,0.013694709288006446,0.2000100120393812,0.575609497233539,0.11512766247166231,0.300415559831987,0.5507780190993354,0.1654622869508797,0.07430370912958742,0.4797038518504813,0.035643775476240855,0.0006903564601248778,1.0,0.0006903564601248778,0.0015453798057678682,0.5760969543728134,0.0008902885994521186,1.47310410247841e-14,1.0,1.47310410247841e-14,1.0,1.0,1.0,0.025008315673453057,0.30098578906118506,-13.511452009317555,-1.2550921053339419,8.291579145694165,-0.9090158084456459,1.1053980134958936,-68.20067156477535,48.46343882634585,9.648369381867626,-3.3772736371910392,468.15,10.5,0.2
327,0.0005365451732449305,0.08193971251542194,4.396435724722688e-05,9.294204734219092e-09,0.5428655211007674,5.045503296259066e-09,0.9892698716265063,1.001587065559075,0.9908399077683953,0.0011222316174643858,1.0502933994864974,0.0011786724605179,0.023343677735790134,0.5805938647339164,0.013553196073725475,0.2000100324022098,0.5693967536179028,0.11388506314082981,0.3004097267239817,0.5448294095834498,0.16367205404415244,0.07433174024401058,0.47400894012365286,0.03523390941061012,0.000668196673802421,1.0,0.000668196673802421,0.0016511952896860087,0.5705215250420207,0.0009420424548138628,1.5418716690844186e-14,1.0,1.5418716690844186e-14,1.0,1.0,1.0,0.025002454526499452,0.3009565427511446,-13.530768711868756,-1.2703104244029724,8.297073904898873,-0.8743119536583336,1.1486939983357791,-67.61128827832464,48.20261004781954,9.648671826065227,-3.3883185586568807,473.15,10.5,0.2
328,0.0670456507033227,0.17322170588909624,0.011613761987274044,1.4469806225485733e-11,0.6910942551076183,9.999999954953637e-12,0.9881334902282214,1.0015181135503912,0.9896335890693323,1.7801783943759207e-07,1.0621453041974043,1.8908081222200602e-07,0.008398318757861378,0.5879769390221995,0.004938017756180053,0.20000876184934438,0.6516044888970174,0.1303266070397673,0.36641660210130345,0.6857894242993897,0.25128463060879147,0.023741696325332698,0.5779281377709891,0.013720994344823857,0.0008143342134860928,1.0,0.0008143342134860928,0.0001765237765899289,0.6459561400981623,0.00011402661736158077,2.8653299991828793e-15,1.0,2.8653299991828793e-15,1.0,1.0,1.0,0.07544414747902352,0.4334622528190962,-16.980362593230566,-0.9203154475033923,11.000000001956337,-5.615236494573416,-2.2143308492255884,-116.39477990829181,71.56171086988977,11.939718382225717,-3.0328301667801605,273.15,11.0,0.2
329,0.06168067769346443,0.17449131760517114,0.010762742721512498,1.880541023601276e-11,0.6915985214090337,1.3005793913716746e-11,0.9882259403023301,1.0014653938579514,0.9896740805255175,2.04005136341918e-07,1.0611891678304273,2.1648804086781274e-07,0.00846541288464689,0.5926964947869942,0.005017420543654867,0.20000891359078868,0.6559855296916091,0.13120295312489677,0.3611189699587591,0.6861650226158538,0.24778720618876574,0.029064625383767292,0.5794698196960366,0.016842073230664487,0.000789333918361028,1.0,0.000789333918361028,0.00021866273143278449,0.6486270536790766,0.00014183056323866612,3.5143971110892866e-15,1.0,3.5143971110892866e-15,1.0,1.0,1.0,0.07014629458324766,0.422799647671029,-16.81743311096357,-0.9281695579885195,10.885863131986179,-5.47254420204774,-2.061747765569027,-114.2048254192283,70.57222911157385,11.840248657173781,-3.0407163781911914,278.15,11.0,0.2
330,0.055904360920770856,0.17701494402746862,0.009895907319281657,2.424969709370291e-11,0.6923777475101114,1.6789950651540488e-11,0.9883255055992978,1.0014083614017681,0.9897174250937667,2.376327767202212e-07,1.0601603026703532,2.5192883649210615e-07,0.008535517573140602,0.5986330457889718,0.0051096428821944505,0.20000908300585038,0.6614151637686317,0.1322890403915284,0.35541303796698315,0.6861255143037235,0.24385795346534508,0.034794001266005355,0.5822415011376975,0.020258511527705907,0.0007662211966532486,1.0,0.0007662211966532486,0.00026571430469483784,0.6525737703510773,0.00017339818565092533,4.228470692445413e-15,1.0,4.228470692445413e-15,1.0,1.0,1.0,0.06444011612668818,0.4113173989120038,-16.660195379318278,-0.9360201612492733,10.774950580323841,-5.32924997895391,-1.9150472487399397,-112.0982252316965,69.61369747584534,11.743710108121757,-3.0486213736336394,283.15,11.0,0.2
331,0.050076851780148326,0.17865031207312496,0.00894624519816312,3.124502294651153e-11,0.6934765095470324,2.1667689453663716e-11,0.9884258843385318,1.001357259755112,0.9897674350122554,2.8185266178244194e-07,1.0591237352387526,2.985168439340046e-07,0.00860846956674136,0.6038947067883268,0.005198609204903506,0.20000926399818583,0.6658679838031853,0.13317976536043102,0.34965878834723113,0.6859537759126981,0.23984976614784215,0.040571361729677735,0.584395209172641,0.023709709424433904,0.000743464152482078,1.0,0.000743464152482078,0.00031598952357453114,0.6557769216974664,0.00020721863705835497,4.970152839638413e-15,1.0,4.970152839638413e-15,1.0,1.0,1.0,0.05868560319955147,0.39973564015862456,-16.505020765963092,-0.9436767302338375,10.664187397449183,-5.184031603851927,-1.7739181601439276,-110.06885169135886,68.6832295750025,11.649156898670991,-3.057290203131811,288.15,11.0,0.2
332,0.04432043883523461,0.1802947603062931,0.007990742896468348,4.013335109091256e-11,0.6946664650731872,2.7879293133865376e-11,0.9885249653010125,1.0013089280874692,0.9898188733932596,3.392499919908845e-07,1.0581011993838452,3.589608234165151e-07,0.008682672188575002,0.609242369321894,0.005289851776212748,0.20000945392090197,0.6702243128261498,0.13405119881286998,0.3439769117207704,0.6855201604430567,0.2358031077115297,0.04627515160289535,0.5866721761214028,0.02714834389121844,0.0007219221623814445,1.0,0.0007219221623814445,0.00036875637806225433,0.6590846476192342,0.00024304166749250595,5.731017251079305e-15,1.0,5.731017251079305e-15,1.0,1.0,1.0,0.0530034502738016,0.38829735059613835,-16.35309737187608,-0.951214513997913,10.554718241763176,-5.037868947489439,-1.6380747524502737,-108.11324597455143,67.78034482089951,11.556822707249745,-3.0660834697815917,293.15,11.0,0.2
333,0.038911970087302176,0.1807457212113942,0.007033172097185629,5.151880968867493e-11,0.6958168745027714,3.584765713567686e-11,0.9886179255819496,1.0012679492239325,0.989871442913457,4.140879310271127e-07,1.057142173361741,4.37749815368869e-07,0.008756819721374355,0.6139414640748581,0.005376174720380164,0.20000964676704774,0.6737320710704282,0.13475291355042787,0.3386429458958668,0.6849353676433426,0.23194853064701015,0.05163018726855293,0.5883564625100973,0.030376954340059673,0.0007012292929384184,1.0,0.0007012292929384184,0.0004223520158063197,0.6617390283030994,0.00027948681254152935,6.482675166664909e-15,1.0,6.482675166664909e-15,1.0,1.0,1.0,0.04766920389660756,0.37755491603468794,-16.203205119530324,-0.9585710102265413,10.44553922287753,-4.890615772541243,-1.507248719587458,-106.22715549410118,66.90354231344064,11.466408759805963,-3.075067754883961,298.15,11.0,0.2
334,0.033861436354333994,0.1812856818970808,0.006138593579510038,6.587768381549542e-11,0.696001208169393,4.585094752698609e-11,0.9887045639993012,1.0012321578456262,0.9899228040848395,5.098451402065079e-07,1.056248423795169,5.385231257227506e-07,0.008831706290210043,0.6183859737722079,0.0054614032943416735,0.20000984408962044,0.6768485020427795,0.13537636336586947,0.3336676815535334,0.6833381282796637,0.22800784898020637,0.05662604761052275,0.5898260285498907,0.03339951677459166,0.0006810190150317833,1.0,0.0006810190150317833,0.00047721092038984376,0.664170316211204,0.0003169493278947623,7.226713430338844e-15,1.0,7.226713430338844e-15,1.0,1.0,1.0,0.04269365248968424,0.367529117973745,-16.057661303786087,-0.9658916529020272,10.33865168504326,-4.744182537008661,-1.3811906289904665,-104.4086860890373,66.05346844020195,11.378668695094442,-3.0844636870409095,303.15,11.0,0.2
335,0.02925460291004658,0.18163581006063348,0.0053136834975684765,8.38646417719366e-11,0.6959580439880211,5.836627204735306e-11,0.9887834200374603,1.0012008545315243,0.9899708050881084,6.325718029718572e-07,1.055434828297912,6.676383122557024e-07,0.008905400343983667,0.6225645072846914,0.0055441861773251125,0.2000100419161942,0.6795894753634445,0.13592471945324697,0.3291349526874922,0.6815745754679517,0.22433001564964192,0.06117806802067584,0.5910623257099962,0.036160051166745,0.0006621141778595334,1.0,0.0006621141778595334,0.0005322366704099667,0.6663769931323619,0.0003546702720625734,7.956339112636732e-15,1.0,7.956339112636732e-15,1.0,1.0,1.0,0.03816063582583322,0.3583895556814034,-15.916124936826606,-0.973168535159735,10.2338380449281,-4.598656938506235,-1.2596674716040197,-102.65439526231332,65.22903127255712,11.293466798520967,-3.0936007924061517,308.15,11.0,0.2
336,0.025131372659275016,0.18177025379168935,0.004568135986409942,1.062181202019656e-10,0.6956310644772133,7.388862402286205e-11,0.9888538003650005,1.0011741390560789,0.9900148522327611,7.89264141666977e-07,1.0547082935369894,8.324434360075135e-07,0.008977541077875701,0.6264122600907555,0.0056236417966497145,0.20001023878689173,0.6819047284643295,0.1363879275700611,0.325084306270154,0.6796742536815625,0.2209514332477554,0.06524675009230183,0.5919965128229768,0.03862584852767492,0.0006444633619862007,1.0,0.0006444633619862007,0.000587031100752742,0.6682943549276853,0.0003923095708000428,8.668156941245821e-15,1.0,8.668156941245821e-15,1.0,1.0,1.0,0.03410970300129238,0.3502156790356471,-15.778930157684087,-0.9804343464062323,10.131422420934024,-4.454601197346765,-1.1424607309952943,-100.96156505751645,64.42969179785743,11.210924619559982,-3.102421837483694,313.15,11.0,0.2
337,0.02149820273151813,0.18168113882222486,0.003905817954893279,1.337485344469549e-10,0.694990799930882,9.295400094487219e-11,0.9889155932329616,1.001151896073605,0.9900547212219335,9.884951667270526e-07,1.0540697740742293,1.0419428770654516e-06,0.009047989630215506,0.6298928635802579,0.005699264097820921,0.20001043399515325,0.6837691529483696,0.13676096503370175,0.32152206811445494,0.6776646158545196,0.21788412877753285,0.0688258324677034,0.5925884757695282,0.04078539515560527,0.0006280007310053506,1.0,0.0006280007310053506,0.0006414066920950324,0.6698842275777946,0.0004296682264973092,9.361809953450782e-15,1.0,9.361809953450782e-15,1.0,1.0,1.0,0.030547180856900363,0.34302027097972154,-15.64641426801917,-0.9877233017045862,10.031731912499021,-4.312526591637535,-1.0293657013748905,-99.32765473678137,63.65493090682107,11.131155429131026,-3.1108982437083723,318.15,11.0,0.2
338,0.018336980298415267,0.18137441341021115,0.0033258590453396674,1.6732151548398123e-10,0.6940302147675046,1.1612618732657197e-10,0.9889691137950943,1.0011338599909463,0.9900904663055082,1.240689346953478e-06,1.0535158763346246,1.3070859246147275e-06,0.009116789752685909,0.6329946032808147,0.005770878712696015,0.2000106274670074,0.6851798471653163,0.13704325115928315,0.3184301794605729,0.6755697295303569,0.21512179021248223,0.0719334484717944,0.5928232341410823,0.04264381956597006,0.0006126515752280935,1.0,0.0006126515752280935,0.0006953533395760709,0.6711318764507712,0.000466673791585999,1.0039191980266634e-14,1.0,1.0039191980266634e-14,1.0,1.0,1.0,0.02745501074044813,0.3367671599263096,-15.518884947544192,-0.9950690553195347,9.935069832552728,-4.172875138100639,-0.9201904363095057,-97.75026285007846,62.904225149768266,11.05425302179021,-3.119024197357302,323.15,11.0,0.2
339,0.01566393699250895,0.18011383840036851,0.002821291816182312,2.0806942829998909e-10,0.6920178482578837,1.4398775806040628e-10,0.9890140224215321,1.0011234144165506,0.9901250950324912,1.5571121449925306e-06,1.053049729722579,1.6397165234321304e-06,0.009185918137055087,0.6350353543758628,0.00583338277943244,0.20001082237591367,0.6854122525667865,0.13708986830241043,0.31582686451502534,0.6727393561441362,0.21246916148685946,0.0745524871827881,0.5920583617007678,0.044139423422159006,0.0005973088133309377,1.0,0.0005973088133309377,0.0007497630423199817,0.6713178386171347,0.0005033293050452573,1.0694218096782251e-14,1.0,1.0694218096782251e-14,1.0,1.0,1.0,0.02485141224170903,0.3314908017156037,-15.396667194133261,-1.0025076101406483,9.841674430354873,-4.036375109517877,-0.8147535847312305,-96.22746512362563,62.17739933816631,10.980468899962686,-3.1276391807919364,328.15,11.0,0.2
340,0.013373483084324516,0.17869351094525307,0.0023897546459048995,2.567093658698731e-10,0.6897366112541217,1.7706184809228077e-10,0.9890522058769962,1.0011162089337406,0.9901561947851321,1.9531700537644145e-06,1.0526520870389262,2.0560085334370442e-06,0.009254045431405487,0.636738957764393,0.005892411243097473,0.20001101762404738,0.6852493912515608,0.13705742807048368,0.3136052180057991,0.6698712791672918,0.21007512853908206,0.0767888425120903,0.5909782735001387,0.04538053757186919,0.0005829816599179264,1.0,0.0005829816599179264,0.0008043465263162838,0.6711990766376282,0.0005398766457601733,1.1341489075718185e-14,1.0,1.1341489075718185e-14,1.0,1.0,1.0,0.02262948168578377,0.32697870134683304,-15.280001961647864,-1.010070703134869,9.751875007121418,-3.9030228635899737,-0.7128871628337468,-94.75678041352181,61.47359628091311,10.909697984658958,-3.135936127639637,333.15,11.0,0.2
341,0.01142129618119707,0.17713550462938912,0.0020231170625780574,3.1411965321703826e-10,0.6872122230557477,2.158668651927812e-10,0.9890844330243005,1.001111876348893,0.9901841726124386,2.446419124247978e-06,1.0523150019484404,2.574403545499712e-06,0.009321489012501448,0.6381332891085718,0.005948352442936963,0.20001121412357376,0.6847244644902349,0.13695257148280576,0.31172125380006144,0.6669765229788904,0.20791075799818523,0.07868658411386724,0.5896091372037363,0.04639432896888649,0.000569588376736052,1.0,0.000569588376736052,0.0008593745018445307,0.6707996853168932,0.0005764681454066729,1.1985417524234305e-14,1.0,1.1985417524234305e-14,1.0,1.0,1.0,0.020745231612822768,0.3231425502953782,-15.169002753660587,-1.0177824760469154,9.665814015230868,-3.7730174481342194,-0.6144321191481563,-93.33609099033318,60.79221432870428,10.841948189635449,-3.143942293109195,338.15,11.0,0.2
342,0.009696582240047187,0.1769315000107694,0.001715630840709335,3.8069786965501017e-10,0.6845013409992301,2.6058820229440496e-10,0.9891126216164663,1.0011086592361693,0.9902092104600331,3.0556255612251e-06,1.052018771950707,3.214575450461217e-06,0.0093891789002879,0.639467147977428,0.00600407145321695,0.20001141526961946,0.6841008374444207,0.1368279766843905,0.3100651315801079,0.6640206443268576,0.20588964845511512,0.08035556532251104,0.5881877640602979,0.04726416029684897,0.0005571225838147537,1.0,0.0005571225838147537,0.000915807988292951,0.6703690285435825,0.0006139293114443982,1.2640195008138127e-14,1.0,1.2640195008138127e-14,1.0,1.0,1.0,0.019088816765896313,0.319761714200853,-15.064257134924704,-1.0256997990765961,9.584045250152291,-3.646780007592633,-0.5192389217826723,-91.9636490057105,60.13292022610062,10.777347609512999,-3.151663566310173,343.15,11.0,0.2
343,0.008299432136385886,0.17516869129278598,0.0014538006658040064,4.579651214234871e-10,0.681574224062334,3.1213722228182626e-10,0.9891350407948872,1.0011092002090671,0.9902321895889324,3.8088018435211458e-06,1.0517811034892766,4.006025805950662e-06,0.009456222920541634,0.6403115364229032,0.006054928627009488,0.20001161716003923,0.6829329546610664,0.13659452467364364,0.30873607238286976,0.6611001634574957,0.2041054679175404,0.0816967764559774,0.5863065943879144,0.047899358776374856,0.0005453652984411036,1.0,0.0005453652984411036,0.0009725920315048495,0.6694660723212347,0.0006511173673024822,1.328968912381269e-14,1.0,1.328968912381269e-14,1.0,1.0,1.0,0.017759463858771043,0.3170355049772207,-14.964658222102285,-1.0337648209526662,9.505654438743507,-3.5237995883504802,-0.42716646954047693,-90.63691058640698,59.49449220626292,10.715566790349996,-3.1591800131319503,348.15,11.0,0.2
344,0.007209084831589237,0.17081296163032508,0.0012314051307280108,5.470725943020827e-10,0.6777417155824879,3.7077391861045624e-10,0.9891519774819775,1.0011163052861702,0.9902561730632664,4.729860969874165e-06,1.0515987263202804,4.973915771591679e-06,0.009525278588122514,0.640061354575274,0.006096762715820548,0.20001182597445813,0.6805821565570328,0.13612447985860668,0.30771600558769147,0.657547271256739,0.20233781979620993,0.08272926632643242,0.5834154994043789,0.048265536229193426,0.0005333504088969897,1.0,0.0005333504088969897,0.0010314655825723832,0.6674588779256426,0.000688460860362682,1.393019647920915e-14,1.0,1.393019647920915e-14,1.0,1.0,1.0,0.016739093280681624,0.3149250909663532,-14.870546663682905,-1.0420167300246195,9.430890823076457,-3.404676112668722,-0.33808081679395247,-89.3545681921302,58.8768610664497,10.656839952950598,-3.167364790441857,353.15,11.0,0.2
345,0.0062224285310895685,0.1682149178154195,0.0010467053039695533,6.470004759349927e-10,0.6738172384484523,4.359600739693518e-10,0.9891670095203537,1.0011235411776243,0.9902783793870974,5.848699429451689e-06,1.0514352201815123,6.149528572381019e-06,0.009595832798726533,0.6398612104017387,0.006140001189405863,0.20001204370235043,0.6782600043690865,0.13566016963542613,0.3068013390864743,0.6539465030032287,0.20063166281230763,0.08365559549135636,0.580585098392268,0.0485691921394129,0.0005221133547800576,1.0,0.0005221133547800576,0.0010930106788623894,0.6655257282569225,0.0007274267280424849,1.459451518182057e-14,1.0,1.459451518182057e-14,1.0,1.0,1.0,0.015824110029245553,0.31302376826456435,-14.782691790203218,-1.05052653061237,9.360553282402902,-3.289509915383426,-0.25185812134187247,-88.1149305142204,58.2794897542189,10.601155435261855,-3.175355145422732,358.15,11.0,0.2
346,0.005383142427693455,0.16565696307170302,0.0008917550263541321,7.584749405628107e-10,0.6697970758359497,5.080242972838169e-10,0.9891793821539385,1.0011320502069712,0.9902991828782375,7.204764043292412e-06,1.0512983115101944,7.574356273542679e-06,0.009667450748391286,0.6395159325190533,0.006182488780439473,0.2000122685032867,0.675765883681196,0.1351614673722042,0.3060353540374298,0.6503514572563446,0.19903053847020383,0.08443259469795478,0.5776307275753341,0.04877086110645292,0.0005115386330433486,1.0,0.0005115386330433486,0.001156755990885146,0.6634660945665529,0.0007674683796390309,1.5274998874612623e-14,1.0,1.5274998874612623e-14,1.0,1.0,1.0,0.015057797940128032,0.3114184972235982,-14.700436698320988,-1.0592655103085187,9.294115516212255,-3.1779755692726113,-0.16838017235265737,-86.91598753793203,57.70145243564303,10.548295840995099,-3.1831853360362117,363.15,11.0,0.2
347,0.004671658755261124,0.1630264297216208,0.0007616038477479722,8.8152344795464e-10,0.6656979422043714,5.868283453083056e-10,0.989189432427413,1.0011417213281624,0.9903188111000082,8.840560024904963e-06,1.0511845329956102,9.293059961199379e-06,0.009740312161619519,0.6390361465945981,0.006224411550389835,0.200012500989436,0.6731136663791831,0.13463114786266925,0.30539870579471706,0.6467662662844744,0.1975215806749598,0.08507966209489708,0.5745632915995416,0.04888365070142083,0.0005015739375127637,1.0,0.0005015739375127637,0.0012229139197656458,0.6612888867807497,0.0008086993846305069,1.597359548264541e-14,1.0,1.597359548264541e-14,1.0,1.0,1.0,0.014420811476905548,0.3100703654315016,-14.623632363420139,-1.068239449786031,9.231488916789093,-3.0700116287208945,-0.08753535721720987,-85.75609230700893,57.142118921813534,10.498180834144733,-3.190874097793932,368.15,11.0,0.2
348,0.004106715573089005,0.15867412608295775,0.0006516295046311711,1.0165038833517421e-09,0.6615191665402712,6.724368016997931e-10,0.9891968394442846,1.0011531047005826,0.9903374869696492,1.0807995615757428e-05,1.051097178853891,1.1360253700787855e-05,0.00981410650789722,0.6383281853564773,0.006264620798081226,0.20001273996387683,0.6702092060034822,0.13405037964177086,0.30490987205408043,0.6432199458830138,0.1961241114018223,0.08557839126176721,0.5712954443252007,0.04889054506052717,0.000492145653145004,1.0,0.000492145653145004,0.0012912041908649905,0.6588983793367673,0.0008507723487537837,1.668573791730035e-14,1.0,1.668573791730035e-14,1.0,1.0,1.0,0.013931630076601982,0.3090165886436733,-14.551860017626318,-1.0774335662767744,9.172348526140095,-2.96540785842366,-0.00921815660998639,-84.63354087694081,56.60073981012801,10.450660259213373,-3.198439680771414,373.15,11.0,0.2
349,0.0035704094126178267,0.1567864180449958,0.0005597917027584867,1.1617948501835543e-09,0.6565934761705527,7.628269192790673e-10,0.989203526321733,1.0011674281398373,0.9903583503543872,1.3133606835313837e-05,1.0510160346342678,1.3803631376497073e-05,0.009893592048301281,0.63703765017523,0.00630259063024219,0.20001299966257077,0.666681027047569,0.1333448720379078,0.30445575485451265,0.6389377009063741,0.194528260034457,0.08604274121822254,0.5675277164015806,0.04883164043650999,0.00048242054942693364,1.0,0.00048242054942693364,0.0013656042619773093,0.655921717418192,0.0008957294928297594,1.7424514704312726e-14,1.0,1.7424514704312726e-14,1.0,1.0,1.0,0.013477135067754421,0.30802616542892536,-14.486198645702546,-1.0869437961241624,9.117573989606008,-2.8651103489392113,0.06667254396357732,-83.54787078753493,56.0777521374153,10.406167487257703,-3.206815333307258,378.15,11.0,0.2
350,0.0031395691749615366,0.15351044116260937,0.0004819566491088752,1.3177615731545802e-09,0.6516280702824574,8.586904310070936e-10,0.9892082668456064,1.0011830848232697,0.9903785841331643,1.5899101758443443e-05,1.050954097126952,1.6709226133674457e-05,0.00997462811495201,0.6355742484767435,0.006339616767995621,0.2000132683383777,0.6629676291916214,0.13260232231716187,0.3041091070476011,0.6346980809915805,0.19301746665517555,0.08639913791739226,0.5636188596687588,0.04869618358936444,0.00047319685859731103,1.0,0.00047319685859731103,0.001442935644717599,0.6527885962629866,0.0009419319340130295,1.8180980719940736e-14,1.0,1.8180980719940736e-14,1.0,1.0,1.0,0.01313009639167199,0.30724867754032414,-14.425344001333459,-1.096689172007024,9.06616337672393,-2.7680514091837067,0.1402299377248916,-82.49668488223733,55.571599633998666,10.364130033644892,-3.2150960635206194,383.15,11.0,0.2
351,0.002798127833058646,0.1486405154238186,0.00041591516332756967,1.483510346402961e-09,0.6466356111651838,9.59290619516151e-10,0.9892113381848425,1.0011998480298814,0.9903982414600999,1.917337952929229e-05,1.0509085195023296,2.0149467894984825e-05,0.010057296417154844,0.6339679717602311,0.006376003810975095,0.20001354642516778,0.659102822394997,0.13182949296606084,0.30385401284592717,0.630500461055455,0.19158009519290722,0.08666352817036421,0.5595978894797309,0.048496727459003006,0.0004644444051060141,1.0,0.0004644444051060141,0.0015233876506333605,0.6495287665917141,0.0009894841017569357,1.8956599974077484e-14,1.0,1.8956599974077484e-14,1.0,1.0,1.0,0.012874597629742782,0.30665214216249603,-14.369180910226916,-1.106675129880849,9.018049802285255,-2.6741657491398256,0.21154351367205376,-81.47866193065406,55.08175494487052,10.32448113251781,-3.223286659982759,388.15,11.0,0.2
352,0.0024750275368018537,0.1455425390924013,0.00036022179202975366,1.6564524379255602e-09,0.641651989240258,1.0628660018768112e-09,0.9892139551898178,1.0012165120376615,0.9904173458741289,2.3022601828585357e-05,1.050866789626882,2.4193687672463478e-05,0.010142557578697243,0.6324059617967177,0.0064142138806346175,0.20001383766639944,0.6552820633188873,0.1310654802383672,0.30362044663082977,0.62630125475424,0.19015786669393145,0.08690593260105732,0.5556405480969957,0.048288460023332064,0.0004561755013237964,1.0,0.0004561755013237964,0.0016080653675244032,0.6463292409792442,0.0010393396684370572,1.97639211777636e-14,1.0,1.97639211777636e-14,1.0,1.0,1.0,0.012640607717327682,0.306095475824084,-14.318003409611123,-1.1169385709772564,8.973521484595896,-2.583594418424181,0.28069810414210494,-80.49275547092157,54.60791945947912,10.287260089764546,-3.2313916267425116,393.15,11.0,0.2
353,0.0022200407315365552,0.14087143135202043,0.00031274031551134106,1.8364551694298255e-09,0.6366567997299998,1.1691916710168076e-09,0.9892152669682909,1.0012340678696796,0.9904360257454531,2.7540392295754716e-05,1.0508376624913571,2.894048146416587e-05,0.010229560961372222,0.6307307925635769,0.006452099092743728,0.20001413905909543,0.651345117916723,0.13027823299045835,0.30345741946435956,0.62214213024627,0.1887936453845925,0.08707741081783359,0.5515998685782573,0.048031888363251916,0.00044831360668530414,1.0,0.00044831360668530414,0.0016962289994404585,0.6430316744875274,0.0010907289738245009,2.0592335991853562e-14,1.0,2.0592335991853562e-14,1.0,1.0,1.0,0.012477142085204531,0.3056774620323513,-14.27124528472499,-1.1274496022069815,8.932114287091819,-2.4960376257204615,0.3477742388269685,-79.53754195213334,54.14937480848085,10.252288445278149,-3.239420738497606,398.15,11.0,0.2
354,0.0019680591999860875,0.13845425757975616,0.0002724861754070825,2.0212433171404782e-09,0.6309083373594141,1.2752192606159256e-09,0.9892162443896079,1.0012550553770652,0.9904577655562093,3.275761932779772e-05,1.0508104758483532,3.442204955350231e-05,0.01032368078709025,0.628366260596877,0.006487052691779723,0.2000144669989616,0.6467011761627988,0.12934959105780378,0.3033052520719968,0.6172256626996504,0.18720778521042275,0.08723852817434383,0.5469844675614924,0.047718119884291706,0.0004400046920173454,1.0,0.0004400046920173454,0.0017924597328722014,0.6390470024443037,0.0011454660192940973,2.1444088809570956e-14,1.0,2.1444088809570956e-14,1.0,1.0,1.0,0.012324497606404135,0.3052733132932262,-14.229663557319546,-1.1382819339427965,8.894415136415304,-2.4122730289205756,0.412849843320252,-78.6127347271266,53.70650267775643,10.219930270964761,-3.2484200231578133,403.15,11.0,0.2
355,0.0017845140217168584,0.13331812785700042,0.00023790806850985816,2.2103086442722164e-09,0.6251646745655086,1.3818068842857698e-09,0.9892159010180438,1.0012770947284328,0.9904792234305159,3.882668052591379e-05,1.0507959846215156,4.079891999281258e-05,0.010419562789279996,0.6258673091802335,0.006521263725761157,0.2000148057066801,0.6419283391644827,0.12839517203559586,0.3032241507086086,0.6123701226471147,0.1856854103589978,0.08732822566538587,0.5422726165613083,0.04735570543122519,0.0004320706625984065,1.0,0.0004320706625984065,0.0018925307141375903,0.6349460814499515,0.001201654960965341,2.2313060504778805e-14,1.0,2.2313060504778805e-14,1.0,1.0,1.0,0.012242903491522768,0.30500866694063417,-14.192110706695816,-1.149358040037873,8.859552647952693,-2.33129181864976,0.4759960269678987,-77.71631618289456,53.27791073769856,10.189655504793913,-3.257356909413286,408.15,11.0,0.2
356,0.0016049122429068507,0.12984912924576447,0.00020839645725732138,2.3998461370091973e-09,0.6194598922395327,1.4866084294231786e-09,0.9892153339063359,1.0012990146374714,0.9905003391046914,4.584071593406949e-05,1.050782859576868,4.816863857425247e-05,0.010518182776274474,0.6234110322100879,0.006557151181531638,0.20001515910471968,0.6372103505101109,0.127451729640454,0.3031506970751522,0.6075342585768703,0.18417443398461397,0.08740990941781064,0.5376289166324203,0.04699409490323553,0.0004245313581746619,1.0,0.0004245313581746619,0.001997623690379886,0.6309053670749364,0.001260311507656711,2.32118057918155e-14,1.0,2.32118057918155e-14,1.0,1.0,1.0,0.012168935735115394,0.3047556117179052,-14.158873500127461,-1.1607134202764604,8.827803408973137,-2.2532207403139157,0.5372817493389482,-76.84745612206076,52.8633623987806,10.161505177625179,-3.26623006385874,413.15,11.0,0.2
357,0.001463850982133395,0.12500445565039858,0.00018298789517488646,2.589099789163846e-09,0.6137775583346161,1.5891313468776532e-09,0.9892139560102142,1.001321491527586,0.9905211938720516,5.393070080405778e-05,1.050777158671668,5.6669148556059695e-05,0.010618729794862062,0.6208929844596724,0.006593094833502749,0.20001552452743682,0.6324414259028193,0.12649810353483248,0.3031188044342706,0.6027453940484991,0.18270346322224437,0.08744972089893269,0.5329565467237336,0.0466069012622495,0.00041732683804820064,1.0,0.00041732683804820064,0.002107129837872032,0.6268203857997218,0.0013207919379050524,2.4131425901467618e-14,1.0,2.4131425901467618e-14,1.0,1.0,1.0,0.012136511477799514,0.30458265800550377,-14.12955254569533,-1.1723277818878854,8.798840205456742,-2.1778507602822264,0.5967726605842547,-76.00503707261248,52.4623016780845,10.135354176318698,-3.2750453515853915,418.15,11.0,0.2
358,0.0013122734940143083,0.12284664474372209,0.00016120839572577865,2.7741965352727402e-09,0.6081442422572543,1.687111649816138e-09,0.9892125985184693,1.0013436229819819,0.9905417272999046,6.320735335617609e-05,1.050770278016813,6.64164082587761e-05,0.010721980495518998,0.6184472080395015,0.006630978902107714,0.2000159052164454,0.6277602837913074,0.125562041421451,0.3030803081251733,0.5979720495191325,0.18123355301850008,0.08749581867594224,0.5283791727766316,0.04623096829340851,0.0004104695324533528,1.0,0.0004104695324533528,0.0022220595234346214,0.6228241976306799,0.0013839524397707792,2.5081972563066565e-14,1.0,2.5081972563066565e-14,1.0,1.0,1.0,0.012097461342889483,0.3043925843933841,-14.104341930104539,-1.1842290768089625,8.772856175683211,-2.1052598380315657,0.6545311789658179,-75.18827396220972,52.074474754854386,10.11122233327103,-3.283801223858403,423.15,11.0,0.2
359,0.0012102059522348003,0.11757486220057378,0.00014228979806832085,2.9574720363476846e-09,0.6016735454339102,1.7794326856309579e-09,0.9892100507118787,1.0013708903466105,0.9905661492211698,7.371995350852103e-05,1.0507737956145435,7.746299536067633e-05,0.010832655563787397,0.6150406963364949,0.006662524021125207,0.20001631484000984,0.622120907653672,0.12443433133380954,0.303100024171577,0.5924191296070623,0.1795622525036052,0.08748438942552209,0.523004520689064,0.0457547311592706,0.00040298345940683244,1.0,0.00040298345940683244,0.002346255395260024,0.6178809026437933,0.0014497064014561338,2.603137762384525e-14,1.0,2.603137762384525e-14,1.0,1.0,1.0,0.012116581469530718,0.3043102330812838,-14.083196824979908,-1.196425730372958,8.7497184363266,-2.0358654692755134,0.710618612703645,-74.39676379915466,51.69998548507941,10.089302478426546,-3.293717744376222,428.15,11.0,0.2
360,0.0011063897528071625,0.11384204696304506,0.00012595367419850488,3.1332231622205784e-09,0.5952649035869668,1.8650977835756844e-09,0.9892073614671202,1.001398043665276,0.9905903165524639,8.568050510192253e-05,1.0507777151694446,9.003116538556206e-05,0.010945859829163442,0.6116788364639398,0.006695350804400071,0.20001673996373173,0.6165490739432813,0.12332013579779288,0.3031219912584874,0.5869060455478196,0.17790412920809956,0.08747041409921373,0.5177054004662419,0.04528390576018146,0.000395822721100897,1.0,0.000395822721100897,0.0024762009939873365,0.6130025614628426,0.0015179175520110746,2.700451649778006e-14,1.0,2.700451649778006e-14,1.0,1.0,1.0,0.012137930087072528,0.3042283841445177,-14.065815438930434,-1.2089039050107275,8.729298394013957,-1.969042774210537,0.7650897998782124,-73.62910111351489,51.337901588315994,10.069263811360821,-3.3035821909911567,433.15,11.0,0.2
361,0.0010257507405951676,0.10894061698158233,0.00011174591854975257,3.300610397645946e-09,0.5889049943109481,1.943745947448342e-09,0.9892041127633828,1.0014255710308715,0.9906142934901573,9.925860612293524e-05,1.0507863703572897,0.0001042995904546429,0.01106076158510037,0.6082887906144425,0.006728137287875388,0.20001717801965438,0.6109711554516315,0.12220472636484289,0.30317046938634895,0.581451223567663,0.17627884037427533,0.08742967837114027,0.5124147297275042,0.044800255012710476,0.00038893662318462797,1.0,0.00038893662318462797,0.0026113532298739127,0.608116623235541,0.0015880073082261477,2.79933601806061e-14,1.0,2.79933601806061e-14,1.0,1.0,1.0,0.012185770931818472,0.3041962234275545,-14.051911273331473,-1.2216498950433976,8.711360499096692,-1.9046479088991275,0.8179987777243796,-72.88439891780662,50.98778829984035,10.051018990916385,-3.313399187063669,438.15,11.0,0.2
362,0.0009340034179394381,0.10645130556394969,9.942588324084459e-05,3.4561280701793675e-09,0.5826128135258083,2.0135844988727263e-09,0.9892008827759389,1.0014528183850704,0.9906380120049635,0.00011459686364147607,1.0507937563598242,0.00012041766881288116,0.011177884758021554,0.6049644592937069,0.006762223008683878,0.20001763142780368,0.6054836606511741,0.1211074076716839,0.30321184311164534,0.5760324564693601,0.17465986281820325,0.08739579720376481,0.507217993961705,0.04432872093837757,0.0003823303773229685,1.0,0.0003823303773229685,0.0027525263423044156,0.603315749612809,0.001660642493536392,2.900492724901027e-14,1.0,2.900492724901027e-14,1.0,1.0,1.0,0.012226485039602468,0.30414584998571276,-14.041606587662383,-1.2346848001272712,8.69603014076519,-1.8427245221938366,0.8693970312341427,-72.16199289285014,50.64941030349846,10.03457535095607,-3.323166158108521,443.15,11.0,0.2
363,0.0008702432798744951,0.10185548860424351,8.863905447617618e-05,3.599979471322056e-09,0.5763656220522215,2.074904407363766e-09,0.9891970190338406,1.0014805705406014,0.9906615949990728,0.00013189701025504723,1.0508066587848703,0.00013859825664982,0.011295923694604077,0.6015934724000079,0.006795553959402395,0.20001809598010975,0.5999726281081259,0.12000538271436983,0.30328409788679167,0.5706760794609059,0.17307697994487192,0.0873308410585509,0.5020124972875403,0.04384117361002439,0.0003759398437968494,1.0,0.0003759398437968494,0.0028987541937575316,0.5984885026114485,0.0017348710568606018,3.0026811112827505e-14,1.0,3.0026811112827505e-14,1.0,1.0,1.0,0.012298063984733619,0.30415434476664577,-14.034540576517996,-1.2479872497313769,8.683001906812484,-1.7831034792856686,0.9193337758745593,-71.46103900470374,50.32233106971995,10.019834805297332,-3.33289141969137,448.15,11.0,0.2
364,0.0008178482981312745,0.09682741492218239,7.919013650655764e-05,3.733240641868908e-09,0.5692012555681979,2.1249652606900042e-09,0.9891925162757045,1.0015137107818548,0.990689867652921,0.00015107651693506706,1.0508237122791295,0.00015875478636390785,0.011423898632222831,0.5972149840262181,0.006822523439160094,0.20001860043437988,0.5934845417732819,0.11870794742493113,0.30337959122868174,0.5644135795638425,0.17123156105199558,0.08724346385847255,0.49600155743426244,0.04327289394976218,0.0003688097978543109,1.0,0.0003688097978543109,0.003057935440584545,0.592681263677212,0.0018123810411689797,3.1033890723197785e-14,1.0,3.1033890723197785e-14,1.0,1.0,1.0,0.012392823447289173,0.30419744326005366,-14.031257765996928,-1.261615844073386,8.67264816547906,-1.7265184699286469,0.9678580668689125,-70.78162715699737,50.007031795993214,10.00715354125708,-3.344029543868432,453.15,11.0,0.2
365,0.0007548014299909499,0.09397396184313482,7.093168078111313e-05,3.850309231916373e-09,0.5621261714007951,2.164359587246286e-09,0.9891880125493933,1.0015466140185116,0.9907179045965459,0.0001725018470463274,1.0508395963027939,0.000181271771311649,0.011553709860586382,0.5929065387637303,0.006850270123320651,0.20001912050873702,0.5870992819540864,0.1174310820277674,0.3034685375224305,0.5582090135983069,0.1693988729885167,0.08716241057289272,0.49009406140442197,0.042717779799468725,0.0003619334193495889,1.0,0.0003619334193495889,0.003223697570541585,0.5869672493676608,0.0018922048957740046,3.205396761268652e-14,1.0,3.205396761268652e-14,1.0,1.0,1.0,0.01248101313762366,0.30422334280273067,-14.031258321578218,-1.2755364048307665,8.664670583776505,-1.6722141148037966,1.015012586231679,-70.12238747969073,49.70250626051312,9.996139657897178,-3.3551228050914084,458.15,11.0,0.2
366,0.0007128652755836613,0.08929082726224728,6.365233018339501e-05,3.9517270316708285e-09,0.5551207490263326,2.1936856697687175e-09,0.989182983991146,1.0015799313452634,0.9907458251937549,0.00019639373250189085,1.0508597879579942,0.00020638227609321602,0.011684039175938334,0.5885779140403061,0.006876967405739005,0.2000196520405898,0.5807254070452785,0.1161564938483265,0.30358159584059274,0.5520825631101505,0.16760210554474425,0.08705707195762762,0.484208023072204,0.042153732707057474,0.0003552527429714528,1.0,0.0003552527429714528,0.0033951060669966775,0.5812572121477985,0.001973429887448566,3.307535551235625e-14,1.0,3.307535551235625e-14,1.0,1.0,1.0,0.012593298184023886,0.3042944650679035,-14.034256513988192,-1.2897324461557955,8.658825601768042,-1.620065210867817,1.0608402437862745,-69.48260788382333,49.40839249764044,9.986719203979888,-3.3661794198159516,463.15,11.0,0.2
367,0.0006744836407573343,0.08486855368277016,5.724245107376409e-05,4.03555290360846e-09,0.5481946833528188,2.212268646147186e-09,0.9891777293034703,1.0016133147215331,0.9907735842963682,0.00022292928801630148,1.0508811904213826,0.00023427219557036226,0.01181492861803504,0.5842770333209418,0.006903191441844209,0.20002019579832403,0.5744117049871816,0.11489394170038522,0.3037014302613341,0.5460227393372854,0.16582788689194522,0.08694479130336775,0.4783863332872861,0.04159319991004642,0.0003487619018873528,1.0,0.0003487619018873528,0.0035725512956454888,0.5755980529842092,0.0020563535699597577,3.410035972442111e-14,1.0,3.410035972442111e-14,1.0,1.0,1.0,0.012712341546808677,0.30437591793764435,-14.040294462356812,-1.304216802466218,8.655162135751139,-1.5700856857528194,1.1053820009001438,-68.8617414420825,49.124476678461534,9.978888307925464,-3.377197650970599,468.15,11.0,0.2
368,0.0006264406914616424,0.08236840675054342,5.1598921679404235e-05,4.100259879784852e-09,0.5413554293786024,2.219697947784784e-09,0.9891724737259112,1.0016464906939668,0.9908011369986292,0.0002522865462736396,1.0509014666718428,0.00026512830150054166,0.011946333633165978,0.580039642917972,0.006929347094760554,0.20002075223407897,0.5681943147750795,0.11365065425643846,0.3038149590873492,0.5400211524770387,0.16406650434611467,0.08683865916560116,0.4726604655126483,0.041045201065707256,0.0003424529217460148,1.0,0.0003424529217460148,0.003756336771839665,0.5700244898272996,0.0021412039519874307,3.513029879490494e-14,1.0,3.513029879490494e-14,1.0,1.0,1.0,0.01282506087090126,0.3044414038790707,-14.049388894875339,-1.3190000915466547,8.653706119484156,-1.522277537753634,1.1486770432912257,-68.25925386241994,48.850541721825735,9.972637663068323,-3.3881755454558635,473.15,11.0,0.2
369,0.07143453414936171,0.17109864784812273,0.012222352202616336,4.597217660195711e-12,0.6878677258524161,3.1622776571673855e-12,0.9880332465546785,1.001558922161,0.9895735134785373,1.8718861894923802e-08,1.0631052427572627,1.9900120218942623e-08,0.002810906214094427,0.584639516144811,0.0016433668489366077,0.2000101466989893,0.6483366905594309,0.12967391658912902,0.37173059613023235,0.6854106475910119,0.2547881086230155,0.02547977162292658,0.5746258453567528,0.014641335308321186,0.0002747880136182868,1.0,0.0002747880136182868,0.0005607033000961313,0.6430529910103343,0.0003605619341961823,9.18674176923253e-15,1.0,9.18674176923253e-15,1.0,1.0,1.0,0.07424545908231803,0.4431651302841914,-17.72479734906626,-0.9606629254616743,11.500000000412143,-6.5930282537109575,-2.2143572138213448,-117.37257166742937,72.53944989983582,12.428587897198732,-3.028997399066947,273.15,11.5,0.2
370,0.06565110422351375,0.1724896653970082,0.011324137000457996,6.165510210782674e-12,0.6885704848358665,4.245388355099106e-12,0.9881310049582065,1.0015029668474218,0.9896161330995682,2.285309494335914e-08,1.0620808772564532,2.427183512546786e-08,0.002923024132495702,0.5895366631357074,0.0017232298933366615,0.2000105502083656,0.6528798702864145,0.13058286207595216,0.36605988841677944,0.6857955044553804,0.2510422258376655,0.031151411806299267,0.5763255523405254,0.01795335461545259,0.0002746574479502011,1.0,0.0002746574479502011,0.0006726938287568812,0.6458719103286301,0.0004344740482454871,1.0907186655643042e-14,1.0,1.0907186655643042e-14,1.0,1.0,1.0,0.0685741512091044,0.43171099264645874,-17.541222659641846,-0.9681161670245602,11.372082575676316,-6.422875496236918,-2.061773195136824,-115.15515671341745,71.52250954662742,12.315388874700574,-3.037105907495565,278.15,11.5,0.2
371,0.05953557067949934,0.17410273677784563,0.010365305790931697,8.227897874601069e-12,0.6896331758312153,5.674231341676039e-12,0.988234425575818,1.0014469968198298,0.9896643976468724,2.8407176870996235e-08,1.0609986067497308,3.013997508182017e-08,0.0030407165062830066,0.5948380426685447,0.0018087338549073193,0.20001097437525242,0.6575805873311956,0.1315233340023632,0.3600626836853478,0.6858900051302581,0.2469633959601577,0.03714943257452839,0.5784655672168779,0.021489667586009727,0.00027468436859014547,1.0,0.00027468436859014547,0.0007904188785131798,0.6490921487271022,0.0005130546882485861,1.267062683355582e-14,1.0,1.267062683355582e-14,1.0,1.0,1.0,0.06257631559295922,0.419598254373075,-17.361859872442494,-0.9754417944920818,11.24609296174334,-6.251384969998861,-1.9150705181539731,-113.02036022274144,70.53578592806223,12.2047543342302,-3.045646766759375,283.15,11.5,0.2
372,0.05330088689650805,0.17581526484885207,0.00937110954638827,1.0930401635330082e-11,0.6909296724882238,7.55213882206336e-12,0.9883398619245682,1.0013926582068464,0.989716281544431,3.584204423361356e-08,1.0598964996287048,3.798885722274424e-08,0.0031613310159090352,0.6003780130294954,0.0018979936338599835,0.20001140891087285,0.6623047094710408,0.1324684980696092,0.35394926815350186,0.6856998687365419,0.2427029667122513,0.04326373098968372,0.5808824636124693,0.02513114264235461,0.00027466504876150563,1.0,0.00027466504876150563,0.0009110234549505387,0.6525584933136385,0.0005944960931359091,1.4428650771240064e-14,1.0,1.4428650771240064e-14,1.0,1.0,1.0,0.05646225375446132,0.40725015506094026,-17.186580333573527,-0.9826449880350371,11.121930035513222,-6.079344215594757,-1.7739406060661889,-110.9641643031017,69.5784972949008,12.096790758620143,-3.054480050582033,288.15,11.5,0.2
373,0.04703652882298105,0.17873102440367736,0.008406886980924498,1.4417564364597195e-11,0.6922717302604576,9.980872228821209e-12,0.9884457864506557,1.0013370540829045,0.9897673919251594,4.5717359717778516e-08,1.0587904742151606,4.840510497545181e-08,0.003283479679154486,0.6067977450283539,0.001992408065157365,0.20001184942971287,0.6677914666249054,0.1335662062730277,0.34780772382433045,0.6851001165514449,0.23828311212954154,0.04940604608270804,0.584191229342638,0.028862578798016233,0.00027476973899044323,1.0,0.00027476973899044323,0.0010332910012104976,0.6569748787806182,0.0006788462302653701,1.6175813419627254e-14,1.0,1.6175813419627254e-14,1.0,1.0,1.0,0.05032005421949526,0.39484425266172907,-17.016738311716995,-0.9898166747815662,11.00083150404212,-5.9080248335190575,-1.6380973411274269,-108.98340186058105,68.65045552957483,11.991878061587402,-3.06311384211033,293.15,11.5,0.2
374,0.041150266242021054,0.1804503314495164,0.007425579182608543,1.8973587225870684e-11,0.6936254923372036,1.316056378094741e-11,0.9885451722026726,1.0012899801211275,0.9898203758236505,5.8893934811392206e-08,1.05775315497121,6.229524535541899e-08,0.0034032254910887918,0.612315784713584,0.0020838486871333065,0.20001227927465917,0.6721480219256766,0.13443785787530815,0.34204185956185656,0.6843898111833197,0.23408996368233057,0.05517322281959577,0.5866595341611504,0.0323678971975134,0.0002743115061634793,1.0,0.0002743115061634793,0.001152599511444346,0.6604603749169478,0.0007612463054576237,1.7820065922614466e-14,1.0,1.7820065922614466e-14,1.0,1.0,1.0,0.04455355062704466,0.3831921258228513,-16.850072967270652,-0.9968392887379405,10.880725505728906,-5.737386843451134,-1.5072711252519202,-107.07392656501108,67.75026857302161,11.889771889596448,-3.0720931665082127,298.15,11.5,0.2
375,0.035876579120540604,0.18005122789776626,0.006459622123424698,2.4937775446037143e-11,0.694004876626092,1.7306937771756202e-11,0.9886339303469894,1.001255769127388,0.9898754263150074,7.640180293331623e-08,1.0568262783526636,8.074343305345029e-08,0.0035195186603684016,0.6163552869322433,0.00216927393377475,0.20001269329809043,0.674796854973978,0.13496793639242627,0.3368850989153667,0.6828396446873537,0.23003850124383304,0.0603322073499766,0.5877328062679336,0.035459217534140594,0.00027291042136781186,1.0,0.00027291042136781186,0.0012675213907878435,0.6624328100704927,0.00083964775672405,1.931518456056444e-14,1.0,1.931518456056444e-14,1.0,1.0,1.0,0.03939617418271194,0.3727616780608451,-16.686803280397424,-1.0037354566915548,10.76177976785403,-5.568279684115471,-1.3812114148500472,-105.23278323614412,66.8775240155896,11.790696482788265,-3.081925190785898,303.15,11.5,0.2
376,0.030975761846450775,0.18053032834184823,0.005592064456778654,3.25025296929651e-11,0.6941374548035597,2.2561223235751912e-11,0.9887162229426336,1.0012226808251654,0.9899251073099556,9.942347387093198e-08,1.0559667089976912,1.0498787850060609e-07,0.0036333768941897607,0.6207325642251731,0.0022553553563269065,0.20001309872315817,0.6777230808243484,0.13555349347188328,0.33209876590583426,0.6810258624951524,0.22616784848459653,0.06512070415731451,0.5891554702711673,0.038366219082192204,0.00027155233491548363,1.0,0.00027155233491548363,0.0013800624707727342,0.6648218838080661,0.0009174957315919431,2.0750856623312456e-14,1.0,2.0750856623312456e-14,1.0,1.0,1.0,0.0346092381641144,0.36307452778478755,-16.52976474786437,-1.0106886575760639,10.646637357253622,-5.402059029173276,-1.2596875194184192,-103.45779735298035,66.03239326759537,11.69514779604009,-3.0912450430412637,308.15,11.5,0.2
377,0.026595236348343976,0.1807798882891951,0.004807883856078364,4.207155662451695e-11,0.6939695793144294,2.919638045181921e-11,0.9887895024935268,1.0011944755487945,0.98997058737716,1.29645362459071e-07,1.0552004795143552,1.368018486336242e-07,0.0037434171389739506,0.6247637242924927,0.002338751233325714,0.20001348986772238,0.6802094800512744,0.13605107194616428,0.32782889264335513,0.6790716671040885,0.22261931265221047,0.06939286551466724,0.590261109911439,0.04095990981862271,0.00027004157139395645,1.0,0.00027004157139395645,0.001488647467375161,0.6669083989310481,0.0009927914990399283,2.2101509013319545e-14,1.0,2.2101509013319545e-14,1.0,1.0,1.0,0.030338783132680385,0.3544241290337707,-16.3782347051033,-1.0176725340637838,10.534670985785729,-5.238863964400513,-1.142480149302266,-101.74582782457018,65.21391572829724,11.603036584779884,-3.1002297853648906,313.15,11.5,0.2
378,0.022739545952082944,0.1807918798952736,0.004111125260642034,5.4055471046564835e-11,0.6934708322446118,3.7485892494035784e-11,0.9888536828883935,1.0011710135249772,0.9900116439252793,1.691425414553304e-07,1.0545282080037106,1.783655811380828e-07,0.0038496695511088725,0.6284110444332243,0.002419174863335107,0.2000138670274285,0.6822294983694073,0.13645536016904786,0.3240800551249811,0.6770058233198132,0.21940408454141827,0.07314406618990578,0.59100805242797,0.04322873210555874,0.00026842795342405917,1.0,0.00026842795342405917,0.0015933605064276152,0.6686525834183465,0.0010654046189395902,2.3375465515927284e-14,1.0,2.3375465515927284e-14,1.0,1.0,1.0,0.026589384645733273,0.3468196011311196,-16.23243826628179,-1.0247176921461834,10.426132144665257,-5.079059448352536,-1.0293845979457987,-100.09418759349637,64.42142597039427,11.51440296091762,-3.1088506882456737,318.15,11.5,0.2
379,0.019387653115190993,0.18057278769323637,0.003500882569839496,6.89067217437775e-11,0.692634170173217,4.772715003435813e-11,0.9889091191096337,1.0011520007425971,0.9900483431492092,2.2052032630537744e-07,1.0539460029764438,2.3241651648461357e-07,0.003952446399911184,0.6316623560932797,0.0024966116053002996,0.20001423152054673,0.6837796210980279,0.13676565544333266,0.3208315326435972,0.6748535190744013,0.21651428883456525,0.07639497850743619,0.5913807006601665,0.04517851591664598,0.0002667624835460977,1.0,0.0002667624835460977,0.0016945700542278584,0.6700389859666923,0.001135428000784357,2.4583692062819274e-14,1.0,2.4583692062819274e-14,1.0,1.0,1.0,0.023340320035428484,0.34021918582769495,-16.09254966221051,-1.0318523685293857,10.321234498198299,-4.922912288348898,-0.92020891365489,-98.5003000003267,63.65422534532575,11.429253119568957,-3.1171026398289987,323.15,11.5,0.2
380,0.016555308828711365,0.17938642113850856,0.0029697976016252875,8.723316175978142e-11,0.6907254734161349,6.025416695411134e-11,0.9889554559849848,1.0011408533174253,0.990083709097731,2.86927392699385e-07,1.053456946632567,3.022656550183374e-07,0.004054024716401954,0.6338324109711767,0.0025695722601337904,0.20001459032180505,0.684131902655341,0.13683636223568502,0.31810136674380646,0.6719644479177392,0.21375280928588017,0.07912791917214881,0.5907336101224554,0.04674352135404132,0.000264700773317478,1.0,0.000264700773317478,0.0017942149632611231,0.6703445338342587,0.0012027421931457287,2.5709006491771456e-14,1.0,2.5709006491771456e-14,1.0,1.0,1.0,0.02060962047250602,0.334656675659751,-15.958591593101733,-1.0390956248834917,10.220012913523219,-4.770755079402162,-0.8147717380522943,-96.9618450935099,62.911743001408475,11.347640731583766,-3.1258270926804976,328.15,11.5,0.2
381,0.01412968476608,0.17802921585559658,0.0025154966991919915,1.0946585367196817e-10,0.6885327344930402,7.537082356237523e-11,0.9889946995269583,1.0011331187692152,0.9901153479836466,3.7241288219373556e-07,1.0530405661748103,3.9216587231608395e-07,0.004153592143118395,0.6356497820014447,0.002640229940296122,0.2000149421638279,0.6840740180146734,0.1368250251489823,0.31577591890569257,0.6690384568926461,0.2112662335085219,0.08145606762947545,0.5897556129949959,0.04803917309698314,0.00026269937853603105,1.0,0.00026269937853603105,0.0018919475465765789,0.6703309431721823,0.0012682309833289742,2.679349375903379e-14,1.0,2.679349375903379e-14,1.0,1.0,1.0,0.01828364932208059,0.32990560378123834,-15.830803515345632,-1.0464809414337706,10.122796739250685,-4.622577978312828,-0.7129050791044288,-95.47633552824468,62.1931155630946,11.269457625749702,-3.13421771711771,333.15,11.5,0.2
382,0.011985101421468171,0.17797030799306465,0.0021329921913068083,1.3599382337397673e-10,0.6861137588722507,9.330723333852823e-11,0.9890289998584849,1.0011267352777342,0.9901433737233277,4.817561643075914e-07,1.05267459269934,5.071324740428899e-07,0.004252857121380279,0.6374020809486093,0.002710779979144902,0.2000152936516008,0.6839109140317665,0.13679264230159852,0.31373123266804237,0.6660370446379905,0.20895662301685672,0.08350327351580858,0.5887200489534817,0.049160051272002805,0.00026087825027443554,1.0,0.00026087825027443554,0.0019896056723101604,0.6702874434908414,0.0013336076996476537,2.7866673288391986e-14,1.0,2.7866673288391986e-14,1.0,1.0,1.0,0.01623844029901276,0.32571633422550433,-15.709653280571102,-1.0540580731241367,10.030084687687133,-4.4785726504412,-0.6144500138973804,-94.04164619264014,61.49773374151281,11.194707896039716,-3.142270566588535,338.15,11.5,0.2
383,0.010238896023002599,0.17635383913170316,0.0018056686221268351,1.6761414785931185e-10,0.6834353643722283,1.1455343621616944e-10,0.9890563504494579,1.0011248685251528,0.990168908807681,6.212834739162942e-07,1.0523796637756155,6.538260933893758e-07,0.004350135103111593,0.6385731951652895,0.002777879672194657,0.2000156381326997,0.6831047714830396,0.1366316367796722,0.3120829571426574,0.6630740345584921,0.2069341055095268,0.08515404261621293,0.5871356413573149,0.04999697342563831,0.0002590692711385213,1.0,0.0002590692711385213,0.0020853494122419114,0.6696817865729828,0.0013965205200190834,2.889883189740129e-14,1.0,2.889883189740129e-14,1.0,1.0,1.0,0.014589652409588108,0.322321853333274,-15.594110269348151,-1.0617766031732456,9.940991878911612,-4.33844138250898,-0.519256597988101,-92.65531038062686,60.824546248606104,11.123160620765747,-3.1500896382488124,343.15,11.5,0.2
384,0.0087608553730776,0.17463003470938326,0.0015299084778844275,2.0470480251218348e-10,0.6805594575015794,1.3931378934565936e-10,0.9890789806896564,1.0011252746896024,0.9901919662326442,7.982124971562567e-07,1.052132744120041,8.39825505023923e-07,0.004447169723078206,0.6394910279265084,0.0028439251375749286,0.20001598234998152,0.6820023685044002,0.13641137370142173,0.31070264001337317,0.6601001617798363,0.20509486293824986,0.08653672006244119,0.5853154664651741,0.05065128066971396,0.00025739302578725717,1.0,0.00025739302578725717,0.002181057336421877,0.668845811047219,0.001458791063119577,2.991911752088459e-14,1.0,2.991911752088459e-14,1.0,1.0,1.0,0.013208823308652962,0.31946349559115556,-15.48463202811412,-1.0696848279781517,9.856005894772446,-4.202324271156906,-0.4271841109953485,-91.31543526921342,60.1729816061596,11.054811490298336,-3.15766257877641,348.15,11.5,0.2
385,0.007607102832316731,0.17031793800261844,0.0012956260685740638,2.4821851441216963e-10,0.676765370571859,1.6798569488894835e-10,0.9890958310548772,1.0011324398043293,0.9902159225442598,1.021241208107845e-06,1.0519442265072962,1.0742887927403835e-06,0.004546124159159416,0.6392928428694578,0.0029063046377465467,0.20001633263346735,0.6796952858219764,0.1359501583783681,0.30964858593162564,0.6564974392366616,0.20328350372736562,0.08759342880209335,0.582464416428876,0.0510200553902156,0.0002554344949944496,1.0,0.0002554344949944496,0.00227849492049058,0.6668841787007095,0.0015194922137250991,3.0888835588251245e-14,1.0,3.0888835588251245e-14,1.0,1.0,1.0,0.012154248232684255,0.3172556890121609,-15.380769059290374,-1.077769300813066,9.774727699793832,-4.070253494225787,-0.3380984697347215,-90.02014557368726,59.54240314212523,10.989610990788362,-3.1658962345404427,353.15,11.5,0.2
386,0.006563917358279595,0.16774553536343864,0.001101067831345979,2.979598695320256e-10,0.6728721977044767,2.004889122397531e-10,0.9891106467972295,1.001139739762076,0.9902379755304771,1.3008081609420377e-06,1.0517759234748085,1.368158704738378e-06,0.004647309853628313,0.6391460628244242,0.002970309795671687,0.20001669204350436,0.6774186372492708,0.13549503495121779,0.30870740028760923,0.652846465651387,0.20153853519819365,0.08853704202745126,0.5796744340132819,0.05132265972647296,0.0002537211781874459,1.0,0.0002537211781874459,0.002378521944426004,0.6649985978657353,0.0015817137580361748,3.1877696816353387e-14,1.0,3.1877696816353387e-14,1.0,1.0,1.0,0.011212528020068849,0.3152713179438487,-15.28321562452208,-1.0860960719799484,9.697909640431542,-3.9422152611551393,-0.2518758411369526,-88.76763585999211,58.93215966040045,10.927490388352632,-3.1739254947062703,358.15,11.5,0.2
387,0.005676765033012607,0.16520865783278024,0.0009378507319360715,3.544652021730429e-10,0.668876407353634,2.3709341096138446e-10,0.9891226543016434,1.0011483731012707,0.9902585361517008,1.6498951453491444e-06,1.051635817650303,1.735088830216512e-06,0.004749957451754945,0.6388468753812014,0.0030344954762472997,0.20001705758117694,0.6749626475669842,0.1350040427435491,0.3079237883299925,0.649203058080418,0.19990506503953845,0.08932292448777099,0.5767528195419751,0.051517248548056845,0.00025217711762215114,1.0,0.00025217711762215114,0.0024803190977296338,0.6629795103364332,0.001644400740890896,3.2872477732600777e-14,1.0,3.2872477732600777e-14,1.0,1.0,1.0,0.010428372379912901,0.3136005537174704,-15.191398787989254,-1.0946426367930666,9.625080515287413,-3.8179995846439927,-0.16839799829014426,-87.55601155330339,58.34144079913944,10.868290022743302,-3.181787380166331,363.15,11.5,0.2
388,0.004972988953597898,0.16086715356334041,0.0007999905776672285,4.182493249561606e-10,0.6647758825349049,2.780420641173604e-10,0.9891313926269837,1.0011591128499353,0.9902779075344521,2.0840596265938556e-06,1.051528681410227,2.191448471132526e-06,0.004853471749051592,0.6382648942555464,0.0030978006326806964,0.20001742696814534,0.6721949352489563,0.13445070136951529,0.3073245101201459,0.6456059334802717,0.19841052723748398,0.0899243642862331,0.5735775673385298,0.05157859811176136,0.00025074962094593273,1.0,0.00025074962094593273,0.002583269627769414,0.6606934708326667,0.0017067493764675852,3.3863783700416156e-14,1.0,3.3863783700416156e-14,1.0,1.0,1.0,0.009828544762276084,0.3122974994919931,-15.104880842277847,-1.1033940951907717,9.55588949605273,-3.6974391051702846,-0.0875532954402164,-86.38351978345831,57.7695105218169,10.81187663414642,-3.1895064155361634,368.15,11.5,0.2
389,0.004327713286097832,0.15826635270297992,0.0006849313973349316,4.889503231079257e-10,0.6606292608728288,3.2301489055831974e-10,0.9891389855737343,1.0011698674080731,0.9902961470350113,2.620675265177862e-06,1.051432563938041,2.7554633133149674e-06,0.004959951220443268,0.6377269739582091,0.003163094682793612,0.20001780819134957,0.6694571298447013,0.13390334778960886,0.3067868175520943,0.6419817027172415,0.19695152350329725,0.09046402452473878,0.5704579868344225,0.05160592531132231,0.00024953956487794684,1.0,0.00024953956487794684,0.002689607532317375,0.6584688810774993,0.0017710228623426362,3.4880650441055144e-14,1.0,3.4880650441055144e-14,1.0,1.0,1.0,0.009290285181806277,0.31111453132714245,-15.024078232901935,-1.112397052396692,9.490777456807438,-3.5806012556376072,-0.00923628586437185,-85.24873427415477,57.21589694883319,10.758238828565961,-3.1970879381628663,373.15,11.5,0.2
390,0.0037613434912133997,0.15638411680089306,0.0005882143798581952,5.67187258337487e-10,0.6557111941238881,3.7191103445632796e-10,0.9891449514692184,1.0011844526395857,0.9903165468179189,3.2794342410527353e-06,1.0513517594253339,3.44783895925048e-06,0.005072997129961091,0.6364682102589801,0.0032288014039552793,0.20001821293575966,0.6659523279439102,0.1332025945357499,0.3063347544223927,0.6376554458603588,0.19533602441373435,0.0909182624954526,0.5667075638291846,0.05152406704638027,0.0002481690825312787,1.0,0.0002481690825312787,0.0028025954459798773,0.6555186863588001,0.0018371536851438848,3.588632184420653e-14,1.0,3.588632184420653e-14,1.0,1.0,1.0,0.008837620055415543,0.31009609848079345,-14.948788021145596,-1.1216532919752316,9.429560936100822,-3.4675567292857297,0.06665421178272389,-84.15031716788144,56.680161853400115,10.707372345250109,-3.205479325874638,378.15,11.5,0.2
391,0.0033402973737711866,0.15145703309815087,0.0005059115298969291,6.531095857254495e-10,0.6507338072676763,4.25000487282136e-10,0.9891482955133352,1.0012010576262427,0.9903363196171463,4.087159311208389e-06,1.0512972176096096,4.296819211800591e-06,0.005187477267622822,0.6349305219776074,0.0032936876492787297,0.20001862371749102,0.6621526312864633,0.13244285800083366,0.3060296071439828,0.6333987464056523,0.19383876952801296,0.09122550419440745,0.5627160311322853,0.05133405365831861,0.00024689101877123316,1.0,0.00024689101877123316,0.00291740787002861,0.6523054874001558,0.0019030411626040627,3.688841546546227e-14,1.0,3.688841546546227e-14,1.0,1.0,1.0,0.008531861800705216,0.3093699051708635,-14.878234243457472,-1.1311202278348178,9.371610572011283,-3.3578606646148508,0.14021140376419314,-83.0864941376685,56.16137182150842,10.659016127399767,-3.213774616707564,383.15,11.5,0.2
392,0.0029455933694548654,0.14826238766940658,0.00043672070605855064,7.45709145074743e-10,0.6457560929369814,4.815462239908421e-10,0.9891510348539144,1.0012175759696333,0.9903554013842905,5.0716789742197934e-06,1.0512480650145248,5.331592708023406e-06,0.005305558182713581,0.6334382723180488,0.003360743608940977,0.20001904879877314,0.6583958339413211,0.13169170843801803,0.3057546008191605,0.6291381263652498,0.19236187668692153,0.09150244218598888,0.5587884209373497,0.051130505181019865,0.0002458041266508133,1.0,0.0002458041266508133,0.0030363656584842954,0.6491546610940507,0.0019710709199909867,3.7915998401652347e-14,1.0,3.7915998401652347e-14,1.0,1.0,1.0,0.008256223231142666,0.3087001949343246,-14.812835387339458,-1.1408441878910587,9.317362018278542,-3.251572365675772,0.2115247276825912,-82.05606854719,55.659123989427535,10.613165654796322,-3.2219721892055126,388.15,11.5,0.2
393,0.0026045146679569077,0.14517052921327006,0.00037809877269102856,8.448347217706626e-10,0.6407698599420665,5.413446263431825e-10,0.9891527094041357,1.0012346089799404,0.9903739262216984,6.2669744496604115e-06,1.051209072021894,6.587900395612437e-06,0.005426624313256884,0.6318940717749457,0.0034290517332968107,0.2000194859185888,0.6545834891368876,0.1309294529879564,0.30553643369393724,0.6249005899136779,0.19092989765546267,0.0917224196809981,0.554833634854672,0.050890683509273886,0.00024486245598181273,1.0,0.00024486245598181273,0.00315887529001433,0.6459674998445984,0.002040530773411438,3.895995098819815e-14,1.0,3.895995098819815e-14,1.0,1.0,1.0,0.008037405955663452,0.30814094920672885,-14.752237336381345,-1.1508128904449417,9.266526169887095,-3.148549463952542,0.2806790643616659,-81.05771051644994,55.172836425446604,10.569718572748288,-3.230082953260176,393.15,11.5,0.2
394,0.0023352772178674795,0.14051019281433239,0.00032813025215747724,9.502276813434405e-10,0.6357692046262283,6.041254971815448e-10,0.9891530151507407,1.0012525753329455,0.9903920038180274,7.712441211907064e-06,1.0511834058568663,8.107190220603323e-06,0.005550152924673544,0.6302312505255045,0.003497879818324793,0.20001993320477635,0.6506490963348258,0.13014278878863994,0.30539283559323804,0.6207053786943288,0.18955897566743576,0.09186773940126154,0.5507899593067024,0.05059982844641958,0.0002440297394188685,1.0,0.0002440297394188685,0.0032844565770193497,0.6426767207481957,0.002110843782358638,4.00130669232991e-14,1.0,4.00130669232991e-14,1.0,1.0,1.0,0.00789314258375293,0.30772811376133324,-14.696153027516157,-1.1610179458256933,9.218872834438434,-3.0486730145736236,0.3477549353035099,-80.0901773409865,54.701971590287094,10.52858683618127,-3.2381155081442596,398.15,11.5,0.2
395,0.0020694561957720777,0.1380923293403793,0.0002857760265420462,1.061553484068832e-09,0.6300125123556749,6.687919774981256e-10,0.9891529277973609,1.0012739854911943,0.9904130942759469,9.446722924849e-06,1.0511600299285917,9.93001755241138e-06,0.005682742008860709,0.6278805024844181,0.0035680829080127724,0.2000204134550546,0.64600910277925,0.12921500783363446,0.305262052237402,0.6157531631552685,0.18796607425644907,0.09200051020470441,0.5461726819861221,0.050248165402594996,0.0002429967051736193,1.0,0.0002429967051736193,0.0034194752387916314,0.638700075946333,0.0021840190947128206,4.105228958856359e-14,1.0,4.105228958856359e-14,1.0,1.0,1.0,0.0077616449275576364,0.3073315094947276,-14.6449192494295,-1.1714997293173424,9.174708945122257,-2.9521597382369347,0.4128302554804647,-79.15262143644297,54.246350211393214,10.489854037783154,-3.2471165591398163,403.15,11.5,0.2
396,0.001875703740932589,0.1329645135387014,0.0002494020354558241,1.1780656521498868e-09,0.6242581007380467,7.354170265558166e-10,0.9891514629161244,1.0012964980672205,0.9904338958759835,1.1525699995058766e-05,1.0511500382136085,1.2115239990244606e-05,0.005817800060027772,0.625388834171949,0.003638387196986265,0.2000209041284525,0.6412332944867326,0.1282600633205025,0.30520616661398847,0.6108644478605149,0.18643959645227837,0.09205832478607219,0.5414525928085242,0.04984521864502802,0.0002420428747067891,1.0,0.0002420428747067891,0.0035577313356364034,0.6346005309303805,0.002257738194502514,4.2093332690030777e-14,1.0,4.2093332690030777e-14,1.0,1.0,1.0,0.00770502950095542,0.3070818715329867,-14.597843601944568,-1.182216603143781,9.133466319458131,-2.8586084640047456,0.4759761517834475,-78.24363282824955,53.80518763268464,10.453293952286955,-3.256053780496974,408.15,11.5,0.2
397,0.0016862685375459172,0.12949776346879738,0.000218368004219996,1.2979753627963117e-09,0.6185415358355456,8.028516743807305e-10,0.9891497622108152,1.0013188832109274,0.990454335225288,1.40055267979129e-05,1.05114158002512,1.4721791567442319e-05,0.005956698832878686,0.6229410504890998,0.0037106722284006425,0.20002141055681041,0.6365133018135251,0.12731628846691406,0.3051588632465874,0.6059960372959566,0.1849250618731707,0.09210745730646906,0.536801346482859,0.049443407103225034,0.00024122015942337646,1.0,0.00024122015942337646,0.0037007607733127697,0.6305622885465446,0.0023335601825833796,4.3153543230927466e-14,1.0,4.3153543230927466e-14,1.0,1.0,1.0,0.007656972897222516,0.3068451330821087,-14.555125615525641,-1.1931973003076977,9.09536468255205,-2.768024446491467,0.537261578023336,-77.36225982823831,53.378125762326924,10.418886859398341,-3.26492539908735,413.15,11.5,0.2
398,0.0015374347759669546,0.12465980472496198,0.00019165631894940615,1.4207787569807053e-09,0.6128458054502608,8.707183016884598e-10,0.989147220090005,1.0013418511267818,0.9904745084018358,1.6952850568284567e-05,1.0511409657115123,1.7819835717909602e-05,0.006098406760049002,0.6204282927967263,0.0037836240949172192,0.2000219290731651,0.6317388308463673,0.12636161961631634,0.3051554559513658,0.601176410095678,0.1834522615299519,0.09211263948419982,0.5321181511567993,0.0490148074205052,0.0002404757374043558,1.0,0.0002404757374043558,0.003847612502796703,0.6264764262064325,0.0024104385301792655,4.422022281526868e-14,1.0,4.422022281526868e-14,1.0,1.0,1.0,0.007652794386584241,0.3066928921481115,-14.516435180097995,-1.204427401403324,9.060122326978673,-2.680293751979687,0.596752190835552,-76.50748006430995,52.96470373028455,10.386555202418727,-3.2737378921526017,418.15,11.5,0.2
399,0.0013777049749329677,0.12249957209173595,0.00016876826989794435,1.5444600211678534e-09,0.6071986270641111,9.377940044085283e-10,0.9891447017346289,1.0013644550283174,0.9904943451966443,2.0439314528846634e-05,1.0511391988117034,2.1484564698112272e-05,0.006243998162773661,0.6179902879149421,0.003858730222352865,0.20002246394041664,0.6270543923441076,0.12542496458132915,0.30514559955194387,0.596372627052062,0.18198048283816928,0.09212418778875538,0.5275318295894927,0.04859844133364814,0.00023984678730622138,1.0,0.00023984678730622138,0.00399954125459219,0.6224816909594773,0.002489641203220735,4.5306810946733036e-14,1.0,4.5306810946733036e-14,1.0,1.0,1.0,0.007642142452235474,0.3065233060713369,-14.48190512171595,-1.2159300460604725,9.027892548159992,-2.5954086650617016,0.6545104041941938,-75.67842278923985,52.564582032341285,10.356275972014473,-3.2824893964960875,423.15,11.5,0.2
400,0.0012700278704034903,0.11723346407984682,0.000148889766725352,1.6709539415597056e-09,0.6007109051620314,1.0037602547183943e-09,0.9891409147782855,1.0013922717049468,0.9905180676861364,2.4538004747418795e-05,1.0511484909978388,2.5793086662347066e-05,0.0063987644351174025,0.614585321935534,0.003932586700346275,0.20002303274962638,0.6214054132406455,0.12429539532342872,0.3051976334284826,0.5907917440995557,0.1803082421482701,0.09207427999282324,0.5221428048904747,0.04807592281372366,0.00023885111543549986,1.0,0.00023885111543549986,0.004161502181062596,0.617533350956204,0.002569866386883136,4.6337027911904955e-14,1.0,4.6337027911904955e-14,1.0,1.0,1.0,0.007693330310268312,0.30646766296984,-14.451235595176218,-1.2276921438094763,8.998370004806798,-2.5134564384293743,0.7105975317771763,-74.87435476830852,52.17753429238033,10.328076882077006,-3.29240238813935,428.15,11.5,0.2
401,0.0011606151552763116,0.11350139645317187,0.00013173144086857627,1.7962765197266213e-09,0.5942848007878214,1.067499833685577e-09,0.989136990409574,1.0014199685473995,0.9905415338250251,2.9346558376605437e-05,1.0511582540720477,3.0847877066176025e-05,0.006557168323768277,0.6112259951510401,0.004007911734068143,0.20002361751472109,0.6158247483766903,0.12317949392539844,0.30525230290613076,0.5852514135834805,0.17864934177542582,0.09202168732834654,0.5168299575652462,0.047559564756991704,0.00023793642052854073,1.0,0.00023793642052854073,0.004328601225018711,0.612650802542504,0.00265192101439418,4.7376633792996855e-14,1.0,4.7376633792996855e-14,1.0,1.0,1.0,0.007747130037421194,0.3064129198576836,-14.42443043246032,-1.239725514177714,8.971632183965179,-2.434210364592879,0.7650684120343487,-74.09426870389724,51.803026403010605,10.301826218708127,-3.302262377695037,433.15,11.5,0.2
402,0.0010755839531551101,0.1086050896424646,0.00011681389165040718,1.9196218738277877e-09,0.5879065420769294,1.1285582579373283e-09,0.9891324980795593,1.001448057344506,0.9905648186580929,3.496728268367746e-05,1.051172998858576,3.6756663400536814e-05,0.006718237599351509,0.6078365212713569,0.004083590171464254,0.200024214948287,0.6102357893236557,0.12206193469281253,0.30533485029684854,0.5797708221754121,0.17702423719541027,0.09194120342832841,0.5115235959354385,0.047030094992290224,0.0002370602244623009,1.0,0.0002370602244623009,0.004500028334193289,0.6077585475895384,0.0027349306845010826,4.841516385105235e-14,1.0,4.841516385105235e-14,1.0,1.0,1.0,0.007828788835190295,0.3064104361696256,-14.401252576304774,-1.2520210493874768,8.947476017049084,-2.357594430815724,0.817977086958076,-73.33734543972324,51.44069144022435,10.277470561108379,-3.312074393928085,438.15,11.5,0.2
403,0.0009789926671545273,0.10611286373084529,0.00010388371548326514,2.038806215124084e-09,0.5815959400634996,1.1857614172923957e-09,0.9891280397384073,1.001475852739407,0.9905878470654795,4.150834157824197e-05,1.0511864509551483,4.363300626866619e-05,0.006882689221701702,0.6045146100509552,0.0041606861909589165,0.2000248281063642,0.6047389085349842,0.12096279622894053,0.30541016367289686,0.5743267731112511,0.17540523377763395,0.09186792323073234,0.5063126184934633,0.046513888766508554,0.0002362455903571625,1.0,0.0002362455903571625,0.004676739818595804,0.6029530392126057,0.002819854487228951,4.9462010455893644e-14,1.0,4.9462010455893644e-14,1.0,1.0,1.0,0.007903190230434471,0.30638915837885766,-14.381786905159236,-1.2645970088687468,8.926002684982466,-2.283599601155143,0.8693750384297286,-72.60286797181145,51.090241396850935,10.254990897632307,-3.321835615489129,443.15,11.5,0.2
404,0.0009114415489189331,0.10156144670832458,9.256732229828304e-05,2.1534356829076926e-09,0.5753296156867894,1.2389353238535018e-09,0.9891229472499335,1.0015041704740633,0.9906107567824053,4.90937325518948e-05,1.051205619315382,5.1607607531718315e-05,0.007049027523119222,0.6011443750771795,0.004237483245287345,0.20002545183677248,0.5992166107566681,0.11985857331470197,0.30551746395261575,0.5689464539645783,0.1738230777400916,0.09176267386274639,0.5010912564812351,0.04598147354396138,0.00023543423362881743,1.0,0.00023543423362881743,0.004857429785575322,0.5981193329173107,0.002905322663040987,5.050152689350586e-14,1.0,5.050152689350586e-14,1.0,1.0,1.0,0.00800956280459005,0.3064289076549702,-14.365739900804217,-1.277438340885755,8.906951364509064,-2.2121475207323598,0.9193114884217966,-71.89008304615042,50.751330536261115,10.234334538567914,-3.3315549151980783,448.15,11.5,0.2
405,0.0008565474277118806,0.096498636793977,8.265565912358407e-05,2.2652930421730267e-09,0.5681437354862692,1.2870120509512376e-09,0.9891171560743834,1.0015379481051625,0.9906383669303519,5.782491018081334e-05,1.0512293993182151,6.078724559500611e-05,0.007227301480830938,0.5967619795788425,0.00431297873871377,0.20002612105402712,0.5927128104790184,0.11855804437914877,0.3056505703271837,0.5626622231800624,0.1719780294165472,0.09163216564922257,0.49506091907053884,0.04536350414272799,0.00023416602473404305,1.0,0.00023416602473404305,0.005051889552972342,0.5923007833805128,0.0029922381397773463,5.146026551815305e-14,1.0,5.146026551815305e-14,1.0,1.0,1.0,0.008141673818723631,0.30650712002018865,-14.3532442891463,-1.290567154494593,8.890417386555503,-2.1434328328543786,0.9678354896106449,-71.19854151992311,50.4239010044024,10.215588145461679,-3.342689160209042,453.15,11.5,0.2
406,0.0007902088262116489,0.09364261318867872,7.399721945121729e-05,2.3693606000052455e-09,0.5610474879377336,1.3293238126515832e-09,0.9891113928600339,1.0015714726153464,0.9906657543274405,6.786160611970414e-05,1.0512518966505846,7.13396421430939e-05,0.007408512153664833,0.5924520652563583,0.004389188325915562,0.2000268056504509,0.5863141715577789,0.11727855084429295,0.30577649732910145,0.5564362521242223,0.17014512816147748,0.09150884120577439,0.4891361585586965,0.04476028306155024,0.00023292398182050373,1.0,0.00023292398182050373,0.0052519230361485906,0.5865777414027398,0.003080661152565059,5.241632466219661e-14,1.0,5.241632466219661e-14,1.0,1.0,1.0,0.008266582585996187,0.30656670852467366,-14.344195335605846,-1.3039844986982578,8.87636921550709,-2.0772133668609962,1.0149897248600248,-70.52738673174792,50.107459789827004,10.198616422554124,-3.353778275059871,458.15,11.5,0.2
407,0.0007457237379744424,0.08899910430906907,6.636874474173626e-05,2.465348774983705e-09,0.5540205546817806,1.3658538958005192e-09,0.989105115743138,1.001605426399005,0.990693051207343,7.935724953208779e-05,1.0512788247989007,8.342659602736636e-05,0.007591185116695826,0.588120784940199,0.004464533749457505,0.2000275006844479,0.579925621740462,0.11600107269961916,0.30592721460627975,0.5502896078479681,0.16834856695571088,0.09136077157671495,0.4832318256020929,0.04414843243743177,0.0002316575921074611,1.0,0.0002316575921074611,0.00545631221782093,0.5808573728951837,0.0031693391805393584,5.3355782417772463e-14,1.0,5.3355782417772463e-14,1.0,1.0,1.0,0.008416266104202357,0.306672940809603,-14.3383570678753,-1.3176789462679483,8.864595754271772,-2.013433084804961,1.0608171096372847,-69.87597575776049,49.801714103279615,10.18338000679947,-3.3648309554011995,463.15,11.5,0.2
408,0.0007055655753868819,0.08454727014166244,5.9653643304892205e-05,2.551662475696261e-09,0.5470726256941568,1.395944690464404e-09,0.9890986220574,1.0016394613630528,0.9907202110325118,9.246853852374195e-05,1.0513070959394062,9.72128307011562e-05,0.007775409859102333,0.5838156397985438,0.004539405881587732,0.2000282070631037,0.5735955203270976,0.11473528351045736,0.3060854431075432,0.5442109179837289,0.16657503997501252,0.09120523204575139,0.4773904114612734,0.04354050325374217,0.00023037242573679454,1.0,0.00023037242573679454,0.00566546554047453,0.5751861816031826,0.0032586974912299557,5.4282216984344186e-14,1.0,5.4282216984344186e-14,1.0,1.0,1.0,0.008573443973012957,0.3067910112345925,-14.335751706884533,-1.3316621173601864,8.855131788805956,-1.952082844132697,1.1053586046987172,-69.24373860046238,49.50642704443855,10.169863490913976,-3.375845427505013,468.15,11.5,0.2
409,0.000655059360106331,0.08204509760351364,5.374440913601912e-05,2.6268435949307517e-09,0.5402119440125709,1.41905228503451e-09,0.9890921608304565,1.0016732753065476,0.9907471843190738,0.00010735954939442442,1.0513341211669618,0.00011287075751146818,0.007961210443804418,0.5795760031925341,0.004614126529594823,0.20002892547633053,0.5673636757389949,0.11348914641237236,0.3062366970199103,0.5381908511134395,0.16481378861131402,0.09105670645383535,0.4716466286080513,0.04294658861110444,0.0002290718258184051,1.0,0.0002290718258184051,0.005879738552571054,0.5696024578618768,0.0033491135311297065,5.519850240142915e-14,1.0,5.519850240142915e-14,1.0,1.0,1.0,0.008723629353305173,0.3068917590068602,-14.33639121572144,-1.3459447572757237,8.848001602651301,-1.8931521876213067,1.1486533937533672,-68.6301285122876,49.22136907261769,10.158051338464302,-3.3868195383357937,473.15,11.5,0.2
410,0.07289781715455763,0.17016374034019457,0.012404565229655131,1.4566731390955848e-12,0.6864958054689165,9.99999999928357e-13,0.9879613533989315,1.001576623922659,0.9895189969033628,1.898971032396653e-09,1.0636237841311982,2.0197907554332585e-09,0.0009042098726867584,0.5833000726827255,0.0005274256844586242,0.20001452510640205,0.64709390058532,0.12942817922482214,0.37459933706627974,0.6851343786783246,0.2566508840542178,0.02610913714618278,0.5732954959377754,0.014968250728728255,8.883582658102844e-05,1.0,8.883582658102844e-05,0.001775830633349827,0.6420286442701582,0.001140134133983006,2.9261810388281006e-14,1.0,2.9261810388281006e-14,1.0,1.0,1.0,0.07380202892621543,0.4474971542222942,-18.4731727154494,-1.0012239798226683,12.000000000031113,-7.586577573635082,-2.214381140189267,-118.36612098735348,73.53295136702408,12.92533863079287,-3.0266575759791814,273.15,12.0,0.2
411,0.06695534500891351,0.17163840467551317,0.011492108601828498,2.164307842630825e-12,0.6872561970585268,1.4874339771904035e-12,0.9880608333765697,1.0015191855066614,0.9895618810743353,2.845784942264257e-09,1.062574768364959,3.0238592758429327e-09,0.0010414903635465253,0.5883054124681236,0.0006127144179078146,0.20001505403668995,0.6517462369038912,0.13035905879254114,0.36879494180457184,0.6855139512909322,0.25281407777256143,0.03190508121259109,0.5750887052754492,0.01834825184625707,9.834691408649229e-05,1.0,9.834691408649229e-05,0.0019226261760815317,0.6449483069254797,0.0012399944971143934,3.13489601229872e-14,1.0,3.13489601229872e-14,1.0,1.0,1.0,0.06799683821824498,0.4357502868156496,-18.222825741012056,-1.0057344662373318,11.82756230222344,-7.327416533653561,-2.0617970043697755,-116.05969775083412,72.42700296557817,12.767635584175943,-3.03479639767555,278.15,12.0,0.2
412,0.06068817953784032,0.17326982812512975,0.01051543043774861,3.1498815990514957e-12,0.6883838820123931,2.1683277230344717e-12,0.9881659722356014,1.0014621287256826,0.9896107980893492,4.206684608504136e-09,1.0614686269101998,4.46526373523316e-09,0.0011811559405430596,0.5936496951705579,0.0007011928640522811,0.20001558924097898,0.6564827420381261,0.13130678247528937,0.3626682481529851,0.6856091418987664,0.248648666410097,0.03802398053570114,0.5772588507777182,0.021949679306033167,0.00010721370686970095,1.0,0.00010721370686970095,0.002071163363231149,0.6481983172586336,0.001342524606814163,3.338183763556253e-14,1.0,3.338183763556253e-14,1.0,1.0,1.0,0.06186933968506799,0.42335642769397536,-17.986954171367273,-1.010561482656238,11.663875077507678,-7.080680744665073,-1.915094039887707,-113.84965599740768,71.36503465926097,12.619378699829573,-3.043408870655259,283.15,12.0,0.2
413,0.05430586314095212,0.1750327547867044,0.009505304826630603,4.501218523545498e-12,0.6897420489546889,3.104679687223069e-12,0.988273178710821,1.0014066339553491,0.9896633173211564,6.1418875832921645e-09,1.0603428535331705,6.512506606147969e-09,0.0013206798946707229,0.5992651952201387,0.0007914374949031631,0.20001612106914632,0.6612774021938129,0.13226614093748826,0.35642625744974504,0.6854114515089018,0.24429863847451525,0.04425896606260087,0.5797382655626055,0.02565861622072645,0.00011528458230552012,1.0,0.00011528458230552012,0.0022187641459240626,0.6517301133143317,0.001446035408240866,3.532658089787867e-14,1.0,3.532658089787867e-14,1.0,1.0,1.0,0.05562654917751043,0.41073212059519837,-17.76409889150909,-1.015664687442255,11.507983199753847,-6.845252270084414,-1.7739638477626523,-111.73007235759134,70.34435886599752,12.47972154416851,-3.0522980187958835,288.15,12.0,0.2
414,0.047902909441080326,0.1779847073675945,0.008525985318927063,6.3172715439220205e-12,0.6911435622063432,4.366141558291028e-12,0.9883808195130116,1.0013499427927643,0.9897150770768196,8.869482039592948e-09,1.0592143746265903,9.394682871829202e-09,0.0014591932984126233,0.6057649646147278,0.0008839281767789709,0.20001664679885114,0.6668392667612708,0.13337895409139397,0.35016261051418757,0.6848002674779715,0.23979144934090035,0.05051627833299141,0.5831141551910519,0.029456756963538326,0.0001226727262184806,1.0,0.0001226727262184806,0.0023646732080891348,0.6562178030810691,0.0015517406576169165,3.720953873486598e-14,1.0,3.720953873486598e-14,1.0,1.0,1.0,0.04936211160897499,0.3980655199615852,-17.55379978000222,-1.0210560572621297,11.35990218777758,-6.620033877269881,-1.6381202966729451,-109.69541090433188,69.3624186622346,12.347859627917297,-3.060982696302396,293.15,12.0,0.2
415,0.04189146850067675,0.17975072403591505,0.007530021793924374,8.755033796437094e-12,0.6925538038466916,6.063331958528861e-12,0.988481796557069,1.001301963724339,0.9897687639983558,1.2672643471438253e-08,1.0581565784001843,1.3409641055022554e-08,0.0015924912086937389,0.611352778910921,0.0009735739258261285,0.20001714970013895,0.6712591301248325,0.1342633379177637,0.3442852275890663,0.6840763192003801,0.2355173712441936,0.05638840193707664,0.585640026368291,0.03302330519729535,0.00012893978148261083,1.0,0.00012893978148261083,0.0025042477505585626,0.6597636841157868,0.001652211721847189,3.8912573962291116e-14,1.0,3.8912573962291116e-14,1.0,1.0,1.0,0.043483972382013965,0.3861766960984981,-17.353384227855948,-1.0266148535079078,11.217288654128426,-6.40442459011633,-1.5072937710934031,-107.74096431167627,68.41726102800384,12.223268117087562,-3.07001715937378,298.15,12.0,0.2
416,0.03639596389405343,0.1805448827915128,0.006571105035336009,1.199954792469325e-11,0.6929897975901994,8.315564287507088e-12,0.9885738941354445,1.0012635775262366,0.9898230338910982,1.793703792197298e-08,1.0571917216777988,1.8962888002530577e-08,0.001721153083728742,0.6160240781005052,0.00106027174167384,0.20001763196007394,0.6745739090999207,0.13492667588021628,0.3389191153816498,0.6824204373556498,0.2312853309469354,0.06175030742451759,0.5873120063769555,0.03626669694788723,0.0001341128736966655,1.0,0.0001341128736966655,0.0026380951372223533,0.662387607048224,0.001747441525110271,4.041587088988405e-14,1.0,4.041587088988405e-14,1.0,1.0,1.0,0.0381171349148201,0.37531507928770286,-17.16242097615682,-1.032344551977316,11.0801082745701,-6.197482414604564,-1.381234401927178,-105.86198596663321,67.50668077192444,12.105274860955682,-3.0797104180003463,303.15,12.0,0.2
417,0.03151312549952193,0.17992195169885256,0.005669903044004863,1.6262780899704393e-11,0.6931613823366592,1.1272731689077298e-11,0.9886554712681181,1.0012333861191438,0.9898748652029958,2.515911775966422e-08,1.0563365648828187,2.657649602972606e-08,0.0018431969941779542,0.6198879827825808,0.0011425756665918883,0.200018087017555,0.6769379675008175,0.13539983728906532,0.3341590124702714,0.6806773962906923,0.22745448655533337,0.06650708252069638,0.5882314090917137,0.03912155486572812,0.0001383525517419278,1.0,0.0001383525517419278,0.002764394955061104,0.6642252652765859,0.001836180972354717,4.176486682371609e-14,1.0,4.176486682371609e-14,1.0,1.0,1.0,0.03335634765281764,0.36567213798605624,-16.980247558748058,-1.0382327802141038,10.947970829851176,-5.998700467845667,-1.2597095619177812,-104.05443879165274,66.62899062126903,11.993446472876922,-3.0892739741502253,308.15,12.0,0.2
418,0.027049823310116797,0.1802063457089812,0.004874549810789767,2.174445416733798e-11,0.6930338321340476,1.5069642399253398e-11,0.988729816943995,1.0012046875725698,0.9899209274670967,3.5007459748648305e-08,1.0555566929020974,3.695235843918653e-08,0.001961427758866614,0.6239735628702032,0.0012238790670125188,0.2000185265456919,0.6794715373608857,0.1359068957326604,0.32981461189029276,0.67870386220192,0.22384645090056898,0.0708486234637779,0.5893801370033169,0.04175677140357783,0.00014209293314819957,1.0,0.00014209293314819957,0.002886387523467163,0.6663581174919486,0.001923367756489826,4.305400765975829e-14,1.0,4.305400765975829e-14,1.0,1.0,1.0,0.02901128607644316,0.35686443522215405,-16.807562330346823,-1.0443490923249146,10.821897053317327,-5.8073137682251845,-1.1425019353695882,-102.31427762839486,65.78232195998727,11.887239700624898,-3.0983028849956313,313.15,12.0,0.2
419,0.02312330982039911,0.18024924867931097,0.004167959222105873,2.873945030293423e-11,0.6925703570015364,1.9904091356331065e-11,0.9887949012561885,1.001180830526309,0.9899625004598506,4.8333058923229535e-08,1.0548727752850025,5.0985228004360654e-08,0.0020747843162725165,0.6276702690620903,0.0013022804300405761,0.20001894650377552,0.6815335746213288,0.13631962760271046,0.3260020998490165,0.6766182216611305,0.2205789610576358,0.0746587971458791,0.5901652580176142,0.04406102828088245,0.00014527282155670578,1.0,0.00014527282155670578,0.003002952271030639,0.6681440204990554,0.00200640460373318,4.425716465629965e-14,1.0,4.425716465629965e-14,1.0,1.0,1.0,0.025198142469730553,0.34912540969815503,-16.643319657550332,-1.0506557196993882,10.701057643648266,-5.62292613539472,-1.0294061565463704,-100.63805428053857,64.96524954023529,11.786314745838139,-3.1069635188318214,318.15,12.0,0.2
420,0.01971130113526156,0.18005738820914857,0.0035491654006192218,3.756030695538804e-11,0.6917641254000847,2.598287289075275e-11,0.9888510918272949,1.0011615089217658,0.9899996511927502,6.624057716253897e-08,1.0542807309392583,6.983616410875983e-08,0.0021838124407796084,0.630966078681118,0.0013779115723337506,0.20001934924168382,0.6831207083971109,0.1366373595471082,0.3226997428643097,0.6744460048734854,0.21764355234853466,0.07795923648228241,0.5905712786984616,0.04604048597569728,0.00014799749260011817,1.0,0.00014799749260011817,0.0031147424666010406,0.6695675986790821,0.0020855306338658204,4.539032825982763e-14,1.0,4.539032825982763e-14,1.0,1.0,1.0,0.02189517981661833,0.3424110440371316,-16.487163967908604,-1.0571549908320736,10.58531283126063,-5.445098898845197,-0.92023027338765,-99.02248661082301,64.17636923635652,11.690325065084346,-3.11525098715567,323.15,12.0,0.2
421,0.01682923733508775,0.17889487534139334,0.003010664315151244,4.8634832883942905e-11,0.6898800331318824,3.355220012133806e-11,0.9888980302536192,1.0011501614839904,0.9900354226796109,9.016995744286359e-08,1.0537836023950171,9.501962258194602e-08,0.0022909033243728298,0.6331745823102067,0.0014505417555228301,0.20001974309089476,0.683503667449529,0.13671422796493918,0.3199253861780046,0.6715362922667955,0.2148415076359999,0.08073219334695968,0.5899517822910205,0.047628101353302144,0.00015018652543169068,1.0,0.00015018652543169068,0.00322407179423664,0.6699042674699197,0.002159819453588526,4.640198463992565e-14,1.0,4.640198463992565e-14,1.0,1.0,1.0,0.019120230829418022,0.3367546235617272,-16.338490960996282,-1.0638316279807742,10.4742789965314,-5.273330581390647,-0.8147929191263097,-97.46442059549841,63.41427614124894,11.59890730150399,-3.1240085382985048,328.15,12.0,0.2
422,0.014358831639076312,0.17893734330591526,0.002569331186473236,6.22763793125685e-11,0.6876657688914316,4.2825334263751835e-11,0.9889378168141993,1.001140976906497,0.9900661720251458,1.2191987049925461e-07,1.0533599525425335,1.2842550900308657e-07,0.002395380630644901,0.6352400181226139,0.0015216416352214252,0.20002012663840288,0.6837019782770453,0.13675415627790116,0.31756006634657613,0.6685460784387245,0.21230353702474464,0.08309634596204252,0.589195826833492,0.048960020265947535,0.0001521223100061273,1.0,0.0001521223100061273,0.003330549899609614,0.6701430810055481,0.002231944971167106,4.7378547460418123e-14,1.0,4.7378547460418123e-14,1.0,1.0,1.0,0.016754334189591713,0.3317565335089489,-16.197587967041848,-1.070726895717914,10.368425230900433,-5.107260664345945,-0.7129257409333808,-95.9610182142778,62.677756925469815,11.511778306937309,-3.1324980347511677,333.15,12.0,0.2
423,0.012180772803610332,0.1775125641867029,0.0021622402141445248,7.886699352730073e-11,0.6853066354550893,5.404807398265272e-11,0.9889724677325875,1.0011357880820748,0.9900957308749383,1.6381855362068005e-07,1.0529887515059804,1.7249909425055527e-07,0.0024995557902967526,0.6368116834800314,0.0015917463307711362,0.20002050868751262,0.6833343236566705,0.1366808790214446,0.3154867991244358,0.6655684520626948,0.20997806053946502,0.08516856681658622,0.5879839127288516,0.050077747158325,0.0001539342432796998,1.0,0.0001539342432796998,0.003436622301686512,0.6699007751560808,0.002302195943818469,4.834116319788835e-14,1.0,4.834116319788835e-14,1.0,1.0,1.0,0.014680492412460706,0.3276675720069131,-16.06386157082871,-1.0778241041908616,10.26721977763314,-4.946907252904727,-0.6144709114002271,-94.50998079510369,61.96602654897065,11.428854299768634,-3.1405077628310134,338.15,12.0,0.2
424,0.010405106816273026,0.17591253819229993,0.0018303887502125883,9.890207535350319e-11,0.682642466626775,6.751475667382252e-11,0.989000121664817,1.0011338766958218,0.9901215258549377,2.1871033364569557e-07,1.0526892455286256,2.302340161148012e-07,0.00260124867774198,0.638009917285146,0.0016596224537242569,0.20002088103391077,0.6825470977624364,0.13652367184158135,0.3138134408796266,0.6625863830833796,0.20792851275538174,0.08684108274155915,0.5864159106821153,0.05092499262051233,0.00015552268610149735,1.0,0.00015552268610149735,0.0035400148927705894,0.669315471220202,0.00236938673608128,4.926640733239632e-14,1.0,4.926640733239632e-14,1.0,1.0,1.0,0.013006574204348652,0.32421854779480164,-15.93703248189982,-1.0851255968450073,10.170601293219594,-4.791734141521393,-0.5192773809546354,-93.10860313963926,61.277797441685465,11.34978621730542,-3.1483509759112143,343.15,12.0,0.2
425,0.008902362605765074,0.17420325218148514,0.0015508205180231164,1.2275782517669193e-10,0.6797781538757539,8.344808777241426e-11,0.9890229834613813,1.0011342740328104,0.9901448065493741,2.902375751046289e-07,1.0524385796755233,3.054572213115836e-07,0.00270251605770124,0.6389520203523927,0.0017267780951029908,0.20002125159257125,0.6814606120374761,0.1363066045307756,0.3124125928510841,0.6595940518232455,0.2060654879592524,0.08824117214548487,0.5846093112684367,0.051586610873491465,0.00015702385136177527,1.0,0.00015702385136177527,0.003642927966554178,0.6684971219394136,0.002435286861074068,5.018296186276995e-14,1.0,5.018296186276995e-14,1.0,1.0,1.0,0.011605168901041418,0.3213149555796068,-15.817009067152073,-1.0926455722297217,10.07858361080503,-4.641562931966752,-0.4272047955480935,-91.75467393002326,60.61217889786396,11.274410136150514,-3.155945782564414,348.15,12.0,0.2
426,0.007729407805288018,0.16990967415037866,0.0013133011615718807,1.5116773260364078e-10,0.6759921217040393,1.0218819629592404e-10,0.9890399781902953,1.0011415072115866,0.9901689744579468,3.8297051955669004e-07,1.0522472748531997,4.0297968555264103e-07,0.0028054855600441087,0.6387724563401966,0.0017920669024163282,0.20002162733368356,0.6791634626014542,0.1358473810151222,0.3113432653544305,0.6559733302838849,0.20423287863600506,0.08931003646380448,0.5817666627416477,0.051957601862882404,0.00015823995514837298,1.0,0.00015823995514837298,0.003747300537490115,0.666547231747452,0.0024977527997897746,5.1012432575947933e-14,1.0,5.1012432575947933e-14,1.0,1.0,1.0,0.010535276335851683,0.3190726733108863,-15.7030898032079,-1.1003551287044036,9.99059926642833,-4.496091385650568,-0.33811906097923733,-90.44598346511205,59.96819985106098,11.202509345256237,-3.1642011610296445,353.15,12.0,0.2
427,0.0066669272984049835,0.16740994506946316,0.0011161099328080828,1.8417291082170975e-10,0.6721063802134374,1.2378378842575162e-10,0.9890549427989718,1.0011488359241938,0.9901912046482607,5.025155691867365e-07,1.052076180238277,5.286846605402454e-07,0.0029107472142060912,0.6386509544044587,0.001858951486382839,0.20002201166400632,0.6769036403372686,0.13539562784294945,0.3103867440324145,0.6523028929885039,0.20246617107762618,0.09026604704813705,0.5789912508161269,0.052263251486628214,0.00015952082969722509,1.0,0.00015952082969722509,0.003854083693427908,0.6646803313611235,0.0025617336264411646,5.1866552799628617e-14,1.0,5.1866552799628617e-14,1.0,1.0,1.0,0.00957817702818026,0.3170536715149923,-15.595866899667433,-1.1083145193392885,9.907336229776815,-4.355155029219704,-0.2518963542017643,-89.18057562805667,59.34505840233539,11.133939759320103,-3.1722498634873824,358.15,12.0,0.2
428,0.0057674380566527916,0.16482169338585906,0.0009505989069955615,2.2223602661793493e-10,0.6681147401739345,1.4847916518112928e-10,0.9890669852811995,1.0011576000230564,0.9902119292461653,6.55705918256583e-07,1.0519345116585244,6.897596849128425e-07,0.003017371989275152,0.6383623437126108,0.001926176654926469,0.20002240102776034,0.6744491399808971,0.13490493635008707,0.30959461831139856,0.6486435907594846,0.2008165649013177,0.09105767197499426,0.5760702421039213,0.05245561514005439,0.0001608018469168844,1.0,0.0001608018469168844,0.003962297428299365,0.6626651306137252,0.0026256763428544262,5.272804908113718e-14,1.0,5.272804908113718e-14,1.0,1.0,1.0,0.008785465751846199,0.3153620565902875,-15.49479851211201,-1.1165046311130762,9.828334482923758,-4.2186234911705265,-0.16841843901092415,-87.95663545982994,58.74202382422442,11.06858153528579,-3.180130576745377,363.15,12.0,0.2
429,0.005052162185159072,0.16049428936770072,0.0008108431796774755,2.6578832970782e-10,0.6640176960254843,1.7648815432304816e-10,0.9890757494420359,1.001168459967687,0.9902314448602689,8.508830360139293e-07,1.0518259625500268,8.949808683728398e-07,0.0031248542672845827,0.6377944706255418,0.0019930147731847354,0.20002279352041843,0.6716865285390549,0.13435261580841398,0.3089876101558384,0.6450300753769592,0.19930630146936695,0.0916642167455312,0.5728989381796318,0.05251433244258243,0.00016205172482776313,1.0,0.00016205172482776313,0.004071421518074314,0.6603865973603177,0.0026887122027406756,5.3587854039898183e-14,1.0,5.3587854039898183e-14,1.0,1.0,1.0,0.008177867335479668,0.31403977260678584,-15.399494972808968,-1.1249153170648252,9.753284438631837,-4.086356615007056,-0.08757367250432163,-86.77243729329507,58.158387277525456,11.006315012000702,-3.18786704233075,368.15,12.0,0.2
430,0.004396440798861791,0.15790177575464812,0.0006942058091404607,3.1481716307462167e-10,0.6598737165116157,2.077395714196938e-10,0.9890833518508091,1.0011793339522235,0.9902498114292257,1.098362767964966e-06,1.0517286299080593,1.1551795690938177e-06,0.0032353849253864762,0.6372709056686686,0.0020618166815877972,0.20002319749008837,0.6689540185820099,0.13380632177061758,0.3084432744281989,0.6413895326480862,0.1978322876339479,0.09220802759182406,0.5697834552367826,0.052538608561838104,0.00016338609716895608,1.0,0.00016338609716895608,0.004183783137993614,0.6581698641385686,0.0027536399795184924,5.447602295094174e-14,1.0,5.447602295094174e-14,1.0,1.0,1.0,0.007632924087016232,0.3128397155418778,-15.310157667246232,-1.1335786460081385,9.682480768692152,-3.9581463888828976,-0.009256606824688565,-85.62627940740005,57.59340144015785,10.94699107422829,-3.1954649125068024,373.15,12.0,0.2
431,0.0038209843545591064,0.15602357575971215,0.0005961636419202273,3.7000446669858427e-10,0.6549567489435737,2.4233692260350537e-10,0.989089302423938,1.001194067728299,0.9902703420403682,1.4108739137876352e-06,1.0516468627656481,1.483741125192658e-06,0.003352566558825713,0.6360251636762747,0.0021323166943127293,0.20002362529070317,0.6654530814705824,0.13310633781661552,0.30798595548812296,0.6370466094228083,0.19620140869355268,0.0926649716822133,0.5660361457351841,0.05245172341565999,0.00016461819127529538,1.0,0.00016461819127529538,0.004302823617266996,0.6552260518449595,0.0028193221305271004,5.531563937904494e-14,1.0,5.531563937904494e-14,1.0,1.0,1.0,0.007174961787298607,0.31180694021268646,-15.226344574178578,-1.142479209165198,9.615580411445139,-3.833745567316325,0.06663394861724953,-84.51650600591205,57.04631016509977,10.890446501099932,-3.2038734985222868,378.15,12.0,0.2
432,0.003393155214532934,0.15110817827992917,0.0005127335030891137,4.3141903345577915e-10,0.6499793701995632,2.8041347165769183e-10,0.9890925962766485,1.0012108505673938,0.990290239608055,1.8028355909046406e-06,1.0515917672754196,1.895847065146436e-06,0.003471194827689869,0.6344976039393081,0.002202464800975741,0.20002405848013885,0.6616542239281737,0.13234676318063993,0.307677798042405,0.6327743285845621,0.1946906120766593,0.09297279562454693,0.5620450861621183,0.052254902927531495,0.00016581973741935355,1.0,0.00016581973741935355,0.004423439112382618,0.6520163318127904,0.00288415454405294,5.6151933167858347e-14,1.0,5.6151933167858347e-14,1.0,1.0,1.0,0.0068661528778137075,0.311070953688357,-15.147650638122746,-1.1516026539567368,9.552201125776504,-3.713204444920368,0.14019119572085026,-83.441837917974,56.51667518572725,10.836667809509182,-3.2121854702033605,383.15,12.0,0.2
433,0.002991056230197649,0.14797676350123437,0.00044260682039485086,4.986216332106662e-10,0.64500177413718,3.216118380440583e-10,0.989095296961264,1.0012275244506195,0.9903094356222767,2.2922021749971987e-06,1.051541966571687,2.4103467828764505e-06,0.0035935781500242925,0.6330188613099149,0.002274802748556568,0.2000245058463006,0.6579017193609378,0.13159646631060312,0.3073992445308123,0.6284975127971903,0.19319966062335084,0.09325096207814335,0.5581210914183775,0.05204532873086708,0.00016710324608094982,1.0,0.00016710324608094982,0.004548086494570375,0.6488724472397521,0.002951128013989944,5.70158558967749e-14,1.0,5.70158558967749e-14,1.0,1.0,1.0,0.006586926582396939,0.3103903012596316,-15.074325622859833,-1.1609834527639176,9.49266797390807,-3.596349800683254,0.21150457013101634,-82.40084598219747,56.00386110933188,10.78553421474849,-3.220399039674669,388.15,12.0,0.2
434,0.0026456110665753056,0.14483464783174071,0.00038317614712719036,5.716176513697247e-10,0.6400141857315031,3.6584340569114835e-10,0.9890968838922601,1.001244759404375,0.990328071540323,2.8999644446102584e-06,1.0515028655849419,3.0493209236021324e-06,0.00371901635250702,0.63148137960713,0.00234848957706261,0.2000249647922107,0.6540866376341699,0.13083365666383032,0.3071805355302871,0.6242457461620139,0.19175614260855112,0.09346926681150908,0.554163594339303,0.051797264856525194,0.0001684271678802524,1.0,0.0001684271678802524,0.004676066012527316,0.6456854582826012,0.0030192678262583963,5.789649026673497e-14,1.0,5.789649026673497e-14,1.0,1.0,1.0,0.0063675273835269355,0.30982614716848,-15.006041853516754,-1.1706120235060853,9.43670476869607,-3.483093354397078,0.28065895590000395,-81.39225440689448,55.507340098967816,10.736970409508894,-3.228525482029569,393.15,12.0,0.2
435,0.0023720700327889374,0.14018431584379487,0.00033252701468008527,6.502927477298265e-10,0.6350121155715447,4.1294377347674984e-10,0.989097103659755,1.0012629209453838,0.9903462551089853,3.6508902309919776e-06,1.0514771112430064,3.838827513548758e-06,0.003847051340169081,0.62982706491844,0.0024229770541692435,0.2000254336633613,0.650151336354604,0.13004680300114355,0.30703648553463797,0.6200361875743058,0.19037373193711044,0.09361291785908894,0.5501189352517557,0.05149823869845208,0.00016976565919326163,1.0,0.00016976565919326163,0.004806943256733528,0.6423966683644189,0.0030879643331424263,5.878691807190078e-14,1.0,5.878691807190078e-14,1.0,1.0,1.0,0.00622277226318901,0.3094085562177197,-14.942547181244223,-1.1804834504165342,9.38410907795897,-3.373344778782082,0.34773487368072264,-80.41484910519495,55.026603231249986,10.690902656662713,-3.2365732664451894,398.15,12.0,0.2
436,0.0021020469479909203,0.1377690751969438,0.00028959706404526746,7.348923501796697e-10,0.6292532123975079,4.624333721169111e-10,0.9890969255706868,1.0012845463704334,0.9903674664364356,4.575772932222538e-06,1.051453683575509,4.811213304790494e-06,0.003984358873900962,0.6274844425510909,0.0025001232069132386,0.20002593616868256,0.645510120193514,0.12911876609806644,0.30690545057262847,0.6150690845180506,0.18876805451730644,0.09374373338325918,0.5455007530668415,0.0511372771558651,0.00017099203780730055,1.0,0.00017099203780730055,0.004947328985696306,0.6384215215067139,0.0031584812984425024,5.962224040288379e-14,1.0,5.962224040288379e-14,1.0,1.0,1.0,0.006090981594824105,0.3090074982555117,-14.883824983303036,-1.1906106576740223,9.334950832019953,-3.266855142614144,0.41281024728842436,-79.46731684082016,54.56100559938635,10.647181731779717,-3.24559112144685,403.15,12.0,0.2
437,0.001905221722139183,0.13265072952062765,0.00025272905134030916,8.246386352271858e-10,0.623496113452186,5.141589840666657e-10,0.9890953539795053,1.0013072900729418,0.9903883885169555,5.707534726497699e-06,1.0514438471043048,6.0011522703101616e-06,0.0041242812120342864,0.6249993516735298,0.00257767308364075,0.20002644879614276,0.6407315291874595,0.1281632524150896,0.30685045037551495,0.6101662511399378,0.18722978896622947,0.09379854694573722,0.5407784315402023,0.0507242310980658,0.00017220589637479615,1.0,0.00017220589637479615,0.005090730801960916,0.6343219570518911,0.0032291623251241896,6.04597576848098e-14,1.0,6.04597576848098e-14,1.0,1.0,1.0,0.0060352104688999675,0.3087556729222928,-14.829544219969245,-1.2009810402111132,9.288902571224847,-3.163705838975517,0.4759561968434487,-78.54873020322033,54.11024509777541,10.605822684832342,-3.254544916900191,408.15,12.0,0.2
438,0.0017127940499790627,0.1291892745433528,0.0002212746207589663,9.184172546818278e-10,0.61777681291339,5.673768845220043e-10,0.9890935469990221,1.0013299036267154,0.9904089460943367,7.086195725729727e-06,1.0514355709413945,7.450678248685099e-06,0.004268265196329922,0.6225584320671322,0.0026572444882738654,0.20002697711904427,0.636009076763613,0.1272189730452997,0.3068041798814784,0.6052839245096355,0.1857036380546214,0.09384461489433323,0.5361252638539359,0.05031246892149541,0.00017346711691631976,1.0,0.00017346711691631976,0.005238735490230139,0.6302840418517461,0.003301891378974442,6.131756161169175e-14,1.0,6.131756161169175e-14,1.0,1.0,1.0,0.005988145442034715,0.3085169748498748,-14.779820557244108,-1.2116172992093415,9.246128361753128,-3.0637893019714943,0.5372416753381773,-77.65802468371834,53.67385081243664,10.566749384453198,-3.263432843905277,413.15,12.0,0.2
439,0.0015616062105648582,0.12436014498981218,0.00019420157476283693,1.0158246077052647e-09,0.6120780922974595,6.21763987993054e-10,0.9890908905378256,1.0013531081031317,0.9904292374365461,8.757222746622494e-06,1.0514352619837624,9.207652792845182e-06,0.004415272798258035,0.6200517493504724,0.0027376976224194505,0.20002751738844224,0.6312313787086695,0.12626364558077877,0.3068024831699071,0.6004509209536127,0.18421983357022598,0.09384613350924645,0.5314395073756997,0.049873542961268086,0.00017472782755516584,1.0,0.00017472782755516584,0.005390348068655314,0.6261977590890376,0.0033754238813018807,6.218225970275213e-14,1.0,6.218225970275213e-14,1.0,1.0,1.0,0.005985636231569515,0.3083640903962966,-14.734366052375387,-1.2225091074782757,9.206374435507383,-2.967048511808678,0.5967323403703707,-76.79423482413894,53.25141878918318,10.52991273186804,-3.2722614357831286,418.15,12.0,0.2
440,0.0013993613321245497,0.12220200559718204,0.0001710047613407644,1.1154907829720852e-09,0.6064280025625884,6.764648473947389e-10,0.9890882623840999,1.0013759424012894,0.9904491908629317,1.0773514413823448e-05,1.0514337864761847,1.132763705378215e-05,0.004566442103653026,0.6176204207657001,0.0028203278934603895,0.20002807405311887,0.6265443656522911,0.12532646277026088,0.3067942610439107,0.5956338634813427,0.18273705099948812,0.09385416722721295,0.526851212311175,0.04944718178411288,0.00017603170309787725,1.0,0.00017603170309787725,0.0055468561111674764,0.6222032599371011,0.003451271954770435,6.306780450346519e-14,1.0,6.306780450346519e-14,1.0,1.0,1.0,0.005976576950191399,0.308193623491526,-14.693254248058443,-1.233675346196648,9.169754766663027,-2.873395897126772,0.6544906052674598,-75.95641002130492,52.84252966655288,10.495249789120274,-3.2810288022674703,423.15,12.0,0.2
441,0.0012899964220971654,0.11694456199408639,0.00015085806655609158,1.219155674849058e-09,0.5999363994617961,7.314158659523592e-10,0.9890843498599816,1.0014040320241402,0.9904730559617608,1.3198043304766604e-05,1.0514435365988335,1.3876997328548359e-05,0.004727075825872361,0.6142197926314851,0.002903463533520627,0.20002866535006406,0.6208906784423796,0.124195933737125,0.30684884362305853,0.5900398147253667,0.18105303484004248,0.09379972690017245,0.5214587663053103,0.048912689869138964,0.00017707431606358963,1.0,0.00017707431606358963,0.0057133839219109485,0.6172527279850066,0.0035266018118252094,6.385049762322967e-14,1.0,6.385049762322967e-14,1.0,1.0,1.0,0.006030270291274293,0.3081388412643114,-14.655993297911813,-1.2450871562551162,9.13583562313275,-2.7826642500859387,0.7105777958548013,-75.1435625799651,52.44670263219215,10.462661051982915,-3.2909598216105227,428.15,12.0,0.2
442,0.0011788713394285312,0.11321745559057858,0.00013346881351875562,1.3235383951903003e-09,0.5935064895316753,7.85528626689781e-10,0.9890803026296989,1.0014319995531338,0.990496665181078,1.609657696872167e-05,1.0514537695417774,1.6924806530481743e-05,0.004891673199620332,0.6108650406853127,0.0029881521481053275,0.2000292726650298,0.6153056362190277,0.1230791388795855,0.30690612777500453,0.5844865795793431,0.17938251287515325,0.0937426093190116,0.5161428011707001,0.04838457296296522,0.00017812470791807916,1.0,0.00017812470791807916,0.005884831236024128,0.6123682971495935,0.003603684083016833,6.464411733960823e-14,1.0,6.464411733960823e-14,1.0,1.0,1.0,0.006086641116017585,0.30808500043797143,-14.622801787197494,-1.256774785613503,9.104837983524236,-2.69491193241328,0.7650487393147718,-74.35497027171762,52.06368862539186,10.432157329898752,-3.3008376610098886,433.15,12.0,0.2
443,0.0010925082999593656,0.10832939394788163,0.00011835076201762861,1.4278915005644416e-09,0.5871243342134844,8.383498465979915e-10,0.9890756839041104,1.0014603646422549,0.990520095061398,1.9545121182353218e-05,1.0514690674572036,2.055109034294699e-05,0.005059275230925717,0.6074796245299404,0.0030734066176763817,0.20002989267929014,0.6097118722115661,0.12196060036376864,0.3069917477364382,0.5789935802921192,0.17774625114205547,0.09365721164452681,0.5108329659229329,0.04784319120444549,0.00017914483097625873,1.0,0.00017914483097625873,0.006060353009668365,0.6074737089803498,0.0036815051205134662,6.543772753739682e-14,1.0,6.543772753739682e-14,1.0,1.0,1.0,0.006171328652067436,0.3080842574642891,-14.593466768458551,-1.2687318329316462,9.076574710796,-2.6100956430687967,0.8179574782970596,-73.5898466519763,51.69315343515539,10.4037015585739,-3.3106673715575123,438.15,12.0,0.2
444,0.0010055328460771228,0.10464524834507977,0.00010522423439687537,1.5307165757925507e-09,0.5808039189582863,8.890461860347234e-10,0.9890709203413018,1.0014886462633295,0.9905432970710357,2.362946604940003e-05,1.0514849898740013,2.484602886968144e-05,0.005230325107718139,0.6041316455934783,0.0031598049143146474,0.20003052735755253,0.6041795966388933,0.12085436333435118,0.3070808609824594,0.5735448435356941,0.17612464436499095,0.0935683640553911,0.5055911874411423,0.04730734028969028,0.00018015096842671614,1.0,0.00018015096842671614,0.006240580300360095,0.6026361527135594,0.003760799302909038,6.623732818683053e-14,1.0,6.623732818683053e-14,1.0,1.0,1.0,0.006259487419844662,0.3080863953592532,-14.567989668259349,-1.2809699018070386,9.051075676803693,-2.528157751619869,0.869355506338867,-72.84742612227618,51.334760483133934,10.37725044077381,-3.320447516889877,443.15,12.0,0.2
445,0.0009257965845137069,0.10129573204719698,9.377924275511065e-05,1.6309471035433451e-09,0.5745397747325476,9.37043981470494e-10,0.9890658865321461,1.0015170285020454,0.9905663276724163,2.8444247186734986e-05,1.0515028678744756,2.9909207491382302e-05,0.005404325017833157,0.6007958097230622,0.003246895825095675,0.20003117517845612,0.5986835988786466,0.11975538384376312,0.30718091365531247,0.568145308021923,0.17452339480715323,0.09346863640217011,0.5003941402687386,0.04677115795455523,0.00018112407889425743,1.0,0.00018112407889425743,0.0064251855187728284,0.5978302428380016,0.0038411702189671726,6.703782372577036e-14,1.0,6.703782372577036e-14,1.0,1.0,1.0,0.006358565849533599,0.3081067118707733,-14.546246026229415,-1.2934894073101146,9.0282400244146,-2.449056340902266,0.9192920097820956,-72.12699186632032,50.98820039915162,10.352769470013168,-3.330182755151102,448.15,12.0,0.2
446,0.000870053824278688,0.09624105667742783,8.373489941481809e-05,1.7310631107952446e-09,0.5673493614109427,9.821175504717229e-10,0.9890599632735381,1.0015511248629816,0.9905941187735512,3.410412523330835e-05,1.051527357025272,3.58614206702396e-05,0.005590402726832852,0.5964155941692356,0.0033342033639693304,0.20003186831136519,0.5921737360222177,0.11845361878144538,0.3073179508689853,0.5618493296547011,0.17266638468659576,0.09333236258921761,0.49435971369908827,0.046139760048465116,0.00018174960632890878,1.0,0.00018174960632890878,0.006623211324075464,0.5920076037257417,0.003920991464935112,6.77027941646213e-14,1.0,6.77027941646213e-14,1.0,1.0,1.0,0.006494560676344848,0.30818800642432714,-14.527949974645335,-1.3062757577111503,9.007836528031897,-2.3726178071470856,0.9678160908470214,-71.42772649421582,50.653047181167864,10.330161233844409,-3.341337026713069,453.15,12.0,0.2
447,0.00080268597005679,0.09338749523778686,7.49608322061168e-05,1.8262851601237974e-09,0.5602487779270713,1.0231740291057026e-09,0.9890540736465082,1.0015849641350993,0.9906216888809118,4.071707136818088e-05,1.0515505554989102,4.281605901549938e-05,0.005779906648382836,0.5921082515925832,0.0034223304199423074,0.20003257708720656,0.5857695737084774,0.11717299740818113,0.307447765794361,0.5556118792608558,0.17082163092755637,0.09320338034753697,0.4884313200950694,0.04552345010047033,0.00018233719673825888,1.0,0.00018233719673825888,0.0068265315974062775,0.5862809537189425,0.004002265455519846,6.836784167890287e-14,1.0,6.836784167890287e-14,1.0,1.0,1.0,0.006623309689807806,0.3082504535907029,-14.513298011810479,-1.3193570771733902,8.990050491945379,-2.2989376027312844,1.0149704067339866,-70.74911096761822,50.32914538944522,10.30945922236323,-3.352445980517464,458.15,12.0,0.2
448,0.0007575120823701121,0.08875179713799805,6.723055866409466e-05,1.916098533562468e-09,0.5532174646263669,1.0600191727117278e-09,0.9890476676000006,1.0016192392262564,0.9906491723800159,4.8406560224939915e-05,1.0515782691606186,5.0903286817361586e-05,0.005971379044330422,0.5877789947737451,0.003509851172089541,0.2000332965300978,0.579375100009799,0.11589431118241517,0.30760283574532576,0.5494543046323715,0.16901370221739354,0.09304924907089146,0.48252300384490826,0.044898403167199584,0.0001828401715954731,1.0,0.0001828401715954731,0.007033888851364443,0.5805565211355503,0.004083570041602274,6.901846138964773e-14,1.0,6.901846138964773e-14,1.0,1.0,1.0,0.006777297686925475,0.30836034974379434,-14.502077649634153,-1.3327246842582317,8.974686279520508,-2.2279917828809284,1.0607978738562476,-70.09053445583643,50.016234329793505,10.290640120056418,-3.363518350973181,463.15,12.0,0.2
449,0.0007167315885890283,0.0843076750762152,6.042597388762335e-05,1.9990858941550135e-09,0.5462652280227847,1.092031111807719e-09,0.9890410468815004,1.0016535967452405,0.9906765219375329,5.730722897698113e-05,1.051607363919967,6.026470399804111e-05,0.006164951353833556,0.5834757997887223,0.003597099921836601,0.2000340276317631,0.5730391494486692,0.11462732905489711,0.3077656277170129,0.5433650836350651,0.16722909604445302,0.09288749459588974,0.4766776581675515,0.04427739339701982,0.00018326768641627097,1.0,0.00018326768641627097,0.007245692957434325,0.5748812806779618,0.004165413246769135,6.965840729948075e-14,1.0,6.965840729948075e-14,1.0,1.0,1.0,0.0069389901713995655,0.3084823613046878,-14.494290470754708,-1.3463889395244986,8.961764988468332,-2.1597434055290186,1.1053394526202298,-69.45139916185872,49.7140493016779,10.273674619533649,-3.3745523316139825,468.15,12.0,0.2
450,0.0006730194632674967,0.08087428593163015,5.442996850984778e-05,2.074072129439842e-09,0.5393959905612709,1.118746190754729e-09,0.9890343403860535,1.0016878846745636,0.9907037162918082,6.756254034719441e-05,1.05163651867591,7.105123472362421e-05,0.006360415241385855,0.5792179241645086,0.0036840665129398167,0.20003477015203755,0.5667812040309518,0.11337594787482654,0.3079287514500143,0.5373395734256559,0.1654623039496455,0.0927255084790559,0.4709120066586537,0.04366555526631623,0.00018361796283240982,1.0,0.00018361796283240982,0.007462020725072045,0.5692737941105349,0.004247932849893207,7.028790397911106e-14,1.0,7.028790397911106e-14,1.0,1.0,1.0,0.007100997245000546,0.30860177298735386,-14.48990096854296,-1.3603567277564288,8.95126843041303,-2.094161997713511,1.148634339105706,-68.8311383223798,49.42234077341457,10.258537188862743,-3.3855474123440956,473.15,12.0,0.2
