,mCO3-2,gCO3-2,aCO3-2,mH+,gH+,aH+,mH2O,gH2O,aH2O,mCO2(aq),gCO2(aq),aCO2(aq),mHCO3-,gHCO3-,aHCO3-,mCl-,gCl-,aCl-,mNa+,gNa+,aNa+,mNaCO3-,gNaCO3-,aNaCO3-,mNaHCO3,gNaHCO3,aNaHCO3,mOH-,gOH-,aOH-,mNaOH,gNaOH,aNaOH,mNaCl,gNaCl,aNaCl,mDIC,I,pE,Eh,pH,logSI_CO2g,logSI_H2Og,logSI_O2g,logSI_CH4g,logSI_H2g,logSI_NaCl,T,pH_bo,salt_lvl
0,6.457177668011839e-05,0.21762570507918355,1.4052478428226337e-05,1.5261780830898223e-07,0.7481690341038247,1.1418391822957394e-07,0.98907222073481,1.0008957757572952,0.9899582076523584,0.02185637614178163,1.048704389095883,0.022920877589616938,0.09142028458586494,0.6525843311044125,0.059659445265841715,0.19992937360216706,0.7160598769305782,0.1431614026563753,0.2914987109327626,0.6932074969266052,0.20206909176303242,2.004616335187856e-05,0.64178439132219,1.2865314745130567e-05,0.008496654356773768,1.0,0.008496654356773768,1.5645826808169753e-08,0.7049589775239754,1.1029666069204544e-08,9.996468680108368e-17,1.0,9.996468680108368e-17,1.0,1.0,1.0,0.11334123250432669,0.291563435327251,-11.623367000748765,-0.6299726607166104,6.942395058226462,-2.469033045965984,-4.1802460275805755,-113.12904767133939,64.24461948788237,7.3409370853945175,-3.1127677351985374,273.15,7.0,0.2
1,6.786869471262435e-05,0.21390211765461903,1.4517257521485199e-05,1.7555640561396066e-07,0.7450785712667037,1.3080331587156775e-07,0.9890688606492472,1.0008863028154282,0.989945475165093,0.0218676938140127,1.048738387000666,0.022933489937932126,0.09159640058538088,0.6531361049359364,0.0598249163044874,0.19992933284541675,0.7164577906124632,0.14324092808905106,0.2916894052041176,0.6936269723606858,0.20232363900142136,2.8087887302039417e-05,0.6394211009960155,1.795998782332203e-05,0.008297857201605065,1.0,0.008297857201605065,2.2052998292062468e-08,0.7039220261083757,1.5523591239513147e-08,9.99646664227083e-17,1.0,9.99646664227083e-17,1.0,1.0,1.0,0.1135319630941062,0.2917574494552358,-11.531309180692542,-0.6364235299556434,6.883381246482152,-2.3854470886550274,-4.028294769044065,-111.00335126171053,63.32328390298097,7.272964574939865,-3.1142363437395337,278.15,7.0,0.2
2,7.081789401126763e-05,0.21256040745698246,1.5053080406280444e-05,1.9788406553551156e-07,0.7420000819484948,1.468299928436508e-07,0.9890655516484949,1.0008778178301898,0.9899337710249583,0.021881575451825064,1.048771871836081,0.022948780845333017,0.09176742413425329,0.6536927186047795,0.0599876969616779,0.1999292828592118,0.716653463239181,0.14328001296397996,0.29187721504729036,0.6939126195088688,0.20253728286841868,3.903918468994725e-05,0.6370675166814371,2.4870596443692657e-05,0.008099021051396817,1.0,0.008099021051396817,3.0965178361865065e-08,0.7028889103162329,2.1765080476519116e-08,9.99646414296058e-17,1.0,9.99646414296058e-17,1.0,1.0,1.0,0.11371981748008962,0.29194823082536714,-11.452076092603138,-0.6434122689908073,6.833185222376172,-2.3083015762041037,-3.8821935857578964,-108.96710219547258,62.4381071321114,7.211002252991844,-3.1162424253306877,283.15,7.0,0.2
3,7.409472050144992e-05,0.2112281256253143,1.565088893025283e-05,2.1899865546398546e-07,0.7389349290351909,1.6182575593408238e-07,0.9890623520544287,1.0008702288068938,0.9899230626050007,0.021899611701380172,1.048804255144593,0.02296840593842185,0.09192779384533725,0.6542534550925871,0.06014407674235096,0.19992921791540486,0.7166626540558275,0.14328180393455994,0.2920588399628588,0.6940781156256943,0.20271164929324725,5.381447014321731e-05,0.6347230781781789,3.4157286139830585e-05,0.007902523395245692,1.0,0.007902523395245692,4.328962613466234e-08,0.7018581964996827,3.0383178926019635e-08,9.996460895770262e-17,1.0,9.996460895770262e-17,1.0,1.0,1.0,0.11390150026721887,0.29213315368201576,-11.384494862749804,-0.6509099891348588,6.79095235559238,-2.2370125196139656,-3.74163634971895,-107.01512462121299,61.58735813979865,7.154575174023028,-3.118661441447968,288.15,7.0,0.2
4,7.699102494762138e-05,0.21176553869334525,1.630404587258583e-05,2.3837054260025328e-07,0.7358842629103007,1.7541313104091596e-07,0.9890593097094671,1.0008634364621611,0.9899132995807102,0.021922249949749836,1.0488350531171549,0.022992824190493408,0.0920750589667877,0.6548208627442291,0.06029266954985768,0.19992913640631768,0.7165036784161053,0.1432499616576819,0.29223156700420905,0.6941344260245257,0.20284799102871434,7.35677190191622e-05,0.6323904714868963,4.652352451674348e-05,0.007709920791915388,1.0,0.007709920791915388,6.023273180443755e-08,0.7008322039444127,4.221303818009666e-08,9.996456820315912e-17,1.0,9.996456820315912e-17,1.0,1.0,1.0,0.11407429994148517,0.2923087963996992,-11.327530871140837,-0.658891189073404,6.755937899424032,-2.171078274699908,-3.6063377401366714,-105.14262731807314,60.76937220535962,7.103250391324192,-3.1214044053778722,293.15,7.0,0.2
5,8.07959700489825e-05,0.2104421119515625,1.7002874574283054e-05,2.5561424714402477e-07,0.7328488427099659,1.8732660519967784e-07,0.9890564594968213,1.0008573810057064,0.9899044577187652,0.021952196946648957,1.0488639153310366,0.02302486723958025,0.09220326720359266,0.6553920021581577,0.06042928389808619,0.19992902858467376,0.716187494358227,0.14318667003153188,0.2923934311029245,0.6940931838005207,0.20294828751658706,9.97156168410417e-05,0.630067128423113,6.28275323619745e-05,0.0075217469974676815,1.0,0.0075217469974676815,8.337196617995156e-08,0.6998074609040771,5.834432396297255e-08,9.996451429233705e-17,1.0,9.996451429233705e-17,1.0,1.0,1.0,0.1142362601202906,0.29247448268722065,-11.280165176224473,-0.6673271892029947,6.727400537249142,-2.1100038430483896,-3.476031578712888,-103.34511618513268,59.98250990674563,7.056606246196283,-3.124408548624882,298.15,7.0,0.2
6,8.594472242163994e-05,0.20606187809506094,1.770993091456183e-05,2.709275325719024e-07,0.7291406970863648,1.9754428995936553e-07,0.9890536127261449,1.0008548377280024,0.9898990930693204,0.021991407471289318,1.048892752470242,0.0230666279132553,0.09232075078378901,0.6553481623223814,0.06050223437037868,0.1999288874144665,0.7150549539119022,0.14296014137580923,0.2925551481630702,0.6933096600492673,0.20283131031860122,0.00013377667146861812,0.6271605583899375,8.389945197780579e-05,0.007325757041697582,1.0,0.007325757041697582,1.1477603528651623e-07,0.6981269349067645,8.012824171532629e-08,9.996444370723342e-17,1.0,9.996444370723342e-17,1.0,1.0,1.0,0.11439810297749997,0.29264136381302436,-11.241142256704908,-0.676171035708387,6.704335519133528,-2.0533532843118047,-3.3504681905496456,-101.61842968702986,59.225229765765555,7.014262932531537,-3.128425482883836,303.15,7.0,0.2
7,9.041361457977656e-05,0.20401061720487018,1.8445337314143475e-05,2.8368262522124183e-07,0.7254558774617644,2.0579922780053304e-07,0.9890510438979508,1.0008528725039074,0.9898945783382523,0.022040034257239504,1.0489187868149894,0.023118205994464472,0.0924138036278896,0.6553125271709287,0.06055992320087029,0.19992871235495058,0.7137977160271897,0.14270865824722068,0.2927011406893822,0.692446333929693,0.20267983180740204,0.00017792405515177555,0.6242735018097147,0.00011107327296578374,0.0071353544361726015,1.0,0.0071353544361726015,1.5710485591677542e-07,0.6964549080883673,1.0941644798775402e-07,9.996435617747563e-17,1.0,9.996435617747563e-17,1.0,1.0,1.0,0.11454425149970889,0.29279183798658726,-11.210054447452517,-0.6854226332721509,6.686556259129448,-2.0007679204432542,-3.229416416695662,-99.95873833778012,58.49610855137039,6.9758893911627196,-3.1326195980845366,308.15,7.0,0.2
8,9.50093254597022e-05,0.20206122838331225,1.9197701010257312e-05,2.938300242246924e-07,0.7217953618674461,2.1208514866278218e-07,0.9890487893834929,1.0008514367949817,0.9898909019148062,0.022101280039318223,1.0489416529182098,0.023182953216050694,0.09247637769931416,0.6552833884175455,0.06059823412738732,0.19992849187822614,0.7124253446519956,0.14243412473209893,0.2928293597865002,0.6915121506955731,0.20249506037277054,0.00023455164534768292,0.6214047584401742,0.0001457515085190223,0.0069501768999494585,1.0,0.0069501768999494585,2.1374271700123406e-07,0.69478936816154,1.4850616729441837e-07,9.996424593911321e-17,1.0,9.996424593911321e-17,1.0,1.0,1.0,0.11467266706409208,0.2929246629419841,-11.186112806409191,-0.6950565778908214,6.673489742042721,-1.9518631935601203,-3.1126589178741826,-98.36242274182989,57.7937487965132,6.94115527483782,-3.1369644902360396,313.15,7.0,0.2
9,9.974961258615392e-05,0.2000577061283164,1.99556786811742e-05,3.014066898104519e-07,0.7181602715329215,2.16458310196113e-07,0.9890468917358336,1.0008504764065513,0.9898880527822278,0.022177934846770244,1.0489609221561231,0.023263786988386537,0.09250327109567706,0.6552610830786839,0.06061379360647446,0.19992821594665594,0.7109487648613192,0.14213871818820215,0.2929374023942485,0.6905145555816323,0.2022775402275023,0.0003064285708974303,0.6185551713639609,0.00018954297718227375,0.006769843301814017,1.0,0.006769843301814017,2.889625355367488e-07,0.6931305030513827,2.0028874761958976e-07,9.996410797332819e-17,1.0,9.996410797332819e-17,1.0,1.0,1.0,0.11478095555503347,0.2930374534135245,-11.168611539300063,-0.7050495836353682,6.664625736240127,-1.9062946242263616,-2.9999921579835482,-96.82612144189753,57.11684337124725,6.909762325080446,-3.141439626475049,318.15,7.0,0.2
10,0.0001056899573368026,0.1959004740303888,2.0704712742531214e-05,3.065543279998841e-07,0.7145518406574051,2.1904895933381095e-07,0.9890453950542794,1.0008499562396058,0.9898860403590591,0.022274147160049267,1.048976151515304,0.02336504916623402,0.09248680910185424,0.6552432767345112,0.060601359850618174,0.19992786963152706,0.7093750282099152,0.14182383815981275,0.29302278445632757,0.6894613369524949,0.2020278807288023,0.00039664429974716343,0.6157231595882979,0.00024422308147301145,0.006593725827989133,1.0,0.006593725827989133,3.8806285348081653e-07,0.691475668205046,2.683360209162046e-07,9.99639348157635e-17,1.0,9.99639348157635e-17,1.0,1.0,1.0,0.1148666462192403,0.29312878096799233,-11.156859806063471,-0.7153765225451261,6.659458805743769,-1.8637201136205512,-2.8912253336963682,-95.34667618522593,56.46413704976962,6.881424791977098,-3.1460305542618556,323.15,7.0,0.2
11,0.00011074708854393235,0.19324266038968582,2.1401062020641583e-05,3.0994550137838786e-07,0.7103028215548767,2.2015516415730968e-07,0.9890441503609985,1.0008526307720924,0.9898874398385542,0.02239055698947486,1.0489888476914302,0.023487444575558535,0.09243688687936666,0.6546212502326039,0.06051115045658079,0.19992745065081818,0.7070580585360372,0.1413603151052269,0.2930939558398962,0.6877100092371101,0.2015636470779962,0.0005079163559351719,0.6123389026679612,0.0003110169440404529,0.006410653662860565,1.0,0.006410653662860565,5.177221896990061e-07,0.6891857132882868,3.568067365928831e-07,9.996372532540914e-17,1.0,9.996372532540914e-17,1.0,1.0,1.0,0.11493819095738544,0.2932050128739416,-11.149987213231672,-0.72599783403092,6.657271122883452,-1.8238916783065653,-2.786178289318793,-93.92120783887215,55.83451879069555,6.855915552998383,-3.1515208446680867,328.15,7.0,0.2
12,0.00011469968381320545,0.19235091442684976,2.206258906594063e-05,3.112714918300436e-07,0.7060908365988847,2.1978594807565836e-07,0.9890434237836272,1.0008556236000494,0.9898896726784902,0.02253103967247889,1.048996320317301,0.023634977709353484,0.09233477603992352,0.6540114131477521,0.06038799736055158,0.19992694506963032,0.704672623101889,0.14088304481096367,0.293135829754284,0.6859154536504741,0.20106639564711787,0.0006443346382464537,0.608985999953979,0.000392390773977502,0.006231602787507424,1.0,0.006231602787507424,6.85910349036151e-07,0.6869105437913742,4.7115905084855394e-07,9.996347253481546e-17,1.0,9.996347253481546e-17,1.0,1.0,1.0,0.11498051539621562,0.29325084070958896,-11.147776092208764,-0.7369136511964854,6.658000077464318,-1.7865240048737012,-2.684684019967513,-92.54697036448131,55.22688132728084,6.832996103004941,-3.1571053207833644,333.15,7.0,0.2
13,0.0001194730313627061,0.18975495921845983,2.2670600193936063e-05,3.1081554731774045e-07,0.7019172004484004,2.1816677882910567e-07,0.9890432650362256,1.0008589271842987,0.9898927811830128,0.02270113481449633,1.0489980703665578,0.023813446615537737,0.09217023056445806,0.6534090000824311,0.06022485819048968,0.1999263329619172,0.702221174159647,0.14039250427795005,0.29314560731793593,0.684084356558471,0.20053632416003242,0.0008095064088636863,0.6056608352899793,0.0004902863277649716,0.006055734920137712,1.0,0.006055734920137712,9.021355188651254e-07,0.6846450359522208,6.17642604747189e-07,9.996316648095855e-17,1.0,9.996316648095855e-17,1.0,1.0,1.0,0.1149908384103171,0.29326539116484596,-11.149642434132305,-0.7480986633027312,6.661211380556268,-1.7513219284777366,-2.5865844538618985,-91.22136491828714,54.64015303484121,6.8124328188986905,-3.1627801827087842,338.15,7.0,0.2
14,0.0001253649253879616,0.18513545387303884,2.320949236145994e-05,3.0883640288910685e-07,0.6977835943069967,2.155009752608046e-07,0.9890437282509426,1.0008625115576204,0.9898967898975508,0.022904758281585946,1.0489935521554188,0.024026943751062086,0.09193598867841163,0.6528136829934615,0.06001707136879908,0.19992560025864486,0.6997105819280911,0.13989005809929936,0.29312022787960257,0.6822214441158581,0.19997290516359187,0.0010070402585961038,0.6023640499284885,0.0006066048486089812,0.005882481009101526,1.0,0.005882481009101526,1.1776695769551244e-06,0.6823888370115396,8.036285730022798e-07,9.996280012932228e-17,1.0,9.996280012932228e-17,1.0,1.0,1.0,0.11496611188538554,0.2932459016413934,-11.155102166428724,-0.7595320465061907,6.666550760076672,-1.718043821393493,-2.491730872782357,-89.94199099382557,54.07335648653049,6.7940266525708415,-3.1685417363633577,343.15,7.0,0.2
15,0.0001295923386787437,0.18265407579691909,2.3670568851727278e-05,3.055288058710884e-07,0.6936918108334783,2.1194283060650542e-07,0.9890448755326247,1.0008663077360338,0.9899016927595831,0.02314281773760514,1.0489821358691536,0.02427640238042357,0.09163039617625568,0.6522330696514949,0.05976437457142185,0.19992474373757924,0.6971560214944916,0.1393787389423965,0.29305615899906307,0.6803278768715767,0.19937427445597178,0.0012406140304468758,0.5991036616371688,0.0007432564083191695,0.005711690816309613,1.0,0.005711690816309613,1.5259062296453774e-06,0.6801499781269524,1.0378450887170834e-06,9.996237186878928e-17,1.0,9.996237186878928e-17,1.0,1.0,1.0,0.11490280625253957,0.29318605686654764,-11.163813780504826,-0.7712009043352008,6.673781269733623,-1.6865254110603645,-2.3999832434497135,-88.70665904505917,53.525629753038935,6.777624245766853,-3.1743849929275534,348.15,7.0,0.2
16,0.00013364536599477146,0.17958965054894482,2.400132457648684e-05,3.016658275284434e-07,0.6889738383442672,2.0783986308957116e-07,0.9890465395966429,1.0008732260108653,0.9899102007609749,0.0234175614454483,1.0489655139937577,0.02456421437810508,0.09125921120547185,0.6510333313175778,0.05941278828451277,0.19992375535411208,0.6938900919162033,0.1387251129788974,0.29296289001288606,0.677751253498443,0.19855596593476002,0.0015109719076040263,0.5952994072821725,0.00089948068101669,0.005533118750210008,1.0,0.005533118750210008,1.9624795360963743e-06,0.677270707161673,1.3291299032023033e-06,9.996187767705602e-17,1.0,9.996187767705602e-17,1.0,1.0,1.0,0.11481041801691494,0.2930968370447084,-11.175044774403114,-0.7830635871740236,6.682271152353915,-1.656594000023211,-2.311208394717837,-87.51329447684009,52.996140592667224,6.763075517381658,-3.18113193970727,353.15,7.0,0.2
17,0.00013878300696895885,0.17456250658557512,2.4226309567984777e-05,2.969377319591666e-07,0.6843087165567501,2.0319707825424955e-07,0.9890489618254305,1.0008803479425126,0.9899196690440177,0.0237340673574885,1.0489412467938932,0.024895642205454236,0.0908024288382508,0.6498432423298847,0.05900734476767754,0.19992261687281804,0.6905907063096122,0.1380647011934654,0.292826736695643,0.6751568972825026,0.1977039909887907,0.0018219174638532097,0.5915338498345372,0.0010777258514738652,0.005356618098239261,1.0,0.005356618098239261,2.504444515024402e-06,0.6744068890722159,1.6890146342315803e-06,9.9961308436409e-17,1.0,9.9961308436409e-17,1.0,1.0,1.0,0.11467527920270826,0.29296581664034393,-11.188751961023128,-0.7951245244310403,6.692082541010064,-1.628044076183052,-2.225282993495899,-86.35990390710747,52.48405263488534,6.750217259551359,-3.187960359540093,358.15,7.0,0.2
18,0.00014059927586167396,0.17316816052212136,2.4347317971708394e-05,2.9144248757006725e-07,0.679697961831146,1.9809286479237387e-07,0.9890521871678112,1.000887589134198,0.9899300591422959,0.024090293055472316,1.048908874253543,0.02526852216925341,0.090263908516083,0.6486745429786731,0.0585518996041389,0.1999213357261896,0.6872765724326333,0.13740125037404932,0.2926451167079407,0.67254306249775,0.1968164430157699,0.002175793225826538,0.5878185794607463,0.0012789716832056703,0.005182439826408543,1.0,0.005182439826408543,3.172130605817995e-06,0.6715710605528,2.1303111151611852e-06,9.996066786309482e-17,1.0,9.996066786309482e-17,1.0,1.0,1.0,0.11449480084741699,0.29278600742628996,-11.204787352809635,-0.807380422550844,6.703131167253511,-1.6008169638704255,-2.1420895322724642,-85.2447462714599,51.98870978826139,6.738965847839238,-3.194865290938005,363.15,7.0,0.2
19,0.00014306075742742373,0.17022915240553682,2.4353111479364455e-05,2.853947886496174e-07,0.6751416580728965,1.9268191081426664e-07,0.9890562143291849,1.0008949992918759,0.989941418940635,0.02449066466003591,1.048868411221307,0.02568748453172567,0.08963534980856132,0.6475162212223909,0.05804034299598679,0.1999198960436718,0.6839411952379979,0.13673345265196518,0.29241810818247843,0.6699147178279186,0.19589519443083883,0.0025730391240258005,0.5841442730817453,0.0015030260687149415,0.005010042056051419,1.0,0.005010042056051419,3.987086153262304e-06,0.6687522022997918,2.666372645753171e-06,9.995994802183626e-17,1.0,9.995994802183626e-17,1.0,1.0,1.0,0.11426907522602466,0.29256145433469455,-11.222807090569214,-0.8198130925031372,6.715159055465465,-1.5747496803954972,-2.061516957746636,-84.16607386030253,51.509380775667296,6.729190010262112,-3.201849794450823,368.15,7.0,0.2
20,0.00014649343964948943,0.16549071427778492,2.4243303964603597e-05,2.7891231119090933e-07,0.6706401364679504,1.8704979043966288e-07,0.9890610422464262,1.0009025730757375,0.9899537421134187,0.024935514847192433,1.048819865565525,0.026152863329839515,0.088916133854645,0.6463670489103065,0.057472459040140686,0.19991829671410455,0.6805885923982139,0.1360621121553009,0.2921457499320546,0.667273359779114,0.19494107610235092,0.0030136377906566534,0.5805104854627612,0.0017494483368630167,0.004839401674749072,1.0,0.004839401674749072,4.973605660596614e-06,0.665949596836604,3.312170684498568e-06,9.995914835705195e-17,1.0,9.995914835705195e-17,1.0,1.0,1.0,0.11399814214148693,0.29229252228401525,-11.24262738560376,-0.8324148324488814,6.728042774025246,-1.5497674088308397,-1.9834602938404207,-83.12231763074573,51.045449492869835,6.7208064988854055,-3.208912949453314,373.15,7.0,0.2
21,0.00014800770981921683,0.16209611513043015,2.399147477104708e-05,2.7249657748742247e-07,0.6655014527952908,1.8134686819962424e-07,0.9890664357847622,1.0009133623967503,0.9899698118750958,0.025416886977861014,1.0487656033964907,0.02665635680779682,0.08813034779591217,0.6445671329336572,0.05680592560325716,0.1999165665153251,0.6765333062890466,0.135250215726567,0.2918413084904482,0.6639294203929673,0.19376203079278845,0.0034924894617368437,0.5763254706466969,0.002012810632764116,0.004662395096927957,1.0,0.004662395096927957,6.161794413246853e-06,0.6624870142039563,4.082108782970523e-06,9.995828325766253e-17,1.0,9.995828325766253e-17,1.0,1.0,1.0,0.1136952424835924,0.2919895886968449,-11.26393713751663,-0.8451676586105856,6.741489940140706,-1.525946877106328,-1.9078189903074825,-82.11214402063669,50.5964790069096,6.713812569537524,-3.216928573737143,378.15,7.0,0.2
22,0.00014893832876044545,0.1587206481804949,2.3639588079777524e-05,2.657401406413366e-07,0.6604273230147225,1.7550204970131374e-07,0.9890725943266561,1.000924271811714,0.9899867662453311,0.025938216976737073,1.0487036074937552,0.027201501715459937,0.08726191127298717,0.6427827722670229,0.05609045324136966,0.19991469316975516,0.6724818793079903,0.13443900856407723,0.2914934632432276,0.6605793755682692,0.19255456993144354,0.004011667715554611,0.572192591866504,0.0022954465478703693,0.004488250934912178,1.0,0.004488250934912178,7.5801675504728656e-06,0.6590517316630115,4.995722550434906e-06,9.99573465848776e-17,1.0,9.99573465848776e-17,1.0,1.0,1.0,0.1133490665784847,0.29164266731212873,-11.286888776242916,-0.8580875926015347,6.755717807011422,-1.503174073223984,-1.834500250840181,-81.13410663745235,50.16186010325822,6.708110722687317,-3.225017009480901,383.15,7.0,0.2
23,0.00015091352052012445,0.15369271451187702,2.319430862528178e-05,2.587124223391936e-07,0.6554165880954714,1.6956441314746903e-07,0.9890794716228614,1.0009353239698482,0.990004581360755,0.02649851579431818,1.0486343404515683,0.027787253632920308,0.08631276929275643,0.6410087366337303,0.055327239199708424,0.19991268035786453,0.6684332537333383,0.1336282833941602,0.2911048016514978,0.6572250166033675,0.19132135809872564,0.004568522551999598,0.5681071942892564,0.002595410529063685,0.004317037250645348,1.0,0.004317037250645348,9.261120259442939e-06,0.6556390401706949,6.0719519978065396e-06,1.136757841925355e-16,1.0,1.136757841925355e-16,1.0,1.0,1.0,0.11296219860759474,0.2912559738844403,-11.311380478661116,-0.8711716790651992,6.7706652888444845,-1.4814187475974019,-1.7634149679922664,-80.1869152212168,49.74109156420977,6.703649296134858,-3.2331774024496283,388.15,7.0,0.2
24,0.00014924634129282225,0.15192254454641202,2.2673883933447784e-05,2.5139238736420003e-07,0.6504690109029213,1.6352295755731518e-07,0.9890870505179298,1.0009464411675284,0.9900231632208091,0.027091684388766205,1.0485579641881346,0.028407201429112152,0.08529458970360114,0.6392569864479153,0.05452516237423544,0.19991055019252027,0.6644044648600508,0.13282146212053975,0.2906762252828182,0.6538628035185458,0.19006237157961187,0.005161601477758533,0.5640799464843429,0.002911555885347538,0.0041493381526041834,1.0,0.0041493381526041834,1.1242618739937797e-05,0.6522617788736764,7.333130498510358e-06,1.362182694750126e-16,1.0,1.362182694750126e-16,1.0,1.0,1.0,0.11253552043366016,0.2908257230164984,-11.337484436963505,-0.8844301333940552,6.786421266608944,-1.4607378922644845,-1.6944786818717086,-79.26943402413588,49.3337795200398,6.700422580357886,-3.2414033680761736,393.15,7.0,0.2
25,0.00015008174812544597,0.14712533131135128,2.208082691674303e-05,2.438823834286354e-07,0.645581807495347,1.5744602991013157e-07,0.9890952394309726,1.000957724269946,0.9900425199470636,0.0277189451076788,1.0484754014812518,0.029062632100410313,0.0842051771806255,0.6375096227584778,0.053681610738731345,0.19990829840143606,0.6603803110275247,0.13201550427532358,0.2902129023098942,0.6504978358440108,0.1887828648865955,0.00578594579567472,0.5600944955007021,0.00324067639142284,0.003984937754217035,1.0,0.003984937754217035,1.3561318290380788e-05,0.6489023206481799,8.799970909676705e-06,1.621511372997888e-16,1.0,1.621511372997888e-16,1.0,1.0,1.0,0.11207420403642976,0.29036322794040303,-11.365038980599122,-0.8978549819655937,6.802868285868088,-1.4410702735556635,-1.6276112113236054,-78.38047164079116,48.939430637660195,6.698367839456498,-3.249697699337672,398.15,7.0,0.2
26,0.00014915698658748015,0.14349844421561192,2.1403795519192287e-05,2.3655977504695882e-07,0.6400155939868295,1.5140194494007018e-07,0.989103722748665,1.0009725152977853,0.9900656412501343,0.02836527054279731,1.0483898197464487,0.02973786087142252,0.08308154035886996,0.6350492348671416,0.05276086863648392,0.19990597932705365,0.6556257904861633,0.13106351571921016,0.28973259962973935,0.6463855770755028,0.18727897360925466,0.00643073100304329,0.5555198410036871,0.0035723986643480883,0.0038169752078220623,1.0,0.0038169752078220623,1.6271527372424428e-05,0.644834078211899,1.0492435354296992e-05,1.9152200022247718e-16,1.0,1.9152200022247718e-16,1.0,1.0,1.0,0.11159596788825474,0.2898819931761018,-11.393928112130196,-0.9114412631357978,6.819868545765175,-1.4226090029455758,-1.562735119444605,-77.51914923473385,48.557825793416185,6.697552562003523,-3.2590245226990673,403.15,7.0,0.2
27,0.0001478512512862654,0.13991540458623297,2.0686667642298622e-05,2.2902005647554403e-07,0.6345192681631521,1.4531763862954606e-07,0.9891127058440864,1.0009874087574016,0.990089364391894,0.029035432461036577,1.0482991412135756,0.03043781891366942,0.08190587926704347,0.6326048519297996,0.05181405662590808,0.19990357592207364,0.6508998478059821,0.1301172071435493,0.28922365304170095,0.6422784186031183,0.18576211049824065,0.007099310512617849,0.5510015563597491,0.0039117311415335625,0.0036537357200219587,1.0,0.0036537357200219587,1.941385744993653e-05,0.6408000108617157,1.2440400064787138e-05,2.2489010676012457e-16,1.0,2.2489010676012457e-16,1.0,1.0,1.0,0.11108916297936632,0.28937173331304367,-11.424355663820693,-0.9252094565658575,6.837681667914264,-1.405235943955044,-1.4997794688749215,-76.68433092385507,48.188445102628656,6.697887379431349,-3.26841041596854,408.15,7.0,0.2
28,0.00014780726006209785,0.1348988785491228,1.9939033623795558e-05,2.2130092964900984e-07,0.6290903515544365,1.3921827963221917e-07,0.9891221124341807,1.0010024313810697,0.9901136394793947,0.029726797397772963,1.0482041269572773,0.031159751713568468,0.08068344020655306,0.6301709621009071,0.05084436114057454,0.1999010978547577,0.6461995460451793,0.12917599868767737,0.28869032671581085,0.6381779476790577,0.1842358002182928,0.007787357348243557,0.5465339659067222,0.004256055295468405,0.0034952966052008753,1.0,0.0034952966052008753,2.3038087061987945e-05,0.6367949702719803,1.4670537965761907e-05,2.6258504611787857e-16,1.0,2.6258504611787857e-16,1.0,1.0,1.0,0.11055804486438812,0.2888383552768026,-11.456293361089527,-0.939161823200202,6.856303737267159,-1.3889504610485348,-1.438675524260418,-75.87504879794781,47.83090348262138,6.699344241969343,-3.2778545398355474,413.15,7.0,0.2
29,0.00014440777351200322,0.13279623744424057,1.91768089800941e-05,2.1338657741288968e-07,0.6237279771502912,1.330951782807658e-07,0.9891319147553195,1.0010175039608447,0.9901383603963809,0.030432966616473003,1.0481050416997182,0.031896945744604575,0.07942669888262255,0.6277594994207099,0.049860864731194596,0.1998985683923385,0.641539962861989,0.12824292014258562,0.2881341011148356,0.6340809353687366,0.1827003403465251,0.008493028819492768,0.542126864365781,0.004604299082879825,0.0033420550059913377,1.0,0.0033420550059913377,2.7202859935192412e-05,0.6328313110572842,1.7214821517295487e-05,3.050037074066119e-16,1.0,3.050037074066119e-16,1.0,1.0,1.0,0.11000407327260756,0.28827872227492496,-11.489834344162343,-0.9533105855538769,6.875837677688264,-1.3738055234416584,-1.3793579259828912,-75.09043555138848,47.48488269934275,6.701922829139546,-3.2873516657925284,418.15,7.0,0.2
30,0.0001437198938452308,0.12804545819598342,1.840267965929066e-05,2.0535535181480322e-07,0.6184282019776239,1.2699754098931117e-07,0.9891420017265625,1.0010327308379432,0.9901635191748503,0.031154036280665057,1.0480030000790899,0.03264952348670979,0.07813574204162813,0.6253525419346851,0.04886238490168499,0.19989598738170974,0.6369044972554623,0.1273146533467321,0.2875612261144555,0.6299923272991178,0.18116136608083366,0.009210300410931922,0.5377633893193137,0.00495296236563182,0.003193785332394102,1.0,0.003193785332394102,3.196184784715053e-05,0.6288912810093173,2.0100527436019384e-05,3.5244233075088587e-16,1.0,3.5244233075088587e-16,1.0,1.0,1.0,0.10943349821613842,0.28770515136365266,-11.52486695662376,-0.9676511406220222,6.896204688060672,-1.3597576784155263,-1.321764421326801,-74.32957121768571,47.14998022483718,6.7055753607164075,-3.296905516510323,423.15,7.0,0.2
31,0.0001416695037318124,0.12426757276429248,1.7604925363474194e-05,1.9756271507033386e-07,0.6123754744509384,1.209825613750112e-07,0.9891519974191387,1.0010519303137249,0.9901925163901053,0.03187126462318015,1.047901764916325,0.03339795444874571,0.07685444669163527,0.6221395852432786,0.04781419358883564,0.19989342270343882,0.6314741567953592,0.12622753055059233,0.2869928233267513,0.6250854938568352,0.17939505070256978,0.009924400235872531,0.5327443075820325,0.005287167731826871,0.0030442397210695754,1.0,0.0030442397210695754,3.7412251056172284e-05,0.6241630444764333,2.335134451993715e-05,4.0459762608308555e-16,1.0,4.0459762608308555e-16,1.0,1.0,1.0,0.10886738081854724,0.28713469039319817,-11.561297020379374,-0.9821799271548439,6.917277225091869,-1.347022014888261,-1.2658342254904362,-73.5918351005269,46.82606586582296,6.71038529091858,-3.3076266283276925,428.15,7.0,0.2
32,0.0001410746439321255,0.119199025804466,1.6815960122421272e-05,1.8966184467203405e-07,0.6063969182300043,1.1501035811493913e-07,0.9891621611094034,1.0010712393436547,0.9902217905336382,0.032594999527186946,1.0477987190157003,0.034152998750903836,0.0755549861628134,0.618941458719833,0.046764113349168523,0.19989083723227846,0.6260874646752068,0.12514914749456166,0.28641419892343667,0.6202004548220181,0.17763421643979938,0.01064281735970894,0.5277814252767,0.005617081315066789,0.0029005672245048073,1.0,0.0029005672245048073,4.359854261635045e-05,0.6194729279681149,2.7008116849693248e-05,4.623140927028453e-16,1.0,4.623140927028453e-16,1.0,1.0,1.0,0.10829106033393247,0.2865554632292135,-11.599263508481016,-0.9969130486271613,6.939263044258708,-1.3354084220978395,-1.2115123960245406,-72.87623918139612,46.51260768438566,6.716230649398685,-3.3184009681314297,433.15,7.0,0.2
33,0.00013742023650621093,0.11676166548470318,1.6045415685766997e-05,1.8165750201962733e-07,0.6004916990865701,1.09083822039588e-07,0.9891724787902112,1.0010905763706919,0.9902512469221185,0.03332000362215328,1.0476939848922482,0.034909167371517925,0.07424778182174184,0.6157701085287987,0.04571956467039655,0.19988825012200595,0.6207580610164422,0.12408224256570602,0.2858260388905896,0.6153343698887196,0.17587858553852959,0.011364749010745544,0.5228841504141898,0.005942447131154186,0.002762913370609317,1.0,0.002762913370609317,5.059912058576991e-05,0.6148328269516209,3.111000035101488e-05,5.259786398549826e-16,1.0,5.259786398549826e-16,1.0,1.0,1.0,0.10770520568040133,0.2859636407845978,-11.638830785972521,-1.0118606737217328,6.962239653810504,-1.3249442601048158,-1.158745096255328,-72.18204809659537,46.20930255825275,6.723099706331051,-3.3292264358221737,438.15,7.0,0.2
34,0.0001365364310603974,0.11200620764134708,1.5292927847959335e-05,1.7362272556370818e-07,0.5946555172050828,1.0324571166864312e-07,0.9891828463985912,1.001110044707595,0.9902808835820797,0.03404666299066461,1.0475886026715058,0.03566689610801801,0.07293245598514556,0.6126082548836651,0.04467902458543973,0.1998856602271904,0.6154690104894007,0.12302342951104943,0.28523418075643053,0.610491951573039,0.17413317166533024,0.012084683129885181,0.5180360539226896,0.006260301561511819,0.002630950971417787,1.0,0.002630950971417787,5.848217481419673e-05,0.6102254468053501,3.5687311256141804e-05,5.958086294996085e-16,1.0,5.958086294996085e-16,1.0,1.0,1.0,0.10711565540687057,0.28537089081021655,-11.679888103433884,-1.0270178286555978,6.986127977805428,-1.3155812990406028,-1.1074809238072556,-71.50848351718992,45.91577886524848,6.730942708084566,-3.3401096841681888,443.15,7.0,0.2
35,0.00013397295070797228,0.10872144973649356,1.4565733426446537e-05,1.6556689958982398e-07,0.5888877291543119,9.750031552257148e-08,0.9891932576042832,1.001129563127812,0.9903106138343534,0.034770321340417035,1.0474826161701956,0.03642130716273843,0.07161834595294746,0.6094677836383297,0.04364907457578603,0.19988308463458512,0.6102333841836372,0.12197533117762724,0.28463887047773345,0.6056705017415455,0.17239736749739562,0.012802326037461096,0.5132464762173322,0.006570748726112312,0.002504753390324611,1.0,0.002504753390324611,6.733351822348893e-05,0.6056624867133813,4.078138608639905e-05,6.721568748614683e-16,1.0,6.721568748614683e-16,1.0,1.0,1.0,0.10652264024407246,0.2847730089953411,-11.722486454188678,-1.0423934827231705,7.010993978870796,-1.3073374910151931,-1.0576708469730929,-70.85486347235548,45.6317367475986,6.739742416275548,-3.351050757545294,448.15,7.0,0.2
36,0.00013357821019577065,0.10363646366332015,1.3843573327165324e-05,1.5787525944814593e-07,0.5822511375533749,9.192304940521725e-08,0.9892031989300544,1.0011538337383035,0.9903445749550175,0.03547241684685903,1.0473811631364363,0.03715314121632373,0.07034896288608712,0.6053752368239819,0.0425875200674865,0.19988059080707862,0.6040809017086203,0.12074404752879181,0.28406896592195263,0.5999226022983821,0.17041939326810826,0.013495099308883197,0.5076911301751038,0.006851342219952171,0.0023781424197461512,1.0,0.0023781424197461512,7.731437477157674e-05,0.6001794622610381,4.640249987545328e-05,7.537150331808313e-16,1.0,7.537150331808313e-16,1.0,1.0,1.0,0.10595495794314191,0.2842027020074078,-11.766391059304095,-1.0579711124654658,7.036575577031996,-1.3003961659240446,-1.009266182982689,-70.22069918333585,45.357049652971575,6.749565304574721,-3.3633961603147133,453.15,7.0,0.2
37,0.00013037618592161838,0.10090076112447789,1.3155056391997732e-05,1.501921505636209e-07,0.5756997237873492,8.646557959450447e-08,0.9892131091405357,1.0011781037195295,0.9903785047838215,0.03616617496051223,1.0472798186328491,0.037876105153289145,0.06909125039986092,0.6013188383599775,0.04154587043128269,0.1998781312180199,0.5980036773086659,0.11952785748195993,0.28349961778020677,0.5942145294984916,0.1684595919922678,0.014181173910596104,0.5022108431013799,0.0071219393058077635,0.0022577250832951385,1.0,0.0022577250832951385,8.84600720372097e-05,0.5947593195402969,5.261245225133645e-05,8.41962631372162e-16,1.0,8.41962631372162e-16,1.0,1.0,1.0,0.10538780154629475,0.283630144158279,-11.811812840284727,-1.073773779908288,7.063156743022594,-1.2945473783668286,-0.962224010048418,-69.60513410993062,45.09119306486966,6.760276376737021,-3.3758064017516913,458.15,7.0,0.2
38,0.00012988178268762252,0.09622356287429219,1.2497687882667588e-05,1.4258037628106823e-07,0.569228972006611,8.11608810187882e-08,0.9892228970877218,1.001202475236886,0.9904124131252304,0.03685249293189109,1.0471794899301423,0.038591174751071884,0.0678438954019774,0.5972821568853944,0.04052194817720016,0.1998757029171895,0.5919848885296053,0.11832339571120895,0.28293592248657445,0.5885503994076023,0.1665220501862318,0.014855854099454094,0.49678993879537997,0.007380238848820896,0.002143096262919084,1.0,0.002143096262919084,0.00010084908295443717,0.5893854466484112,5.943898180118358e-05,9.369058306981364e-16,1.0,9.369058306981364e-16,1.0,1.0,1.0,0.10482627011655611,0.2830659468496384,-11.85863450824751,-1.0897952219375018,7.090653247253262,-1.2897389786934648,-0.9165014942977606,-69.0074927551628,44.83380499632569,6.771819901565593,-3.388292982572779,463.15,7.0,0.2
39,0.00012944598546991824,0.0917275998739957,1.1873769560479716e-05,1.3506179605768082e-07,0.5628377528146887,7.601787778422088e-08,0.9892325565119057,1.0012268977735421,0.9904462437330055,0.03752873378794296,1.0470802198746734,0.0392955948262974,0.06661241801959898,0.5932721274522494,0.03951929095322606,0.19987331575158768,0.5860315633958633,0.11713207171101796,0.2823781229548238,0.5829287240674585,0.16460631891861938,0.015519054991397083,0.49143327372418566,0.007626579999527931,0.002034112705386977,1.0,0.002034112705386977,0.00011457728309620133,0.5840643035177087,6.692050105053414e-05,1.0386602301824422e-15,1.0,1.0386602301824422e-15,1.0,1.0,1.0,0.10427059779301186,0.28250770400208974,-11.906852415971807,-1.1060392662725669,7.119084258903756,-1.2859623432743912,-0.8720576833096574,-68.42716413277381,44.58456603390295,6.784159969061311,-3.4008629365414627,468.15,7.0,0.2
40,0.00012633613947139334,0.08932386344271427,1.1284832070022438e-05,1.2765919838967208e-07,0.5565251754415612,7.104555778054134e-08,0.9892420871237194,1.0012513170977906,0.9904799426611914,0.03819254062802512,1.046981990900349,0.03998690222427221,0.06540180343379134,0.5892960352847229,0.03854102346400401,0.1998709785674932,0.5801508909156781,0.11595532628411957,0.28182612269351787,0.5773480162280583,0.1627117528583479,0.016171053183372155,0.48614599214004445,0.007861492693779882,0.0019306075799762539,1.0,0.0019306075799762539,0.0001297428891168153,0.5788026163158735,7.509552366919293e-05,1.1472891635887088e-15,1.0,1.1472891635887088e-15,1.0,1.0,1.0,0.10372068020128787,0.2819525864921877,-11.956455095991393,-1.122508991970362,7.148463071736665,-1.2832045941503303,-0.8288533737340431,-67.86355169288206,44.343149492302736,6.797256161274113,-3.4135250305934766,473.15,7.0,0.2
41,0.00020404959939914163,0.21751306316643762,4.4383453403191746e-05,4.823844136524115e-08,0.7480283652795342,3.6083722438074003e-08,0.9893310009137435,1.000912961671648,0.9902342221981508,0.006891621772774352,1.0487444695725125,0.007227550220582619,0.09127208286026593,0.652402782593628,0.05954616083115369,0.19998329472721915,0.7159953157989457,0.1431871022627289,0.29172669635911713,0.6914231466791213,0.20170659036692531,6.321827621292313e-05,0.6416026191734048,4.0561011597839205e-05,0.00846530685929886,1.0,0.00846530685929886,4.9535062332851417e-08,0.7047974583701235,3.491218603239936e-08,9.999164736360924e-17,1.0,9.999164736360924e-17,1.0,1.0,1.0,0.09836775423243942,0.29193079419695767,-12.24903117536943,-0.6638829144989655,7.442688666503572,-2.970273169707739,-4.180124956927914,-113.63028779508114,64.74610175292945,7.591678217918058,-3.113469581147528,273.15,7.5,0.2
42,0.00021331749544862988,0.21379761335365496,4.560677141349623e-05,5.576042418214931e-08,0.7449406253372353,4.1538205259319786e-08,0.9893278815307682,1.0009034512092287,0.9902216910016609,0.006925783774409084,1.048776040316757,0.0072635960830148005,0.09140584066159278,0.6529529299903795,0.05968371147822079,0.19998317170656213,0.7163867646250649,0.14326529735832289,0.29190376511247274,0.6918529793770084,0.20195448958443069,8.810403336058877e-05,0.6392369635018769,5.631935475769083e-05,0.008263167645395048,1.0,0.008263167645395048,6.948048409394243e-08,0.7037550898175571,4.8897244324099836e-08,9.9991585853281e-17,1.0,9.9991585853281e-17,1.0,1.0,1.0,0.0985449419314505,0.29211713836834546,-12.154370402245384,-0.6708108502317373,7.381552271951434,-2.8847655520611593,-4.028173608551695,-111.50266972511669,63.822844687371834,7.522744967135301,-3.1149555798158683,278.15,7.5,0.2
43,0.00022115839260189845,0.21246013941289824,4.698734292453181e-05,6.322206999439894e-08,0.7418667797387044,4.690235347515974e-08,0.9893249045312003,1.0008948913871114,0.9902102428673201,0.006967200849607416,1.0488061785474705,0.007307243298249441,0.09152575435566913,0.6535130083402902,0.05981327106958777,0.19998302257167244,0.7165801554823401,0.14330386540823734,0.292072792584034,0.6921499040949031,0.20215815537576967,0.00012166510541967915,0.6368863745603646,7.748684790124402e-05,0.008060355190425385,1.0,0.008060355190425385,9.698813902028164e-08,0.7027212181570366,6.815562319911636e-08,9.999151128583619e-17,1.0,9.999151128583619e-17,1.0,1.0,1.0,0.09871411359787845,0.2922940141987059,-12.072008384058716,-0.6782419399640672,7.328805364627535,-2.805307627149179,-3.8820723115521036,-109.46410824641767,62.935355731468064,7.459626552670174,-3.116983845744469,283.15,7.5,0.2
44,0.00022950786412472308,0.211133706873003,4.845684610915826e-05,7.049078811174798e-08,0.7388089073933881,5.20792221461394e-08,0.9893221478665182,1.0008872055665756,0.9901998799832419,0.0070202479786325035,1.048834099914162,0.007363075469843236,0.09162112938477154,0.6540789925126606,0.05992745600086349,0.19998283156772106,0.7165871832417873,0.14330513396983002,0.292229379536649,0.6923293285070371,0.2023189701046363,0.00016633876310069503,0.6345471869975388,0.00010554979421419612,0.00785880780650757,1.0,0.00785880780650757,1.345835944394647e-07,0.7016906190470291,9.443604569580229e-08,9.999141578386086e-17,1.0,9.999141578386086e-17,1.0,1.0,1.0,0.09887088522752877,0.2924589578915619,-12.00045663248951,-0.6861276842265072,7.283335511002118,-2.7310841228740403,-3.7415149226519104,-107.50919622447306,62.0816725971928,7.401732402720105,-3.1194328342332485,288.15,7.5,0.2
45,0.0002361188674789657,0.21167497881203007,4.998045627073057e-05,7.742516174932171e-08,0.7357691466852392,5.696704519226505e-08,0.9893196923652118,1.0008802682755835,0.9901905591048109,0.0070856811785905745,1.048858987044212,0.007431880383494749,0.09168887613238987,0.6546577073410637,0.06002482943750912,0.19998259598250662,0.7164306404483234,0.14327365931826552,0.29236894270601466,0.6924012722452537,0.20243662789464423,0.00022512471757990275,0.6322264178964037,0.00014232979377548142,0.007660104974665046,1.0,0.007660104974665046,1.8556374214447025e-07,0.7006699907888725,1.3001894549911465e-07,9.99912979912533e-17,1.0,9.99912979912533e-17,1.0,1.0,1.0,0.0990106761784594,0.2926051389986553,-11.93865349080643,-0.6944385042051582,7.244376306258156,-2.6615718822455245,-3.6062161179483883,-105.63312092561875,61.2601090572818,7.348618817285282,-3.122214183015902,293.15,7.5,0.2
46,0.00024465269394918565,0.2103621150794506,5.146565815903618e-05,8.39930907211279e-08,0.7327488863440209,6.154584368649876e-08,0.9893175946398773,1.0008740557462583,0.9901823133683468,0.007170394367309739,1.048880273528854,0.007520885205293591,0.0917152865991538,0.6552396420042795,0.060095491557549445,0.1999822909901291,0.7161137174208246,0.14321006181927445,0.2924883052983196,0.6923799323750569,0.2025130330429455,0.0003012524267543908,0.6299153814308489,0.00018976353730596087,0.007464156757168273,1.0,0.007464156757168273,2.5388747465180917e-07,0.6996485783119524,1.7763201069134995e-07,9.999114549506481e-17,1.0,9.999114549506481e-17,1.0,1.0,1.0,0.09913033366041273,0.2927330419853595,-11.885108896532353,-0.7031152637739185,7.21080127051442,-2.595932017907305,-3.475909693977398,-103.8310443599916,60.46868185107552,7.299692218361231,-3.1252700185350495,298.15,7.5,0.2
47,0.000256115626469579,0.206000631815094,5.27599808704519e-05,9.032552027383367e-08,0.7290608178186087,6.585279768073254e-08,0.989315690387966,1.0008713496235409,0.9901777302423486,0.007278388164959909,1.0488996238526498,0.0076342986084800305,0.09170470281837452,0.6552051728206449,0.060085395658578976,0.19998190219329584,0.7149759095377443,0.14298224241173993,0.2925968023295899,0.6916227165891958,0.20236659529250292,0.00039771191176232094,0.6270210436165922,0.0002493737379719604,0.00725861650073593,1.0,0.00725861650073593,3.444787383684851e-07,0.6979682540365985,2.404352235717818e-07,9.999095109664766e-17,1.0,9.999095109664766e-17,1.0,1.0,1.0,0.09923920660980401,0.2928530082815798,-11.83834736323677,-0.7120937903708972,7.181425769806303,-2.533568251437492,-3.3503459623753917,-102.09864465415555,59.705689189239756,7.254492644268635,-3.129354519263837,303.15,7.5,0.2
48,0.00026442526231274216,0.20396643916830487,5.3933879180075e-05,9.620238817253458e-08,0.7254024630170592,6.97854493284799e-08,0.9893143014032517,1.000869155723865,0.9901741695910178,0.007408137311764733,1.048913780949577,0.007770497317476785,0.09164646230686854,0.6551878046829075,0.06004564444579201,0.19998143511016356,0.7137203108513621,0.14273081203132743,0.2926761689895088,0.6907871809489546,0.2021769457072026,0.0005190537124764725,0.6241563884977778,0.00032397069061567915,0.0070572067607809034,1.0,0.0070572067607809034,4.6353776290006045e-07,0.6963041770786974,3.2276328054102705e-07,9.999071755508152e-17,1.0,9.999071755508152e-17,1.0,1.0,1.0,0.09931902488094602,0.29294069045420973,-11.798170961327795,-0.7213821704448572,7.156235120859736,-2.4742732347793557,-3.2292937695005093,-100.4322436521162,58.9698591600968,7.212764695525924,-3.133631088242192,308.15,7.5,0.2
49,0.0002717658114088193,0.20203795206651207,5.490700797873179e-05,1.0166959447367095e-07,0.7217756762236069,7.338264030261364e-08,0.9893134841852709,1.0008674469970698,0.990171661196288,0.007565663776959035,1.0489221780860318,0.007935792527594469,0.09152920150540537,0.6551819521488234,0.059968280920934515,0.19998086806751633,0.7123519796501696,0.1424567672600546,0.2927232269427097,0.6898836813528489,0.20194497742072204,0.000669109373877646,0.6213168357741378,0.00041572891896447366,0.006859241787489622,1.0,0.006859241787489622,6.180426872847015e-07,0.6946500988391924,4.2932341380915827e-07,9.999043403375782e-17,1.0,9.999043403375782e-17,1.0,1.0,1.0,0.09936663109377324,0.292995094423713,-11.763485924089064,-0.7309320415381032,7.13440666641181,-2.417441647203247,-3.1125357579197654,-98.82800119547304,58.259573570065164,7.174067661613802,-3.138076833905127,313.15,7.5,0.2
50,0.00027804926127369977,0.20005978893345183,5.562647652351855e-05,1.067598347017056e-07,0.7181822837363208,7.667302189738302e-08,0.9893132994226158,1.0008661715547367,0.9901702144612984,0.007754685911594308,1.048924203680942,0.00813407774461488,0.09134587325304382,0.6551879465956958,0.05984871512665247,0.19998018769681417,0.7108818539485888,0.14216228658289803,0.2927345464411058,0.6889193244391071,0.201670485974195,0.0008516775693331979,0.6185035804111567,0.0005267656259884542,0.006664332584035703,1.0,0.006664332584035703,8.161592019556166e-07,0.6930062134151976,5.656033980912311e-07,9.999009384840715e-17,1.0,9.999009384840715e-17,1.0,1.0,1.0,0.09937860842591183,0.2930127024622142,-11.733498133881008,-0.7407096168372622,7.115357419651089,-2.3626667178397986,-2.9998683825744283,-97.28249353551097,57.57346301567892,7.138072147296285,-3.1426729399050726,318.15,7.5,0.2
51,0.00028594666842091094,0.19593643122047208,5.6027369729776916e-05,1.1155113817877613e-07,0.714623808249627,7.971709917989736e-08,0.989313788482608,1.000865324743835,0.9901698661831991,0.007980896300958476,1.048919443554464,0.008371317307067243,0.09108580998621406,0.6551986024829003,0.05967929540899046,0.19997937351867348,0.7093118426071559,0.14184773791395494,0.2927078037619147,0.6879028753534996,0.20135453984622903,0.0010697716643188568,0.6157107824654717,0.0006586699484971531,0.0064717587599478115,1.0,0.0064717587599478115,1.0668070047951144e-06,0.6913649044507163,7.37552922937529e-07,9.99896867593368e-17,1.0,9.99896867593368e-17,1.0,1.0,1.0,0.09935265295559345,0.29299386198147387,-11.707354990163656,-0.7506742082134001,7.098448513196397,-2.3094930090792682,-2.891100828130963,-95.79244908068468,56.91015895635915,7.104435745271862,-3.147407256571673,323.15,7.5,0.2
52,0.00028995926061366466,0.1933118415608198,5.6052558646841194e-05,1.1617733044463425e-07,0.7104329008715716,8.253619788329672e-08,0.9893148041263771,1.0008676119495308,0.990173145472285,0.008240693248191934,1.0489093810525436,0.008643740454404875,0.09076641854148325,0.6546149332688518,0.05941705301658574,0.1999784385523423,0.7070072432191176,0.14138620454415524,0.2926513178605991,0.6861890107567012,0.20081411829940946,0.0013252768875323996,0.6123779954148011,0.0008115704037566573,0.006271335678184796,1.0,0.006271335678184796,1.3815353442629016e-06,0.6890976890968161,9.52012813137139e-07,9.998921927617135e-17,1.0,9.998921927617135e-17,1.0,1.0,1.0,0.09929707105028884,0.29294139329854324,-11.68466780913043,-0.7608119505942297,7.083355541229577,-2.258025728744435,-2.786052959435495,-94.35534188931001,56.26890350090001,7.0731079081006145,-3.1530592781674174,328.15,7.5,0.2
53,0.00028978686703099853,0.19245474302292911,5.5770857025870596e-05,1.204910608502233e-07,0.7062875254474066,8.51013332064371e-08,0.9893166028560122,1.0008701638228208,0.9901774703731334,0.008537331406407637,1.0488914236683478,0.008954733693195405,0.09037021501096368,0.6540524780912422,0.05910686307355916,0.19997737111308453,0.7046423134149898,0.14091251741177185,0.29255054801387825,0.6844305854365058,0.2002305428469093,0.0016217365270376734,0.6090881683120538,0.0009877805307381283,0.006074043230482527,1.0,0.006074043230482527,1.772119791242506e-06,0.6868537413912531,1.217187108808402e-06,9.998868555654242e-17,1.0,9.998868555654242e-17,1.0,1.0,1.0,0.09919733328440232,0.29284045537197007,-11.665278405065493,-0.7711226733113455,7.070063636159084,-2.208026527123025,-2.684557772782404,-92.96847288673062,55.64863634390039,7.043873611314712,-3.1588236442570246,333.15,7.5,0.2
54,0.00029041362883045266,0.18989950783310017,5.5149405182927564e-05,1.2457273264272214e-07,0.7021876231825591,8.747343104774942e-08,0.9893191797749072,1.0008730342078882,0.9901828892613707,0.008876219711071501,1.0488656247460932,0.009309961732636598,0.08988712087187617,0.6534971122761619,0.0587409739205894,0.1999761517553644,0.7022100194377733,0.14042525741122555,0.292405789974185,0.6826355530790911,0.19960658816255633,0.0019595639067696673,0.6058289003570785,0.0011871604468176884,0.00587914314491653,1.0,0.00587914314491653,2.2507552465415655e-06,0.6846185978405727,1.5409089009695986e-06,9.998807587768246e-17,1.0,9.998807587768246e-17,1.0,1.0,1.0,0.09905375421177812,0.2926963281757481,-11.648587112405375,-0.781575956326536,7.0581238384239695,-2.1591962897370975,-2.5864571937370773,-91.6292392795465,55.04828191635021,7.016497259653192,-3.1646970536212295,338.15,7.5,0.2
55,0.00029249950873424537,0.18532501114798294,5.420747471695356e-05,1.2842411825220572e-07,0.6981337539516266,8.965721177333996e-08,0.9893225374431858,1.0008762074905246,0.9901893892610384,0.009258268664042476,1.0488319575124467,0.009710368046083814,0.0893154151897719,0.6529469551552106,0.058318228396585015,0.1999747772490691,0.699716479750426,0.1399256471755942,0.29221689014853497,0.6808077026087154,0.19894350964548746,0.0023389956295275342,0.6025992966330427,0.0014094771211810532,0.005686547561975856,1.0,0.005686547561975856,2.831486816186767e-06,0.6823908414886521,1.9321806711617128e-06,9.998738862453458e-17,1.0,9.998738862453458e-17,1.0,1.0,1.0,0.09886618336254863,0.2925095180813875,-11.634396064026978,-0.7921663576482532,7.047414771273053,-2.111506662044819,-2.491602520500286,-90.33545383447688,54.46707603174597,6.990886425178575,-3.1706726433984485,343.15,7.5,0.2
56,0.00028988897118270807,0.18288775156985665,5.301714214450444e-05,1.3194806698596762e-07,0.6941268663289183,9.158869825512797e-08,0.98932671082118,1.0008795710876635,0.9901968939922714,0.009678770709385212,1.0487900614261951,0.010150998526826174,0.08866391917748467,0.652418442342292,0.05784597604173741,0.19997326461986914,0.6971873566126471,0.13941883175352796,0.29198182311997,0.6789439411978228,0.19823928974719798,0.002761461416907874,0.5994154242289047,0.0016552625667075854,0.005496877739389531,1.0,0.005496877739389531,3.531911409804625e-06,0.6801881628460846,2.4023643331701335e-06,9.998663230993459e-17,1.0,9.998663230993459e-17,1.0,1.0,1.0,0.09863257885805259,0.29227184403921974,-11.622924261637559,-0.8029164475358257,7.038158113540168,-2.065200973604694,-2.3998537506373703,-89.0853346076035,53.90456430120794,6.967091519851361,-3.176739471392141,348.15,7.5,0.2
57,0.00028648179364834615,0.17986753294643373,5.152877345759734e-05,1.3535539175683397e-07,0.6894967191809589,9.332709853979036e-08,0.989331438632756,1.0008860664620434,0.9902080520403735,0.010136213560421738,1.0487425744014494,0.010630278704039577,0.08794503076937583,0.6512715989889124,0.057276100812300515,0.1999716193861719,0.6939498303922916,0.13877027135630587,0.29171537964925864,0.6763945454759098,0.19731469162619275,0.0032215299899406528,0.5956905872786986,0.0019190350916436878,0.005300782480703996,1.0,0.005300782480703996,4.371271865290663e-06,0.6773472156014688,2.9608688265916687e-06,9.99858096930861e-17,1.0,9.99858096930861e-17,1.0,1.0,1.0,0.09836772612344592,0.29200199679829875,-11.613770742558007,-0.8138062228721535,7.029992235808255,-2.020352227967081,-2.3110777407350622,-87.87705270478396,53.36016012857664,6.945085285336368,-3.1837141069503723,353.15,7.5,0.2
58,0.00028499517155081226,0.17488387100517955,4.984105881859128e-05,1.384525217004209e-07,0.6849206753139593,9.48289946619728e-08,0.9893369019094358,1.0008928172426697,0.9902201989542699,0.010633903566296331,1.0486876673226064,0.011151643525472847,0.08714247295982248,0.6501295058934053,0.056653892887698835,0.19996982969807559,0.6906761723060415,0.1381143965525578,0.2914072948179626,0.6738235677813411,0.1963571030717487,0.0037197730682254544,0.5920018058311081,0.00220211237367139,0.005107937193297608,1.0,0.005107937193297608,5.367201259196478e-06,0.6745181990259287,3.620274927162907e-06,9.998491484903784e-17,1.0,9.998491484903784e-17,1.0,1.0,1.0,0.09806137169766962,0.29169242844203513,-11.606990301196328,-0.8248464775574937,7.023058853627956,-1.9768285316793621,-2.2251511659570657,-86.70868836260378,52.833100745459305,6.924741314838348,-3.190772886807986,358.15,7.5,0.2
59,0.00027931064588198815,0.17195161622375843,4.802791698790968e-05,1.411297476622928e-07,0.680399087014971,9.602455146007729e-08,0.989343114314411,1.0008997162610587,0.9902332424021262,0.011165960778472896,1.0486251930308979,0.011708907776701576,0.08626739279810616,0.6490085143903218,0.05598827244022522,0.19996791683149925,0.6873905774985781,0.13745606183199194,0.29105673783898367,0.6712270726684065,0.19536516212007682,0.004256403567387331,0.5883645488847072,0.0025043169647971054,0.004918991692340855,1.0,0.004918991692340855,6.544479974513292e-06,0.6717186793423424,4.396049445462475e-06,9.998395841575e-17,1.0,9.998395841575e-17,1.0,1.0,1.0,0.09771266422246105,0.2913361896146133,-11.602856257569382,-0.8360639691822476,7.0176177127893755,-1.9348804214343152,-2.141956542414834,-85.57880972902379,52.32303922554055,6.906130566478814,-3.1979063354078168,363.15,7.5,0.2
60,0.00027029705025844727,0.17063391586445997,4.612184413221157e-05,1.4336127433093153e-07,0.6759312819579091,9.690236994162598e-08,0.989350036017218,1.0009067637479145,0.9902471427638764,0.011731003020120938,1.0485555499088433,0.012300608322745207,0.08532252634396138,0.647905884833767,0.055280966927136695,0.19996588585682074,0.6840960421306865,0.13679587107580773,0.2906659363312662,0.6686072259070783,0.19434134535613132,0.004829145272655678,0.584776445665066,0.0028239704081438424,0.0047340021863327055,1.0,0.0047340021863327055,7.928118585689021e-06,0.6689464537135722,5.303486812517336e-06,1.0124234212193675e-16,1.0,1.0124234212193675e-16,1.0,1.0,1.0,0.09732382641434077,0.2909363767427989,-11.601329434535126,-0.8474637124312832,7.0136656012775696,-1.8945446682273537,-2.061382855193938,-84.48586884813439,51.82944396860454,6.8892216067307395,-3.20511016295372,368.15,7.5,0.2
61,0.00026593988878022387,0.1659308220819852,4.412762436969422e-05,1.4519036810682475e-07,0.6715141827255868,9.749739137888153e-08,0.9893575616234019,1.000914085364382,0.9902619188906226,0.012331453749223443,1.048479803265442,0.012929280200962694,0.08430344124527879,0.6467984738276353,0.05452733713586405,0.1999637281264747,0.6807733490557097,0.1361299768863256,0.2902408585436647,0.6659713008967634,0.19329208213771787,0.005432412977853135,0.5812163036341941,0.0031574069908022247,0.004552572649127984,1.0,0.004552572649127984,9.541606865761559e-06,0.6661784747960576,6.3564131089366214e-06,1.205902305339348e-16,1.0,1.205902305339348e-16,1.0,1.0,1.0,0.09690083488328245,0.29050694362281304,-11.602145428049171,-0.8590338905035636,7.011007004044159,-1.855712305590252,-1.983325117175063,-83.42826252750515,51.35166474295996,6.873914123930469,-3.212385681907622,373.15,7.5,0.2
62,0.00025883499000586477,0.16250623042066675,4.2062298526824e-05,1.4670682431354813e-07,0.6664561810407513,9.777366986462381e-08,0.9893654551997533,1.0009246278488666,0.9902802500523376,0.01295380189423242,1.0484003177789902,0.01358077002235935,0.08324426869890826,0.6450408361420246,0.05369595268557515,0.1999614924774123,0.6767529920475717,0.13532453832838676,0.28979476764929035,0.6626289569883105,0.19202640462811904,0.006060055554488481,0.5771047372783836,0.003497286768665484,0.0043676643599797164,1.0,0.0043676643599797164,1.14276452939105e-05,0.6627536508164587,7.573713638774702e-06,1.426142957387394e-16,1.0,1.426142957387394e-16,1.0,1.0,1.0,0.09645690558314655,0.29005374934612055,-11.60551246346772,-0.8707971001591984,7.009778083577144,-1.8188232752003368,-1.9076828240817678,-82.4050204187307,50.88962773745504,6.8603869348102435,-3.22059771313806,378.15,7.5,0.2
63,0.0002512036714056083,0.1592242792311534,3.9997723519777493e-05,1.4770700664292406e-07,0.6614578871353223,9.770196452911152e-08,0.9893738958297648,1.0009353333176565,0.9902992901981539,0.013601958980017042,1.048315283668285,0.014259141486580947,0.08212872867732611,0.6432952164061947,0.05283301828764615,0.1999591649167335,0.6727367541751128,0.13451987957364936,0.2893175029335667,0.6592752096299005,0.1907398573961265,0.006713735409682021,0.5730413422024377,0.00384724795035622,0.004187754617382544,1.0,0.004187754617382544,1.3614294020550596e-05,0.6593547822522785,8.976649869438643e-06,1.677307356576429e-16,1.0,1.677307356576429e-16,1.0,1.0,1.0,0.09598189132874875,0.28956885431197893,-11.611461087822462,-0.8827632564615905,7.010096703675546,-1.7836735757195004,-1.834363172230898,-81.41460613994785,50.442633762972314,6.848497552544357,-3.228868217350345,383.15,7.5,0.2
64,0.00024606784677696125,0.15421862803478398,3.7948245733416407e-05,1.481970090721252e-07,0.6565170186436061,9.729385856793114e-08,0.989382804992489,1.0009462458035632,0.9903190043198308,0.014274624925508794,1.0482254882885582,0.014963025682677485,0.08095950581762315,0.6415524089226076,0.05193976598247999,0.19995675025751258,0.6687192550132668,0.13371492906707766,0.2888134755199573,0.6559133153320232,0.18943660424085929,0.00738909469855426,0.5690174006399216,0.0042045234584535685,0.004012797369109577,1.0,0.004012797369109577,1.613724972232756e-05,0.6559730580842271,1.0585601049424049e-05,1.9622556881374213e-16,1.0,1.9622556881374213e-16,1.0,1.0,1.0,0.0954801985899089,0.28905969156374334,-11.61990526784414,-0.8949334170009765,7.011914572622054,-1.7502449514195928,-1.7632770590583473,-80.45574142503898,50.01019358589979,6.838200306979873,-3.2371954485316974,388.15,7.5,0.2
65,0.0002357955773770119,0.1524745663427835,3.595282840610612e-05,1.4810484408340848e-07,0.6516341241311822,9.651017035387725e-08,0.9893921997110021,1.0009572327645844,0.9903392783415897,0.01496477468537198,1.0481307453715865,0.015685040445296776,0.07975018170829633,0.6398332100027895,0.05102681476072499,0.1999542739848377,0.6647265105054004,0.13291490680658194,0.28828163465378664,0.6525379737112227,0.18811471373514094,0.008086691539625348,0.5650514813249049,0.004569397033482878,0.0038433235146656296,1.0,0.0038433235146656296,1.904437111731673e-05,0.6526300657790328,1.242892917501473e-05,2.2851056297501164e-16,1.0,2.2851056297501164e-16,1.0,1.0,1.0,0.09495075197104533,0.2885175783360077,-11.631045114298848,-0.9073306198695615,7.015426917787511,-1.7186807001292632,-1.6943400334597947,-79.52737683200067,49.5919996247284,6.829532632702189,-3.245571311716962,393.15,7.5,0.2
66,0.0002276757091485026,0.14936169784430267,3.4006030476325984e-05,1.474883077753181e-07,0.6468053353290221,9.539622436772458e-08,0.9894019603378442,1.0009684150010565,0.9903601120383101,0.015673303769776048,1.0480322590676707,0.016426127956892234,0.07849932586499159,0.6381160818650319,0.05009168225001479,0.1999517330155595,0.6607392977366982,0.13211596765393652,0.2877287312257918,0.6491555202490864,0.18678069420948845,0.00880009291660247,0.5611234601884739,0.004937938587344056,0.003679010550561839,1.0,0.003679010550561839,2.2375498648947053e-05,0.6493043839501494,1.4528509365831957e-05,2.648678419436992e-16,1.0,2.648678419436992e-16,1.0,1.0,1.0,0.09440030534391614,0.287956554423248,-11.644659090743096,-0.9199453865281392,7.020468813647178,-1.6888700162346348,-1.6274719179378279,-78.62827138347014,49.18750896711072,6.822407004181762,-3.253997915561229,398.15,7.5,0.2
67,0.0002227729193418557,0.14402263252417147,3.208434229870899e-05,1.46562747417598e-07,0.6412906476472591,9.398931921239308e-08,0.9894117352650647,1.0009831758998937,0.9903845010382493,0.016388249927648722,1.0479335573479325,0.017173797045387924,0.0772375941074775,0.63567128996015,0.0490977210797187,0.1999491707096327,0.6560094905418455,0.13116855361149066,0.28717456540559577,0.6450301781532151,0.18523626108464353,0.009516199196113065,0.5565904209034044,0.00529662531596521,0.0035132230412490617,1.0,0.0035132230412490617,2.6202116436269742e-05,0.6452570026979515,1.6907099116010137e-05,3.052449242939441e-16,1.0,3.052449242939441e-16,1.0,1.0,1.0,0.09384861695446808,0.2873974848876851,-11.660661835284364,-0.9327782523777894,7.026921496088299,-1.6610524019872328,-1.562595273411908,-77.7575926337755,48.79654888452325,6.816914107557049,-3.263439620763354,403.15,7.5,0.2
68,0.00021527186504367846,0.14050724953621707,3.0247257659818988e-05,1.4508993498549582e-07,0.6358405583324778,9.225406526960055e-08,0.9894218110976499,1.0009980252804809,0.9904092790781845,0.01711242288298857,1.0478317403650192,0.01793093985134409,0.07595172151218599,0.6332462444449577,0.04809614240672108,0.1999465771042882,0.6513146726109369,0.13022813940635694,0.2866028570179588,0.6409055487847262,0.1836853613603653,0.010243590790937809,0.5521151390788638,0.005655641554205597,0.0033536457910700803,1.0,0.0033536457910700803,3.056897039451873e-05,0.6412489404183606,1.9602319875165357e-05,3.5039740866351304e-16,1.0,3.5039740866351304e-16,1.0,1.0,1.0,0.09327941626021824,0.2868182739729375,-11.679211254583553,-0.9458491153414684,7.035014487117361,-1.6350464191468483,-1.499639163619371,-76.91414139904688,48.41853618833156,6.812932922282802,-3.2729229027495035,408.15,7.5,0.2
69,0.00021026644203459314,0.1354931143167711,2.8489655067573842e-05,1.4312485484407742e-07,0.630451627687952,9.023329769905043e-08,0.9894320860406983,1.0010130448536165,0.9904344251234648,0.01784551327541648,1.047727827255542,0.01869724085031204,0.07464263907994555,0.6308258188172707,0.04708650391628865,0.19994395350879526,0.6466414533710891,0.12929204868968885,0.2860193228650113,0.636786461360434,0.18213323248791805,0.010976810453980728,0.5476831153776429,0.006011813746346046,0.003200021210729283,1.0,0.003200021210729283,3.5530063075432776e-05,0.6372651655546888,2.2642071527934218e-05,4.0064089533740703e-16,1.0,4.0064089533740703e-16,1.0,1.0,1.0,0.09269841879739663,0.28622973243190075,-11.700147253032886,-0.9591524308543177,7.044633170457565,-1.6107669270494107,-1.438534840538773,-76.09686526394869,48.053001316065554,6.810393158691426,-3.2824493801325194,413.15,7.5,0.2
70,0.00020108844603500557,0.1334005016335088,2.682529957377252e-05,1.4065491500362342e-07,0.6251242514675917,8.792679845687786e-08,0.9894425786158184,1.0010281150061078,0.9904598393785753,0.018581885396953473,1.0476216129041978,0.019466784750357354,0.07332147681800207,0.6284283611588553,0.04607729551448403,0.19994132049278726,0.6420111690458136,0.128364560910138,0.28542280893001426,0.632668647467427,0.18057806248210595,0.01171681698300274,0.5433100642395846,0.006365864587718677,0.0030525754024831432,1.0,0.0030525754024831432,4.1158399067213324e-05,0.6333242253234077,2.606661120479455e-05,4.564705863231991e-16,1.0,4.564705863231991e-16,1.0,1.0,1.0,0.09210445066099054,0.28562403803096426,-11.723559617459314,-0.9727027517480467,7.0558787398502565,-1.5882603963301838,-1.3792169417597842,-75.30489042427699,47.69961954067749,6.8092912498069165,-3.2920142921830724,418.15,7.5,0.2
71,0.0001962115593673131,0.12864638271467518,2.5241907359410573e-05,1.377632674873182e-07,0.6198534884706772,8.539304193513318e-08,0.989453153344497,1.0010433818978286,0.990485530853446,0.019322844347931387,1.0475144571426402,0.020240958807575087,0.07198609227102908,0.6260288343575062,0.04506536943438422,0.1999386735591155,0.6373995628318564,0.12744082311976146,0.2848209471921129,0.6285592202482027,0.179026832477429,0.012456385026292385,0.5389725506899946,0.0067136496099974635,0.0029108949868723397,1.0,0.0029108949868723397,4.751098020882977e-05,0.6294011096668828,2.9903463664798747e-05,5.181489792358612e-16,1.0,5.181489792358612e-16,1.0,1.0,1.0,0.09150514817832778,0.28501729651474766,-11.749221832453378,-0.9864884297914098,7.068577515403353,-1.5674034445893454,-1.3216232071158818,-74.53721698385952,47.35790841943284,6.809539458014236,-3.301622799693138,423.15,7.5,0.2
72,0.0001899799280650871,0.12486806593428608,2.3722426183822246e-05,1.3466247206404939e-07,0.6138259398211003,8.265931847334782e-08,0.989463485125826,1.0010625815098022,0.9905148707297451,0.020050488840933748,1.0474095986970393,0.021001074470561883,0.07067817093756652,0.6228242235099656,0.044020076933294496,0.1999360777189563,0.6319952210409511,0.12635864563205254,0.2842319288661759,0.6236355734847472,0.17725714196113346,0.013183125874713191,0.5339774180231769,0.007039491516053886,0.0027692750660431326,1.0,0.0027692750660431326,5.472914128175445e-05,0.624691464642315,3.4188827425915373e-05,5.853140248483482e-16,1.0,5.853140248483482e-16,1.0,1.0,1.0,0.09091863970656536,0.28442204345671296,-11.777168243235304,-1.000519079030773,7.082708179800553,-1.5485003679748872,-1.2656928651733406,-73.79331345361352,47.02782693954378,6.811265827778989,-3.3123824666239616,428.15,7.5,0.2
73,0.0001860787731830542,0.11979076224060546,2.2290518076394788e-05,1.3119231777034291e-07,0.6078676820711628,7.974757010860178e-08,0.989473827640569,1.0010819144857777,0.9905443537079912,0.02077657394682713,1.0473044827894458,0.021759399031518464,0.06936796545248738,0.6196304413308605,0.04298250304754864,0.19993349072245972,0.6266310792491181,0.12528453906945847,0.28364140602865395,0.6187340032446739,0.17549858263805704,0.01390508119314176,0.5290328802557119,0.007356245153797319,0.002633958464679585,1.0,0.002633958464679585,6.284230651670761e-05,0.6200163341208269,3.8963256514186424e-05,6.589387760921521e-16,1.0,6.589387760921521e-16,1.0,1.0,1.0,0.09033061817249757,0.28382761599415474,-11.807299214945857,-1.0147929347254063,7.098282540929124,-1.531190367841164,-1.2113709483242838,-73.07202112713945,46.7086725255295,6.814263069970605,-3.3231843954340525,433.15,7.5,0.2
74,0.00017852405498315833,0.11735407590618391,2.0950525499573314e-05,1.2736771751260453e-07,0.6019790567516108,7.66726984488433e-08,0.9894842064961511,1.0011012699241382,0.9905738956931751,0.021496790117442478,1.0471988294660024,0.022511413448262088,0.06806418197815076,0.616464126678803,0.04195912650126784,0.1999309284434781,0.6213253365759646,0.1242221514070891,0.28304780660203743,0.613850868575141,0.17374914193094917,0.014623829022968056,0.5241527627339646,0.00766512038413784,0.0025049630519271395,1.0,0.0025049630519271395,7.194641519177444e-05,0.6153921247306028,4.427525731161617e-05,7.395012119714073e-16,1.0,7.395012119714073e-16,1.0,1.0,1.0,0.08973949615057639,0.28322645802473817,-11.839655305103081,-1.029320024833891,7.115359251745466,-1.515480986191201,-1.1586036152340227,-72.37258482268174,46.40012224638175,6.818509550395549,-3.334027319035262,438.15,7.5,0.2
75,0.00017489756708913883,0.11258646882683136,1.9691099484969977e-05,1.232684596657604e-07,0.5961550289722977,7.348711214341187e-08,0.9894945006076019,1.001120783444323,0.9906035096621315,0.02221242071941724,1.0470938490987745,0.02325848910889597,0.06676475800825274,0.6133027231009368,0.040947007893636485,0.19992838652089862,0.6160554586324338,0.12316697385177469,0.28245792902363087,0.6089923365189084,0.17201471416439296,0.015332998139196185,0.5193158615431245,0.00796266913869579,0.002381855067696148,1.0,0.002381855067696148,8.211448956464454e-05,0.6107962147624885,5.015521940323872e-05,8.271669689272024e-16,1.0,8.271669689272024e-16,1.0,1.0,1.0,0.08915207629475912,0.28263294985917964,-11.87404063098301,-1.0440897479672973,7.133788818953506,-1.5012651166131281,-1.1073394569674941,-71.69416733476245,46.10174561650053,6.823926083710591,-3.3449191548693435,443.15,7.5,0.2
76,0.00016940349503013897,0.10929454488523045,1.851487789128643e-05,1.1891491326372529e-07,0.590396084311439,7.020689915713783e-08,0.9895047400233804,1.0011403468916864,0.9906331186779751,0.022919648184482083,1.0469892157041711,0.023996624476886424,0.0654774637296954,0.6101624218738755,0.03995188784746979,0.19992587908497259,0.6108387317555091,0.1221224704253699,0.2818699437597892,0.6041549340953122,0.17029311729564478,0.016034462324647475,0.5145355880750637,0.008250301501679944,0.0022646114779906095,1.0,0.0022646114779906095,9.345054532666609e-05,0.6062444576477608,5.665387516845214e-05,9.223691084272504e-16,1.0,9.223691084272504e-16,1.0,1.0,1.0,0.08856651540920762,0.2820394661697326,-11.910484731497414,-1.0591107704586395,7.153620208117345,-1.4885428643187766,-1.0575294375297946,-71.03606884565905,45.81322493978878,6.830486512370638,-3.3558607167542833,448.15,7.5,0.2
77,0.0001669351573929164,0.10419398153300162,1.739363870660625e-05,1.1457922950189472e-07,0.5837660254319446,6.688746140337571e-08,0.989514425379319,1.0011646203254052,0.9906668339913973,0.023601306664876753,1.0468899090461108,0.024707969787762192,0.06424249611636677,0.6060695628775509,0.038935421539409175,0.1999234688085576,0.6047045410826726,0.12089462945753485,0.28131183585207586,0.5983979650835944,0.16833643012781233,0.01670593279081997,0.5089865057558313,0.008503094356591216,0.002147630126872568,1.0,0.002147630126872568,0.00010618240077507978,0.6007722224226063,6.379143689581255e-05,1.0234986688980757e-15,1.0,1.0234986688980757e-15,1.0,1.0,1.0,0.08801073793863644,0.28147888558869827,-11.948831036507634,-1.0743751419310323,7.174655286622148,-1.477554642593198,-1.0091248861462903,-70.39785766000502,45.534490723313525,6.838285839745696,-3.3681957836558527,453.15,7.5,0.2
78,0.00016118131803031634,0.10145278527635317,1.6352293648689276e-05,1.1005793364569866e-07,0.577218660203754,6.352749300376387e-08,0.9895240121616509,1.0011888857287188,0.9907004431379344,0.02427095820418597,1.046791344761737,0.02540662897721574,0.06302689584433871,0.6020136902214588,0.03794305415045388,0.19992110685195064,0.5986461128153835,0.11968199348666918,0.28075784956208916,0.5926810125951345,0.16639984657249146,0.017367276723881612,0.5035118364355673,0.008744629397126315,0.002036726238571443,1.0,0.002036726238571443,0.00012031756379124736,0.5953635007522938,7.163268598074452e-05,1.1323291434774432e-15,1.0,1.1323291434774432e-15,1.0,1.0,1.0,0.087459035366555,0.28091914093805315,-11.989119523017232,-1.0898921581365102,7.1970382829634065,-1.467965646492649,-0.9620828586298111,-69.77855237805643,45.264893635832685,6.847126662218538,-3.3805895452276764,458.15,7.5,0.2
79,0.00015902752964718647,0.09672070795355786,1.538125525158128e-05,1.0541898551600838e-07,0.5707488339413005,6.016776305853665e-08,0.9895333940804704,1.0012132721379081,0.9907339673770379,0.02493006294570549,1.046694581320902,0.026094161797258947,0.061828271423233834,0.597974176582387,0.036971709693820576,0.19991878825401202,0.5926422656061512,0.1184803236080941,0.2802139342986484,0.5870092041594261,0.16448815856703133,0.018012985673841495,0.49809216238767096,0.008972126985341843,0.0019314514055966524,1.0,0.0019314514055966524,0.0001359393072522114,0.5899975042001295,8.020385200149926e-05,1.2487706902850423e-15,1.0,1.2487706902850423e-15,1.0,1.0,1.0,0.08691736189858651,0.28037306724728106,-12.03117404682378,-1.105651412176348,7.2206361345843435,-1.4596836268849442,-0.9163605160845465,-69.17743740335428,45.0040316009436,6.856933203874546,-3.3930544861130842,463.15,7.5,0.2
80,0.00015518832404833556,0.09330833999955755,1.4480364904263609e-05,1.006863503506698e-07,0.5643569955181547,5.6823046173592236e-08,0.9895426092792026,1.0012376780951109,0.9907673444908863,0.025575911538900927,1.0465992091657048,0.026767728790305735,0.06065230931499608,0.5939658325423742,0.03602539939789925,0.19991652320910225,0.5867079676666493,0.11729261703499493,0.2796777915616449,0.5813792764315145,0.1625988720920731,0.018645515543272297,0.4927394675720753,0.009187381401398846,0.0018316635313122426,1.0,0.0018316635313122426,0.00015316753252796864,0.584688392427638,8.955527836588589e-05,1.37301895525449e-15,1.0,1.37301895525449e-15,1.0,1.0,1.0,0.08638340917794533,0.2798330805720437,-12.074997118781774,-1.1216583935806446,7.2454754883019,-1.4526946870631545,-0.871916908696226,-68.59389647656256,44.75157992691857,6.8676669155691235,-3.405597059114805,468.15,7.5,0.2
81,0.00015188111393912233,0.08983376498564141,1.3644052295364547e-05,9.590709397647371e-08,0.5580404048588907,5.352003355147113e-08,0.9895516101634781,1.00126214204703,0.9908005648583716,0.02620853679307571,1.0465056907642252,0.027427382900557313,0.05949936073054007,0.5899818678469771,0.03510354397950511,0.19991431194275758,0.580835993371733,0.1161174279664981,0.27915202300206754,0.5757932294302386,0.1607338448263447,0.019262586365807965,0.4874466589737136,0.009389483367205699,0.0017370412697158709,1.0,0.0017370412697158709,0.00017209764217768485,0.5794290192055075,9.971836801459632e-05,1.5049511827562308e-15,1.0,1.5049511827562308e-15,1.0,1.0,1.0,0.08585977863755491,0.2793040000231007,-12.120479275857532,-1.1379080893886289,7.271483622982867,-1.446937985356208,-0.8287128136753359,-68.02728508408792,44.50716400362603,6.879263416935759,-3.418229915668862,473.15,7.5,0.2
82,0.0006447747971665134,0.21722208559270387,0.00014005932617812262,1.5195631203253825e-08,0.7475985933943622,1.1360232513292022e-08,0.9894050955583022,1.0009217577092546,0.9903170873327088,0.0021552126444506076,1.048835467380332,0.002260463461246354,0.09074819364458235,0.6519024377841566,0.05915896866141196,0.20000036134544655,0.7155312579141174,0.14310651013678538,0.29223808008589314,0.6908473303547293,0.2018918974553309,0.00019983324241480883,0.6411073940231121,0.00012811456928374685,0.008417988633576888,1.0,0.008417988633576888,1.5745474763451065e-07,0.7043390020766063,1.1090151982111502e-07,1.0000018067272351e-16,1.0,1.0000018067272351e-16,1.0,1.0,1.0,0.09354818108619947,0.2928828700786908,-12.877171866170839,-0.6979273925114934,7.944612779698388,-3.475066796381624,-4.180088615662198,-114.13508142175503,65.25096806213477,7.844111372520715,-3.113315288833816,273.15,8.0,0.2
83,0.0006526275318268553,0.2135354559337422,0.00013935911756356045,1.812390100520295e-08,0.7445288184773611,1.3493766601604408e-08,0.9894026557060823,1.0009120910297467,0.9903050809931593,0.0022329268570713467,1.0488602032553982,0.0023420281171622898,0.09080161677777245,0.6524598104601924,0.059244405672304434,0.20000008152948812,0.7159201139139133,0.14318408115138306,0.2923767921838441,0.6912978621489889,0.2021194513786706,0.00026964289557581593,0.6387476946016624,0.0001722337779147693,0.008209045961812754,1.0,0.008209045961812754,2.1404125492230567e-07,0.7032957643505098,1.505343079831252e-07,1.0000004076474426e-16,1.0,1.0000004076474426e-16,1.0,1.0,1.0,0.09368717116667064,0.2930294378395719,-12.765593117483155,-0.7045447924862743,7.869866806001674,-3.3763251331430486,-4.028137036652051,-111.99422930619858,64.31447741225303,7.768561329575888,-3.1148472499983737,278.15,8.0,0.2
84,0.000652985651761502,0.21221457555037943,0.000138573072929055,2.1270580747243924e-08,0.7414780206517078,1.5771668110578726e-08,0.9894005464327777,1.0009032725007567,0.9902942447386042,0.0023230267238273125,1.0488816065973932,0.00243658000225667,0.09083149771933323,0.6530433825666226,0.05931690851422585,0.1999997571504198,0.7161264995144316,0.14322512599186654,0.292496808858456,0.6916136857052316,0.2022947960316154,0.00035931532204587334,0.6364197709311222,0.00022867537494847718,0.00799886890482644,1.0,0.00799886890482644,2.8863371485857767e-07,0.7022770582798384,2.027008361912636e-07,9.999987857520996e-17,1.0,9.999987857520996e-17,1.0,1.0,1.0,0.09380751009492204,0.2931498157807983,-12.664587033456032,-0.7115348006018426,7.802122370532419,-3.2822805192797455,-3.8820354708891127,-109.94108113854821,63.41240230492461,7.698149839398448,-3.116929093097457,283.15,8.0,0.2
85,0.0006504932238763443,0.2109085015923018,0.0001371945511437055,2.4675369084664668e-08,0.738449568697865,1.822151565803126e-08,0.9893988414887189,1.0008952854134605,0.9902846358395986,0.002432821094299162,1.0488989381634566,0.0025517834625520502,0.09082176353567087,0.6536385229063237,0.05936460336520333,0.19999936188628784,0.7161502561050984,0.14322959423572126,0.2925939839431375,0.6918136023575904,0.2024204980598609,0.00047151182740794915,0.6341097086375291,0.0002989902274968036,0.007788902728122434,1.0,0.007788902728122434,3.8492138726194884e-07,0.7012662103345025,2.699323625218862e-07,9.999968094314358e-17,1.0,9.999968094314358e-17,1.0,1.0,1.0,0.09390507785384639,0.2932445018423829,-12.571609067100342,-0.7187833996964413,7.739415501427645,-3.191299556236193,-3.7414777509391772,-107.96941165783521,62.541962373980425,7.631877291113914,-3.119443938588442,288.15,8.0,0.2
86,0.0006400350143938324,0.21146376535559172,0.00013534421410314016,2.830147273529463e-08,0.735446114280103,2.0814208151576692e-08,0.9893976452684909,1.000887953435476,0.990276184306659,0.0025611460038223953,1.0489111400309952,0.0026864145746551766,0.09077275773291117,0.6542610744389512,0.05938908200412108,0.19999889995017928,0.7160242464321405,0.1432040616240842,0.29266238593105404,0.6919046787086176,0.20249447410772337,0.0006101783184443472,0.6318334410969133,0.00038553106662542007,0.007581139369402161,1.0,0.007581139369402161,5.082022041475463e-07,0.700279557772965,3.5588361477968966e-07,9.999944997508931e-17,1.0,9.999944997508931e-17,1.0,1.0,1.0,0.0939739387511274,0.29330244924692045,-12.486417486856483,-0.7263004231700869,7.68164010660964,-3.103497558308527,-3.6061785646263544,-106.07504660168175,61.70210983998887,7.569619208638817,-3.1223011186319107,293.15,8.0,0.2
87,0.0006305485952403747,0.2101795282002541,0.00013252840625495494,3.223900116925599e-08,0.7324685673047593,2.3614054997781372e-08,0.9893969655203374,1.0008813663126126,0.9902689866755482,0.0027178437015132188,1.0489181428964243,0.002850795568073988,0.09066534597107151,0.6548832089314843,0.05937521270841854,0.19999833589160512,0.7157317610786887,0.14314516116050566,0.29270162508505837,0.6919052844310227,0.20252180115789986,0.0007762161582408101,0.6295646531081414,0.0004886782563998096,0.007375013875378806,1.0,0.007375013875378806,6.621126613598816e-07,0.6992870898726877,4.630068361302116e-07,9.999916794580291e-17,1.0,9.999916794580291e-17,1.0,1.0,1.0,0.09401373826782511,0.2933322059192999,-12.406481782640446,-0.733959342488874,7.626829429611347,-3.017234902841539,-3.475871680683085,-104.25234724492583,60.89006076259839,7.5103816741226606,-3.125448075867039,298.15,8.0,0.2
88,0.000624653254220812,0.20586081533826692,0.0001285916282175981,3.6569065185366754e-08,0.7288281009154114,2.665256233130274e-08,0.989396593280927,1.000878329221939,0.9902656092208925,0.0029055270428000775,1.0489220612691987,0.003047671414807256,0.09050616365028825,0.6548827819955141,0.05927092823904205,0.19999766031383545,0.7146102297978199,0.14292037399589627,0.2927235596133609,0.6911726452128073,0.20232251701407555,0.0009696140863009345,0.6267080297895351,0.000607664933681839,0.007158665163056057,1.0,0.007158665163056057,8.516235598190254e-07,0.6976285235195661,5.941168866310231e-07,9.999883015691807e-17,1.0,9.999883015691807e-17,1.0,1.0,1.0,0.09403634394730914,0.2933482494366469,-12.330902147192097,-0.7417216761145851,7.5742610323089945,-2.932369252746156,-3.3503074201412155,-102.49744565546422,60.10456727501677,7.4539316871571435,-3.129637084876533,303.15,8.0,0.2
89,0.0006097327921371406,0.20385951691265522,0.0001242998324508819,4.111953315066191e-08,0.7252222628830325,2.982080088021692e-08,0.989396884668196,1.0008757305530884,0.9902633297492304,0.0031173486168903568,1.0489192858516028,0.003269847084979114,0.09029441053237262,0.6549135140554334,0.05913502970132011,0.19999689792040698,0.7133854374318864,0.14267487450796987,0.2927079502094537,0.6903572169237872,0.20207304587806493,0.0011961319685295521,0.6238960923986041,0.0007462620611586376,0.006946609833993721,1.0,0.006946609833993721,1.0853234034834448e-06,0.6960006311735298,7.553857738518814e-07,9.999844896020383e-17,1.0,9.999844896020383e-17,1.0,1.0,1.0,0.09402149194140011,0.29331772412112406,-12.26141643266135,-0.7497066475739581,7.5254806971275485,-2.850194606361182,-3.2292546652472764,-100.80816502369804,59.34585874018509,7.40076448557007,-3.134024569279473,308.15,8.0,0.2
90,0.0005917850235618074,0.2019651870321696,0.00011951997296649733,4.592807211146256e-08,0.7216516452220034,3.3144068801111795e-08,0.9893978285592414,1.0008736128570017,0.9902621792229604,0.0033593100587558985,1.0489099341787425,0.0035236136926156377,0.09001876620586863,0.6549584336327179,0.05895855011174555,0.19999602710717007,0.7120506308749546,0.14240729727414494,0.29265545444883256,0.6894716623460021,0.2017776426734613,0.0014557679926210428,0.6211132080123583,0.0009041967280185673,0.006738159626381012,1.0,0.006738159626381012,1.3690241213013886e-06,0.6943855675698999,9.506305914867478e-07,9.999801355358512e-17,1.0,9.999801355358512e-17,1.0,1.0,1.0,0.09396986128818632,0.29324728540046646,-12.196843790023301,-0.7578590214918313,7.479594178191774,-2.7700436633874035,-3.1124960580532806,-99.18060321165717,58.6122549859823,7.3504083695723645,-3.138587686902441,313.15,8.0,0.2
91,0.0005717417467617715,0.20002213965227056,0.00011436100751581616,5.097104315843184e-08,0.7181165370608397,3.6603149003311725e-08,0.9893994378708213,1.000871941544233,0.9902621363445417,0.003633160732596563,1.0488938762669646,0.003810800043914133,0.08967582541986717,0.6550157421144361,0.05873907733711891,0.19999504159821727,0.7106151167895277,0.14211949984264363,0.2925653420082691,0.6885225380485903,0.20143783182458733,0.0017493321371869668,0.6183584020615773,0.0010817142250258965,0.0065332254441325555,1.0,0.0065332254441325555,1.7103305173580199e-06,0.6927817076070317,1.1848856963877076e-06,9.999752079910844e-17,1.0,9.999752079910844e-17,1.0,1.0,1.0,0.09388072789922551,0.2931371347260741,-12.136965462233768,-0.766179611103301,7.436481550235852,-2.6919588753166095,-2.9998280669669084,-97.6117856929878,57.90283580437078,7.30275854164221,-3.1433049762409917,318.15,8.0,0.2
92,0.000555467284260624,0.19594014856856798,0.00010883834220300563,5.626056115809586e-08,0.7146164813625389,4.020472425428034e-08,0.9894016782093912,1.0008707666042413,0.9902632161489563,0.003943333227469009,1.0488714634866063,0.004136049693310782,0.0892572750194959,0.6550694530653419,0.058469714329123984,0.19999392544650238,0.7090719987481469,0.14181009245383927,0.2924395808019149,0.6875200859357623,0.20105808572395087,0.0020753859973458295,0.6156172326385624,0.0012776433843428624,0.00633125378920671,1.0,0.00633125378920671,2.116030610851231e-06,0.691172711288244,1.462542614470963e-06,9.99969627232512e-17,1.0,9.99969627232512e-17,1.0,1.0,1.0,0.09375607553122553,0.29299510434673676,-12.081201873763815,-0.7746452258835215,7.395722912163866,-2.615701064825961,-2.8910598862022443,-96.09865713643136,57.21644889596328,7.257580715073928,-3.14816241334947,323.15,8.0,0.2
93,0.0005336956767119455,0.19334768545273706,0.00010318882382838689,6.172040356552809e-08,0.710482961486546,4.385129510938119e-08,0.9894044105323294,1.0008727143584673,0.9902678779677319,0.004282155030460898,1.0488440917032036,0.004491313003456064,0.08878785390188042,0.6545347905486579,0.05811473935693212,0.19999270635168395,0.7068025486969688,0.14135535457017465,0.29228599877279915,0.6858146511842547,0.2004540202944087,0.0024355077584491598,0.6123425412437097,0.0014913650100275302,0.006122880201176643,1.0,0.006122880201176643,2.6011277653334216e-06,0.6889452189537193,1.7920345378142322e-06,9.999635317584212e-17,1.0,9.999635317584212e-17,1.0,1.0,1.0,0.09360370460905326,0.29281975616991457,-12.030432715889182,-0.7833253910664184,7.358017575603487,-2.542354124118577,-2.786011411316088,-94.63967028468416,56.553314992512966,7.215313653907093,-3.1539335219365903,328.15,8.0,0.2
94,0.000506931162035039,0.19251756239795131,9.759315161854663e-05,6.722891060448192e-08,0.7063936875962727,4.7490078074980206e-08,0.9894078615712502,1.0008749310435816,0.9902735252241026,0.004652206811641233,1.048809469800935,0.004879278559521738,0.08825163369734926,0.6540240258359424,0.05771868875733927,0.1999913750539853,0.7044776651370446,0.14088945694557853,0.2920917432601346,0.6840596852978954,0.19980818597264136,0.0028317629974071723,0.609113936766324,0.0017248663073398892,0.0059188778346519295,1.0,0.0059188778346519295,3.1764162333551454e-06,0.6867450606204641,2.181388158731304e-06,9.999568752699233e-17,1.0,9.999568752699233e-17,1.0,1.0,1.0,0.09341077167102553,0.29259874165108024,-11.98455721387241,-0.7922283100591099,7.323397116425451,-2.471723589094225,-2.6845156449116705,-93.23216994870184,55.912417661613055,7.175764270171045,-3.1598117706239877,333.15,8.0,0.2
95,0.0004841858258603721,0.18999120379227913,9.199104791437095e-05,7.27996269278686e-08,0.7023463900546101,5.113055517011089e-08,0.9894119509819701,1.0008775442907702,0.9902802037907742,0.005058701411022854,1.0487684144551717,0.005305406258040579,0.08763898356281173,0.6535109851420382,0.05727303848497999,0.19998991280456527,0.7020777387043208,0.14040846574550347,0.2918613897204807,0.6822657313520507,0.19912702451106967,0.0032603431512577595,0.6059072834620912,0.001975465661932822,0.005718451592588567,1.0,0.005718451592588567,3.851349752065069e-06,0.6845455249155048,2.6364242376605832e-06,9.999495640228253e-17,1.0,9.999495640228253e-17,1.0,1.0,1.0,0.09318187079969496,0.292345648345968,-11.942861416920165,-0.8013206445667546,7.291319491724729,-2.4034255402834614,-2.586414513655523,-91.87346853009288,55.292596527059686,7.138654565007927,-3.165793655587977,338.15,8.0,0.2
96,0.00046627476984200295,0.18544552113457005,8.646856768525198e-05,7.835989052591979e-08,0.6983409838014666,5.4721923040445986e-08,0.9894166616426099,1.0008805348977117,0.9902878775415636,0.005501534358571432,1.048721097066353,0.005769575148069264,0.0869501496270999,0.6529940168407548,0.05677792746990462,0.1999883200302633,0.6996093172406264,0.13991369203247236,0.2915958953383319,0.6804367093490378,0.19841255148370096,0.00372031458165205,0.6027216923331938,0.0022423143006651824,0.005521578570925663,1.0,0.005521578570925663,4.6399195232159485e-06,0.6823455358217904,3.166028373238774e-06,9.999416001513199e-17,1.0,9.999416001513199e-17,1.0,1.0,1.0,0.09291795875551333,0.29206224846806444,-11.90536450083824,-0.8106161403825811,7.261838649022236,-2.337598518698789,-2.4915593259456035,-90.56154569113083,54.693254277509304,7.103975548060244,-3.171870384074727,343.15,8.0,0.2
97,0.00044359221161498593,0.1830308665254184,8.11910668758176e-05,8.374308528322633e-08,0.6943790301092052,5.8149442337319114e-08,0.9894220699503512,1.000883726546195,0.9902964484989576,0.005974848260426444,1.0486667366744866,0.006265624627386633,0.08619618982631808,0.6525002564867526,0.05624303596985336,0.19998661791396277,0.6971093734604458,0.13941254591447616,0.29129087591765407,0.678566906631578,0.19766034860144532,0.00421540385694097,0.5995832111901935,0.0025274853810081928,0.005328948262266486,1.0,0.005328948262266486,5.5636402875373845e-06,0.6801736798716314,3.7842416878563633e-06,9.999330895698139e-17,1.0,9.999330895698139e-17,1.0,1.0,1.0,0.09261463029835951,0.29173455187235436,-11.872628522913955,-0.8201661218764167,7.235454445870809,-2.274745365543533,-2.399810088816338,-89.29487899954235,54.114196016788846,7.071907377641813,-3.178029228513583,348.15,8.0,0.2
98,0.00042241710814932204,0.1800300974480472,7.604779314384472e-05,8.902689791032982e-08,0.6897893255391975,6.140980386441338e-08,0.9894278767502965,1.0008900871603013,0.990308553799436,0.006477150141231122,1.0486083530486339,0.0067919937420450925,0.08538924688428987,0.6513838975578201,0.05562118044501567,0.1999848119116775,0.6938990378061831,0.13876926856136354,0.29096326558414815,0.6760094233575844,0.19669390938577966,0.004737817848687646,0.5958992743995736,0.002823262218270317,0.0051314278767017165,1.0,0.0051314278767017165,6.643750092414557e-06,0.6773607230489849,4.500215366354686e-06,9.999240595583894e-17,1.0,9.999240595583894e-17,1.0,1.0,1.0,0.09228881413367031,0.2913857717191954,-11.844199678362198,-0.8299529598832508,7.211762289700375,-2.2148996018583755,-2.311033663993377,-88.07160007867525,53.55479565595131,7.0424030490237,-3.1850857561610733,353.15,8.0,0.2
99,0.0004062507081351472,0.17506381566675985,7.111979908346207e-05,9.407396262908959e-08,0.6852490053952272,6.446408932517152e-08,0.9894342521752795,1.0008967635860384,0.9903215407834095,0.007012362389717949,1.0485442286739506,0.007352772113109027,0.0845122712661548,0.6502643583121032,0.05495531784438456,0.19998288794610153,0.6906463956080698,0.13811746074326756,0.29060342445530923,0.673428872755418,0.19570073654980316,0.005287962153041368,0.592243420628489,0.0031317607936712077,0.004938230524422401,1.0,0.004938230524422401,7.895747703846235e-06,0.6745529238710014,5.32609969977722e-06,1.0251946046894783e-16,1.0,1.0251946046894783e-16,1.0,1.0,1.0,0.0919308843640079,0.29100976923740707,-11.81985776121567,-0.8399738249599868,7.190682148171721,-2.157716304007091,-2.225106721352504,-86.8895761349315,53.014077406996165,7.015229645606774,-3.192217407680018,358.15,8.0,0.2
100,0.0003862239085272078,0.17214525970639544,6.648661503823528e-05,9.87395618713541e-08,0.6807594538326087,6.721789021121404e-08,0.9894412567688164,1.0009035982614762,0.9903353141682656,0.007574600187493289,1.0484737417354966,0.007941769400731482,0.08357650243733432,0.6491662551876026,0.054255045108921866,0.19998086732839387,0.6873841088711307,0.13746367027980383,0.29020785924664166,0.6708196233838448,0.194677126842864,0.0058687910796814974,0.5886388528440127,0.003454598448724891,0.004749927238126683,1.0,0.004749927238126683,9.349323739400787e-06,0.6717760937503702,6.280652180862264e-06,1.2018811235618332e-16,1.0,1.2018811235618332e-16,1.0,1.0,1.0,0.09153732653335481,0.29059418189473074,-11.799925828112558,-0.8502641595229563,7.1725151229883375,-2.1034795341750527,-2.141911778294263,-85.74740884176454,52.491727866522425,6.9904748869697535,-3.199414491103052,363.15,8.0,0.2
101,0.00036368464696033136,0.17083927322164558,6.213162076857378e-05,1.0297388398314902e-07,0.6763200582918978,6.964330321802634e-08,0.9894488496244266,1.0009105971668637,0.9903498389436511,0.00816303396989759,1.0483973015608896,0.008558102786590511,0.08258370859694905,0.648085390705093,0.05352129505192927,0.19997875314351815,0.6841134193284079,0.13680814860604376,0.28977885959499133,0.6681847481244624,0.1936258143102732,0.006478100447579269,0.585081729194357,0.0037902182117644156,0.0045664372026366015,1.0,0.0045664372026366015,1.1031086908237732e-05,0.6690264095851636,7.380088468040196e-06,1.4036547852706912e-16,1.0,1.4036547852706912e-16,1.0,1.0,1.0,0.09111042721380698,0.2901426472158356,-11.784194263153449,-0.8608217769021249,7.157120638253447,-2.0520937598483195,-2.0613378178797936,-84.64341793975537,51.987083134853805,6.968041189855366,-3.206673134089237,368.15,8.0,0.2
102,0.00034907050263482546,0.166144917013661,5.7996289692180026e-05,1.0680058357370251e-07,0.671926718901334,7.176216569742554e-08,0.9894568914535821,1.0009179301153976,0.9903651437321351,0.008780747304948813,1.0483163163235238,0.009205000669291648,0.08152827320028001,0.6469910158306265,0.052748060296766,0.19997653435958482,0.6808069807486441,0.13614542057792642,0.28932431914325246,0.6655336801100417,0.192555078864741,0.007108514465754219,0.5815436167169089,0.004133911211899175,0.004387225971023271,1.0,0.004387225971023271,1.2962912947287564e-05,0.6662730376208419,8.63683938580383e-06,1.632284165331705e-16,1.0,1.632284165331705e-16,1.0,1.0,1.0,0.09065809100786365,0.2896734964464709,-11.772153152375253,-0.8716214242273197,7.144104463271532,-2.0032628286788063,-1.983279848704334,-83.57581305059371,51.49930580298998,6.947734653945475,-3.213995500972288,373.15,8.0,0.2
103,0.0003323592273990102,0.16272718685844856,5.408388210108835e-05,1.1022210403095928e-07,0.6668894209323065,7.35059551311469e-08,0.989465200973839,1.0009284799492633,0.9903838995734371,0.009414502074441555,1.0482325957088756,0.009868587946798468,0.08044356132939329,0.645246606557389,0.05190593496718222,0.19997425887328138,0.6768045211152663,0.1353434825121115,0.28885439018998776,0.6621757275070571,0.19127236596766248,0.007756762251424213,0.5774533461652885,0.00447916831749351,0.0042054841773811165,1.0,0.0042054841773811165,1.5199503194953949e-05,0.6628638511635131,1.0075201223579296e-05,1.8897275173625156e-16,1.0,1.8897275173625156e-16,1.0,1.0,1.0,0.09019042263123385,0.28918685963949087,-11.76410192654839,-0.8826965526823994,7.133677474850108,-1.9574926542945903,-1.9076373702221463,-82.54368979782495,51.02838802426854,6.929767078216991,-3.2222456407783473,378.15,8.0,0.2
104,0.00031625196850000034,0.15945039117685872,5.042650008777668e-05,1.1310266046564777e-07,0.6619086142620823,7.486362525817174e-08,0.9894739544676485,1.000939211385752,0.9904032796715895,0.010068976847939944,1.0481443598680822,0.010553741292810555,0.07931221646803771,0.6435116968509452,0.05103833900035643,0.19997190991766056,0.6728046141713339,0.13454202369725635,0.2883590792786724,0.6588056538527417,0.18997259176856038,0.008424795980417262,0.5734081098876043,0.00483084633931975,0.004029227880277611,1.0,0.004029227880277611,1.7766078217370436e-05,0.6594786809854697,1.171634982907613e-05,2.1804201677640217e-16,1.0,2.1804201677640217e-16,1.0,1.0,1.0,0.08969744528447766,0.28867544434983294,-11.75978806481193,-0.8940398395063933,7.125729146076818,-1.9143605100759435,-1.834317570175124,-81.5452930743043,50.57341190144031,6.913886621778353,-3.230547237238256,383.15,8.0,0.2
105,0.00030431938185507333,0.154446817029102,4.700115988777997e-05,1.1543808389000907e-07,0.6569819426020179,7.584073660431292e-08,0.9894830713854356,1.0009501776512149,0.9904232560861216,0.010743401422888453,1.0480524163673233,0.011259647821262377,0.07813596162651806,0.6417753225993098,0.050145731979465924,0.19996949040240256,0.6687998762716671,0.13373957043923518,0.28784291276358787,0.6554274613613486,0.1886601495834945,0.009108237446947111,0.5693975336951108,0.00518620793860114,0.0038583133081817856,1.0,0.0038583133081817856,2.0699962093895053e-05,0.6561068516591526,1.3581386958889286e-05,2.507266349773747e-16,1.0,2.507266349773747e-16,1.0,1.0,1.0,0.0891836824312616,0.28814734758352684,-11.758984664412754,-0.9056449328641928,7.120097457557715,-1.8737395658987024,-1.7632313428965076,-80.57923603951811,50.133779632702584,6.8999933303812675,-3.2388991485607725,388.15,8.0,0.2
106,0.00028700708927109983,0.15270614429884946,4.382774598902536e-05,1.1714988922341587e-07,0.652111109854717,7.639474428083882e-08,0.9894926097112442,1.000961210790054,0.9904437206843774,0.011431246781701883,1.047956164332687,0.011979445530892679,0.07692747973929269,0.640064039967126,0.04923851346642091,0.19996702405083588,0.6648221018997094,0.13294249724010646,0.28730251375130045,0.6520347388873661,0.18733121953551307,0.009810056834153785,0.5654456150550771,0.005547053620313348,0.0036931828578399273,1.0,0.0036931828578399273,2.4056098365033175e-05,0.6527756133965473,1.57032343661622e-05,2.8750743096015666e-16,1.0,2.8750743096015666e-16,1.0,1.0,1.0,0.08864573361026568,0.2875896379904607,-11.761839845682072,-0.9175338357917248,7.116936518496872,-1.8357296258508025,-1.6942942346688987,-79.6444257577222,49.709140148031736,6.888102894353854,-3.2472937759684384,393.15,8.0,0.2
107,0.0002731681494055465,0.14959418318932693,4.0864366183662786e-05,1.182886915532151e-07,0.6472916062505404,7.65672771567553e-08,0.9895024294852095,1.0009724603379637,0.9904646813522026,0.012133893706433863,1.0478570129022102,0.012714585614096713,0.07568444529014544,0.6383514217903626,0.048313273258379245,0.1999645060310588,0.6608468633961057,0.13214591660117686,0.2867457857660631,0.6486351840100868,0.18599340551448723,0.010522742168613717,0.5615276475966933,0.005908810656208185,0.003533437709904759,1.0,0.003533437709904759,2.787426612565323e-05,0.6494585693026121,1.8103180998327006e-05,3.2864621168993867e-16,1.0,3.2864621168993867e-16,1.0,1.0,1.0,0.08809150714598485,0.2870190722041602,-11.76797824808396,-0.9296877833627919,7.115956796772092,-1.800103007337725,-1.6274260644366056,-78.73950437457323,49.29883366521625,6.878069353234529,-3.255733916731327,398.15,8.0,0.2
108,0.00026387591960470066,0.14425281231467332,3.806484350509873e-05,1.1900798550971214e-07,0.6417840289301967,7.637742441528953e-08,0.9895121925292859,1.0009872918802016,0.9904891298823306,0.012839947166207136,1.0477583511899125,0.013453161872230779,0.07443616394747271,0.6359086972971427,0.047334604047633906,0.1999619777078594,0.6561270080357778,0.1312004541543747,0.28619175389649526,0.6444947865812306,0.18444909334882978,0.011233739960939309,0.5570014327269805,0.0062572092531255315,0.0033726684892355636,1.0,0.0033726684892355636,3.2239448999894984e-05,0.6454176821424725,2.0807910447062677e-05,3.7407470508054164e-16,1.0,3.7407470508054164e-16,1.0,1.0,1.0,0.08753998703328454,0.2864557488240855,-11.777308758353216,-0.942109259020669,7.117034990910163,-1.767094360443232,-1.5625493949379214,-77.86363459223149,48.90268259992721,6.8699809652590345,-3.265183493573251,403.15,8.0,0.2
109,0.00025205992585219684,0.14073607624109272,3.547392494205893e-05,1.1913170017194652e-07,0.6363393171553602,7.580818473897357e-08,0.9895222077034478,1.0010022097895104,0.9905139165469461,0.013552594246462898,1.047657056081976,0.014198470990522846,0.07316899491589907,0.6334859348202109,0.046351529144153567,0.19995942775315756,0.6514425954507584,0.13026208860036534,0.2856228827047908,0.6403549592614123,0.18290002941855343,0.011953264477730971,0.5525324806928036,0.006604566874257863,0.003218179326469574,1.0,0.003218179326469574,3.7194837998996194e-05,0.6414164546746948,2.3857381121515737e-05,4.2463463158996973e-16,1.0,4.2463463158996973e-16,1.0,1.0,1.0,0.08697364908821416,0.2858750617623431,-11.78984397947961,-0.9548087841658237,7.120283902612311,-1.7364078944200505,-1.4995932825115865,-77.01550287432008,48.519989425820334,6.863659541027188,-3.274670472854086,408.15,8.0,0.2
110,0.00024363288504081505,0.13571775468403513,3.306530812493307e-05,1.1871059020432925e-07,0.6309537492551762,7.490089196571632e-08,0.989532364024258,1.0010173105145608,0.990539025702678,0.014271868746307228,1.047554238974795,0.014950556603286034,0.07188322815708062,0.6310654687144943,0.04536302306965902,0.1999568562458226,0.6467775227030832,0.12932760013016967,0.28504540874695766,0.6362212937209888,0.18135195872221743,0.012675381163538155,0.5481039440451235,0.006947426408010529,0.0030696683396912268,1.0,0.0030696683396912268,4.279612102476366e-05,0.6374372734998721,2.727984270239592e-05,4.80633498803484e-16,1.0,4.80633498803484e-16,1.0,1.0,1.0,0.08639872978842866,0.28528916034258867,-11.805330065161266,-0.9677750872837807,7.125513010424938,-1.7078870879547916,-1.4384889767697469,-76.19398542485408,48.15021320450898,6.858999102913142,-3.2841969234514505,413.15,8.0,0.2
111,0.0002308065742092888,0.13362396412319097,3.084128939153864e-05,1.177309159974522e-07,0.6256285067894458,7.365581717843975e-08,0.9895427056856546,1.0010324535679727,0.9905643625828011,0.014992527738399906,1.047449434515516,0.015703914701545175,0.07058926099841015,0.6286690538168851,0.044377283921503655,0.19995428236913163,0.642156529032705,0.12840194793138696,0.28445671725766913,0.6320888344357591,0.1798019148588224,0.013402554146333519,0.5437347568419126,0.007287434519817221,0.0029273150232124825,1.0,0.0029273150232124825,4.912432629128288e-05,0.6335020194881247,3.112035991152127e-05,5.4262794813183e-16,1.0,5.4262794813183e-16,1.0,1.0,1.0,0.08581259531101934,0.2846876415627944,-11.823818314634805,-0.9810212073887753,7.132792947820257,-1.6815466954656992,-1.379171113091136,-75.39817672341252,47.792997497150296,6.855980228043322,-3.2937584958349775,418.15,8.0,0.2
112,0.00022327828219140375,0.12886436359029724,2.8772613738130028e-05,1.1627227152593063e-07,0.6203580509234371,7.213043974026695e-08,0.9895530793998216,1.001047808257178,0.9905899412873327,0.015716115633951713,1.0473441818599383,0.016460182270657337,0.06928449797997561,0.626267829334591,0.04339065215645619,0.1999517007641351,0.6375513654865695,0.12747947985353628,0.2838654491532221,0.6279656651507323,0.17825775559081447,0.014126573526956938,0.5393979483344084,0.00761984477743574,0.0027906802985537098,1.0,0.0027906802985537098,5.6236590043175535e-05,0.6295818490836057,3.540553634553911e-05,6.108500815050347e-16,1.0,6.108500815050347e-16,1.0,1.0,1.0,0.08522389189611873,0.284088843707685,-11.844997736618016,-0.9945299684276326,7.14188142014337,-1.6571998855995127,-1.3215774290766598,-74.62701342486969,47.44779641652145,6.854483456558542,-3.30336077840867,423.15,8.0,0.2
113,0.00021453210474260714,0.12508192378582988,2.683408837502848e-05,1.1450113376815795e-07,0.6143301325327737,7.034149668294533e-08,0.9895631904146943,1.0010670759378646,0.9906191294841824,0.01642541339571433,1.0472414083121329,0.017201373056636854,0.06800905740390699,0.6230624339878876,0.04237388883930025,0.1999491740793357,0.6321543551590885,0.12639874120471478,0.2832880500322642,0.6230304379852044,0.1764970778875761,0.014836568058862468,0.5344035753707388,0.007928715016887402,0.0026542840543014477,1.0,0.0026542840543014477,6.43007818077263e-05,0.6248760487520715,4.0180018467681104e-05,6.84933855296077e-16,1.0,6.84933855296077e-16,1.0,1.0,1.0,0.08464900290436393,0.2835026966381407,-11.86894091411312,-1.0083155464200886,7.152788395270865,-1.6351787681691532,-1.2656471549873773,-73.87999185380778,47.114596760109976,6.854650738062085,-3.3141109031166187,428.15,8.0,0.2
114,0.00020865798791018557,0.11999801607958324,2.5038544588379922e-05,1.1230829572746547e-07,0.6083701920661604,6.832501944234138e-08,0.9895732789966325,1.0010864839670905,0.9906484344985236,0.017132099308714333,1.047138697290808,0.01793968415198388,0.0667336391503017,0.6198664292158844,0.04136594260867887,0.1999466602966405,0.6267958925476256,0.12532574540254965,0.2827109462631893,0.6181180249003536,0.1747487317219126,0.015540109288940467,0.5294579360957591,0.008227834190824956,0.002524065168329813,1.0,0.002524065168329813,7.333385978211829e-05,0.6202032395063035,4.5481897402370785e-05,7.65894252271769e-16,1.0,7.65894252271769e-16,1.0,1.0,1.0,0.08407439644692621,0.28291971655939535,-11.895417751925452,-1.0223663913743275,7.165420236053883,-1.6150224718008312,-1.2113253175171148,-73.15585323109912,46.7925958911035,6.8562247527576075,-3.324901159530269,433.15,8.0,0.2
115,0.00019891377064822804,0.11755817366456892,2.338393959413861e-05,1.097087394802353e-07,0.6024791495798699,6.609722806353155e-08,0.9895833884275459,1.0011059070501354,0.9906777756735048,0.017832142794484713,1.0470355892371883,0.018670888138184984,0.06546642027647978,0.6166987961544624,0.040373062573047167,0.19994417431705927,0.6214965240495365,0.12426460934200695,0.28213155696717834,0.6132242861020231,0.17300992260805018,0.016239803802214032,0.524577070984686,0.008519028711931408,0.002400020349677828,1.0,0.002400020349677828,8.344073886830715e-05,0.6155821196501771,5.1364626897729405e-05,8.54260404756916e-16,1.0,8.54260404756916e-16,1.0,1.0,1.0,0.08349747684161272,0.2823305804465661,-11.924445024946715,-1.0366915026587133,7.179816753251952,-1.5967187735688801,-1.158558073819037,-72.45382261005943,46.4814511165894,6.859173985499374,-3.33573056334848,438.15,8.0,0.2
116,0.00019373595726380336,0.11278344735265079,2.185020913637759e-05,1.0678027765493108e-07,0.5966515091759763,6.371061381304443e-08,0.9895933845243626,1.0011254975794976,0.9907071694833318,0.01852694589948772,1.046933426110407,0.01939647894591284,0.06420510603818434,0.6135342918543103,0.03939203426656833,0.1999417113551772,0.6162309453028815,0.1232102697938767,0.28155742119668414,0.6083560184042632,0.17128715171138686,0.01692854330492665,0.5197373180734904,0.008798395696193518,0.002281711641060461,1.0,0.002281711641060461,9.469536414608063e-05,0.6109873990273721,5.7857674239563654e-05,9.501610199942717e-16,1.0,9.501610199942717e-16,1.0,1.0,1.0,0.08292578789493586,0.2817512639342256,-11.95577739581304,-1.0512768985627203,7.195788210734408,-1.5801237164297905,-1.1072940134246327,-71.77302593457911,46.18069510340291,6.863400827161783,-3.3466073279388038,443.15,8.0,0.2
117,0.00018664905140779972,0.10948630491388711,2.043551495432215e-05,1.0354397064615899e-07,0.5908882850894999,6.118291924646647e-08,0.9896033129517534,1.0011451343652378,0.9907365417133676,0.019212924763534436,1.0468317230855821,0.0201126991357244,0.0629570205594089,0.6103912173003626,0.038428412416861554,0.1999392847320463,0.6110185655726392,0.12216661495859442,0.280985816952931,0.6035092922304032,0.169577551516045,0.017609106221120906,0.5149540824062105,0.009067881136090812,0.00216910265576068,1.0,0.00216910265576068,0.00010721088150989249,0.6064369986538994,6.50166452058981e-05,1.0540736320313106e-15,1.0,1.0540736320313106e-15,1.0,1.0,1.0,0.08235659437435114,0.2811725695483095,-11.989426947145313,-1.0661305142156217,7.2133698051809345,-1.5652226625312324,-1.0574840991413947,-71.11274864387153,45.88999541477803,6.868871749865266,-3.3575324926150554,448.15,8.0,0.2
118,0.0001830476831382269,0.10437808281582621,1.9106166229846955e-05,1.0023340587385481e-07,0.5842536360143182,5.8561731831898535e-08,0.9896126803932481,1.0011694670011866,0.9907699997669238,0.019873594913050206,1.0467353915270732,0.02080239515236206,0.06176079854644966,0.6062954152535139,0.037445289001108314,0.1999369547980476,0.6048882636783637,0.12093951743293051,0.28044434905364535,0.5977458927494212,0.16763445779160155,0.018259348652380623,0.5094012491420558,0.009301335012043003,0.0020568232581452887,1.0,0.0020568232581452887,0.00012125192389691455,0.6009658199088722,7.286826186023743e-05,1.1642560114265355e-15,1.0,1.1642560114265355e-15,1.0,1.0,1.0,0.0818174411426381,0.2806274969701895,-12.025265380083422,-1.0812477103418452,7.232386088474326,-1.5522783624466892,-1.0090796620681766,-70.4725813798585,45.60930489132324,6.875692923750555,-3.3698493796466815,453.15,8.0,0.2
119,0.00017596190164070327,0.10163267504225589,1.7883478769266997e-05,9.66899253828965e-08,0.5777012726750036,5.585789294855038e-08,0.9896219440696572,1.0011937857537418,0.9908033406480778,0.020522188536744382,1.0466398340108543,0.021479340003637597,0.06058439217719156,0.6022373547837514,0.036486184085973254,0.19993467383424132,0.5988341525512421,0.1197277109711369,0.2799071845083364,0.5920228048004829,0.16571143645643155,0.01889948419247908,0.5039231894805457,0.009523888353811212,0.0019504210624385258,1.0,0.0019504210624385258,0.00013680719106847335,0.5955587121621096,8.147671452725562e-05,1.2826096936055876e-15,1.0,1.2826096936055876e-15,1.0,1.0,1.0,0.08128254261557666,0.28008324309990257,-12.063250770899272,-1.0966311906054413,7.252915450627076,-1.5408917593034868,-0.9620377536734006,-69.85147849086728,45.337909958556345,6.883634823580368,-3.3822241197166023,458.15,8.0,0.2
120,0.00017290541979888006,0.09689289717992716,1.675330706242502e-05,9.298047162417987e-08,0.5712256664047561,5.3112831866150755e-08,0.989630987417398,1.0012182324840337,0.9908365880334762,0.021160207148722784,1.0465462120797806,0.022145134638319325,0.059425320901427416,0.5981944257766525,0.035547895713222664,0.19993243673403652,0.5928330339908184,0.11852655306221622,0.27938085292065523,0.5863455810308537,0.1638137285346571,0.01952341646673994,0.4984986882860503,0.009732397499532135,0.0018494551579391167,1.0,0.0018494551579391167,0.00015396095932534618,0.5901929363350427,9.086667066518615e-05,1.4089894543387044e-15,1.0,1.4089894543387044e-15,1.0,1.0,1.0,0.08075843346994908,0.2795538513209258,-12.103177201255328,-1.1122684213783227,7.2748005422815725,-1.5309486527331506,-0.9163155340022907,-69.24870242920248,45.07538659095632,6.8926106988809055,-3.394669406610318,463.15,8.0,0.2
121,0.00016810003741472696,0.09347473984990624,1.5713107266101095e-05,8.912996821166097e-08,0.5648276733084464,5.0343072567048304e-08,0.9896398597174988,1.0012426959635836,0.9908696811765713,0.021785097590829722,1.0464540024804627,0.02279710256835125,0.058288968630475634,0.5941829855979089,0.03463431340827886,0.19993025316337953,0.5869014415808832,0.11733935379721841,0.278862416446179,0.5807106151804734,0.16193836540517395,0.02013424103630615,0.49314118645321775,0.009929023512979076,0.0017537823681861612,1.0,0.0017537823681861612,0.00017284267115646746,0.5848841697583013,0.00010109294221815749,1.5436129167372365e-15,1.0,1.5436129167372365e-15,1.0,1.0,1.0,0.08024216625872009,0.2790306056135619,-12.145037306698265,-1.1281644957264,7.298060281870837,-1.5224265572423235,-0.871872052592557,-68.66362834674173,44.82140150930509,6.9025777067623775,-3.40719182077452,468.15,8.0,0.2
122,0.0001655524855754894,0.08911617373332678,1.475340406652939e-05,8.518959240154789e-08,0.5585036167896315,4.7578695469098987e-08,0.9896484909646692,1.0012672510245022,0.9909026240287412,0.022397423474075338,1.0463638946196,0.023435855255777925,0.05717464434589078,0.590190900310474,0.033743954821432436,0.19992812142282465,0.5810267257444062,0.11616358177453388,0.27835575272024893,0.5751210300575189,0.1600882472269056,0.02072842288147109,0.4878388879487241,0.010112130767427743,0.001663057521107896,1.0,0.001663057521107896,0.00019354428850382725,0.5796200255921242,0.00011218214545579775,1.6862544506953865e-15,1.0,1.6862544506953865e-15,1.0,1.0,1.0,0.07973762030554161,0.2785213903954168,-12.188681379278071,-1.1443111138424666,7.322587469788005,-1.5152415478377501,-0.8286680807054257,-68.09558864656947,44.575557032047385,6.9134599311464395,-3.41980521234703,473.15,8.0,0.2
123,0.0020361279216061286,0.21632778341953324,0.0004404710400396749,4.739346263937241e-09,0.7462571461745497,3.5367710176588257e-09,0.9894042954636109,1.000935113990345,0.9903295012624065,0.0006567742742137964,1.0491091804562673,0.0006890279205651955,0.08906172574418358,0.6503610720538027,0.057922279433948995,0.20000576177725993,0.7139968612898645,0.14280348614885194,0.2937733066302929,0.6906308236529478,0.20288890072532914,0.0006330612280041304,0.6395839132373033,0.00040489577752569433,0.008282716275155604,1.0,0.008282716275155604,5.067769792606267e-07,0.7029207122036648,3.562240351903014e-07,1.0000288088862992e-16,1.0,1.0000288088862992e-16,1.0,1.0,1.0,0.0917546279400035,0.29580943929124526,-13.512945032910155,-0.7323855416379205,8.451393056947017,-3.9910274671506425,-4.180083171681231,-114.65104209252405,65.76693962086573,8.102097151886193,-3.1120964707340093,273.15,8.5,0.2
124,0.0019350909934288509,0.21275620047810315,0.0004117026073413205,6.018640137325206e-09,0.7432894405695594,4.473591660661948e-09,0.9894036580653655,1.0009247862464832,0.9903186449605645,0.0007248652905902061,1.049115669512414,0.0007604675346438548,0.08913128857003569,0.651011316148694,0.058025477482007974,0.20000551693643337,0.7144755226441175,0.1428990462448651,0.2938096762393673,0.691078637294005,0.20304559067929476,0.0008020479112238574,0.6373114153037783,0.0005111542894435158,0.00807698944030852,1.0,0.00807698944030852,6.468534569045307e-07,0.7019600387633833,4.540652776829332e-07,1.0000275846821661e-16,1.0,1.0000275846821661e-16,1.0,1.0,1.0,0.09179124485405475,0.2957447732514363,-13.367200802235438,-0.7377480723896144,8.349343659849266,-3.8648365596600307,-4.028131088267083,-112.48274073271554,64.80300073553994,8.012822991219348,-3.113727204618664,278.15,8.5,0.2
125,0.0018151804416978439,0.21150473416302457,0.0003839192567792241,7.53406006801918e-09,0.7403435361439968,5.577792672278594e-09,0.9894035437893459,1.000915095825008,0.9903089428415156,0.0008047868630335222,1.049116874544107,0.0008443154784198852,0.08917830746073661,0.6517260297461207,0.05811982426086473,0.20000522957811367,0.7148116558591834,0.14296606933522757,0.29381641590040214,0.6913812051990609,0.20313914773248856,0.0010017079520945437,0.6351089596232109,0.0006361936953010628,0.007870154849798763,1.0,0.007870154849798763,8.175601216801645e-07,0.7010638109087002,5.731618145520766e-07,1.0000261478905702e-16,1.0,1.0000261478905702e-16,1.0,1.0,1.0,0.09179827476546798,0.2956316038761601,-13.23107450041432,-0.7433617797035539,8.253537632586777,-3.742556443893219,-3.882029025069951,-110.40135706316168,63.8726911211764,7.928294247524345,-3.1159064138614396,283.15,8.5,0.2
126,0.001680237548966254,0.2120989784460296,0.0003563766676824031,9.325609111830492e-09,0.7374238563648462,6.876926634197185e-09,0.989403981743795,1.0009060200949909,0.9903004016333188,0.0008999264690305367,1.04911250409025,0.0009441241114217229,0.08919393114383874,0.6524910469933327,0.058198241517494566,0.20000488750576434,0.7150065503614139,0.1430048046709192,0.2937918907817034,0.6915566739528809,0.2031737428233229,0.0012315849034131739,0.6329627149057117,0.0007795473241012912,0.007664285324262328,1.0,0.007664285324262328,1.0214563637566485e-06,0.700216207484613,7.152403011407036e-07,1.0000244375288186e-16,1.0,1.0000244375288186e-16,1.0,1.0,1.0,0.09177409516183552,0.2954721376562788,-13.102756314027946,-0.7491518133058924,8.162605608860432,-3.6231142858328607,-3.7414708368233125,-108.40122638743188,62.97379093180882,7.847791570028113,-3.118512979012353,288.15,8.5,0.2
127,0.0015502088478039867,0.21087239291518728,0.000326896249254722,1.1505588560562613e-08,0.7345297429819346,8.45119700824595e-09,0.9894047853497733,1.0008979384314347,0.9902932099307843,0.0010196091967397077,1.049104455375165,0.0010696765510411206,0.0891595573778438,0.653231747402616,0.0582418534635727,0.20000445710049175,0.7149949891345272,0.14300218463142308,0.29374673630525727,0.6916331280494592,0.20316497408512474,0.001481062294473999,0.6308003968158921,0.0009342546830632539,0.0074593110335242265,1.0,0.0074593110335242265,1.2533424283539373e-06,0.6993384166423887,8.765105093557689e-07,1.0000222855024616e-16,1.0,1.0000222855024616e-16,1.0,1.0,1.0,0.0917293754223875,0.2952969566586498,-12.977843027920509,-0.7548852897907246,8.073081774214947,-3.5034181178112394,-3.6061710979507295,-106.47496716118447,62.102045332842835,7.769586955065799,-3.121478121352995,293.15,8.5,0.2
128,0.0014214482309916321,0.20965962396005156,0.00029802030158838607,1.4081267459365839e-08,0.7316578104853073,1.0302669318177623e-08,0.9894060325818825,1.000890576136233,0.9902871739835449,0.001163160919634166,1.0490919381711785,0.0012202627435839782,0.08907507271402282,0.65398088775866,0.05825339513068385,0.20000394081357278,0.7148275465100931,0.14296832630411607,0.29367652126453586,0.6916125763701376,0.20311037549118516,0.0017531059588988395,0.6286545326009791,0.001102098007191541,0.00725670106025744,1.0,0.00725670106025744,1.5193973255914193e-06,0.6984652956346501,1.0612463022057076e-06,1.0000197040678659e-16,1.0,1.0000197040678659e-16,1.0,1.0,1.0,0.09165968186464862,0.29509798357679495,-12.858834762097148,-0.7607202486983589,7.987050239375955,-3.38574762603384,-3.4758637044916894,-104.62085996811814,61.25858943817347,7.6946460119102085,-3.124724586827462,298.15,8.5,0.2
129,0.0013103666820244056,0.20542906116955548,0.0002691873972761391,1.7162657341383884e-08,0.7281135637899835,1.2496363600941323e-08,0.9894073281819116,1.0008869791930635,0.9902849118954734,0.0013368506795330777,1.0490789562910294,0.0014024619156015143,0.08894026778104046,0.6540787055847238,0.058173935224581676,0.20000331605165475,0.7138014292051447,0.1427626528434394,0.2936036934927792,0.6908604389947735,0.20283917657690834,0.0020375751534913596,0.6258931336253085,0.0012753042978157756,0.0070441141215970325,1.0,0.0070441141215970325,1.8183052010701874e-06,0.696897481115191,1.2671723145244655e-06,1.0000165802582758e-16,1.0,1.0000165802582758e-16,1.0,1.0,1.0,0.09158748514259794,0.29491407733746094,-12.744130960197364,-0.7665779894761262,7.903216346816238,-3.2694463178980464,-3.3502989547726547,-102.8345227206161,60.44166127090578,7.622478685101649,-3.1290089997612665,303.15,8.5,0.2
130,0.0011959410776246824,0.20348343876575184,0.0002433542030362893,2.064017863659052e-08,0.7245948027729839,1.4955766168379482e-08,0.9894091899928368,1.0008837850056098,0.9902836149993651,0.0015348472227247672,1.049060264370608,0.001610147233240137,0.08875256477436956,0.6542166349990961,0.05806340427422737,0.2000026038835654,0.7126824918703667,0.14253835411630125,0.29349884208934135,0.6900202603683295,0.20252014743629054,0.0023496458494111686,0.6231851715217511,0.0014642644516806701,0.006835817032631488,1.0,0.006835817032631488,2.1660669244967575e-06,0.6953708156851598,1.5062197241159561e-06,1.0000130194178303e-16,1.0,1.0000130194178303e-16,1.0,1.0,1.0,0.091483353074719,0.2946948038071447,-12.638046976906459,-0.7727351797383019,7.82519133360717,-3.157856459656969,-3.2292457689449496,-101.11582687699382,59.65353838608553,7.554604308520291,-3.1334804816139736,308.15,8.5,0.2
131,0.0010895621536210127,0.201637798517281,0.00021969691400388852,2.4560802088702293e-08,0.7211014284533102,1.7710829470122255e-08,0.9894115079864607,1.0008811576577288,0.9902833355133679,0.0017629412587877812,1.0490369809657056,0.0018493905757386144,0.08850107255510856,0.6543570877850835,0.05791130410301722,0.20000178344911126,0.7114422161068147,0.14228971204235097,0.29336823629059144,0.6891097206745338,0.20216290336499013,0.0026837164999329657,0.6204948586008651,0.001665232290150714,0.006631110533862447,1.0,0.006631110533862447,2.564039998798029e-06,0.6938461594463416,1.7790493058328164e-06,1.0000089172455589e-16,1.0,1.0000089172455589e-16,1.0,1.0,1.0,0.09135357596751735,0.2944578230050146,-12.539005261788374,-0.7791194526860219,7.751761098558019,-3.0500033121677954,-3.1124867797406996,-99.46056286043756,58.892233191387845,7.490397472275141,-3.1381180084120714,313.15,8.5,0.2
132,0.000992589576382817,0.19973756897354342,0.00019825742897518325,2.8908501494613e-08,0.7176334105313975,2.0745706520931104e-08,0.9894142894552406,1.000879067421813,0.9902840513237771,0.0020230116302745998,1.0490090332482664,0.0021221574745243577,0.08818214892820182,0.6544970892559686,0.05771495979784443,0.20000084800551354,0.7100886523269243,0.1420183326244771,0.2932114655997557,0.6881359718978243,0.20176935685207334,0.003040298685503991,0.617819992179523,0.00187835731010149,0.00642988333708275,1.0,0.00642988333708275,3.0197362721959e-06,0.6923206287366362,2.090625714585492e-06,1.0000042400275687e-16,1.0,1.0000042400275687e-16,1.0,1.0,1.0,0.09119775013485924,0.29420408408464005,-12.44712012627975,-0.7857589845982709,7.683071770142465,-2.946197429321137,-2.99981845592667,-97.86602424699232,58.15709358045578,7.429887429684713,-3.1429000657737647,318.15,8.5,0.2
133,0.0009132379620070127,0.19570334820961405,0.00017872372687689666,3.3693727196496675e-08,0.7141898627857107,2.4063718403205106e-08,0.989417457464296,1.0008776156045518,0.9902857856643826,0.0023194306471164446,1.0489772031983455,0.002433029873224736,0.08778760496188664,0.6546116257164949,0.05746678680185804,0.1999997818142282,0.708605383590279,0.14172092211044326,0.29303291211415783,0.6871117855998067,0.20134636748227022,0.0034155455772776682,0.615137374984574,0.0021010297405467558,0.006231576355073764,1.0,0.006231576355073764,3.537530478682114e-06,0.6907686005855489,2.443614978287973e-06,9.9999890907114e-17,1.0,9.9999890907114e-17,1.0,1.0,1.0,0.0910202735710101,0.2939461837698921,-12.36173075081333,-0.7926327040830865,7.618637263229812,-2.8461393715380185,-2.8910499881224676,-96.32909544314342,57.44690699883489,7.372809766509732,-3.1478133285646575,323.15,8.5,0.2
134,0.000835894506382929,0.1931396127874214,0.00016144434129393163,3.8803613330650845e-08,0.7101035670670061,2.755458424118402e-08,0.9894209948559584,1.000879305966077,0.990290998639697,0.0026449952211636107,1.0489416531630427,0.002774445659895706,0.08734114021970972,0.654137489602995,0.0571331142023841,0.19999861091691012,0.7063961672135346,0.1412782521997363,0.2928334858088305,0.685382583100714,0.2007029709220425,0.0038178427598485414,0.6119206471498428,0.0023362168123228604,0.006026933439696719,1.0,0.006026933439696719,4.141703209597836e-06,0.6885985488292287,2.8519708198104294e-06,9.999930545845503e-17,1.0,9.999930545845503e-17,1.0,1.0,1.0,0.09082202994725626,0.29366941911882677,-12.28452562296309,-0.7998698853918796,7.559806137464559,-2.7515512234250092,-2.7860012715718256,-94.8488673839906,56.76253237130791,7.3199223433045715,-3.1536314424184875,328.15,8.5,0.2
135,0.0007602786583215501,0.19232745287887923,0.0001462224578331555,4.414458862142823e-08,0.7060546415692168,3.116849169632304e-08,0.9894251367788577,1.0008812867110226,0.9902971040034526,0.003002145417134322,1.048900006835582,0.003148950348553603,0.08682727480782536,0.6536841048335171,0.05675760940788711,0.19999732655641736,0.7041287810599611,0.14082387376342118,0.2925998574581803,0.6836036316766816,0.2000223251864914,0.004249900981824809,0.6087466137468454,0.002587112831445246,0.005826559814861817,1.0,0.005826559814861817,4.8419400582892774e-06,0.6864532748537913,3.323765609658431e-06,9.999866327820846e-17,1.0,9.999866327820846e-17,1.0,1.0,1.0,0.09058969888328124,0.29336018026109045,-12.214996932166283,-0.8074613191170611,7.506284213565739,-2.6619133890288205,-2.6845053043223346,-93.42235974863642,56.102628142726324,7.270869510727679,-3.1595487845689076,333.15,8.5,0.2
136,0.0006982887609739324,0.18982219866697206,0.00013255070791250755,4.971409262585925e-08,0.7020399995523678,3.490128156480459e-08,0.9894297482939652,1.0008837612589814,0.9903041679739911,0.00339587318705281,1.0488536332297744,0.0035617739302279145,0.08623680937950574,0.6532131131923002,0.0563310147265579,0.19999591076816017,0.7017707758093946,0.14035128545847825,0.2923396998652642,0.6817880960270055,0.19931372736424474,0.004704807448760851,0.60557944136989,0.0028491346665734923,0.005629668284314882,1.0,0.005629668284314882,5.64446098222197e-06,0.6842935797002229,3.862468411002908e-06,9.99979553840804e-17,1.0,9.99979553840804e-17,1.0,1.0,1.0,0.09033097132753248,0.2930380383403308,-12.151968880603096,-0.8153509612331383,7.457158625582251,-2.57647783476998,-2.5864040041183554,-92.04652082457937,55.465669840620535,7.225191221788355,-3.1655635480727833,338.15,8.5,0.2
137,0.0006492553877001203,0.18529966946282064,0.00012030680873778777,5.5425423061951494e-08,0.6980607162444183,3.869031052077571e-08,0.9894348383601221,1.0008866890500596,0.9903121593970435,0.0038260722176134323,1.0488024396562234,0.004012793876133866,0.08556999587827724,0.6527258748811292,0.05585375042322313,0.19999436399125642,0.699331782140103,0.1398624149879818,0.2920524896772002,0.6799397360032918,0.19857809273021962,0.005183109636168691,0.6024211714192087,0.003122414978614932,0.005436235389987752,1.0,0.005436235389987752,6.564821520763876e-06,0.682121387184209,4.478005162360201e-06,9.999718199562823e-17,1.0,9.999718199562823e-17,1.0,1.0,1.0,0.09004532348359079,0.2927018004903234,-12.095353208764804,-0.82355215029012,7.412397784703199,-2.4952955010283175,-2.4915486771768975,-90.71924267346039,54.85097255737624,7.182834687993713,-3.17166738487635,343.15,8.5,0.2
138,0.0005988393710470827,0.18289864938995548,0.00010952691216604183,6.109985051910285e-08,0.6941206245359053,4.241066640137008e-08,0.989440568709108,1.0008898165597162,0.9903209893120004,0.004287019701080154,1.0487447813822768,0.004495989539190819,0.0848376474000638,0.6522623000463855,0.05533639902368988,0.19999270694590568,0.6968619986608413,0.13936731747991576,0.2917289989434573,0.6780500108057931,0.1978068508859744,0.005693396241819986,0.5993101180122196,0.0034121099735754637,0.0052469317426278445,1.0,0.0052469317426278445,7.630713424157901e-06,0.6799781246457758,5.188718203868234e-06,1.0104063650767804e-16,1.0,1.0104063650767804e-16,1.0,1.0,1.0,0.08972350647219104,0.2923278994143549,-12.04573913141068,-0.8321246747909974,7.372524903391175,-2.4188844462856407,-2.399799326576761,-89.43901808028446,54.25835662201011,7.143987680252443,-3.177848373859017,348.15,8.5,0.2
139,0.0005548939788743605,0.17990874584578614,9.98302798166644e-05,6.675742762262314e-08,0.689547966458547,4.603244846318348e-08,0.9894466137366251,1.0008961525886113,0.9903333088808178,0.004777164616075609,1.0486839451558023,0.005009735836244874,0.08405188660952913,0.6511705857467227,0.05473211623664421,0.1999909453053035,0.6936762126772024,0.13872896150911648,0.29138765830547303,0.6754736559556849,0.19682468685596377,0.006226239586925396,0.5956480410063668,0.0037086474127884014,0.005052762965410857,1.0,0.005052762965410857,8.865603393934317e-06,0.6771883671799006,6.003683486402962e-06,1.1628401853437242e-16,1.0,1.1628401853437242e-16,1.0,1.0,1.0,0.08938394520447909,0.29194261904177504,-12.002424353120372,-0.8410401621179457,7.336935924394112,-2.347082052905678,-2.311022807921467,-88.20378252972256,53.68699981914243,7.108505130619261,-3.184923263134346,353.15,8.5,0.2
140,0.0005208273269434594,0.1749551116181052,9.112140311915231e-05,7.228304477424839e-08,0.6850207207016336,4.951538342576406e-08,0.9894531400206866,1.0009028499806245,0.990346467768983,0.005300260717411385,1.0486182495138319,0.005557950115458852,0.08319612898874751,0.6500679851792264,0.05408313994642613,0.19998906558943624,0.6904402365836873,0.13808049775972092,0.29101903150021485,0.6728759873014003,0.1958197181442044,0.006781972427715631,0.5920064000692145,0.004014971082300602,0.0048628121644620406,1.0,0.0048628121644620406,1.0282123473257566e-05,0.6743961961977247,6.934224959200237e-06,1.3355461760079439e-16,1.0,1.3355461760079439e-16,1.0,1.0,1.0,0.08901721703310235,0.29153993111020304,-11.964825046250992,-0.8502758715129277,7.3052598536119095,-2.279252765520902,-2.225095790038182,-87.01111259644532,53.13563573113862,7.076008807678002,-3.1920696881596147,358.15,8.5,0.2
141,0.00048463828732927866,0.17204350343519167,8.337886885096016e-05,7.751869494246703e-08,0.6805418746764129,5.27547179786155e-08,0.9894602644191766,1.0009097010466648,0.9903603774573518,0.005850503267385861,1.048546502464793,0.006134524738676288,0.08228146818450342,0.6489874598879452,0.05339964103291164,0.19998708884019073,0.6871953512965799,0.1374301977703152,0.29061642756249856,0.6702494498007495,0.19478550067682404,0.007366756168299547,0.5884163794036705,0.004334719992500476,0.0046776407456858805,1.0,0.0046776407456858805,1.1915313541328194e-05,0.6716357838156004,8.002750949738605e-06,1.5322787252088715e-16,1.0,1.5322787252088715e-16,1.0,1.0,1.0,0.08861660973921856,0.29110114336852283,-11.933188979798803,-0.8598666674805856,7.277738694315527,-2.2156158849448384,-2.141900787359922,-85.85954519253431,52.60388619916089,7.046554053288988,-3.1992785570711555,363.15,8.5,0.2
142,0.00044777174261427993,0.17074095692084368,7.645297581607588e-05,8.23985318226513e-08,0.6761111017628298,5.571056213425242e-08,0.9894679434339313,1.0009167186560617,0.9903750071572522,0.006427008567644764,1.0484691392617518,0.006738520140946409,0.08130977487023036,0.6479235199268587,0.0526825155383801,0.1999850183411969,0.6839414123047898,0.1367780358840775,0.29018228166666377,0.6675975705125924,0.19372498624646547,0.007978234583832903,0.5848729087834033,0.004666253268002696,0.004497174729039241,1.0,0.004497174729039241,1.3792784706822153e-05,0.6689019599876078,9.226020724080446e-06,1.7556403349471305e-16,1.0,1.7556403349471305e-16,1.0,1.0,1.0,0.0881845551804894,0.2906301358078099,-11.90709484452923,-0.8697995223872789,7.254062459372683,-2.1559067273166237,-2.06132678109565,-84.74723090722365,52.09091817589038,7.019958710373662,-3.206546355292067,368.15,8.5,0.2
143,0.0004225372144649848,0.1660538454851137,7.016392932247897e-05,8.692903693906684e-08,0.6717234802611248,5.8392275228457884e-08,0.9894760028064228,1.000924113120931,0.9903903905634627,0.007032733464473468,1.0483879216700847,0.0073730328204789945,0.08027567078516813,0.6468388608369698,0.051925423443601765,0.19998284350906553,0.6806442545322323,0.136117173439464,0.28972647122999823,0.6649312812042436,0.19264819371374714,0.008607035272134652,0.5813413530084885,0.005003625530494544,0.004320893082494518,1.0,0.004320893082494518,1.5934163736840737e-05,0.6661572792807413,1.0614659162547672e-05,2.0070442193012235e-16,1.0,2.0070442193012235e-16,1.0,1.0,1.0,0.0877309414641066,0.29014909537350014,-11.885793241299542,-0.8800354445747802,7.233644602331975,-2.0996404859637927,-1.9832687776162155,-83.67219070787868,51.595705602451204,6.995934553676087,-3.2138756534885085,373.15,8.5,0.2
144,0.00039635197543933426,0.16263957960451997,6.446251866087435e-05,9.106742794914059e-08,0.6666901689050634,6.071375892116234e-08,0.9894843114370154,1.0009347272240523,0.9904092093606883,0.007654647889771017,1.0483041504687582,0.008024399153223883,0.07921201787712327,0.645104321013156,0.051100015008703585,0.19998061153147295,0.6766511809888541,0.13531711696764442,0.28925629306735257,0.6615584618089783,0.19135994831020478,0.009252645345872808,0.5772576465309964,0.005341160276544513,0.004142083292448362,1.0,0.004142083292448362,1.840542943278671e-05,0.6627569272005499,1.219832585468029e-05,2.28899320776427e-16,1.0,2.28899320776427e-16,1.0,1.0,1.0,0.08726301774233362,0.2896527361102198,-11.86960350222281,-0.8906126586233223,7.2167128781765895,-2.047335146694033,-1.9076262717375108,-82.6335322902244,51.11825271363724,6.974699422901348,-3.2221314365832354,378.15,8.5,0.2
145,0.00037216421223677045,0.15936544563722746,5.9310115533340625e-05,9.470279082485711e-08,0.6617119072298027,6.266596433670118e-08,0.9894930369113207,1.000945530731424,0.9904286329862503,0.00829728822649345,1.0482161340904437,0.008697351388209122,0.07810185092357219,0.643377727985486,0.05024899139866899,0.19997830613980638,0.6726590057552957,0.1345172085806303,0.2887622500935138,0.658174145896388,0.19005584732241762,0.009916631389364232,0.5732172941425294,0.005684384612020237,0.003968651238848804,1.0,0.003968651238848804,2.122791908822407e-05,0.6593790597862713,1.3997245329612226e-05,2.60603787030086e-16,1.0,2.60603787030086e-16,1.0,1.0,1.0,0.0867713033623024,0.2891345090085414,-11.858037607052141,-0.9015092772625761,7.202968272792222,-1.9983799373741746,-1.8343064528212647,-81.62931250160253,50.657453563446246,6.955907452781327,-3.2304370584875133,383.15,8.5,0.2
146,0.00035388635176166936,0.15436580143512668,5.4627950306643257e-05,9.781951386790948e-08,0.6567862565258515,6.424651232848285e-08,0.9895020922266906,1.0009565856735145,0.9904486357520274,0.008959856668356345,1.0481247450615567,0.009391047486309083,0.07694694328195621,0.6416466736388741,0.04937275020354631,0.19997593034606517,0.6686588400741613,0.1337156736279512,0.28824923332885605,0.6547827154662459,0.1887406157301319,0.010594245066992707,0.5692085749042859,0.006030335136769682,0.0038004587953030552,1.0,0.0038004587953030552,2.443974983259077e-05,0.65601154379542,1.6032758017651735e-05,2.9610775364857206e-16,1.0,2.9610775364857206e-16,1.0,1.0,1.0,0.08626068630207423,0.2886032175001317,-11.85074590720351,-0.9127121335569763,7.192150443367975,-1.9525503362216792,-1.7632202142123146,-80.65804680984108,50.212612660393944,6.939409844226949,-3.2387915628882915,388.15,8.5,0.2
147,0.00033024208608932904,0.15262522585837396,5.0403272977324384e-05,1.0033149465788118e-07,0.6519158990022083,6.540769653812789e-08,0.9895115669296796,1.0009676948008146,0.9904691121283433,0.009635907146816093,1.0480290626773607,0.010098710735123752,0.07575982236068651,0.6399425108798916,0.04848193094531229,0.19997350759518617,0.6646874117080306,0.13291987317362047,0.2877120714862163,0.6513766352169287,0.187408921035984,0.011290256137803033,0.5652600228073654,0.006381930441955541,0.0036379429715400224,1.0,0.0036379429715400224,2.8101551856450325e-05,0.6526864088041313,1.8341500963009624e-05,3.3595022347552923e-16,1.0,3.3595022347552923e-16,1.0,1.0,1.0,0.08572597159359192,0.28804241390380025,-11.847822735434658,-0.9242413077248773,7.184371145141009,-1.9099004105078876,-1.694283101050277,-79.71859654237929,49.78333319992606,6.925199420301018,-3.247187590293319,393.15,8.5,0.2
148,0.0003113456353187298,0.1495143978213826,4.655065517899563e-05,1.0227911420855008e-07,0.6470956934784314,6.61843743371415e-08,0.9895212979122148,1.0009790331798525,0.9904900720950416,0.01032675943370281,1.0479307299817409,0.01082172855170601,0.0745382748603239,0.6382347103493553,0.047572914265419444,0.19997103327186622,0.660716051047197,0.13212407142721508,0.2871599805963308,0.647964552422873,0.18606948830086237,0.011995831265760504,0.5613430789094522,0.006733776856800273,0.0034807140880490912,1.0,0.0034807140880490912,3.225220685690617e-05,0.6493731479493052,2.094371709498132e-05,3.8036900136865226e-16,1.0,3.8036900136865226e-16,1.0,1.0,1.0,0.08517637992934544,0.28747142851076374,-11.848772944067534,-0.936070684506297,7.179244532315167,-1.8701085818306187,-1.627414931361013,-78.80950994906613,49.36886150586034,6.913083273556568,-3.255628099390906,398.15,8.5,0.2
149,0.00029822457027627605,0.14417520601318137,4.299658885777458e-05,1.037787515269366e-07,0.6415861857192682,6.658301335087504e-08,0.9895309518512981,1.0009939713523464,0.9905145172696983,0.011021176442330373,1.047833085337294,0.011548353315613734,0.07331120827297523,0.6357944910700246,0.04661086235364487,0.19996854821128354,0.6559975762889202,0.13117888296061608,0.28661169988160273,0.6438128585415123,0.18452429779221666,0.012698610376085214,0.5568156971760119,0.00707078558972643,0.003322454797240742,1.0,0.003322454797240742,3.6987659457607327e-05,0.6453336562850363,2.386938151520354e-05,4.2928733259371077e-16,1.0,4.2928733259371077e-16,1.0,1.0,1.0,0.08463060928558187,0.2869100282306305,-11.853491963866126,-0.9482034274566185,7.176636553846772,-1.8333986659166923,-1.5625382636083447,-77.92993889770496,48.96900916805983,6.903144249325341,-3.2650778670641265,403.15,8.5,0.2
150,0.0002827193503617074,0.14065878327768885,3.9766959830936396e-05,1.0468232304134454e-07,0.6361391226351066,6.659252113492575e-08,0.9895408537922177,1.0010089909305724,0.990539291539125,0.011722271169370175,1.047732842369702,0.012281808491312631,0.07206522987202282,0.6333748261683337,0.04564430244297346,0.19996604134363907,0.6513150489534842,0.13024089200676675,0.28604877889027636,0.639661936597835,0.18297451586640007,0.013409824963219392,0.5523459990458875,0.0074068631663398955,0.003170367303374043,1.0,0.003170367303374043,4.234869299472851e-05,0.6413343813260657,2.71596728217417e-05,4.836085915501173e-16,1.0,4.836085915501173e-16,1.0,1.0,1.0,0.08407022039175471,0.2863316029229611,-11.861884996672153,-0.9606430764732878,7.176574542784886,-1.7993871518454063,-1.4995821568951353,-77.07848213174543,48.58299093447859,6.895160295356317,-3.274564316759641,408.15,8.5,0.2
151,0.0002714015301111156,0.13564190506539833,3.68134205819358e-05,1.0503407688281482e-07,0.6307504688510364,6.625029323917129e-08,0.9895508808141121,1.0010242013276496,0.9905643801400188,0.01243005466413637,1.0476312328731978,0.013022113492470426,0.07080066911664115,0.6309559523171052,0.04467210360717858,0.19996351283209893,0.646650205343062,0.12930644663399676,0.2854781298501851,0.635517900520654,0.1814264617269523,0.01412285823487013,0.5479151827399013,0.007738128450568586,0.0030241564178446886,1.0,0.0030241564178446886,4.8391640429450457e-05,0.6373556170582803,3.084268384637483e-05,5.436291268279981e-16,1.0,5.436291268279981e-16,1.0,1.0,1.0,0.08350212531088863,0.28574963641437306,-11.873628779175311,-0.9733740661815731,7.178812195098744,-1.7678629737903033,-1.438477860447198,-76.25396131068958,48.210211322989586,6.888998162153447,-3.2840895845261664,413.15,8.5,0.2
152,0.00025553355410532814,0.13354699153720984,3.412573738757738e-05,1.0481669428122508e-07,0.6254219867327013,6.555466518011797e-08,0.9895610948490957,1.001039445282233,0.9905896894606181,0.013139352629046265,1.047527611393717,0.013763834674764587,0.06952779306127116,0.6285623228330217,0.043702551108046245,0.199960981633917,0.6420305494353565,0.128381058904057,0.28489612711081286,0.631375152936573,0.17987633582562682,0.014841186692703867,0.543544713592331,0.00806684857025604,0.0028839999794446013,1.0,0.0028839999794446013,5.520343140449284e-05,0.6334219200929601,3.496706351595386e-05,6.099530819071569e-16,1.0,6.099530819071569e-16,1.0,1.0,1.0,0.08292267924442276,0.2851517654816125,-11.8887444348741,-0.9864081221039132,7.18339639642411,-1.7388151761764759,-1.3791600091355714,-75.4554452041233,47.8502881857722,6.884625572354275,-3.2936494350330427,418.15,8.5,0.2
153,0.00024581745244283256,0.12878839545197163,3.165843527420375e-05,1.0410435837720306e-07,0.6201475725968496,6.456006514437506e-08,0.9895713242861043,1.001054911824682,0.9906152347774599,0.01385166706009624,1.0474237021519226,0.014508564393061838,0.06824408253677675,0.6261619719697588,0.042731849296495095,0.1999584425407476,0.6374246462664079,0.1274584395045179,0.2843124502683548,0.6272424996081113,0.1783328519760297,0.015555553806214442,0.5392047364852653,0.008387628290962222,0.002749467040165189,1.0,0.002749467040165189,6.284058408868703e-05,0.6295013613508791,3.95582332319129e-05,6.82783890780347e-16,1.0,6.82783890780347e-16,1.0,1.0,1.0,0.08234156704931582,0.28455837182515603,-11.906860450671774,-0.9997240870271267,7.190036040060639,-1.7120100840444314,-1.3215663400452726,-74.68182362331461,47.50262879302914,6.881899644812388,-3.303249543205786,423.15,8.5,0.2
154,0.00023501397154527558,0.12500557584628075,2.93780568449386e-05,1.0303615934692739e-07,0.614115315495584,6.327608350479155e-08,0.9895812922409418,1.0010742960876482,0.9906443955516061,0.014550030413840986,1.047322248812794,0.015238570573318492,0.06698909503637608,0.6229575001352621,0.041731359180184335,0.19995595736959312,0.6320268348841429,0.12637753085253256,0.283742512458152,0.6222985613984728,0.17657255731029622,0.016256043450568233,0.5342073576788501,0.008684098018040634,0.0026151541434626976,1.0,0.0026151541434626976,7.149169468339071e-05,0.6247951231131689,4.466766218127821e-05,7.617586801100614e-16,1.0,7.617586801100614e-16,1.0,1.0,1.0,0.08177413942176234,0.2839776294658566,-11.928073187703333,-1.013339077263121,7.198760409486606,-1.6877976522337612,-1.265636078304721,-73.9326107378724,47.16723779753989,6.880971256777046,-3.3139980986226547,428.15,8.5,0.2
155,0.00022754300188005576,0.11992239247782802,2.7287501177043217e-05,1.0152792788451399e-07,0.6081506281460157,6.174427311733062e-08,0.9895912287213283,1.0010938257812796,0.9906736691202319,0.015245930484795965,1.0472209399592391,0.015965857652841246,0.06573398276212725,0.6197614843654368,0.040739390729908016,0.19995348474892932,0.626666506941421,0.12530415183837626,0.2831733317793462,0.6173780273098494,0.17482499296069026,0.016949717118660695,0.5292577789701671,0.008970769636394982,0.0024869190855601434,1.0,0.0024869190855601434,8.116267379672835e-05,0.6201209056107931,5.033067077662057e-05,8.4791524088222915e-16,1.0,8.4791524088222915e-16,1.0,1.0,1.0,0.08120745624880328,0.2834009763091542,-11.952061999823748,-1.0272347513196114,7.209403317726305,-1.665645011443344,-1.2113142549473863,-73.20647577074162,46.84324055588548,6.8815470851485925,-3.324786507716858,433.15,8.5,0.2
156,0.0002160243427502624,0.11748115703057667,2.537878973307067e-05,9.959299525913289e-08,0.602254843475093,5.998036377100478e-08,0.9896011890336851,1.0011133639043317,0.990702975277239,0.015935391367018138,1.0471191935856143,0.016686254157703195,0.06448681853131909,0.6165947449024417,0.039762233421888754,0.19995103940584869,0.6213660886816295,0.1242427952834386,0.2826016398178965,0.6124763180779776,0.17308681183846406,0.017639867946874856,0.5243737537708698,0.009249883771325212,0.0023647594321238043,1.0,0.0023647594321238043,9.196484134857043e-05,0.6154992246635859,5.660428854635477e-05,9.418211569189219e-16,1.0,9.418211569189219e-16,1.0,1.0,1.0,0.0806382342410875,0.282817763753642,-11.978826230516596,-1.0414193146114448,7.221990904644164,-1.6455248962894164,-1.15854702692778,-72.50262873277998,46.530279333092444,6.883588093750899,-3.3356138416818406,438.15,8.5,0.2
157,0.00020960764792804504,0.11270703101807683,2.362425567665229e-05,9.730625721409035e-08,0.5964220370548761,5.80355961458134e-08,0.9896110259808581,1.0011330770397222,0.9907323315126529,0.016619784111345317,1.0470184829664768,0.01740122114749113,0.06324536250579053,0.6134298699600401,0.03879659449750269,0.19994861666691408,0.6160980635391571,0.12318795553581899,0.28203571271977984,0.6076007218910509,0.17136510264759527,0.01831864333330679,0.5195296243285289,0.00951707788916119,0.0022482445662924374,1.0,0.0022482445662924374,0.00010397222416948983,0.6109026470786406,6.351690696779516e-05,1.0435738235877059e-15,1.0,1.0435738235877059e-15,1.0,1.0,1.0,0.0800747542650639,0.2822454176739651,-12.008086043557157,-1.0558764215504688,7.236305550096039,-1.627266889414044,-1.1072829833321345,-71.82016910756337,46.227860336572164,6.8869834437464075,-3.346488391110247,443.15,8.5,0.2
158,0.00020124504642748825,0.10940934029546288,2.201808776736131e-05,9.468791109020536e-08,0.5906536013445788,5.5927755689225085e-08,0.9896207960105173,1.0011528333155766,0.9907616638339456,0.017295574643742116,1.0469182133611656,0.018107052105081175,0.062016844088547865,0.6102868192442057,0.03784806251836369,0.19994622969712258,0.6108835356420836,0.12214385973568241,0.2814722112404744,0.6027469160771123,0.16965650728660142,0.01898943760579552,0.5147423369413405,0.00977466749040896,0.0021373393286791427,1.0,0.0021373393286791427,0.00011730444406461607,0.6063507319922004,7.112763552451813e-05,1.1536841506288486e-15,1.0,1.1536841506288486e-15,1.0,1.0,1.0,0.07951366377871746,0.28167355097481295,-12.039840907714456,-1.070613452553056,7.252372608015602,-1.6108452683104817,-1.0574730868696594,-71.15837124965076,45.93564004510075,6.891694065026626,-3.357411231872371,448.15,8.5,0.2
159,0.000196753950757985,0.10430172938772139,2.0521777327924392e-05,9.194878650178063e-08,0.5840133563287503,5.369931941526062e-08,0.9896300028803892,1.0011773000102853,0.9907950942929589,0.01794651436544608,1.0468233212117795,0.01878682977221118,0.06083937759756737,0.6061899233832632,0.03688021764455477,0.19994393809763,0.6047498878709937,0.12091607414502666,0.28093887871270323,0.59697757434714,0.16771421035371495,0.01962989298907613,0.5091846950599846,0.009995241075702859,0.002026748362324005,1.0,0.002026748362324005,0.0001322540757003349,0.6008768548393444,7.94684130465018e-05,1.270314299228902e-15,1.0,1.270314299228902e-15,1.0,1.0,1.0,0.07898264591377142,0.2811357246122478,-12.07398097067716,-1.0856279563590907,7.27003121851031,-1.596538204020212,-1.0090686622638139,-70.51684122143202,45.65358673250548,6.89783384434168,-3.369727005104076,453.15,8.5,0.2
160,0.0001886044868205576,0.10155504642359295,1.915373741475965e-05,8.895414477875388e-08,0.5774555008972024,5.1367060230097544e-08,0.9896391093899836,1.0012017478235948,0.9908284060358372,0.018585637992547057,1.0467291551463338,0.019454129153794388,0.05968137169215744,0.6021314837054207,0.035936032886573446,0.19994169480488755,0.5986930745602828,0.11970370799553184,0.2804095811005553,0.591248715480701,0.1657918046341848,0.020260600346565162,0.5037024785514664,0.01020531461150557,0.001921943613660921,1.0,0.001921943613660921,0.00014879423744875578,0.5954677165487318,8.860216480922036e-05,1.3954552683569472e-15,1.0,1.3954552683569472e-15,1.0,1.0,1.0,0.07845561417152505,0.2805982745415206,-12.110408387039723,-1.1009181372764805,7.289315288517047,-1.5839008972421642,-0.9620267670109107,-69.89448762880595,45.380941069820004,6.905150379212197,-3.382100618806839,458.15,8.5,0.2
161,0.00018484612761575123,0.09681592952584836,1.7896049664372552e-05,8.576946185846204e-08,0.5709741641031405,4.8972146790211625e-08,0.9896479891445619,1.001226329532484,0.9908616237004132,0.019214419746431323,1.0466369758501386,0.02011052217612007,0.058540393894370324,0.5980872832562982,0.03501226514503753,0.19993949481149945,0.5926882687475193,0.11850179303408123,0.27989140456267775,0.5855662422544967,0.16389495800910028,0.020874899928388313,0.49827300762749777,0.010401399171241082,0.0018224910957147953,1.0,0.0018224910957147953,0.00016700944264999917,0.5900989994179703,9.855210500111748e-05,1.5289184787263068e-15,1.0,1.5289184787263068e-15,1.0,1.0,1.0,0.0779396597684174,0.28007633645975527,-12.148896748208024,-1.1164699965076972,7.3100508574131275,-1.5728036305819513,-0.9163045607350805,-69.29055740705128,45.117263515339545,6.913549161072516,-3.3945448415812622,463.15,8.5,0.2
162,0.0001792790240065174,0.09339741911076146,1.6744198142904964e-05,8.241957538083767e-08,0.5645704946761325,4.6531660443756306e-08,0.9896566993386461,1.0012509256969933,0.9908946863350502,0.01983034351782707,1.0465461790920652,0.020753370238665025,0.05742175779523314,0.5940749070423967,0.034112825424414156,0.1999373476740555,0.5867532552938177,0.11731388960256388,0.2793809563844592,0.579926260856217,0.16202035339047327,0.021476339453878206,0.49291085369867327,0.010585920814533604,0.0017282502667252207,1.0,0.0017282502667252207,0.0001870358328546398,0.5847875891646227,0.00010937623378246208,1.670938079300591e-15,1.0,1.670938079300591e-15,1.0,1.0,1.0,0.07743138033706673,0.279560317828041,-12.189431710378367,-1.1322883356765017,7.3322514497514,-1.5632175766986383,-0.8718610930632363,-68.70441936619805,44.86221444782004,6.922984176019856,-3.4070662547855495,468.15,8.5,0.2
163,0.0001761716240273806,0.089039577331664,1.5686246941230778e-05,7.89550325132769e-08,0.5582406578436492,4.4075909290278473e-08,0.9896651651950545,1.0012756164920589,0.9909275984013934,0.02043396184619211,1.046457502177744,0.021383272673161518,0.056324790543875757,0.5900814433135988,0.03323621369846634,0.19993525173809026,0.5808746003583745,0.11613730945091416,0.27888238303140517,0.5743320655414947,0.16017109508956123,0.02206110967454651,0.48760351748591113,0.010757074676951342,0.0016388814058037105,1.0,0.0016388814058037105,0.00020896678187040508,0.5795203378245325,0.00012110050002364256,1.821251822073409e-15,1.0,1.821251822073409e-15,1.0,1.0,1.0,0.07693492401409524,0.27905863361046507,-12.23184975989942,-1.1483638949575405,7.355798719398987,-1.5550481812045855,-0.828657135032977,-68.1353952799363,44.61538555675913,6.933374193502307,-3.419678751155363,473.15,8.5,0.2
164,0.006151282369072536,0.21154219098594226,0.0013012557497268013,1.5113788536485043e-09,0.7423781230693675,1.1220145966183094e-09,0.9893330292209764,1.0009709355062573,0.9902936077865603,0.00019513146671584652,1.049913889960698,0.00020487123727337084,0.08406006587166369,0.6457921826956322,0.054285333416800315,0.2000074291330505,0.7094084372781027,0.14188695774528823,0.29828367962679164,0.6904820432688017,0.2059595245824437,0.0019120143667367806,0.6350691105622762,0.0012142612632658214,0.007880127445524401,1.0,0.007880127445524401,1.607028574441293e-06,0.6987025292448736,1.1228349295309152e-06,1.0000371456652525e-16,1.0,1.0000371456652525e-16,1.0,1.0,1.0,0.09040647970745207,0.30443496350724303,-14.143234556685256,-0.7665464838407113,8.950001493178295,-4.517783297734171,-4.180098912524025,-115.17779792310758,66.29366396976367,8.365459326335161,-3.1083692118894213,273.15,9.0,0.2
165,0.005701050918787639,0.2104689647191322,0.0011998942846882918,1.947900365231141e-09,0.7396896757971806,1.4408417896430311e-09,0.9893379869886153,1.0009578567202615,0.9902856310280624,0.0002189986981751369,1.0498636575305016,0.00022991877426056776,0.0842050689691154,0.6468443814305448,0.05446757575064381,0.20000734462032407,0.710292989044049,0.14206381464113316,0.2980022306673359,0.6908840750789482,0.20588499550606576,0.002385697836714465,0.6331798337647607,0.0015105757596638146,0.007687762758199849,1.0,0.007687762758199849,2.0193515070332927e-06,0.6981229830903118,1.4097556979979998e-06,1.0000367231016192e-16,1.0,1.0000367231016192e-16,1.0,1.0,1.0,0.09012511858607818,0.3037032835340239,-13.989110167928628,-0.7720718206843561,8.841383703889123,-4.384342802389799,-4.028145566443151,-113.0022469754453,65.32247802191758,8.272561634408163,-3.1102419283836333,278.15,9.0,0.2
166,0.005198445468662547,0.21117402567885793,0.0010977766568894879,2.4888373274721714e-09,0.7370467025629321,1.8343893454289055e-09,0.9893439640716402,1.0009449790941334,0.9902788734345949,0.00024873819755574284,1.0498031054882857,0.0002611261322475774,0.08433875733359643,0.6480378030505549,0.05465470301447772,0.20000723918724966,0.7111142331704184,0.1422279945231735,0.29766294349948147,0.6911230868365085,0.20572173234820285,0.002917560634640857,0.6314371231062444,0.0018422560936256507,0.007495024727255341,1.0,0.007495024727255341,2.497895506755109e-06,0.6976870202318146,1.7427492729584115e-06,1.0000361959362507e-16,1.0,1.0000361959362507e-16,1.0,1.0,1.0,0.08978594099981473,0.3028613914569814,-13.841452360116747,-0.7776546538057921,8.736508480756786,-4.252210859812012,-3.8820422120414078,-110.9110114790805,64.38231916315229,8.183108268512285,-3.1126677577618125,283.15,9.0,0.2
167,0.00469090085872956,0.21015603678843775,0.000985821133438084,3.18853174356256e-09,0.7344491113017052,2.3418143054167975e-09,0.9893502162825408,1.0009335954707979,0.9902738691634951,0.00028851211834818893,1.0497397768521282,0.0003028626467339627,0.08445180720678115,0.6491541529649804,0.05482224137367984,0.20000709772856348,0.7116557205776561,0.14233619525466654,0.29730807565880907,0.6912516767240862,0.2055147058027632,0.0034643595606782054,0.6296275295147442,0.002181256151540603,0.007302875749979402,1.0,0.007302875749979402,3.012633858836923e-06,0.6971655605171577,2.1003045728290116e-06,1.0000354886428148e-16,1.0,1.0000354886428148e-16,1.0,1.0,1.0,0.08943122018385889,0.30199897970607037,-13.694038276443408,-0.7829584371720764,8.6304475453568,-4.116897661429252,-3.7414824727466964,-108.89500976302826,63.467551035558444,8.094671621902924,-3.1155729329502253,288.15,9.0,0.2
168,0.0041824323776282315,0.209149718949301,0.0008747545563054017,4.0731730609576236e-09,0.7318733794801098,2.9810469333303953e-09,0.9893567293809715,1.0009230971468346,0.9902700017550647,0.00033930146959446197,1.0496738167303017,0.00035615586861141915,0.0845400361112469,0.6502788391953128,0.05497459654795146,0.2000069167212158,0.7120278974392741,0.14241050438631928,0.2969384373039049,0.6912616878148514,0.2052621653478017,0.004023056969575921,0.6278348884440473,0.0025258155236977447,0.007113537886405727,1.0,0.007113537886405727,3.5668197829022106e-06,0.6966508879698188,2.48482816898714e-06,1.000034583606076e-16,1.0,1.000034583606076e-16,1.0,1.0,1.0,0.0890617699584696,0.3011208737547062,-13.549790443695768,-0.7881538914970087,8.525631186420924,-3.9810304884052763,-3.606181276048143,-106.9525795317785,62.579637347242056,8.008382962265403,-3.118818699999171,293.15,9.0,0.2
169,0.0037121485663476088,0.20595859100889444,0.0007645488883406406,5.208159088322176e-09,0.7293062842257834,3.7983431523609824e-09,0.9893628954370854,1.000914067884138,0.9902672402855621,0.00040539823008446207,1.0496113859308935,0.0004255105981328835,0.0845945832071836,0.651302187208627,0.05509663706884086,0.20000668061066892,0.7121302083687845,0.14243079913842457,0.2965885519481698,0.6911874959208186,0.20499829853983714,0.004558860641404349,0.6259526179386941,0.002853630753304727,0.006927255884068416,1.0,0.006927255884068416,4.135564376796366e-06,0.6960304253796726,2.878478632366594e-06,1.0000334030533415e-16,1.0,1.0000334030533415e-16,1.0,1.0,1.0,0.08871213000361568,0.30030070572267653,-13.406571696317934,-0.793124007244966,8.420405802515067,-3.8432905968832882,-3.4758724465842845,-105.07840293896757,61.71611492483773,7.9234087552423365,-3.1223423614187027,298.15,9.0,0.2
170,0.0032571481551309624,0.20416601757250188,0.0006649989674767105,6.605998179842151e-09,0.72603300316478,4.796172697411862e-09,0.9893689290165181,1.0009083541030912,0.9902676263426611,0.00048627726184793203,1.0495503063107765,0.0005103724491244627,0.08462666875990424,0.6517763585636118,0.055157662001699366,0.20000639140707377,0.7114879419894572,0.14230213580695678,0.2962462155384347,0.6903375169443636,0.2045098768389678,0.005094114058161291,0.6235536909849042,0.003176453623264561,0.00673389341041797,1.0,0.00673389341041797,4.75160903172887e-06,0.6948262816789962,3.3015428355085045e-06,1.0000319570353697e-16,1.0,1.0000319570353697e-16,1.0,1.0,1.0,0.08837009417688313,0.29950337029956386,-13.269766974541065,-0.7981957592817183,8.319105187503403,-3.7084501721136163,-3.350306535505867,-103.27352657483168,60.880649963654925,7.841973031476223,-3.1268497425145587,303.15,9.0,0.2
171,0.002840111779931507,0.2024524753504568,0.0005749876601191255,8.324137158880554e-09,0.7227553830437267,6.016314940775232e-09,0.9893747178561929,1.000903522505824,0.9902686401804693,0.0005866196383723864,1.0494917210656718,0.0006156524538863581,0.0846153565400903,0.652221140240339,0.05518792432442051,0.20000603218342541,0.7106829109627587,0.14214086916222798,0.29591783596178367,0.6894055054343535,0.20400738526827358,0.005610833745324649,0.6211399260829766,0.003485112857834824,0.006544999979856431,1.0,0.006544999979856431,5.39825721743295e-06,0.6935955477437258,3.7442071715869243e-06,1.0000301609171297e-16,1.0,1.0000301609171297e-16,1.0,1.0,1.0,0.08804208795839419,0.29875795606585237,-13.137904294586674,-0.803298235479979,8.220669437466155,-3.5753864348254423,-3.229252336286148,-101.5333568521623,60.071055226571616,7.763362728763328,-3.1315155998760345,308.15,9.0,0.2
172,0.0024675470353203535,0.20066402438264996,0.0004951479184608587,1.0407586784374056e-08,0.7194692095409263,7.487938236982202e-09,0.9893802048537972,1.0008995745795337,0.9902702261355776,0.0007099635456499288,1.0494362105025694,0.0007450614529418292,0.08455386836567791,0.652625767205578,0.05518203321234998,0.20000559019924188,0.709715771340027,0.1419471217205723,0.29560666757492904,0.6884024866410741,0.2034963650262625,0.006106047531798366,0.6187010228779759,0.0037778178536651877,0.006360273782323994,1.0,0.006360273782323994,6.077815156940869e-06,0.6923272013767064,4.207836758089801e-06,1.0000279509962102e-16,1.0,1.0000279509962102e-16,1.0,1.0,1.0,0.08773137894664819,0.29807422501783615,-13.01158817132914,-0.8084837068786751,8.125637746461248,-3.4448398574291943,-3.1124925289721745,-99.85539940569898,59.2870582381863,7.687809995674365,-3.1363097282558736,313.15,9.0,0.2
173,0.0021400374956066963,0.19887639450383973,0.0004256029412292866,1.289081212804505e-08,0.7161741244635506,9.232066089426783e-09,0.989385433784764,1.0008964372949725,0.9902723557867111,0.0008597359270996901,1.0493833331673839,0.0009021925528236234,0.08443573394569717,0.6529921203508343,0.05513586894257971,0.20000505313587993,0.7085993091859139,0.14172344248577654,0.29531023780127963,0.6873365386849805,0.20297751668857003,0.00658259019942909,0.6162391227803944,0.004056449610119003,0.006179333637889451,1.0,0.006179333637889451,6.798419872201325e-06,0.6910229962484077,4.697864469843276e-06,1.0000252656793973e-16,1.0,1.0000252656793973e-16,1.0,1.0,1.0,0.08743550736840355,0.2974502881876985,-12.891616479081504,-0.8138190498416142,8.034701095201056,-3.317675799114246,-2.999823585098646,-98.23750261678543,58.52856169190493,7.61562148540929,-3.141210057183326,318.15,9.0,0.2
174,0.001872303841551801,0.19496462142294774,0.0003650330096568778,1.582900151414754e-08,0.7128684869963363,1.1283996360053067e-08,0.989390227373859,1.0008943553034544,0.9902750937708968,0.0010413299214211296,1.0493348878708222,0.001092703816330973,0.08425094452466356,0.6532693232025437,0.05503855750880203,0.20000440154733648,0.7072894019619741,0.14146099356017816,0.29503863149365894,0.6862283583533354,0.2024638757407083,0.007031137227829559,0.6137059030652815,0.004315050421981061,0.006001389261012171,1.0,0.006001389261012171,7.556339727389967e-06,0.6896304245310808,5.211081774101018e-06,1.0387999321729777e-16,1.0,1.0387999321729777e-16,1.0,1.0,1.0,0.08716457828763649,0.29691095116421234,-12.777539450837907,-0.8192943084268043,7.947537062609645,-3.1937843532382177,-2.891054677127881,-96.6767404248436,57.794542602524274,7.5466275683544195,-3.146206846540335,323.15,9.0,0.2
175,0.0016319577939364269,0.19246850591079392,0.0003141004783084194,1.9182649350785107e-08,0.70888962971925,1.3598381195312258e-08,0.9893949520414638,1.0008954982555687,0.9902809534950853,0.001252906730924175,1.049287156250127,0.0013146589407380701,0.08401287865764408,0.6529518430548251,0.05485636395985007,0.2000036422491444,0.7052489335415564,0.14105235540063607,0.2947710072139313,0.6844115383969515,0.2017446785221056,0.007482185602610914,0.6106308277707698,0.004568853188056839,0.0058167956023315705,1.0,0.0058167956023315705,8.404299308384009e-06,0.6876157431252884,5.7789285143818125e-06,1.1481929653418407e-16,1.0,1.1481929653418407e-16,1.0,1.0,1.0,0.08689774318250468,0.2964029841905171,-12.672320851849644,-0.8251200036956086,7.8665127886729955,-3.0759143477909294,-2.7860056769163224,-95.17323050835651,57.08688668498485,7.482099500143035,-3.152078126329463,328.15,9.0,0.2
176,0.0014158611359184445,0.1916925442519876,0.0002714100234517158,2.2927739739585734e-08,0.7049254550704563,1.6162347369664482e-08,0.9893999010934204,1.0008970080767112,0.9902874007957985,0.0014979092714647914,1.049237173866318,0.0015716620906998727,0.08370462477933029,0.6526421184134646,0.05462916363698631,0.2000027628593618,0.7031376018799494,0.14062946304629587,0.29449074522666263,0.6825472400778575,0.20100384538293006,0.007942309403195577,0.6075839139953073,0.004825619433355302,0.0056355792456826955,1.0,0.0056355792456826955,9.348840677923843e-06,0.6856140722009744,6.409696727549485e-06,1.268966000646876e-16,1.0,1.268966000646876e-16,1.0,1.0,1.0,0.08661839518671352,0.29590662929032086,-12.57565781122251,-0.8313024801729249,7.791495563384586,-2.963720024840825,-2.6845095596818322,-93.72416638444844,56.404426267819325,7.421768573274181,-3.158022858235907,333.15,9.0,0.2
177,0.0012543537559775396,0.1871667169591513,0.00023477327441169651,2.7117204808308956e-08,0.7009684199307805,1.9008304207419702e-08,0.9894046487519151,1.0008994904259754,0.990294608760883,0.0017835583093666477,1.0491892571520212,0.0018712902176917087,0.08331284642381678,0.6522351604372116,0.05433956775371891,0.20000173730799306,0.7008523661580448,0.14017169082802666,0.2942220426249693,0.6806649609343182,0.20026663514934,0.008388403002361065,0.6044657326217342,0.005070502166348537,0.005456608568987057,1.0,0.005456608568987057,1.0375496048157389e-05,0.6835178801763303,7.091837064614428e-06,1.3988080727702878e-16,1.0,1.3988080727702878e-16,1.0,1.0,1.0,0.08635075848916098,0.29547642349815173,-12.485746086090181,-0.83774614410478,7.721056626228227,-2.856003038325263,-2.586408196298573,-92.32604602813466,55.745186659815396,7.364949631385779,-3.164048240665538,338.15,9.0,0.2
178,0.001105781155356377,0.18475753752319063,0.00020430140330319284,3.160330602131628e-08,0.6970347943385812,2.2028603912987433e-08,0.9894098622096473,1.0009021860566218,0.9903024939916171,0.0021055700518839986,1.049136643771402,0.002209030697459154,0.08284555284343745,0.6518520583536334,0.05400304414643941,0.20000058123651696,0.6985285383940443,0.1397061136891035,0.29392698662661215,0.6787397709540088,0.19949993558014875,0.008857780370036457,0.6013928791019363,0.005327006039188839,0.005280506477466762,1.0,0.005280506477466762,1.1541469214520667e-05,0.6814507832069473,7.864943235593975e-06,1.5451003541082477e-16,1.0,1.5451003541082477e-16,1.0,1.0,1.0,0.08605690405067783,0.2950327993852745,-12.404777605952937,-0.8446203343487593,7.657013025867765,-2.7545406020439995,-2.491552915893638,-90.97848777447605,55.11020918095844,7.312452999784813,-3.1701415713900527,343.15,9.0,0.2
179,0.0009791395648581014,0.1824499945546594,0.00017864400827661214,3.634629011588777e-08,0.6931249184713028,2.5192519373309037e-08,0.9894154205935594,1.000905282081213,0.9903111206446985,0.0024665015941887215,1.0490805575941484,0.0025875588677383597,0.08229805817216508,0.6514564988901046,0.05361360484229282,0.19999928546912651,0.6961347917314873,0.13922646093649668,0.29361243515468793,0.6767847114302222,0.1987124071984903,0.009343991446247413,0.5983314812821214,0.005590804243120687,0.005106850974303053,1.0,0.005106850974303053,1.2857283722742014e-05,0.679375725754937,8.734926460374995e-06,1.7087514525595375e-16,1.0,1.7087514525595375e-16,1.0,1.0,1.0,0.0857436993312119,0.29459161106583603,-12.331924226514397,-0.8518944603222337,7.5987283987895395,-2.6588194994505785,-2.399803654394868,-89.67895313344937,54.49828301953883,7.2639508790168055,-3.1763038755600492,348.15,9.0,0.2
180,0.0008744183788521894,0.17940623086424642,0.00015687610554829604,4.129617342531642e-08,0.6885695910366059,2.8435289246846916e-08,0.9894211231130029,1.0009116975986294,0.9903231759749781,0.0028636234494099013,1.049023019633477,0.0030040069179932075,0.08168442234905696,0.6504158009004157,0.053128838983249695,0.19999785998734868,0.6930057959349414,0.13859967614581753,0.29328971843002644,0.6741490128814618,0.19772097416788417,0.009844276995436685,0.5947020070477894,0.005854411287120576,0.004927086448987735,1.0,0.004927086448987735,1.4363636653081938e-05,0.6766364046052121,9.718959461997002e-06,1.8910159260207253e-16,1.0,1.8910159260207253e-16,1.0,1.0,1.0,0.08542246417731905,0.29416417810505197,-12.267157031722537,-0.8595906489511828,7.546142349698761,-2.569195950472138,-2.3110272515643957,-88.42589642728903,53.90910482942302,7.219557635759563,-3.1833550105087323,353.15,9.0,0.2
181,0.0007929318960930647,0.1744759667476427,0.00013834755913587885,4.636025512193152e-08,0.6840502957438833,3.171274622691917e-08,0.9894271573989283,1.0009185663165725,0.990336011858417,0.003299878346619986,1.0489621349205127,0.0034614474354484714,0.08098977081444826,0.6493465458591151,0.05259042792828335,0.19999629420920834,0.6898068211220734,0.13795880794464893,0.29294820792244153,0.6714991298618816,0.19671446671451703,0.010360259036748587,0.5910752690967098,0.006123692898057791,0.004750203112914882,1.0,0.004750203112914882,1.606643010523847e-05,0.6738764020456907,1.0826788113036669e-05,2.0947900253341944e-16,1.0,2.0947900253341944e-16,1.0,1.0,1.0,0.08508258105716132,0.29374118617878964,-12.209743275104248,-0.8676808949614617,7.498766147769356,-2.484909669032585,-2.2251003752700993,-87.21676949995701,53.34128346418646,7.178832674201925,-3.190472720260615,358.15,9.0,0.2
182,0.0007089428366090101,0.17314305617584846,0.00012274852938445917,5.1360365469912834e-08,0.6795771516503005,3.4903330873761824e-08,0.9894338758364937,1.0009254503237324,0.9903495477371984,0.003768993292145386,1.0488943250960923,0.003953275675456532,0.08022602028306886,0.6483193024987584,0.05201207751217044,0.1999946109397862,0.6866182730087235,0.13731995437452757,0.29256783377541884,0.6688187940144925,0.19567486575310816,0.010911346450624847,0.5875183285266181,0.006410616028645956,0.004576897069321934,1.0,0.004576897069321934,1.8021789086353106e-05,0.6711677572767554,1.2095643763202312e-05,2.3265150986933783e-16,1.0,2.3265150986933783e-16,1.0,1.0,1.0,0.08470395641182325,0.2932768279723933,-12.160286994866444,-0.876230609570017,7.457133125732284,-2.4064397065599117,-2.141905536452805,-86.0503690141494,52.794700522590205,7.141961215003641,-3.1976486595521125,363.15,9.0,0.2
183,0.0006421729582621031,0.170268792900935,0.00010934201443691084,5.627590464608396e-08,0.6751429766770034,3.799428177794832e-08,0.9894409737069787,1.000932720400538,0.9903638454882835,0.004273871216801842,1.0488226738114421,0.004482533037131869,0.07938784353331642,0.6472705892111075,0.05138541626000891,0.1999927997481965,0.6833790386917985,0.1366708872372039,0.2921658826147201,0.6661250864219795,0.19461902380628435,0.011480711943117148,0.5839717175322645,0.006704411071915302,0.004406692919474101,1.0,0.004406692919474101,2.0237749470519513e-05,0.6684464439538629,1.3527851667197948e-05,2.586125567125269e-16,1.0,2.586125567125269e-16,1.0,1.0,1.0,0.08430388770838036,0.2928081118488869,-12.117571956513434,-0.8851746322581328,7.420281760729293,-2.3329477590158003,-2.06133167568459,-84.92427193892283,52.26794941841169,7.10847433163431,-3.2048870534388065,368.15,9.0,0.2
184,0.0005904300226335617,0.16559487215334767,9.77721841135028e-05,6.101518699118536e-08,0.6707491091485202,4.092588231886798e-08,0.9894484545911985,1.0009403393539311,0.9903788719117368,0.004812460203743584,1.0487471374989445,0.00504705386300367,0.07847922856024307,0.6462036242691656,0.05071356192547729,0.19999086815418998,0.6800979230955326,0.1360133740697371,0.2917421060957662,0.6634191257898358,0.19354729298213869,0.012068460992316999,0.5804388638990207,0.007005003787390128,0.004239745112695524,1.0,0.004239745112695524,2.274935893599439e-05,0.6657162927133471,1.5144618892475431e-05,2.8769439219282934e-16,1.0,2.8769439219282934e-16,1.0,1.0,1.0,0.08388211878662022,0.2923325971335867,-12.081300119195221,-0.8945109598991189,7.388001948884009,-2.264248713483771,-1.9832738286708536,-83.83679893539866,51.76030372786191,7.078233616381437,-3.212184801233139,373.15,9.0,0.2
185,0.0005409283107442949,0.16224677459148984,8.7763873703485e-05,6.550173424613319e-08,0.6657068249333709,4.3604951532622794e-08,0.9894562268865861,1.0009511824033068,0.990397380238443,0.005373847410836089,1.0486686166317576,0.0056353851303116344,0.07752888142572253,0.6444878173638471,0.04996641957272443,0.1999888557907492,0.6761202684057046,0.13521651885539113,0.2913015529117543,0.6600085987635458,0.19226152975493185,0.01267638141556763,0.5763551478208768,0.0073060976846032934,0.004069278185996515,1.0,0.004069278185996515,2.564315996054679e-05,0.6623305898416285,1.698424926207219e-05,3.202078526729063e-16,1.0,3.202078526729063e-16,1.0,1.0,1.0,0.08344365714730292,0.2918425467242328,-12.051724452303244,-0.9042777505964252,7.360464191896655,-2.2008240697029753,-1.9076314588391141,-82.78702121323334,51.27173126244298,7.051438697304215,-3.2204130734662737,378.15,9.0,0.2
186,0.0004975577091347394,0.15891142709616538,7.906760562130017e-05,6.964088873352259e-08,0.6607176915103227,4.6012967238740275e-08,0.9894644233007266,1.0009622284255926,0.990416514094939,0.005961495410034192,1.0485857725629422,0.006251139270161137,0.07652194857353295,0.6427760096262647,0.04918647275292174,0.19998675021567705,0.6721380806074655,0.1344187104368898,0.2908367090331924,0.6565900025531918,0.19096047552666573,0.013304035838580999,0.5723110326455556,0.007614046489131772,0.003903224378168207,1.0,0.003903224378168207,2.8928628020809597e-05,0.6589628177577341,1.906289023445803e-05,3.5660641117986903e-16,1.0,3.5660641117986903e-16,1.0,1.0,1.0,0.08298100169270188,0.29133433638321604,-12.028043397200022,-0.9144339956759773,7.33711975947896,-2.1418077793259225,-1.8343117668839326,-81.77274034355428,50.80087077727267,7.027616059694534,-3.228692928705772,383.15,9.0,0.2
187,0.0004642085580463998,0.1539204999775409,7.145121334835515e-05,7.338886544015193e-08,0.655779357287451,4.8126903010398e-08,0.9894729467837117,1.0009735492943468,0.9904362474728282,0.0065738929632055704,1.048499578631085,0.006892724001886894,0.07546150035065798,0.6410544878743131,0.04837493346151834,0.19998455701810616,0.668141281487321,0.13361793820375167,0.29035302971822424,0.6531677918426962,0.1896492472758893,0.013945982939195314,0.5682936161272925,0.007925413074964829,0.00374157836229246,1.0,0.00374157836229246,3.264568303753494e-05,0.6555996110011284,2.1402497100274043e-05,3.971839993150238e-16,1.0,3.971839993150238e-16,1.0,1.0,1.0,0.08249960187190994,0.2908173116651362,-12.009785619222367,-0.9249609384856842,7.317612084484486,-2.0868734839436485,-1.76322564629102,-80.79236995756304,50.346924943958506,7.006565986009227,-3.237023357564603,388.15,9.0,0.2
188,0.00042586090513920726,0.15217563544677015,6.480565385149557e-05,7.664285201166032e-08,0.6508966439185516,4.9886575154735855e-08,0.9894819521582928,1.0009848869675435,0.9904564800375931,0.007204515587318963,1.0484084518435999,0.007553275033184156,0.07436017148155487,0.6393644997369152,0.047543253839655554,0.19998229996912714,0.6641769028268977,0.13282362461369446,0.28984162996235663,0.6497318777732757,0.1883193464923089,0.014610646285704585,0.5643408340438911,0.008245384310794806,0.003584838189699616,1.0,0.003584838189699616,3.6867058543677215e-05,0.6522829263304021,2.404775283206401e-05,4.426079791284961e-16,1.0,4.426079791284961e-16,1.0,1.0,1.0,0.08199054797401305,0.2902675675103479,-11.996997789835335,-0.935878361252599,7.302016310501689,-2.0360310443278204,-1.6942886399229404,-79.84472717619921,49.90945275600067,6.988259198338321,-3.24539750293472,393.15,9.0,0.2
189,0.0003996956001543242,0.14740194437646506,5.8915908621465496e-05,7.943275098924202e-08,0.6460612440588688,5.131842192312807e-08,0.989491159890313,1.0009965495883226,0.9904772368983505,0.007855119700092308,1.0483152147544086,0.008234641495323854,0.07321486164192734,0.6376540433913356,0.04668575256231217,0.199979972841561,0.6601941126572854,0.1320256007193624,0.28931834023654995,0.6462961098288322,0.18698531779701671,0.015282573049022308,0.5604041797325224,0.0085644178137397,0.0034326166266553802,1.0,0.0034326166266553802,4.162093648171338e-05,0.6489607965532084,2.70103560924632e-05,4.929626399189812e-16,1.0,4.929626399189812e-16,1.0,1.0,1.0,0.08146967694217397,0.2897181152694553,-11.988915289731569,-0.9471421382385363,7.289726706946658,-1.9887605214228055,-1.6274205591723072,-78.92816188865831,49.48750218982993,6.972403615541366,-3.253819551764695,398.15,9.0,0.2
190,0.0003734659600225583,0.14373427611941245,5.3679859419083844e-05,8.176835867031756e-08,0.6405381444536142,5.2375752737702744e-08,0.9895004164810909,1.0010117134967298,0.9905015074074645,0.008511062677950591,1.0482213786206946,0.00892147785380851,0.07206088553463659,0.6352310890040087,0.04577531479276041,0.19997762890794565,0.6554840417413546,0.13108214445443295,0.28879164130569474,0.6421164924773962,0.18543787577200305,0.015959227232947727,0.5558761765828639,0.008871354215468105,0.003279050961326614,1.0,0.003279050961326614,4.7049478478346025e-05,0.6449318342009746,3.034370645323899e-05,5.484290101234764e-16,1.0,5.484290101234764e-16,1.0,1.0,1.0,0.08094541417260974,0.28916518903407595,-11.985743095112529,-0.958782670798169,7.280869722355357,-1.9454819278972302,-1.5625439678644508,-78.0420221596855,49.081081021528156,6.959180176059505,-3.263253375372181,403.15,9.0,0.2
191,0.0003496560385290381,0.1402187482744205,4.902833204913427e-05,8.357736922153818e-08,0.635076196148236,5.30779977292912e-08,0.9895099034969554,1.0010270175561262,0.9905261475398077,0.009178206764393277,1.0481251134133078,0.009619909005860489,0.0708796460282363,0.6328180214590609,0.044853917361307075,0.19997524708624395,0.6507980461130987,0.1301435000747117,0.2882512604240689,0.63794204157355,0.18388759756107953,0.016643974802524268,0.551396282306313,0.00917742582891183,0.0031310155012685,1.0,0.0031310155012685,5.3164007375539566e-05,0.6409320448056829,3.4074515957268954e-05,6.097629074231899e-16,1.0,6.097629074231899e-16,1.0,1.0,1.0,0.08040750883115863,0.28860100003996714,-11.986915880027269,-0.9707687902594296,7.275085468466258,-1.9054785100017295,-1.4995879198207398,-77.18457348990177,48.6890707667837,6.948200211508874,-3.2727273641235004,408.15,9.0,0.2
192,0.00033187374195687853,0.13520891297018486,4.487228789333714e-05,8.487056546095153e-08,0.6296722739027124,5.344064194120628e-08,0.9895195246147965,1.0010425253906816,0.9905511238437827,0.009854949988617029,1.0480273797611066,0.010328257414247047,0.0696745193427445,0.6304030788262934,0.04392303150940828,0.19997283337908078,0.6461263710284304,0.12920772113549844,0.28770258598598275,0.6337764798025711,0.18233913217629263,0.017331542183407968,0.5469530144395385,0.009479539242101008,0.002988404672489235,1.0,0.002988404672489235,6.002846740115175e-05,0.6369498393454481,3.8235122667317055e-05,6.773174997947386e-16,1.0,6.773174997947386e-16,1.0,1.0,1.0,0.07986134307331841,0.28803454459850497,-11.992105617430104,-0.9830865377389342,7.272128333656591,-1.868517397150963,-1.43848367246199,-76.35461573405024,48.31085412232066,6.9393195618189845,-3.2822420424245937,413.15,9.0,0.2
193,0.00030928746152351563,0.13311047041552454,4.1169399497018615e-05,8.56196578470784e-08,0.6243293216488572,5.345486290347364e-08,0.9895293761882158,1.0010580439969892,0.990576341804536,0.010535955180452547,1.0479271820454328,0.011040913822408616,0.06845606401108868,0.6280163758770239,0.042991529227049484,0.1999704073731002,0.6415024165346711,0.1282814995652664,0.28714002810273925,0.629612716914267,0.18078701322860463,0.018027325824249773,0.5425731293911682,0.009781142587017422,0.0028514420847714334,1.0,0.0028514420847714334,6.77415909113798e-05,0.6330154385634406,4.2881472879752274e-05,7.517962576164879e-16,1.0,7.517962576164879e-16,1.0,1.0,1.0,0.07930130665306474,0.28744940118392065,-12.001291499583454,-0.9957461425615324,7.272012779957949,-1.8345496039251492,-1.3791658610563997,-75.55117963187196,47.94601090967922,6.932486934307783,-3.291793162793243,418.15,9.0,0.2
194,0.0002947609039778014,0.12835891218784606,3.783518899009672e-05,8.58840255879991e-08,0.619039924043472,5.316564067654255e-08,0.9895392419461145,1.0010738059664601,0.9906018150881627,0.011222290676438174,1.0478266963882061,0.011759015765400381,0.06722256405396308,0.6256193450844314,0.04205573649833662,0.19996796541335088,0.6368880512712994,0.12735720780879564,0.2865757990395558,0.6254610009686087,0.17924198612065945,0.018719476296450478,0.538220625448253,0.010075208240339324,0.002719759271695532,1.0,0.002719759271695532,7.635735186132405e-05,0.6290903918342332,4.803567640186474e-05,8.333331974174829e-16,1.0,8.333331974174829e-16,1.0,1.0,1.0,0.07873961563437906,0.2868706458275592,-12.014003784388548,-1.0087200580410476,7.27436894825716,-1.8032635538019184,-1.3215722233956233,-74.77307709307209,47.59387049608593,6.927520496340781,-3.3013862187673944,423.15,9.0,0.2
195,0.00027947104208686074,0.12457769584050182,3.4815858477325006e-05,8.575902936710724e-08,0.6129922871320769,5.256962355397001e-08,0.9895488768064505,1.0010935165283799,0.9906309648588781,0.01189723457348622,1.04772833904506,0.012465069818908178,0.06601306983777627,0.6224176787963142,0.041087701698647686,0.19996556858933692,0.6314808213196488,0.12627442148844506,0.2860234677257372,0.6204987284323589,0.17747719802563378,0.019399864890075443,0.5332113809044972,0.010344228747397799,0.00258801011139174,1.0,0.00258801011139174,8.610808340418244e-05,0.6243787797811803,5.376406004519957e-05,9.215854371081957e-16,1.0,9.215854371081957e-16,1.0,1.0,1.0,0.07818977545334936,0.2863030245268534,-12.030387345940373,-1.0220310875373166,7.279265132911552,-1.775047168239056,-1.2656419663058105,-74.01986025387768,47.25447553754301,6.924590126778603,-3.3121332204534215,428.15,9.0,0.2
196,0.0002685377536743125,0.11950187360200247,3.2090764696953335e-05,8.519045504493787e-08,0.6070122276294406,5.171164788959346e-08,0.9895584872183427,1.0011133816897326,0.9906602435189312,0.012571580679225518,1.0476300393998075,0.013170365562294893,0.06480008291581489,0.6192228345930285,0.04012569102499417,0.19996317793760754,0.62610912308325,0.12519876998745533,0.2854714089034614,0.6155612149141,0.17572512728785453,0.020074183708701024,0.5282487241454699,0.010604161932383092,0.0024620677418493828,1.0,0.0024620677418493828,9.697402444444625e-05,0.6196974619171558,6.0094556820115594e-05,1.017619001222257e-15,1.0,1.017619001222257e-15,1.0,1.0,1.0,0.07764020134871473,0.2857400318475908,-12.04996596754047,-1.0356492289162114,7.286411622391263,-1.7492394353957288,-1.2113201405424634,-73.29007019469401,46.9268232086477,6.923338411529707,-3.3229215595728165,433.15,9.0,0.2
197,0.00025318866421908105,0.11705836920331075,2.9637852134250275e-05,8.41857581455688e-08,0.6011018877192644,5.0604218140378834e-08,0.9895681512351591,1.0011332394993335,0.9906895689514212,0.013241248092098127,1.0475309832724387,0.01387061763366985,0.06359186980903354,0.6160594442595066,0.0391763719739761,0.19996080860828339,0.6207993332101831,0.12413553665219138,0.2849150515638427,0.6106428924329006,0.17398135118461394,0.02074700110098004,0.5233539263132506,0.010858024485423237,0.002341958159364221,1.0,0.002341958159364221,0.00010907890286577929,0.615070748841682,6.709124246848394e-05,1.1220795878409699e-15,1.0,1.1220795878409699e-15,1.0,1.0,1.0,0.07708630656535076,0.28516832441381995,-12.072711431838275,-1.0495815385331424,7.295813280813595,-1.7257879512702607,-1.1585529038988425,-72.58289178776081,46.610530634131166,6.92371374427026,-3.3337502086046804,438.15,9.0,0.2
198,0.00024411496298379188,0.11229183839591578,2.741211797340092e-05,8.281177683520725e-08,0.5952543585697935,4.929407110206621e-08,0.9895776904819303,1.001153287587398,0.9907189581491292,0.013907346878557733,1.047432959316989,0.014567013497255617,0.06238667674788822,0.6128955239532691,0.03823651493310017,0.1999584568649594,0.6155193083782479,0.12307829107390152,0.28436443930963046,0.6057520575688168,0.1722543442112116,0.021408662766033655,0.5184971091096178,0.011100329754091164,0.0022272863067990985,1.0,0.0022272863067990985,0.00012249581655838208,0.6104667075012887,7.477961781707737e-05,1.234994078704312e-15,1.0,1.234994078704312e-15,1.0,1.0,1.0,0.07653813858942975,0.2846086370843911,-12.098285176103877,-1.0638076719558143,7.307205312822139,-1.704476093678666,-1.1072888456796104,-71.89737831182799,46.305057816141826,6.925582183531243,-3.3446273831372766,443.15,9.0,0.2
199,0.00023302194067368806,0.10899650800776807,2.5398577822625274e-05,8.108484127558902e-08,0.5894717730979523,4.779722515808742e-08,0.9895871819933066,1.0011733712498512,0.9907483351418788,0.014566268013406497,1.0473351624591936,0.01525576467624524,0.06119187417304727,0.6097544682589174,0.03731201869815302,0.19995613618760796,0.6102937016835813,0.12203197052828157,0.28381505285737424,0.6008835157454259,0.1705397867824129,0.02206372284858452,0.513698377714723,0.011334098633665139,0.0021180380863780497,1.0,0.0021180380863780497,0.00013735685162838694,0.6059083092721997,8.322565773710831e-05,1.3569410620690598e-15,1.0,1.3569410620690598e-15,1.0,1.0,1.0,0.07599116412712746,0.2840481558828891,-12.126666136434492,-1.078334173997897,7.3205973153860135,-1.6852590390806104,-1.0574789294618427,-71.23278502042088,46.010042130686514,6.928895107819507,-3.355554053539018,448.15,9.0,0.2
200,0.0002266453203682773,0.10389715631317725,2.3547804277953055e-05,7.917948940461611e-08,0.5828165740252588,4.614711874786764e-08,0.9895961152239985,1.0011982239529975,0.9907818729930533,0.015201940677488094,1.0472426658001524,0.015920120880428403,0.060045235146939546,0.605656219541577,0.03636677012058043,0.1999539057436818,0.6041455773241147,0.12080126782372826,0.2832953916689641,0.5951005910225509,0.16858925501616562,0.022689027320837038,0.5081277016622908,0.011528923305489847,0.0020089592009296044,1.0,0.0020089592009296044,0.00015401199625865138,0.600424473003022,9.247257168974421e-05,1.4859001007933909e-15,1.0,1.4859001007933909e-15,1.0,1.0,1.0,0.07547382114479591,0.28352211616882184,-12.157779048903906,-1.0931626325055133,7.335855409501879,-1.6684453436779965,-1.0090744575851032,-70.58874836108981,45.72548228152069,6.933781618849283,-3.367879521261958,453.15,9.0,0.2
201,0.0002162314871728503,0.10114976605587785,2.187176434144835e-05,7.6994072478055e-08,0.5762445629146672,4.4367415642136934e-08,0.9896049678550738,1.0012230463550689,0.9908153006039669,0.015826959627913997,1.047150671387363,0.016573211400390826,0.05891601875795573,0.6015980918740506,0.03544376446560194,0.19995171993076974,0.5980759728994148,0.11958631943050642,0.28277850857826037,0.5893584812809366,0.16665791235457184,0.023305983988365055,0.5026342998695338,0.011714386944762439,0.001905518768627321,1.0,0.001905518768627321,0.00017239992089666416,0.5950070416632259,0.00010257916691569827,1.6240284500115205e-15,1.0,1.6240284500115205e-15,1.0,1.0,1.0,0.07495920987304258,0.28299481705950563,-12.191427375389502,-1.1082833119995328,7.3529358677686165,-1.6535060223021067,-0.9620325113500426,-69.96409275386588,45.45053470620169,6.939947197403036,-3.3802638442558495,458.15,9.0,0.2
202,0.00021099783986601664,0.09641921739958553,2.0344246592884394e-05,7.458997493996881e-08,0.5697490923452327,4.249757052010082e-08,0.9896135904326749,1.001248015074039,0.9908486431110088,0.01644263988832544,1.0470606731427852,0.017216441589714443,0.057802090479362335,0.5975524881095492,0.03453978298387625,0.19994957431350507,0.5920566471829741,0.11838147457371674,0.2822727968710625,0.5836638302325966,0.16475242179223204,0.023906606291311996,0.49719240206760673,0.011886183007261969,0.0018073032316358903,1.0,0.0018073032316358903,0.00019260469712596907,0.5896283821533614,0.00011356519596152334,1.7710462124621159e-15,1.0,1.7710462124621159e-15,1.0,1.0,1.0,0.07445572820755379,0.28248386930090347,-12.227348931417417,-1.1236796642272564,7.371635896770218,-1.6402835846988775,-0.9163102501624861,-69.35803736116821,45.184732090601656,6.9472834487035735,-3.3927198040069753,463.15,9.0,0.2
203,0.0002061514437693627,0.09194512210170923,1.895461966881768e-05,7.199526292982108e-08,0.5633307144810709,4.0557142905508624e-08,0.9896220240064043,1.0012730377770787,0.9908818502279935,0.017046978880205024,1.0469722296533255,0.017847713487061403,0.05670776109298899,0.593532785518897,0.03365791540206188,0.19994747660405712,0.5861011248605636,0.11718944095066912,0.28177577983162727,0.5780137207915287,0.16287026692941348,0.024493547129220233,0.4918128938500838,0.012046242294275212,0.001714148285379253,1.0,0.001714148285379253,0.00021476411308515056,0.5843012607013394,0.00012548694202905856,1.9271173472213366e-15,1.0,1.9271173472213366e-15,1.0,1.0,1.0,0.07396089141696337,0.28198200327065964,-12.265486606884853,-1.1393531500363094,7.391932646970488,-1.62872362530362,-0.8718667189755032,-68.76992541480303,44.92770924460049,6.955731574410079,-3.4052549735532174,468.15,9.0,0.2
204,0.00019761630122872308,0.08952839201421857,1.769226968480504e-05,6.924047129849677e-08,0.5569898268225244,3.8566238117659645e-08,0.9896303027715708,1.0012980322048763,0.9909148747754899,0.017638322714938676,1.0468849690258015,0.018465294929095665,0.055636666724334684,0.5895504027311744,0.03280061927395164,0.19994543326133055,0.5802207336076001,0.11601248596837865,0.2812853704122313,0.5724058168556262,0.16100938222035066,0.025069090237590207,0.4865048248780555,0.012196233355890993,0.0016258671908727159,1.0,0.0016258671908727159,0.0002390168269896719,0.5790364264988361,0.0001383994493731901,2.0923072698578023e-15,1.0,2.0923072698578023e-15,1.0,1.0,1.0,0.07347260574050207,0.28148305595393125,-12.305770455433459,-1.1553037985295853,7.413792721632295,-1.6187661066109533,-0.8286627114605631,-68.19911320534267,44.67909232931031,6.9652275797779035,-3.4178787397319326,473.15,9.0,0.2
205,0.01672429814862546,0.20480150604293282,0.003425161448349527,4.83969152452515e-10,0.7327034899125274,3.546058870119655e-10,0.989130206826827,1.0010614787144925,0.9901801474872352,5.120712758383266e-05,1.051994793353078,5.386963160075878e-05,0.07115095431679247,0.6346986871635222,0.04515941729529992,0.20000796052114203,0.698296121788397,0.1396647831587203,0.30993085073138416,0.6900930147728265,0.2138811151523278,0.005318180677933657,0.6241054819733834,0.0033191057152233204,0.006807530884262039,1.0,0.006807530884262039,5.159402234225037e-06,0.6885243938779126,3.552374296092144e-06,1.000039802605713e-16,1.0,1.000039802605713e-16,1.0,1.0,1.0,0.08792645959300176,0.3266551493639789,-14.788496488243108,-0.8015189127295569,9.450254058708058,-5.097920282669885,-4.1801486735287705,-115.7579349080433,66.8737014326899,8.655478057798275,-3.0988342182644093,273.15,9.5,0.2
206,0.015446006365783268,0.20421741969631582,0.0031543435646331276,6.251362312932081e-10,0.7306883421799674,4.5677975648026674e-10,0.9891497779830807,1.0010420261673714,0.9901804979351886,5.7761191209558235e-05,1.0517960112739433,6.0752990520644866e-05,0.07131109348334123,0.6365573150094617,0.04539359819814441,0.20000794157886218,0.6999660624208776,0.1399987713198611,0.30881923115320686,0.6904659369032335,0.21322915977193527,0.0066017275901607995,0.6229781579816474,0.004112732093614995,0.006635573048998612,1.0,0.006635573048998612,6.456394412309362e-06,0.6886794811114794,4.446386353720263e-06,1.0000397078943106e-16,1.0,1.0000397078943106e-16,1.0,1.0,1.0,0.08681486104033405,0.32426523814412633,-14.632498253126414,-0.8075809992083843,9.3402931513553,-4.9623495764412455,-4.028191675509573,-113.58025374949678,65.90039257783617,8.561518912367466,-3.1013792778732614,278.15,9.5,0.2
207,0.014069218994507962,0.20369685093200446,0.002865855604254015,8.050343871339244e-10,0.7287847927300332,5.866968189679471e-10,0.9891711028375327,1.0010231427765206,0.990183166106144,6.631854001451781e-05,1.0515794632165087,6.973921470976924e-05,0.07146814288687073,0.6385245046904924,0.045634160537988466,0.20000791597697554,0.7015267341286882,0.1403109000952127,0.30760802211674065,0.690670725971189,0.21245585594993086,0.007985617645053148,0.6219712863286533,0.004966824878822497,0.0064628508059351815,1.0,0.0064628508059351815,7.908423859736705e-06,0.6889390201283045,5.448421784686313e-06,1.1268881413660333e-16,1.0,1.1268881413660333e-16,1.0,1.0,1.0,0.0856036804213932,0.32167724191628305,-14.479852479293235,-0.8135219031920105,9.231586266493762,-4.825584143358528,-3.882084187261157,-111.484384762627,64.95560849625929,8.469752935065795,-3.1045729001396234,283.15,9.5,0.2
208,0.01263956144590722,0.20328143276921623,0.0025693881602985667,1.0342984351683902e-09,0.7269541278197356,7.518875168431536e-10,0.9891934334632635,1.0010050229482277,0.9901875955641302,7.740473536581488e-05,1.0513527508099791,8.137968145256794e-05,0.07161842367437166,0.6405662367858016,0.04587634413762342,0.20000788172890294,0.7029654163086979,0.14059862384457905,0.3063396935363926,0.6907168081335316,0.21159397532406138,0.00942477656108726,0.6210514713536046,0.0058532713504422075,0.006291965323361411,1.0,0.006291965323361411,9.489714514888603e-06,0.689272374631005,6.540998058247588e-06,1.3512260886010402e-16,1.0,1.3512260886010402e-16,1.0,1.0,1.0,0.08433538985564469,0.3189792560165984,-14.33010136952006,-0.8193254280658302,9.123847125456509,-4.687627389193475,-3.7415203105424113,-109.46573949079249,64.03820508773124,8.379998647989321,-3.1082468214300794,288.15,9.5,0.2
209,0.011210961875346048,0.20280795338017127,0.0022736722333620584,1.3266605799310143e-09,0.7251543257810218,9.620336583801347e-10,0.9892158616849142,1.0009880680418977,0.9901932742643832,9.172841782071413e-05,1.0511250946877622,9.641804186735672e-05,0.07175886611379792,0.6426131097672093,0.0461131881067565,0.2000078361521321,0.7042304075001754,0.1408515999566443,0.30506580949851003,0.6906206207776346,0.21068473873389262,0.010866020382165453,0.6201502591379284,0.006738565355797917,0.006124532151596317,1.0,0.006124532151596317,1.1164426383013237e-05,0.6896120524247044,7.699122992134276e-06,1.587225406958412e-16,1.0,1.587225406958412e-16,1.0,1.0,1.0,0.08306155640696468,0.31627677270051663,-14.182822614373105,-0.8249756247064898,9.016809733166918,-4.5485122860738265,-3.606214927089526,-107.52006132944705,63.147051842827835,8.292090210058296,-3.1122747681126475,293.15,9.5,0.2
210,0.00982895445965293,0.20231674176055586,0.001988562041189865,1.6980412684202502e-09,0.7233431892260263,1.228266586536509e-09,0.9892376212914274,1.0009724574726215,0.9901996128084506,0.00011013050859266697,1.0509042666313164,0.00011573662136631054,0.07188659694893382,0.6446284778968204,0.04634014757237342,0.2000077761039974,0.7053035409900171,0.1410661927116879,0.30382986835662973,0.6903941485591226,0.20976236327090572,0.012264686789163709,0.6192307399173443,0.007594671075308322,0.0059617101958477055,1.0,0.0059617101958477055,1.2901293270246328e-05,0.6899246542081741,8.900920298312933e-06,1.830236192255414e-16,1.0,1.830236192255414e-16,1.0,1.0,1.0,0.08182568191717941,0.3136588245143239,-14.038218322368758,-0.8304918082431721,8.910707362432186,-4.4087301770848635,-3.4759021065001763,-105.64384251916917,62.281495185207525,8.206098885427231,-3.116546016414349,298.15,9.5,0.2
211,0.008551450989551408,0.20100053507427104,0.001718846224561237,2.1709303271410617e-09,0.7207727554862136,1.564747433862049e-09,0.9892575460409914,1.0009615765772564,0.9902087929261385,0.00013364365892376326,1.0507020823995632,0.00014041967073069494,0.07200885058772477,0.6459300062558921,0.046512677310608666,0.20000769777670907,0.7054636267440885,0.14109815585029276,0.30269804473410095,0.6893892157973188,0.2086767676826236,0.01356392037507497,0.6176367868511681,0.008377576197566391,0.00579417410839918,1.0,0.00579417410839918,1.4676186419696979e-05,0.6894908038415748,1.0119095571845665e-05,2.072889349251801e-16,1.0,2.072889349251801e-16,1.0,1.0,1.0,0.08069394523619994,0.3112494978945827,-13.896319455502663,-0.8358838011463934,8.805555752003754,-4.26890944420695,-3.350332338416629,-103.83398584692502,61.44105762992673,8.122176864612127,-3.1217800094992265,303.15,9.5,0.2
212,0.0073825526862787046,0.1996434228306767,0.0014738780875164874,2.763619993891676e-09,0.7181406240159732,1.9846677869563916e-09,0.9892757754535546,1.0009522272945937,0.9902177908488219,0.00016348290127562963,1.0505171198302872,0.0001717415865895735,0.07211241222925639,0.6471341714360557,0.04666640613823512,0.20000759673520846,0.7053982084427132,0.14108500041194869,0.3016624351608916,0.6882887031479757,0.2076308462853504,0.014760850315875526,0.6159628115032635,0.009092134860745522,0.0056326910418920935,1.0,0.0056326910418920935,1.647327161385249e-05,0.6889702225343084,1.1349593609664066e-05,2.3158591022849103e-16,1.0,2.3158591022849103e-16,1.0,1.0,1.0,0.07965844781681072,0.3090449906107903,-13.758150921761631,-0.8412223221531745,8.702312179261739,-4.129846579063995,-3.2292746374580257,-102.08781699640085,60.62547076846641,8.040570499710727,-3.127107738328469,308.15,9.5,0.2
213,0.006380757547797942,0.19620270986436622,0.001251921921865465,3.509712866909313e-09,0.7154251961182857,2.510937016127468e-09,0.9892913091154975,1.000945405562706,0.990226590622272,0.00020167992847795074,1.0503595121347433,0.0002118364312834703,0.07219356049787311,0.6480598113484042,0.04678574519682126,0.20000746544550266,0.7049292673736035,0.14099111608574952,0.3007798395895743,0.6871438338494784,0.2066790121202112,0.015799068735793845,0.61403274872063,0.00970114560306566,0.005476856788149007,1.0,0.005476856788149007,1.8233324521630823e-05,0.6881772602159183,1.2547759313923626e-05,2.5507498410612284e-16,1.0,2.5507498410612284e-16,1.0,1.0,1.0,0.07877599797414901,0.30716060064708517,-13.62265289779997,-0.8464526211030388,8.60016418091167,-3.991031301298889,-3.112511666253775,-100.40159084956866,59.83321140749278,7.960886580327612,-3.1325048494943286,313.15,9.5,0.2
214,0.005456489636555488,0.19474010492985355,0.0010625973643714737,4.4132067584930415e-09,0.7126331833594385,3.1449975811282874e-09,0.9893057428753715,1.000938975588059,0.9902346768170581,0.00024891168449207445,1.0502130674504169,0.00026141030369467196,0.07225057385996582,0.6490504407667691,0.04689426680946283,0.20000730183870413,0.704431536773069,0.14089145100007341,0.29995963519652835,0.685886308657209,0.20573820693110983,0.016768725529486685,0.6121772129676692,0.01026543165966096,0.005327140944772337,1.0,0.005327140944772337,2.005910846745698e-05,0.6874655178431104,1.3789945390051425e-05,2.7922265335591013e-16,1.0,2.7922265335591013e-16,1.0,1.0,1.0,0.07795597518101338,0.3054161292462906,-13.493780939273018,-0.85183235171393,8.502379684241935,-3.855652336047471,-2.999840109926216,-98.77547915371865,59.066505179183025,7.884593229048333,-3.1379000925868423,318.15,9.5,0.2
215,0.00462394662325939,0.1932496867581117,0.0008935762365311056,5.497733351587204e-09,0.7097894524628395,3.902233145409778e-09,0.9893188471094998,1.0009337352816103,0.9902426090218079,0.00030716940493828607,1.0500801080684874,0.00032255248193292834,0.07228030615307175,0.649953712591889,0.04697885333146735,0.20000709871595299,0.7037508368636534,0.14075516310002326,0.2992148567350449,0.6845647974513087,0.20483195779524835,0.0176576201655174,0.6102499523280829,0.010775561864234387,0.005182697698168609,1.0,0.005182697698168609,2.1943951717272024e-05,0.6866743237906436,1.5068348206752295e-05,3.039043038716618e-16,1.0,3.039043038716618e-16,1.0,1.0,1.0,0.07721142218126943,0.30389793807290627,-13.370235504205207,-0.8572979088084892,8.407975008905572,-3.7229309186738617,-2.891069254095188,-97.20588699027927,58.32366001402529,7.811186274104934,-3.1432648277523167,323.15,9.5,0.2
216,0.003950386672454387,0.1926157402422946,0.000760906653158097,6.810290026231757e-09,0.7061443960183663,4.809048137283331e-09,0.9893293303874371,1.0009326508634564,0.9902520292416657,0.00037936212205686495,1.0499737105404805,0.0003983202549345571,0.07228589029359507,0.6501419338317898,0.04699608850423048,0.20000684545671724,0.7022265408657447,0.1404501152345401,0.2986187925297585,0.682536183562169,0.20381813099320453,0.018401440886089887,0.6076575269441613,0.011181774061050557,0.005034533380119849,1.0,0.005034533380119849,2.3849358737608543e-05,0.6851505635270346,1.634040157883091e-05,3.2799786076254815e-16,1.0,3.2799786076254815e-16,1.0,1.0,1.0,0.07661563908810631,0.302569186012503,-13.253387773983818,-0.8629544261777985,8.317940875733035,-3.594495055379955,-2.7860183620306453,-95.69181121594555,57.605442022345215,7.741377168823225,-3.1494956424333553,328.15,9.5,0.2
217,0.003376564869216995,0.19031466903411234,0.0006426098255572434,8.356492221529986e-09,0.702462521427171,5.870122596222502e-09,0.9893384166731971,1.0009331036838385,0.9902615719943577,0.0004675598139468886,1.049881470204407,0.0004908823848750584,0.07225505276698024,0.650160438345883,0.04697737677968479,0.2000065347659383,0.7004511479947779,0.14009480688325895,0.2981019860319365,0.6804853291719009,0.20285402809173972,0.0190614564149532,0.6049197111192485,0.011530650708045636,0.004890824068969904,1.0,0.004890824068969904,2.582070212304707e-05,0.683463575965015,1.7647509406945214e-05,3.5259422586886496e-16,1.0,3.5259422586886496e-16,1.0,1.0,1.0,0.07609917745014412,0.3014785592576458,-13.14185484695664,-0.868730422880805,8.2313528285127,-3.4691017540482014,-2.6845208871532504,-94.22954811365581,56.909785342083865,7.674448110406454,-3.1556978698587232,333.15,9.5,0.2
218,0.0029170399574409743,0.18598814421064827,0.000542534848272755,1.0164537734307918e-08,0.6987282717097655,7.1022498838216615e-09,0.9893458995209149,1.0009350128547756,0.9902709506547865,0.000575078087131549,1.0498054775296721,0.0006037201258779864,0.07218166621962166,0.6500111900283351,0.04691889075764435,0.20000615465193275,0.6984359660549437,0.13969149184125712,0.2976761709278882,0.678421587249782,0.20194994036733532,0.019626434782491414,0.6020376716583016,0.011815853099404633,0.004751048738792372,1.0,0.004751048738792372,2.784552349819367e-05,0.6816169976663665,1.8979982125287024e-05,3.7751160643938544e-16,1.0,3.7751160643938544e-16,1.0,1.0,1.0,0.07567378426419417,0.3005932210498669,-13.03611469714275,-0.874673787720667,8.14860405165483,-3.3473085317075455,-2.586418571703597,-92.81735152151695,56.23647140238762,7.610592002671896,-3.161903468958024,338.15,9.5,0.2
219,0.00250258328346393,0.18375980111083653,0.000459874206432636,1.2212047884820226e-08,0.6949710643397249,8.487019916281207e-09,0.9893530126617514,1.000937172459863,0.9902802070583006,0.0007031318615463789,1.0497332251332616,0.0007381008767150342,0.07206368159256663,0.6498868433712369,0.046833238551903036,0.2000057011140764,0.696388966485586,0.13928176349005666,0.29727127998433,0.6763061971855705,0.20104640889868922,0.020166714477570867,0.5991965465411636,0.012083825670042151,0.004614929692124295,1.0,0.004614929692124295,3.0028445236090768e-05,0.6798055794307819,2.0413504613126186e-05,4.041403667020939e-16,1.0,4.041403667020939e-16,1.0,1.0,1.0,0.07526939673757695,0.2997738754798418,-12.93802597921149,-0.8809283145173382,8.071244778673956,-3.230626631902929,-2.4915626898779815,-91.45457380433498,55.58627566284868,7.550486240729935,-3.1681091658973664,343.15,9.5,0.2
220,0.002154084914966917,0.18146609915789372,0.0003908933867739096,1.4512353510130861e-08,0.6911911399102766,1.0030810165448252e-08,0.9893594368292896,1.0009400793127745,0.990289513168751,0.0008551582062966972,1.0496679481452786,0.0008976321597430511,0.07189491886943591,0.6496973417150174,0.04670993767228937,0.2000051617305227,0.694221361353827,0.1388478556543558,0.2969054465336954,0.6741673517244595,0.20016395860218955,0.020664851528235356,0.596310919677404,0.012322676619799033,0.004481757566598643,1.0,0.004481757566598643,3.2359087921032406e-05,0.6779366216478658,2.1937410744790977e-05,4.3228076124250336e-16,1.0,4.3228076124250336e-16,1.0,1.0,1.0,0.07490416199069953,0.29905954596101575,-12.846803037120655,-0.8874625029436525,7.998663988597313,-3.1186113345894517,-2.3998131303158714,-90.13874496858826,54.958055902835696,7.4938373206652376,-3.17432558537468,348.15,9.5,0.2
221,0.0018857556984680592,0.1765414081480604,0.0003329139664307804,1.7078727480696593e-08,0.6867149745488044,1.1728217907232542e-08,0.98936481122435,1.0009469723205104,0.9903017123154666,0.0010332489893082723,1.0496132879461948,0.0010845118689349381,0.07167949778023959,0.6487613420543425,0.0465028871776895,0.200004529163688,0.6912153958491049,0.13824620979749241,0.29659908487588355,0.6713687720441318,0.19912736340253515,0.021108670701834396,0.5927557316833041,0.012512285546727772,0.004343281479852105,1.0,0.004343281479852105,3.489291191294391e-05,0.6753031377763734,2.356329290096563e-05,4.617316016564019e-16,1.0,4.617316016564019e-16,1.0,1.0,1.0,0.07459850246801593,0.2984848576530791,-12.762394603974423,-0.8942931953534302,7.930767973549681,-3.0116625696680623,-2.311036664299682,-88.86836304648494,54.35155262314838,7.440781532622238,-3.181385790785612,353.15,9.5,0.2
222,0.0016413838663864029,0.17362267525504702,0.0002849814580024799,1.9849494567255576e-08,0.682252549413669,1.3542368273082894e-08,0.989370291969898,1.0009540000000654,0.9903141512285021,0.0012388756432987224,1.0495575357843694,0.0013002712673238826,0.07140655077139145,0.6478500845797841,0.046260739956796595,0.2000037983215004,0.6881969447590638,0.13764200294506454,0.29628658147035847,0.6685418151642699,0.19807996898500976,0.021555796352455303,0.5892487815007009,0.012701726734961541,0.004207482418984092,1.0,0.004207482418984092,3.768814173300741e-05,0.6727048495628338,2.5352995714805523e-05,4.939402331129137e-16,1.0,4.939402331129137e-16,1.0,1.0,1.0,0.07428681028107657,0.2979279851862394,-12.685583657827742,-0.9014963159607047,7.8683053801122895,-2.9101334441297677,-2.2251099619715986,-87.64199327505418,53.76648806588065,7.391434975049019,-3.1884669101051935,358.15,9.5,0.2
223,0.0014227625397838803,0.17229649387650275,0.00024513699722359083,2.279451160134915e-08,0.6778091483515875,1.545032849560083e-08,0.98937587618422,1.0009612439002638,0.9903269077102702,0.001474071467045326,1.0495007176316846,0.0015470390625044591,0.07107240360240633,0.6469438752695079,0.04597985621125928,0.20000296198676543,0.6851502630906863,0.13703208202414885,0.29596808048554857,0.6656963334222173,0.19702486598924138,0.02200643753099093,0.5857719647253268,0.012890754149133725,0.004073995543411466,1.0,0.004073995543411466,4.077508032963855e-05,0.6701212510235712,2.7324247841084e-05,5.291893554972047e-16,1.0,5.291893554972047e-16,1.0,1.0,1.0,0.07396923760923553,0.297390865819844,-12.61607514244909,-0.9090732165380703,7.8110622824326645,-2.8138955271115007,-2.1419154648171657,-86.45782483470099,53.20213648641307,7.345679196915075,-3.1955740574442513,363.15,9.5,0.2
224,0.001262194356981506,0.16757552180647145,0.00021151287799235971,2.5911746181784294e-08,0.6733730792939828,1.744827231631221e-08,0.9893810515660199,1.0009693615290136,0.990340119494943,0.001742573465858892,1.0494480238500048,0.0018287402801590682,0.07067012291052846,0.6459337365561704,0.04564821655448146,0.2000020066222536,0.6819664172303488,0.13639465189505875,0.295672673176306,0.6628604133743642,0.19598971036514948,0.02243204711025179,0.5822231257554046,0.01306045658562329,0.003942254927571161,1.0,0.003942254927571161,4.4133731055250637e-05,0.6674420927146597,2.9456709814822476e-05,5.670913109752437e-16,1.0,5.670913109752437e-16,1.0,1.0,1.0,0.07367489073336886,0.2969348934450336,-12.552875429733986,-0.9169730480803365,7.758247569314452,-2.7223192273168975,-2.061342080134896,-85.31364340722394,52.65730007781217,7.303149661334554,-3.2027177442007275,368.15,9.5,0.2
225,0.0011133927484671285,0.1647897957460426,0.0001834757636050231,2.9106053481649698e-08,0.6689670940883968,1.947099201800067e-08,0.9893866069374534,1.0009775526971376,0.990353784483577,0.002042936470686346,1.0493914513267506,0.0021438400679418945,0.07020257680247528,0.6449476672834688,0.04527698814604498,0.20000093785858206,0.6787833590702406,0.13575730841684677,0.2953555021606429,0.6600056136904612,0.19493628946038946,0.02287734951259132,0.5787242062714268,0.013239675938268424,0.0038124025976228205,1.0,0.0038124025976228205,4.788159611354553e-05,0.6647964640821288,3.183151579089365e-05,6.090261790790738e-16,1.0,6.090261790790738e-16,1.0,1.0,1.0,0.07335890602162876,0.29646892401516356,-12.496865979879681,-0.9252798517629626,7.710611921260223,-2.6360942696621654,-1.9832848299855184,-84.20864449157706,52.13212728141097,7.264145393155971,-3.209897602928915,373.15,9.5,0.2
226,0.0009900746937002945,0.16143890104080721,0.00015983657049928944,3.2352583307532975e-08,0.6638936191548819,2.147867362104787e-08,0.989392137407666,1.0009892101385012,0.990370854140943,0.0023731473755375255,1.0493350750259276,0.0024902267793572522,0.06968089329212532,0.6432747988697497,0.0448239626175564,0.19999976333956884,0.6748613504373515,0.13497211037449214,0.2950394078103756,0.6564618862448502,0.19368212616776276,0.02332650717717229,0.5746365922156171,0.01340426459258342,0.003677448050806548,1.0,0.003677448050806548,5.2126966691796654e-05,0.6614554827684828,3.4479667918379e-05,6.548560540953693e-16,1.0,6.548560540953693e-16,1.0,1.0,1.0,0.07304411536136314,0.29602951485665924,-12.447918161797718,-0.9340053765341098,7.667992541261383,-2.5555087710591633,-1.9076430908287343,-83.14170591458952,51.62639269981993,7.228769415992691,-3.218001635441443,378.15,9.5,0.2
227,0.0008943031556525755,0.15634630764874288,0.0001398209963048992,3.559070303294804e-08,0.658858366641142,2.3449232467898073e-08,0.9893977891066849,1.0010012825952739,0.9903884558927198,0.002736224563363611,1.0492774255095967,0.00287105866546229,0.06909176495177945,0.6415663680723327,0.04432695270382043,0.1999984720760567,0.6708908718937021,0.1341771493085139,0.2947161518460069,0.6529264875951916,0.1924279818623844,0.023780505704648847,0.5705490426598935,0.013567944763755535,0.003544626271018083,1.0,0.003544626271018083,5.6838392919795855e-05,0.65809147049561,3.740486157719575e-05,7.051040175179459e-16,1.0,7.051040175179459e-16,1.0,1.0,1.0,0.07272229267079564,0.2956104905923625,-12.405268130793557,-0.9431125686588484,7.62987136789183,-2.479724887402861,-1.8343240704903763,-82.11065745163121,51.13876327813672,7.19656231012656,-3.2261493549620313,383.15,9.5,0.2
228,0.0007957388997337324,0.15453465229563865,0.00012296923418846642,3.8718772723384134e-08,0.6538758221789017,2.5317269348260846e-08,0.9894040392458826,1.0010132502573126,0.9904065531432347,0.0031288499063859784,1.049213652180417,0.0032828320374035883,0.0684416404366345,0.6399054030816437,0.04379617551117352,0.19999707644564307,0.6669621643176677,0.13339048296339218,0.29435853929922334,0.6493797578981361,0.19115047698537857,0.024266250421124822,0.5665397088131722,0.013747794447571572,0.0034142468311067434,1.0,0.0034142468311067434,6.213291512613559e-05,0.6547880567724487,4.06838907570498e-05,7.609813965880595e-16,1.0,7.609813965880595e-16,1.0,1.0,1.0,0.07236622924275422,0.29515431691772975,-12.369285718709115,-0.9526486558146876,7.596583137949088,-2.4090157097321923,-1.7632386670955817,-81.11451218335158,50.66904112813792,7.167624078098938,-3.2343390158889287,388.15,9.5,0.2
229,0.0007174858056458167,0.15134168408338708,0.00010858551013236366,4.1713640877717414e-08,0.6489353157712922,2.7069454714951822e-08,0.9894104927450507,1.0010255602655511,0.9904251928327293,0.0035519183946053664,1.0491477502183193,0.0037264871926592858,0.0677289181333438,0.6382187516115899,0.043225865579066255,0.1999955732759934,0.6630028873889277,0.13259764254698747,0.2939889639051598,0.6458399705827143,0.18986982380015102,0.02476151749635986,0.5625402918138583,0.013929351278156232,0.0032861347180250643,1.0,0.0032861347180250643,6.802510181193695e-05,0.6514720110771046,4.431644988114735e-05,8.22376536623691e-16,1.0,8.22376536623691e-16,1.0,1.0,1.0,0.07199832233359497,0.29470649142444644,-12.339204028792924,-0.9625736578373323,7.567520492536573,-2.342866710088783,-1.6943023589255606,-80.15156284196019,50.21626098375639,7.141663312216183,-3.242576018651941,393.15,9.5,0.2
230,0.0006567775945874399,0.14656827594415803,9.62627597174322e-05,4.451982417180229e-08,0.6440385372817088,2.8672482439646388e-08,0.9894171670790868,1.0010381717210803,0.9904443520022997,0.004003689933115259,1.0490795291572639,0.0042001891499242345,0.06695702733639915,0.6365110247960422,0.04261888608718802,0.19999396908815437,0.6590213491546119,0.13180029533126122,0.29360635582281713,0.6423073304743734,0.18858551461886267,0.025267264077693766,0.5585553030314476,0.014113164343691854,0.003160413125743845,1.0,0.003160413125743845,7.458465121915545e-05,0.648148357667079,4.834191919486754e-05,8.898327985763216e-16,1.0,8.898327985763216e-16,1.0,1.0,1.0,0.07161749486410185,0.2942631779372287,-12.314810039633565,-0.9728883081632886,7.542534704571206,-2.281136369129081,-1.6274349784496525,-79.22053773636459,49.779849198981516,7.11857712011716,-3.2508604961499583,398.15,9.5,0.2
231,0.0005994254126161745,0.14294241431858165,8.568331568326796e-05,4.7095685811101084e-08,0.638451721503706,3.006832168149517e-08,0.989424025785546,1.0010542935964144,0.9904671692000704,0.004474198288563858,1.0490093044625752,0.004693475634714017,0.0661518509029604,0.6340932661619856,0.04194644320171885,0.19999230067243887,0.6543113236301863,0.13085722696882968,0.29321248365849095,0.6380370156069245,0.1870804180121577,0.025787472568068147,0.5539823410146878,0.014285804422110433,0.0030313902854769907,1.0,0.0030313902854769907,8.205578547694773e-05,0.6441180315170486,5.285361101599682e-05,9.63732137961342e-16,1.0,9.63732137961342e-16,1.0,1.0,1.0,0.07122547460414043,0.29381195616679295,-12.29649221571293,-0.9836406098873965,7.521890812165766,-2.2244241605855075,-1.562559024027801,-78.32096439237378,49.35999314188973,7.098636236240293,-3.260169312320819,403.15,9.5,0.2
232,0.0005554654785961864,0.13779885088803567,7.654250465852725e-05,4.9396478625012484e-08,0.6329219934375765,3.126411772013957e-08,0.989431086133018,1.001070664631781,0.9904904350025253,0.004967708335405098,1.0489369180470993,0.005210812671096709,0.06529821534156953,0.6316641959005513,0.04124654468747356,0.19999055242551633,0.6496002637784145,0.12991391560880625,0.29280645769469066,0.633783513904354,0.18557590565162763,0.026316435397204047,0.5494377801045871,0.01445924384490557,0.0029056383602182405,1.0,0.0029056383602182405,9.037296968711565e-05,0.6400941222647427,5.7847206708332536e-05,1.0446789609280588e-15,1.0,1.0446789609280588e-15,1.0,1.0,1.0,0.0708213891555708,0.2933619725697656,-12.283342781189186,-0.9947751307661464,7.504953822690377,-2.171744012343357,-1.499603578203427,-77.45083899224338,48.95530495235995,7.081317304297,-3.2695250241835634,408.15,9.5,0.2
233,0.0005062885118771761,0.13561809240070546,6.866188218517452e-05,5.135963697806303e-08,0.6274570775083289,3.22259677201441e-08,0.9894385912864084,1.001086958741513,0.9905140702123975,0.005479386242743251,1.0488598831202656,0.00574710841413448,0.06440559570573454,0.6292750253779774,0.04052883287220985,0.1999887422491889,0.6449437700681346,0.12898149339737633,0.29237432974398136,0.6295342236833759,0.18405964670032465,0.02686779544535542,0.5449684817527798,0.01464210169189959,0.0027834914829662884,1.0,0.0027834914829662884,9.967067958507251e-05,0.6361280153824352,6.340331159627073e-05,1.133758223707534e-15,1.0,1.133758223707534e-15,1.0,1.0,1.0,0.07039127046035495,0.29288066961549547,-12.27540760910024,-1.0063110141578822,7.491794032261346,-2.123095059741714,-1.4384999184570173,-76.609193396641,48.565399292921356,7.066592147119333,-3.278924407590043,413.15,9.5,0.2
234,0.0004725498749704904,0.13074178253362936,6.17820129896856e-05,5.2998556963996545e-08,0.6220454514420327,3.2967511292445465e-08,0.9894461738249851,1.0011035646594457,0.9905380916548421,0.006009274037286952,1.0487819089569794,0.006302417896271426,0.06347409330805467,0.6268633099962169,0.03978958023009588,0.19998687011762475,0.6402796412067913,0.12804752144498194,0.2919368984795089,0.625304707671391,0.18254951696222185,0.02742090452974116,0.5405162963848393,0.014821445759937959,0.0026647991217607497,1.0,0.0026647991217607497,0.0001099837727043984,0.632157607228788,6.95270785868074e-05,1.2308295217065895e-15,1.0,1.2308295217065895e-15,1.0,1.0,1.0,0.06995591722031211,0.29240950135303634,-12.272058626865999,-1.0182116682537814,7.481913836379832,-2.0780474264424376,-1.3791826312425812,-75.79467745438924,48.189475191824144,7.054219075380246,-3.2883725561266126,418.15,9.5,0.2
235,0.0004374755895114699,0.1275249791255693,5.578906542039632e-05,5.427135416082111e-08,0.6166938401099946,3.346880980540629e-08,0.9894540431142826,1.0011201847011408,0.9905624143958611,0.006552518217086215,1.0487008488822676,0.006871631416574838,0.06251327444542958,0.6244754779624629,0.03903800693830826,0.19998495403713562,0.6356579192415029,0.12712201976285326,0.2914821227044647,0.6210836336475654,0.18103477591259448,0.027987541255898446,0.5361233504893368,0.015004774390070813,0.0025498528619740204,1.0,0.0025498528619740204,0.00012145605833227365,0.6282293727217776,7.630226333934388e-05,1.3369478082998678e-15,1.0,1.3369478082998678e-15,1.0,1.0,1.0,0.06950326825202727,0.29191965256533026,-12.27331370953987,-1.0304922438538369,7.475359731446676,-2.0365746690565505,-1.3215894975852092,-75.00638820832674,47.82714706296139,7.0441587797785115,-3.2978667020322905,423.15,9.5,0.2
236,0.0004129603736775243,0.12229150834045605,5.05015469818628e-05,5.5240237865688176e-08,0.6105799991509607,3.3728584389130725e-08,0.9894616886856998,1.0011409819392467,0.9905906466020667,0.00709818927376887,1.048621796923878,0.007443315991165311,0.06155070287362407,0.621254648752909,0.03823866029424799,0.19998303449929244,0.6302116686225335,0.12603164186799679,0.29103857632916225,0.6160640317312606,0.17929839872266992,0.028544577751523723,0.5310506107515838,0.015158615448592745,0.0024332718658810993,1.0,0.0024332718658810993,0.00013439569760483852,0.6234846555619198,8.379365523015662e-05,1.4510705507294834e-15,1.0,1.4510705507294834e-15,1.0,1.0,1.0,0.06906185252107046,0.2914515919430776,-12.279097325842816,-1.0431600274402246,7.472001886053326,-1.9989754264460844,-1.265659642265284,-74.2437885120847,47.478368443831094,7.036536579922643,-3.308535166498931,428.15,9.5,0.2
237,0.00038301297746392914,0.11975113755672351,4.586623975029322e-05,5.583893398278707e-08,0.604541054767823,3.3756928047064995e-08,0.9894695779671155,1.0011617106749056,0.9906190553383343,0.00765055632420296,1.0485400402581537,0.008021914636177045,0.06057168051757812,0.6180740525912453,0.03743778404976169,0.19998109597316904,0.6248333719922903,0.12495486253162903,0.2905798219064222,0.6110651652186986,0.1775632068824679,0.02911231380702508,0.5260557965973006,0.015314701430545169,0.0023211687820655514,1.0,0.0023211687820655514,0.0001487614926560289,0.6188024334803365,9.205397366371782e-05,1.575113029316735e-15,1.0,1.575113029316735e-15,1.0,1.0,1.0,0.06860524981924501,0.29096289072282,-12.28901234704608,-1.0561943656640729,7.471637081978578,-1.9645592281437052,-1.2113381973601636,-73.50538998744199,47.14210688776028,7.030980251085995,-3.3192493472608198,433.15,9.5,0.2
238,0.0003636489213743594,0.11484028319984008,4.1761545115947805e-05,5.610340683521731e-08,0.5985669067217434,3.3581642685907575e-08,0.9894774225796491,1.0011826751017083,0.9906476528910365,0.008209622768422683,1.0484584828133876,0.008607448632250693,0.059576477130908495,0.6148857713704436,0.03663272809617227,0.1999791386668373,0.6194749695620994,0.1238820708386939,0.2901221483413542,0.6060988533477304,0.17584270144047492,0.0296746762143159,0.5210942803190258,0.015463304045599055,0.002213328248545419,1.0,0.002213328248545419,0.0001646145899504965,0.6141350982150224,0.00010109559736687388,1.708880591650861e-15,1.0,1.708880591650861e-15,1.0,1.0,1.0,0.06814974882070554,0.29048585336613536,-12.302592367018693,-1.0695670063369862,7.473898063648349,-1.9330093109733655,-1.1585712792804097,-72.79011314746393,46.817715243071135,7.027306048740244,-3.330016230427201,438.15,9.5,0.2
239,0.0003422007697283098,0.1114354137425607,3.813328435769693e-05,5.602776510457761e-08,0.5926621530522052,3.3205535897582186e-08,0.9894853697506237,1.0012036425497104,0.9906763564439715,0.008771331570528961,1.0483756028903977,0.009195650023404878,0.05857326331357734,0.6117251119147877,0.03583073605571244,0.199977177800545,0.6141737348039901,0.12282073016532229,0.2896570186564774,0.601156679300971,0.1741292514717474,0.030240109985303163,0.5161972479261473,0.0156098615513975,0.002109866738822154,1.0,0.002109866738822154,0.00018212204536044105,0.6095175835021162,0.00011100658899055876,1.853241182535912e-15,1.0,1.853241182535912e-15,1.0,1.0,1.0,0.0676867956538346,0.2899992754539709,-12.319807053762014,-1.0832861905663893,7.478789506375754,-1.9042641831241005,-1.1073075210901517,-72.09716640127343,46.504808554766186,7.025457552843418,-3.3408356161008954,443.15,9.5,0.2
240,0.00032662287363252265,0.10686782042922549,3.490547460743806e-05,5.56446926061167e-08,0.5868210422529075,3.265347651096404e-08,0.9894932585118373,1.001224762426954,0.9907051526765868,0.009334860978883034,1.0482930096979908,0.009785669510665625,0.057563931098645195,0.6085681128936614,0.03503157291944326,0.19997521666985205,0.6089058807075644,0.12176608542604227,0.28919346114231903,0.5962449505980837,0.17243014095209086,0.030799746543573033,0.5113419955875177,0.015749203861180387,0.002010629845355359,1.0,0.002010629845355359,0.0002013767276763213,0.6049260466286689,0.0001218180277562551,2.0081806633090823e-15,1.0,2.0081806633090823e-15,1.0,1.0,1.0,0.06722541495116076,0.28952013966064416,-12.340340789244324,-1.0973346707254934,7.486070573986097,-1.878102476575254,-1.057497858905819,-71.42562845791554,46.2028477092932,7.025297897122852,-3.3517138657294003,448.15,9.5,0.2
241,0.00030786029160047724,0.10400448068586694,3.20188497517072e-05,5.502800676495077e-08,0.580112604401402,3.192244031943351e-08,0.9895008292745706,1.001250582707966,0.9907382819011794,0.0098826665819506,1.0482131968161659,0.010359141530934734,0.05658900487849115,0.6044765782646602,0.034206728036352496,0.19997332072713814,0.6027378599351106,0.12053149137919274,0.28874547348892393,0.5904163982844283,0.17048006247826233,0.031344483032995925,0.5057392415385547,0.01585213507552545,0.001910828126876279,1.0,0.001910828126876279,0.00022299929510456387,0.5994305088367666,0.0001336725809347691,2.172014473664333e-15,1.0,2.172014473664333e-15,1.0,1.0,1.0,0.06677953175204222,0.2890533888085312,-12.364473650121877,-1.1117475083683859,7.4959039162951795,-1.8550679387328248,-1.0090935655115287,-70.77537095614463,45.91206666072268,7.027073808450272,-3.3640067789465977,453.15,9.5,0.2
242,0.00029700051126344706,0.09910702562841085,2.943483728143756e-05,5.415751560957362e-08,0.5734835142430695,3.105844237445216e-08,0.9895082309827309,1.0012765845413965,0.9907714218939879,0.010428400355854359,1.0481347253755005,0.010930368543089179,0.05561572633830618,0.6003929587234138,0.03339129048780733,0.19997143971977688,0.596614621566343,0.11930588483249147,0.28830498106593866,0.5846389834894772,0.16855433106534337,0.03187717308483069,0.500186039565125,0.01594451695783346,0.0018156016647600558,1.0,0.0018156016647600558,0.0002466950580136314,0.5939692263358264,0.00014652927274922854,2.3462421854349468e-15,1.0,2.3462421854349468e-15,1.0,1.0,1.0,0.066341127205424,0.2886020357347177,-12.391495185499403,-1.126470830850746,7.507820328554109,-1.8342778875519195,-0.9620517447062228,-70.1448646191157,45.63126810473914,7.030313896671761,-3.3763694987805777,458.15,9.5,0.2
243,0.0002838549046425672,0.09556424475881077,2.7126379583251184e-05,5.304567760077179e-08,0.5669371820342982,3.007356697808149e-08,0.9895155827991323,1.0013025737622427,0.9908044998346168,0.010969075091279819,1.0480563549004782,0.011496208856796357,0.05465029865274949,0.596345749644114,0.032590473318348606,0.1999695850847509,0.5905653765299578,0.11809511331011532,0.2878650239055255,0.5789059706910092,0.16664678109201878,0.03240483247920686,0.4947069118965372,0.01603089460631304,0.0017249130627581576,1.0,0.0017249130627581576,0.0002726509252107117,0.5885699573803957,0.00016047414343099402,2.5313653305611018e-15,1.0,2.5313653305611018e-15,1.0,1.0,1.0,0.06590322864867189,0.2881489318558456,-12.421365605113262,-1.1415095791152552,7.521815057864731,-1.8156723335235636,-0.9163295988375284,-69.5334261099929,45.36008214207626,7.034958474440874,-3.3888065000134144,463.15,9.5,0.2
244,0.0002751176842575096,0.09106534194928001,2.5053685993204152e-05,5.17305347480912e-08,0.5604681357520799,2.8993316371720834e-08,0.989522755043724,1.0013286796190808,0.9908375137609672,0.011504478113010037,1.0479793765847314,0.01205645580080494,0.053693486744277506,0.5923149649540743,0.03180345571919879,0.19996775795589294,0.584569727859477,0.11689509784894613,0.28743284972597294,0.573222241232654,0.16476290232381083,0.03292045249246089,0.4892828345378604,0.016107412309780234,0.0016385251519646868,1.0,0.0016385251519646868,0.0003009688953613112,0.5832126655277442,0.0001755288717046111,2.7269414396876977e-15,1.0,2.7269414396876977e-15,1.0,1.0,1.0,0.06547308254154505,0.2877080191407652,-12.453837080712763,-1.1568492113459523,7.537702105460368,-1.799086552986167,-0.8718861516795784,-68.94028834248557,45.09803330687489,7.040893605547278,-3.4013295318257133,468.15,9.5,0.2
245,0.00026467934783166487,0.08763140145779522,2.3194222187424023e-05,5.0233084375773545e-08,0.554077875976332,2.7833040694668513e-08,0.9895298109290797,1.0013547825962026,0.9908704086953499,0.012032548501938415,1.0479031195080255,0.012608945110812883,0.05274968813265754,0.5883175265441938,0.03103356604818269,0.19996596636442399,0.5786447476956662,0.1157092561546622,0.28700469454014144,0.5675839433229194,0.16289925627928345,0.033427914617752415,0.4839278578396144,0.016176699113014458,0.0015563333583812923,1.0,0.0015563333583812923,0.00033181696272868217,0.5779135972443389,0.00019176153455722337,2.933057099940153e-15,1.0,2.933057099940153e-15,1.0,1.0,1.0,0.06504691598242762,0.2872694241210576,-12.488826709814512,-1.1724896859794565,7.555439345416614,-1.7844436027934185,-0.8286822003258815,-68.36479070152514,44.84473084776214,7.048046839003819,-3.4139474533106617,473.15,9.5,0.2
246,0.03613851551247193,0.19328048925537028,0.006984869959213363,1.5655816110261074e-10,0.7160748103317797,1.1210735551744422e-10,0.9887511225074038,1.001228364213931,0.9899656690027759,1.0401294794242178e-05,1.055855029902667,1.0982259426001026e-05,0.04724359763512769,0.6162696960627744,0.029114797555512148,0.20000814921688662,0.6799272402152486,0.13599098891759734,0.3314763239001268,0.6891036132794828,0.22842153251617756,0.011930823675856737,0.6058882597687184,0.007228745994572265,0.0046872667193025835,1.0,0.0046872667193025835,1.6722503870049502e-05,0.6717925232837167,1.1234053070482273e-05,2.4776596486916655e-16,1.0,2.4776596486916655e-16,1.0,1.0,1.0,0.08339251444239387,0.36761483956915686,-15.461224357165005,-0.8379799627416267,9.950365891813243,-5.78857258933784,-4.1802427542998695,-116.44858721471124,67.56416557781566,9.000710130361153,-3.0818463965785465,273.15,10.0,0.2
247,0.03331549967823854,0.1935525307598088,0.006448299276250666,2.0195371095981687e-10,0.7151671281490036,1.4443065548616642e-10,0.9887984765539597,1.0011967826790167,0.9899818534437376,1.1767672276674003e-05,1.0553718037525486,1.2419269516602311e-05,0.04737248158423302,0.6193800279521766,0.02934156896780622,0.20000815930560395,0.6827936597384275,0.13656430306981973,0.32878357090620836,0.6894724607292851,0.22668721768006486,0.01475104204784491,0.605932637753638,0.00893813781766549,0.004559818899648098,1.0,0.004559818899648098,2.0888814003083156e-05,0.6730599455957861,1.4059424016475655e-05,3.091485413193973e-16,1.0,3.091485413193973e-16,1.0,1.0,1.0,0.08069974893474824,0.36209907078640063,-15.304870056047333,-0.844689815696806,9.840340617739493,-5.651821185964123,-4.028278809987943,-114.26972535901965,66.58968991840231,8.906167582650536,-3.0855858728600833,278.15,10.0,0.2
248,0.030294501922284795,0.19394526351956043,0.005875475158511354,2.596219782813387e-10,0.7144739428840893,1.8549313848203535e-10,0.9888492976107542,1.0011654519090325,0.9900017539124002,1.355131422933539e-05,1.0548534631112507,1.4294650744523193e-05,0.04750188521250533,0.6227045312694949,0.029579639165670475,0.20000816964883544,0.6856441968021517,0.1371344408327443,0.32589377324989827,0.6896312505247781,0.2247465303845658,0.01776917177937843,0.6062121587334408,0.010771887983282337,0.004431504825796831,1.0,0.004431504825796831,2.5543024231307508e-05,0.6745353511116662,1.7229672818318817e-05,3.7697400950854504e-16,1.0,3.7697400950854504e-16,1.0,1.0,1.0,0.07780993844901947,0.35618827543180503,-15.151974451408403,-0.8512837482601301,9.731672150601513,-5.513887646400167,-3.8821637619656366,-112.17268826566864,65.64375284989198,8.813825111882135,-3.090093481006139,283.15,10.0,0.2
249,0.02717991321792924,0.19440319663632996,0.005283862013863481,3.3293067777153437e-10,0.7139181225832409,2.3768524442502003e-10,0.9889017912371629,1.0011350496264857,0.9900242438459378,1.5864862612539337e-05,1.0543183424255773,1.672661565246198e-05,0.04762931000768321,0.6261604112360039,0.029823588341298033,0.20000817952457406,0.6884217910406922,0.1376899891710956,0.3229089351386588,0.6895877248554199,0.2226740379177541,0.020881022106444273,0.606645441719656,0.012667376879321785,0.004304509797717192,1.0,0.004304509797717192,3.05973970293879e-05,0.6761429753212671,2.0688215064536444e-05,4.497522138449651e-16,1.0,4.497522138449651e-16,1.0,1.0,1.0,0.074825088088225,0.3500888486895187,-15.001993175824754,-0.8577409303445105,9.623997778573463,-5.3747352982132615,-3.741591962219842,-110.15284739981229,64.72516969339617,8.723480950821784,-3.0951592389243157,288.15,10.0,0.2
250,0.02408015707610272,0.1948670668579735,0.0046924295788994125,4.26044442237465e-10,0.7134137418423847,3.0394595972778216e-10,0.9889540819731595,1.0011062525971803,0.9900481149948342,1.8851758025091874e-05,1.0537855600803194,1.9865710388970105e-05,0.04775276805760791,0.6296549348283527,0.03006776605918655,0.2000081880406321,0.6910578585961983,0.138217230129065,0.3199356345052196,0.6893543688462872,0.22054902739578208,0.0239784169175636,0.607140092464385,0.014558258264479136,0.004180430441394219,1.0,0.004180430441394219,3.5947763255008566e-05,0.6777969429367035,2.4365284039657152e-05,5.25824595931751e-16,1.0,5.25824595931751e-16,1.0,1.0,1.0,0.07185177689173572,0.34401579200736676,-14.854698222664188,-0.8640567734133255,9.517203625201374,-5.2345664933890275,-3.606278597983606,-108.20611553676225,63.83297870835487,8.635053642821816,-3.100602298278861,293.15,10.0,0.2
251,0.02109350280632324,0.19528182177513242,0.004119177655637671,5.439875512969209e-10,0.7128775443329368,3.8779650971623606e-10,0.9890044649831792,1.0010796381940474,0.9900722319776585,2.2692369310973905e-05,1.0532724545260714,2.390124752318159e-05,0.04787066235159148,0.6330975223961803,0.030306797730256674,0.20000819416878057,0.693483593789074,0.13870240127942884,0.3170707227418718,0.6889480971947022,0.2184452711091616,0.026963372026634756,0.6076048402032412,0.01638307535158395,0.004060397761107378,1.0,0.004060397761107378,4.14891262061615e-05,0.679412436744276,2.8188228334119002e-05,6.036081412527718e-16,1.0,6.036081412527718e-16,1.0,1.0,1.0,0.06898685752722569,0.33816422609218266,-14.710141685388704,-0.8702423546402244,9.411396104019046,-5.093780408347716,-3.4759579784170898,-106.328892750432,62.96643367263656,8.548568129141746,-3.106269901488735,298.15,10.0,0.2
252,0.01834113773546553,0.19481035288203272,0.003573043514504007,6.93930058221189e-10,0.7114995277867744,4.937309087414249e-10,0.9890507036097769,1.001059261127824,0.9900983665735577,2.760725448757365e-05,1.0528017208508997,2.906496503248626e-05,0.04798855180808686,0.6357422070527803,0.03050834783973983,0.20000819682700677,0.6949163935280998,0.13898897481508188,0.3144411653098662,0.6877143754645785,0.21624570962142892,0.029715000145978738,0.6073196466180579,0.018046503387911344,0.003938331700149032,1.0,0.003938331700149032,4.714175179275792e-05,0.6802075952463433,3.206617762265186e-05,6.806988480445611e-16,1.0,6.806988480445611e-16,1.0,1.0,1.0,0.06635729679803996,0.3327823037392617,-14.568263706222298,-0.8763022238984397,9.306509684051152,-4.952967590411395,-3.350380772878324,-104.51804399312945,62.12501890720779,8.464157503252654,-3.112847596867566,303.15,10.0,0.2
253,0.015826248357919175,0.19422736158473894,0.003073890462343449,8.816561118237654e-10,0.7099799823441737,6.259581907062698e-10,0.9890928814374584,1.0010415320810964,0.9901230534046596,3.386018982202302e-05,1.0523724527030165,3.5633531011992104e-05,0.04809823772904381,0.6382040013907013,0.030696487778516964,0.2000081948596482,0.696045598704325,0.13921482373685512,0.3120422123483613,0.686359207153959,0.21417304546598862,0.032230435241522644,0.6068752998875978,0.01955985505270686,0.0038218461421165523,1.0,0.0038218461421165523,5.284868396460329e-05,0.6808431558479086,3.5981664772869286e-05,7.573314863766252e-16,1.0,7.573314863766252e-16,1.0,1.0,1.0,0.06395834627678501,0.32786846158793675,-14.430026792499168,-0.8823032045620547,9.20345467342206,-4.8128631899363095,-3.2293161898497558,-102.77083360727315,61.30840427455527,8.382037252755154,-3.119430162114902,308.15,10.0,0.2
254,0.013574958436538354,0.19351715004153314,0.002626987268571168,1.1146878296261243e-09,0.7082870122593223,7.895189124477168e-10,0.989130545420791,1.0010265185550868,0.9901459062790687,4.177908466127884e-05,1.0519891932368044,4.3951145566990854e-05,0.048198956484770364,0.6404472381084946,0.03086888856038269,0.20000818694169686,0.6968490523185588,0.1393755155262746,0.3098995502563689,0.6849022299322255,0.2122508930255808,0.034483920970310104,0.6062339504987333,0.020905323638517204,0.003711008724909912,1.0,0.003711008724909912,5.857010120273373e-05,0.6812838579810976,3.9902864509741767e-05,8.330266797157692e-16,1.0,8.330266797157692e-16,1.0,1.0,1.0,0.06181569400596999,0.32347450980759507,-14.295866098379165,-0.8882831722054201,9.10263746226961,-4.674061753207114,-3.1125470543083984,-101.0846213014769,60.51617108329176,8.302366418227102,-3.1259569620173795,313.15,10.0,0.2
255,0.011593394954582809,0.1926754661825208,0.002233762777512326,1.4011296590178813e-09,0.7064059722401996,9.897663590131068e-10,0.9891635917227314,1.0010141571817746,0.9901667590832268,5.1757478225090746e-05,1.0516529381887627,5.4430904048657616e-05,0.048290039380378166,0.6424552417370809,0.031024188923614013,0.200008171599252,0.6973213443669803,0.1394699671039721,0.3080190290332994,0.6833612246468739,0.21048826089473646,0.0364697390562216,0.6053768423552575,0.02207793547137564,0.003605685160058974,1.0,0.003605685160058974,6.429048941173588e-05,0.6815122316747643,4.38147549144549e-05,9.076562840371364e-16,1.0,9.076562840371364e-16,1.0,1.0,1.0,0.059935191813186066,0.3196124253890119,-14.166222961362093,-0.8942821196214761,9.004467311429348,-4.5371294893685565,-2.999869898126226,-99.45695630703972,59.74792275610409,8.225302017508865,-3.1323911065708785,318.15,10.0,0.2
256,0.009945752945816698,0.18979921462421412,0.001887696097962474,1.7533825048351937e-09,0.7043194401419118,1.2349413841601453e-09,0.989190893241058,1.001005807952898,0.9901858293084143,6.43799568673598e-05,1.0513750839536071,6.768748255635005e-05,0.048370723721951295,0.6439732142667586,0.03114945043163432,0.20000814627894245,0.6972038513937541,0.13944644989580401,0.3064646624382342,0.6818089114339834,0.20895033788999567,0.038124402503956385,0.604057525358321,0.023029332232304477,0.003505344239893428,1.0,0.003505344239893428,6.988579513310183e-05,0.6812655388798181,4.761078388139723e-05,9.79501008777355e-16,1.0,9.79501008777355e-16,1.0,1.0,1.0,0.05838085662463535,0.3164104171374334,-14.040334993502091,-0.9002646082871313,8.908353655473086,-4.401778450947977,-2.891093826664296,-97.88473452255339,59.002458401161185,8.150585467672885,-3.1387405568231466,323.15,10.0,0.2
257,0.008486773375980089,0.1879568979023319,0.0015951475969493186,2.1743922538074287e-09,0.7013713587215352,1.5250564494464993e-09,0.9892149015379774,1.001001289171324,0.9902053917069997,7.98949308395862e-05,1.0511306584012736,8.398001125633841e-05,0.04844653063629249,0.644904368926096,0.031243379266656993,0.20000811141172742,0.696388934502811,0.13928343559793238,0.3050969615085155,0.67948809973494,0.2073097546103253,0.03959305084979561,0.6021964076517409,0.02384279298971962,0.0034043361408314936,1.0,0.0034043361408314936,7.572403313200554e-05,0.680427314333213,5.1524700494489735e-05,1.0519635320533675e-15,1.0,1.0519635320533675e-15,1.0,1.0,1.0,0.057013198943112166,0.31358373705888787,-13.921164867456826,-0.9064347202988133,8.816714080756935,-4.2705515182095155,-2.786038816319383,-96.3678676787751,58.281457576597305,8.079384945949267,-3.1457413488791452,328.15,10.0,0.2
258,0.007239672822763159,0.1860363721731725,0.0013468424676675694,2.674125220695903e-09,0.6982750055534455,1.8672748033320433e-09,0.9892353216016487,1.0009987191657987,0.9902232898768175,9.90638166795826e-05,1.0509226509760452,0.00010410840884071196,0.04851034924440241,0.645631731048571,0.03131982075643427,0.20000806370877258,0.6953021044622597,0.1390660276061313,0.3039327892800055,0.6771294933698049,0.2058018556236418,0.040853379489205664,0.6001515317400511,0.02451821827720437,0.003308096707653536,1.0,0.003308096707653536,8.165386622373392e-05,0.6794051177266905,5.5476054594575357e-05,1.1245091437865142e-15,1.0,1.1245091437865142e-15,1.0,1.0,1.0,0.05584908588384515,0.3111724647768939,-13.807658296398033,-0.9127427574351367,8.728791763042699,-4.142593393113568,-2.6845376766907276,-94.90303975272117,57.58324340207428,8.011177140401658,-3.1526332071349055,333.15,10.0,0.2
259,0.006177702882153251,0.1841181968449023,0.001137427515305612,3.259729421552424e-09,0.6950486530004961,2.2656705435961007e-09,0.9892526278527324,1.0009978368042707,0.9902397405335254,0.00012258835462780862,1.0507462210860121,0.00012880925037432185,0.04856125107831596,0.646181872075604,0.03137940013211964,0.2000080008098114,0.6939768376710738,0.13880091991090648,0.30294516769336666,0.6747392215302268,0.20440898661576626,0.04193279131333305,0.5979483296292444,0.02507364252249919,0.0032161970007400804,1.0,0.0032161970007400804,8.772198732922128e-05,0.67822350856165,5.949511402442508e-05,1.1977662357480672e-15,1.0,1.1977662357480672e-15,1.0,1.0,1.0,0.05486154231509702,0.30912287383524933,-13.700029193495295,-0.9192199290164794,8.644803241648532,-4.018197132894836,-2.5864322594695923,-93.48824012270423,56.907332628042916,7.946022615499546,-3.159424824065533,338.15,10.0,0.2
260,0.005280166707280504,0.18208080611668076,0.0009614170104920937,3.937632351598331e-09,0.6917094376395615,2.723697459555426e-09,0.989267190104012,1.0009985058298914,0.9902549791606512,0.00015127613553127568,1.0505975967385055,0.00015893034443304664,0.04859809808037148,0.6465636910279123,0.03142176567178149,0.20000791995176276,0.6924274631911389,0.13849097663033547,0.30211306600767573,0.672325879527922,0.20311843282048775,0.042852749352239185,0.5955956647943049,0.025522911738710612,0.0031281999220833887,1.0,0.0031281999220833887,9.396914637370688e-05,0.6768891942037645,6.360669976891408e-05,1.2722443757807951e-15,1.0,1.2722443757807951e-15,1.0,1.0,1.0,0.05402954092318325,0.30739323665258866,-13.598344026920703,-0.9258882539817129,8.564841134256557,-3.8975355285066806,-2.4915737538942317,-92.12148270093876,56.25316243141993,7.88392962501556,-3.1661289279630376,343.15,10.0,0.2
261,0.004564024168688582,0.1780982776287048,0.0008128448434992177,4.717573058138761e-09,0.6882610238899579,3.246921663270263e-09,0.9892787209791982,1.001001268157661,0.9902692542615662,0.00018618323076944438,1.0504796824901652,0.00019558170114367912,0.048619209616220856,0.6466756745445886,0.03144086017439437,0.20000781718954438,0.6905527891225319,0.13811595600654933,0.30145281463715196,0.6699239282016307,0.20195045374915882,0.04359738767977552,0.5929975076297853,0.025853142233276394,0.0030436341175870086,1.0,0.0030436341175870086,0.00010035653180700876,0.6752973392014224,6.777049890075588e-05,1.3473492204657271e-15,1.0,1.3473492204657271e-15,1.0,1.0,1.0,0.053369417015678884,0.3060168435234135,-13.502105341545196,-0.9327310589874362,8.488528189236597,-3.780381519141941,-2.399822015012195,-90.80051515314075,55.61980831799554,7.8247135282451605,-3.172761956574735,348.15,10.0,0.2
262,0.003932892536477813,0.17530697387155608,0.000689463489131954,5.593979023123769e-09,0.6840680457250968,3.826662298175458e-09,0.989288813504032,1.0010074157986866,0.9902854386842199,0.00022764180950442443,1.0503762587860495,0.00023910955221054394,0.04862986119369363,0.6461662287086033,0.031422974010151865,0.20000769280543354,0.6879783684468304,0.13760096617309703,0.30087363887901486,0.6668197075030218,0.2006284718726745,0.0442630107474148,0.5898431980168949,0.026108235813111332,0.002956970329834228,1.0,0.002956970329834228,0.00010729465349636956,0.6730737483012471,7.221721460148498e-05,1.4257913425323453e-15,1.0,1.4257913425323453e-15,1.0,1.0,1.0,0.05279039553967586,0.3048065370094717,-13.412962270246924,-0.9398801134137194,8.417179862445,-3.6682999528508127,-2.31104380112095,-89.5250004296677,55.0081757326886,7.7690930873923465,-3.1801559189546396,353.15,10.0,0.2
263,0.0033715229052292514,0.1740599444565974,0.0005868470896183493,6.564401750923908e-09,0.6798396555366564,4.4627406251523315e-09,0.9892978531785448,1.001013955045204,0.9903009567279846,0.00027685708368110955,1.0502834363367355,0.00029077840922276277,0.048622343216145676,0.6456424370665904,0.03139264816996049,0.20000754208643282,0.685356983534884,0.13707656572858393,0.30035377959729304,0.6636917511063868,0.19934232593234916,0.04486617432856159,0.5866931784949565,0.026322678423732617,0.002873403718885959,1.0,0.002873403718885959,0.0001146807200962796,0.6708509804953511,7.693367352050214e-05,1.5084139893176823e-15,1.0,1.5084139893176823e-15,1.0,1.0,1.0,0.05227072320505604,0.303725309066924,-13.330291690551741,-0.9473122541191609,8.350398353656555,-3.560605253699855,-2.2251157483545674,-88.29246508462427,54.41694830268481,7.716665093451093,-3.1874957166868993,358.15,10.0,0.2
264,0.0029514508044756536,0.16941920801886493,0.0005000324578009067,7.641295627640872e-09,0.6755488466179085,5.162068447919249e-09,0.989304603645314,1.0010224208242346,0.9903160892735923,0.0003354206040514756,1.0502137601785435,0.0003522633338222585,0.04859381820415967,0.6448548338473671,0.03133595856405255,0.20000735873754402,0.6824330275153,0.13649162734860087,0.2999635185847363,0.6606009687082046,0.19815619095419834,0.04533708845066363,0.5833116336043168,0.02644565112702001,0.002792431508722464,1.0,0.002792431508722464,0.0001223592247132982,0.668375794796592,8.17819440684455e-05,1.5929675128246533e-15,1.0,1.5929675128246533e-15,1.0,1.0,1.0,0.051880689612686805,0.30291497703050757,-13.252845188584738,-0.9549567886870594,8.287176241102388,-3.456529365928139,-2.141920209122281,-87.10045867351761,53.84476083661947,7.666991372018278,-3.1948036973269622,363.15,10.0,0.2
265,0.002567056613078593,0.16666969200052453,0.0004278505350497188,8.801867048312512e-09,0.6712465493834894,5.908222884312022e-09,0.9893109238544604,1.0010309662238963,0.990330870001886,0.00040389602297266343,1.0501483497640187,0.00042415074200099253,0.048543611571690154,0.6440972352392266,0.031266806001852554,0.2000071418028823,0.6795159611472934,0.13590804519850855,0.29959712410086814,0.6574835963296136,0.19698019460384836,0.04578163777010972,0.5799780946416957,0.026552347043484525,0.002713899119807995,1.0,0.002713899119807995,0.00013062853189599094,0.6659439759056636,8.699128389753593e-05,1.6831925036323317e-15,1.0,1.6831925036323317e-15,1.0,1.0,1.0,0.05151456420774141,0.30216418951581386,-13.181826911952538,-0.9629172272425457,8.228543129541372,-3.356951027075083,-2.0613461363399064,-85.94827520698213,53.291923765160334,7.6204615050086355,-3.202080628937426,368.15,10.0,0.2
266,0.002239637944991727,0.16400698407568332,0.0003673162647795543,1.00424452025611e-08,0.6669296443680545,6.69760440752975e-09,0.9893164565372072,1.0010400839380642,0.9903454286933141,0.0004836079888951343,1.0500908246682101,0.0005078323118750264,0.048469387220414446,0.6432841774982668,0.03117958989192931,0.20000688646683448,0.6765204143083474,0.13530874169706547,0.29927487633663574,0.6543649507406554,0.19583498971193836,0.046179859994002474,0.5766121548444573,0.02662786858155711,0.002637480272994815,1.0,0.002637480272994815,0.00013947680784605484,0.6634683998561446,9.253845451866503e-05,1.7786826865339683e-15,1.0,1.7786826865339683e-15,1.0,1.0,1.0,0.05119263315430131,0.3015145243240727,-13.116700747410842,-0.9711730079144447,8.17408050754273,-3.261566322811102,-1.9832884942204334,-84.834116544726,52.75759200609007,7.576877755495523,-3.209337372128657,373.15,10.0,0.2
267,0.0019899282308732873,0.1588737813155428,0.00031614742258538744,1.1361606360890381e-08,0.6618965106021205,7.520207605108203e-09,0.9893207441135912,1.0010533575463685,0.9903628525851821,0.0005750325298702939,1.0500457695320038,0.0006038104753335875,0.048375627066925025,0.6416814781338567,0.03104174388195665,0.20000659195145684,0.6726818335637788,0.13454080099874852,0.29902246570240365,0.650584948454331,0.19453951543568526,0.04651123740691789,0.5725545585474087,0.026630221001011596,0.0025580009194074134,1.0,0.0025580009194074134,0.00014916417696364293,0.6601956496031095,9.847754070802535e-05,1.87861701985463e-15,1.0,1.87861701985463e-15,1.0,1.0,1.0,0.05094058782766861,0.3010124052948833,-13.0575286001074,-0.9797463124538177,8.123770169979052,-3.1708470269213485,-1.9076465996613474,-83.75704417045172,52.24172393801689,7.536435035091169,-3.21747337907904,378.15,10.0,0.2
268,0.0017563602918417558,0.15558936458787462,0.0002732709817950327,1.2727615506472774e-08,0.6568858156361652,8.360590093072868e-09,0.9893249822282892,1.001066626590916,0.9903802225613915,0.0006793501212280601,1.0500010803053759,0.0007133183611950514,0.04825492250173531,0.6401115734683309,0.030888534370178154,0.20000625399144803,0.6688672403492688,0.13377763115985478,0.29877209159458834,0.6467974735840433,0.19324503402080012,0.04683851988444953,0.5685545601325618,0.026630254070163447,0.002480504363700473,1.0,0.002480504363700473,0.00015968736088750937,0.6569700896114713,0.0001049098197920864,1.986009841173164e-15,1.0,1.986009841173164e-15,1.0,1.0,1.0,0.05069063291480513,0.3005284646140457,-13.004347691909441,-0.9886576917273712,8.077763068838353,-3.0844835516579363,-1.834327680897186,-82.71541611588628,51.74351472157817,7.498938031847287,-3.2256042969948635,383.15,10.0,0.2
269,0.0015422863568924844,0.15377105729330046,0.0002371590037483898,1.4123717875088697e-08,0.6519004377523376,9.207257865460847e-09,0.9893291233578431,1.0010799899248215,0.9903975888434021,0.0007975373421985585,1.0499572272277617,0.0008373800964253973,0.04810558335886645,0.6385535102031595,0.03071798911417487,0.2000058693038849,0.6650578302199097,0.13301546947048853,0.29852638858340225,0.6430114573498092,0.19195588818038892,0.04715926550491153,0.5645926235960358,0.026625773438280032,0.002404792243744583,1.0,0.002404792243744583,0.0001711118256722889,0.653770135875968,0.00011186780151975735,2.1012741434136543e-15,1.0,2.1012741434136543e-15,1.0,1.0,1.0,0.05044540705795749,0.3000686890640127,-12.95690181574012,-0.9979052452170124,8.035869693496883,-3.0023417392965466,-1.7632425979697828,-81.70783821291593,51.26235929595388,7.4642831620069146,-3.2337356568542868,388.15,10.0,0.2
270,0.00138590130914963,0.14891469745886934,0.00020638107415986808,1.5545574305518453e-08,0.6469225095152763,1.0056781941582203e-08,0.9893325185849314,1.001094214696254,0.990415060766249,0.000931117708095064,1.0499207905902843,0.0009775998402157828,0.04792476583072409,0.6368852904117914,0.030522578404017814,0.20000543219112427,0.6611303094729484,0.13222965328078876,0.2983222241925111,0.6392571433179952,0.19070461282557516,0.04743685928443719,0.5605549695153788,0.026590967210093,0.002330602103555653,1.0,0.002330602103555653,0.00018337981350055843,0.6504732871987935,0.00011928367009360993,2.2232688967043373e-15,1.0,2.2232688967043373e-15,1.0,1.0,1.0,0.05024178484796878,0.299708141047235,-12.914506908821554,-1.0074526789071931,7.99754096645656,-2.9240052214469223,-1.694306801788182,-80.7327013533183,50.79739060938928,7.432228125032631,-3.241877711632276,393.15,10.0,0.2
271,0.0012362804271566926,0.1458727802479344,0.0001803396630754506,1.6954606103034757e-08,0.6419787988387217,1.0884497660809898e-08,0.989336055481509,1.001108403634204,0.9904326391608538,0.001080071051154196,1.049882738369828,0.0011339479528197464,0.047712812924916075,0.6352477193935465,0.03030945559640386,0.2000049436721102,0.6572329406629398,0.13144983727674658,0.29810899780416894,0.6355020201285863,0.18944887032305768,0.04772194336214594,0.5565739974714579,0.026560792784176078,0.0022578941951316364,1.0,0.0022578941951316364,0.00019675394528944002,0.6472204145171033,0.00012734317002810672,2.3547449116500024e-15,1.0,2.3547449116500024e-15,1.0,1.0,1.0,0.05002916440322696,0.2993452951859318,-12.87763330843696,-1.0173521834499397,7.963191609633684,-2.8498120967536376,-1.6274401143792732,-79.78921346398914,50.348514654746836,7.402909847999817,-3.2500331380219376,398.15,10.0,0.2
272,0.0011242431339148163,0.1405921163503401,0.0001580597214894229,1.8347667793781812e-08,0.6363155430797077,1.167490619644632e-08,0.9893390740693478,1.0011266251451802,0.9904536883473036,0.0012433309161571436,1.0498496773714117,0.001305310561193479,0.04747698276355243,0.6328214492453029,0.030044453038225522,0.20000440904057698,0.6525238894532126,0.13050765489494856,0.2979237270744494,0.6310394372048852,0.18800162106304238,0.047982230408548994,0.5519280665935833,0.02648273966023829,0.002181947405108902,1.0,0.002181947405108902,0.0002116369416092402,0.6431807886002044,0.00013612081500116656,2.4942471288445467e-15,1.0,2.4942471288445467e-15,1.0,1.0,1.0,0.04984455681362439,0.29904798855603204,-12.846290226984156,-1.0276209289600704,7.932746600143383,-2.780204876537265,-1.56256493507664,-78.87674510832555,49.91576203574382,7.376520683167333,-3.259197776865009,403.15,10.0,0.2
273,0.0010150407109314797,0.1370226950143719,0.0001390836137611354,1.9684530451228364e-08,0.630704166055124,1.241511536242869e-08,0.9893423022292479,1.0011447952930717,0.9904748966400766,0.0014222707074240772,1.0498142649337787,0.0014931200772512533,0.04720951721595972,0.6304285791860149,0.0297622288625152,0.2000038228759852,0.6478575420215129,0.1295739850833418,0.29772527183504066,0.6265893801465119,0.18655149353306988,0.048253972167138295,0.5473472636896528,0.026411679627839815,0.0021076407243946827,1.0,0.0021076407243946827,0.00022789783862486778,0.6391912056847667,0.00014567029424358152,2.6445305889986916e-15,1.0,2.6445305889986916e-15,1.0,1.0,1.0,0.04964682863431528,0.29874033223050256,-12.820137473806223,-1.0382478254596825,7.906049240585177,-2.7145547377403667,-1.4996103912707357,-77.9936497176404,49.49810205162235,7.3527158539281965,-3.268385739308274,408.15,10.0,0.2
274,0.0009113171437892873,0.13480258769218859,0.00012284790919105015,2.094484013404609e-08,0.6251448144123558,1.3093558198494708e-08,0.9893456905831469,1.0011629700425597,0.9904962699830306,0.001617020942652778,1.0497769810793876,0.0016975113635201782,0.04691033029660563,0.6280574722914632,0.029462383470443783,0.20000318511221987,0.6432239453004797,0.12864683780054423,0.2975163205216834,0.6221564251738089,0.18510169040663565,0.04853454296505588,0.5428206246501459,0.02634555092940098,0.0020349112750391424,1.0,0.0020349112750391424,0.0002456488050635633,0.6352398961937511,0.00015604592142869704,2.806161947516451e-15,1.0,2.806161947516451e-15,1.0,1.0,1.0,0.049438668383047696,0.29842765861031284,-12.798961166445828,-1.0492307874180242,7.882942317086915,-2.6527317593800483,-1.4385077231021868,-77.13883009627934,49.09502038326936,7.33140269229333,-3.277600892318545,413.15,10.0,0.2
275,0.0008376965093869541,0.12991142867319222,0.00010882635032900538,2.2121748621879947e-08,0.6196240603915544,1.3707167704050533e-08,0.9893488138772194,1.0011816353474088,0.9905178634066137,0.00182822050107488,1.0497421286516542,0.0019191600804429386,0.046578272147469166,0.6256328677998213,0.029140897980781677,0.20000249348145113,0.6385476347664251,0.12771111915996797,0.29732098341954233,0.6177588296720846,0.18367266275420974,0.048799947566746195,0.5382785302878342,0.026267964054351518,0.00196364006049953,1.0,0.00196364006049953,0.00026489932685057853,0.6312518950998196,0.00016721820208509414,2.9784568082081826e-15,1.0,2.9784568082081826e-15,1.0,1.0,1.0,0.049244189157931,0.2981587020506779,-12.782291628436418,-1.0605456573197891,7.863052273698828,-2.594443421681376,-1.3791915002667616,-76.31107344962818,48.705853449014725,7.312408203975535,-3.2868511878394164,418.15,10.0,0.2
276,0.0007639454735290586,0.12666236798441968,9.676314268816931e-05,2.3182309162689527e-08,0.6141579165369714,1.423759869587333e-08,0.9893521765588734,1.0012002446303319,0.9905396411962955,0.002054738686011304,1.0497045522953743,0.0021568685524834823,0.04621581258013074,0.6232386836515066,0.028803482196325413,0.20000175304156817,0.6339167466657536,0.12678446061555837,0.29711037258297,0.6133765421922214,0.18224053298438472,0.04907901676769068,0.5337986402762868,0.02619831241669036,0.001893893033698262,1.0,0.001893893033698262,0.00028592242883155504,0.6273107534827687,0.0001793622142679461,3.163668409934707e-15,1.0,3.163668409934707e-15,1.0,1.0,1.0,0.0490344967396711,0.29787434123880835,-12.77032128265124,-1.0722220049720417,7.846563252347462,-2.539810847270222,-1.321599482204506,-75.5096243865404,48.33036327193647,7.295766884266049,-3.2961384910662996,423.15,10.0,0.2
277,0.0007106849253172826,0.12141043362402267,8.628456495282743e-05,2.413331616892675e-08,0.6079203409183962,1.4671133792905392e-08,0.9893552384685215,1.0012232075047272,0.9905654252210572,0.0022923686486720322,1.0496695850788988,0.0024062296482994486,0.04583640155473437,0.6199920896396672,0.028418206381482652,0.20000098154395574,0.6284377607473332,0.12568816898875224,0.29691437403068077,0.6082133299324076,0.1805872801339967,0.04934620739147141,0.5286216355680744,0.026085472860361014,0.0018213582468694545,1.0,0.0018213582468694545,0.00030943782320074046,0.6225311921752533,0.00019263469698127205,3.3598713839443488e-15,1.0,3.3598713839443488e-15,1.0,1.0,1.0,0.04883945512872369,0.2976250830893141,-12.76323357899399,-1.0842894015074118,7.833536322354707,-2.489404809324902,-1.2656706999570568,-74.73421789496352,47.96877571132636,7.28174021367028,-3.3066096149517255,428.15,10.0,0.2
278,0.0006498962163542798,0.11882599821747371,7.722456664605659e-05,2.4938226969018805e-08,0.6017571905833834,1.5006757399007495e-08,0.9893586229313096,1.0012459884844909,0.9905913523825137,0.002543101968756992,1.04963097407823,0.002669318596646666,0.0454310347351363,0.6167991879404493,0.02802182533192642,0.200000170751577,0.6230366566224541,0.12460743770898249,0.296697946140872,0.6030761134101265,0.17893144421540413,0.04963182210372453,0.5235333416054081,0.025983913675928057,0.001750760320430893,1.0,0.001750760320430893,0.00033515105595253487,0.617825542423031,0.00020706488293752642,3.570337917367512e-15,1.0,3.570337917367512e-15,1.0,1.0,1.0,0.04862403292024757,0.2973478672954532,-12.760551736662443,-1.0967214017217095,7.823713138259792,-2.442436852246207,-1.2113503427040395,-73.98326761154449,47.619960221175035,7.269906917793371,-3.317124855288305,433.15,10.0,0.2
279,0.0006085341200607704,0.11389701784561478,6.931022153222705e-05,2.5603375452606564e-08,0.595652625871839,1.5250717819527697e-08,0.9893618563068648,1.0012691103553917,0.9906174656839333,0.0028071392929511518,1.0495935113326245,0.00294635518728838,0.04499941189010033,0.613580433832616,0.027610758669740342,0.1999993199651263,0.6176331231629605,0.12352620462052917,0.29648794323501665,0.5979840182362647,0.17729505165428083,0.049909100048392344,0.5184603542338825,0.02587588969058378,0.0016820045718949743,1.0,0.0016820045718949743,0.00036306869465155554,0.6131148791244749,0.00022260281883516934,3.793869616800511e-15,1.0,3.793869616800511e-15,1.0,1.0,1.0,0.04841508530311225,0.29709650295845286,-12.761794735584784,-1.1094892997852173,7.816709714499281,-2.3985986501038554,-1.1585845133875943,-73.2557024865944,47.28327811398726,7.260087484198304,-3.3276933217424007,438.15,10.0,0.2
280,0.0005650371635445656,0.11046079087228765,6.241445195736685e-05,2.6110627634201058e-08,0.58961765019137,1.5395286910699502e-08,0.9893652777204185,1.0012921722215518,0.9906437080492567,0.0030826740717984046,1.0495537110986786,0.0032354320121636905,0.04454535654898391,0.6103957912573681,0.02719029815755862,0.19999843674763065,0.6122896431217378,0.1224569714611122,0.2962648302010644,0.5929225225674023,0.1756620904708182,0.05019750552300133,0.5134571147756181,0.025774266354773413,0.0016151749784866555,1.0,0.0016151749784866555,0.0003934831649870818,0.6084585497351069,0.0002394181959132197,4.032242574443003e-15,1.0,4.032242574443003e-15,1.0,1.0,1.0,0.04819306778432688,0.29682989347523664,-12.76703514333369,-1.1226111581857843,7.812612213056819,-2.3579143376055907,-1.1073218337879558,-72.55081655575493,46.958430083852065,7.25226831738636,-3.3383174628700805,443.15,10.0,0.2
281,0.0005273299427668904,0.10690543035971536,5.637443447305849e-05,2.646215633654252e-08,0.5836473518773388,1.5444567470787193e-08,0.9893687300475035,1.0013153225028046,0.9906700690017061,0.003368987026226894,1.0495131412899432,0.0035357961568604507,0.04407044624463136,0.6072215307329971,0.026760523828751322,0.1999975241205614,0.6069828157464042,0.12139506033300773,0.29603739363648707,0.5878980087135667,0.17403979422364507,0.050488276107842345,0.5085013254955968,0.0256733553228255,0.0015502526210156608,1.0,0.0015502526210156608,0.00042651374007448493,0.6038329878637813,0.00025754306603413253,4.28525287838463e-15,1.0,4.28525287838463e-15,1.0,1.0,1.0,0.04796676321362515,0.2965647500414103,-12.776012606442855,-1.136075723200042,7.8112242497245035,-2.320205800182005,-1.0575132387755577,-71.86773178152228,46.64492027316047,7.24633417905649,-3.349003816945058,448.15,10.0,0.2
282,0.0005014185535111701,0.10180909118018676,5.104896723385604e-05,2.6680832881377084e-08,0.5768027746032364,1.538957843470358e-08,0.9893718415095535,1.0013435384203957,0.9907011005906792,0.003657719049735687,1.0494753233076874,0.0038386858822900467,0.04359673003590723,0.6030724514846759,0.02629198685947018,0.19999661685621,0.6007319138620685,0.12014435040996986,0.2958253727198865,0.5819778151982098,0.17216380409571566,0.0507657636964562,0.5027664940226756,0.02552332503005091,0.0014832069450751327,1.0,0.0014832069450751327,0.00046345170512374035,0.5982613023457338,0.00027726522068167986,4.549713306653335e-15,1.0,4.549713306653335e-15,1.0,1.0,1.0,0.047755867639154084,0.29632681795423066,-12.789120158884325,-1.1499294570232996,7.812773276594093,-2.2862091287513215,-1.0091098644083043,-71.20651214616313,46.34317525294761,7.242628104562744,-3.361135701279123,453.15,10.0,0.2
283,0.000472641480169129,0.09810664231518565,4.636926863827263e-05,2.674493823925071e-08,0.5700456005427103,1.5245834380071353e-08,0.9893750622023644,1.0013716906633452,0.990732178737734,0.003953736954259756,1.0494358388182625,0.004149193257060348,0.04310926229005839,0.5989667905107706,0.025821016475163265,0.1999956947939364,0.5945590293151953,0.11890924616390088,0.2956040021082137,0.5761071318629953,0.17029957382178584,0.05105022014099121,0.4971140038752565,0.025377779333001404,0.00141851635396497,1.0,0.00141851635396497,0.0005035686678277002,0.5927573759939619,0.0002984940421743226,4.8290061219627844e-15,1.0,4.8290061219627844e-15,1.0,1.0,1.0,0.04753564072448727,0.2960766703333211,-12.805682843842106,-1.16412329398267,7.816848802407504,-2.2549490285234755,-0.9620689468815931,-70.56553576008724,46.05190484135995,7.24063226498217,-3.3733420941612278,458.15,10.0,0.2
284,0.00045202983970695296,0.09342936194769384,4.223285950513894e-05,2.6666859727886505e-08,0.5633680991182357,1.502325807435204e-08,0.9893781828642847,1.0013999957197204,0.9907633080854793,0.00425647407123442,1.0493967872389132,0.004466730215319139,0.042609342897104184,0.5948721925285098,0.025347113231399453,0.19999476032064217,0.5884315222368195,0.11768322125486333,0.29538504910052676,0.5702936111628935,0.168456206335068,0.05132995247126922,0.49151370876974265,0.025229375310128147,0.0013561106729711849,1.0,0.0013561106729711849,0.0005469603989570444,0.5872891026007336,0.0003212238818616219,5.122095522362912e-15,1.0,5.122095522362912e-15,1.0,1.0,1.0,0.04731784680804556,0.2958371056070935,-12.82541862235053,-1.1786415985976297,7.8232358722405735,-2.22623725535823,-0.9163476545904329,-69.94399103182757,45.770610952405114,7.2402228796053025,-3.3856337929877984,463.15,10.0,0.2
285,0.000424544089501708,0.09088326608604226,3.858395345144029e-05,2.6446203593349113e-08,0.5567774293326838,1.4724649252313723e-08,0.9893814239148082,1.0014281596963437,0.9907944185887544,0.004563992970803706,1.04935588218615,0.004789252870169111,0.04210112283540866,0.5908303432933136,0.02487462085787846,0.19999382151466286,0.5823919659308924,0.11647479488595651,0.2951556977228241,0.5645271643613632,0.16662340908056553,0.05161776018202987,0.48600226828827975,0.025086348532426955,0.001296020440900559,1.0,0.001296020440900559,0.0005939314579227431,0.5818972173084805,0.000345607062637213,5.429832602240109e-15,1.0,5.429832602240109e-15,1.0,1.0,1.0,0.04708965989571407,0.29558026825852934,-12.848318544574369,-1.1934929836549422,7.831955041505134,-2.200038442272745,-0.8719050411566648,-69.34124023177215,45.49894741720729,7.241350660713479,-3.3980172940482785,468.15,10.0,0.2
286,0.00040815907403622643,0.08658353335284281,3.533985480008105e-05,2.6103173744287028e-08,0.5502611906038405,1.4363563463070285e-08,0.989384463978492,1.0014565486848026,0.9908255506182639,0.0048761830165489775,1.0493163726171335,0.005116658675142445,0.04158494948945553,0.5867890403395514,0.024401592603486323,0.19999287881511352,0.5763874264426274,0.11527338072709556,0.2949341601123176,0.5588193856757138,0.16481492616874796,0.05189554668650094,0.4805318742189957,0.02493746431288369,0.0012381308715492016,1.0,0.0012381308715492016,0.0006444930763489269,0.5765301670627994,0.00037156970097826435,5.750117919457834e-15,1.0,5.750117919457834e-15,1.0,1.0,1.0,0.04686929158004073,0.2953423452895276,-12.874038411376102,-1.2086545521829901,7.8427378024084415,-2.1761359081201794,-0.8287018618842142,-68.7564830068519,45.23638382997224,7.243873330108866,-3.4105090860025333,473.15,10.0,0.2
287,0.056292001003656805,0.18020591731907024,0.010144151678589996,5.059809440704649e-11,0.7005118079429605,3.544456259154876e-11,0.9883530444990839,1.00141135320733,0.9897479597384121,1.5045411368390498e-06,1.0599163338732112,1.5946877259198786e-06,0.02236074899833413,0.5978611723986762,0.013368623611856569,0.20000831643584593,0.661532899381844,0.1323120814722865,0.35405916391107156,0.6880660616693021,0.24361609451021687,0.019051862310972598,0.5876948357520714,0.01119668109161812,0.0022954166295490164,1.0,0.0022954166295490164,5.423420920337828e-05,0.6550163302807367,3.552429268807458e-05,8.356021556909916e-16,1.0,8.356021556909916e-16,1.0,1.0,1.0,0.07865425454312777,0.41035116496532636,-16.170765097508607,-0.8764362265808652,10.450450378749073,-6.626588636965339,-4.180338273097315,-117.28660326233874,68.40199058784826,9.419622635377456,-3.0657880912795323,273.15,10.5,0.2
288,0.05184822931695887,0.18114632129659705,0.009392116006509472,6.517560928852798e-11,0.7005660824742191,4.565982127213441e-11,0.9884296275747226,1.001366288828844,0.9897801079329762,1.7072737170571616e-06,1.0591301254449808,1.8082250261156696e-06,0.02243931487866182,0.6020975035455972,0.013510655469715855,0.2000083640383378,0.6654685903378027,0.13309928407236274,0.34969422638435543,0.6884564391755272,0.24074924189681404,0.02348244078570709,0.5887893806973162,0.013826211767477878,0.0022298650292257517,1.0,0.0022298650292257517,6.76481129065861e-05,0.6572771063378805,4.4463555900459106e-05,1.0383452016314427e-15,1.0,1.0383452016314427e-15,1.0,1.0,1.0,0.07428925146933775,0.4015424557664899,-16.014161870153906,-0.8838362814648184,10.340465792816824,-6.488664763090152,-4.0283673226112615,-115.10656893614566,67.42635647028172,9.324500858590229,-3.0706094499326912,278.15,10.5,0.2
289,0.04711783088949748,0.18224820856274082,0.008587140270973091,8.36296509831693e-11,0.7009279886344241,5.861836305383169e-11,0.9885112044908115,1.0013212755789105,0.9898173002047845,1.9718127155709082e-06,1.058293302442826,2.086756190560292e-06,0.022519871023568817,0.6066502397627954,0.013661685155875252,0.20000841700568492,0.6694788121575179,0.13390139743847143,0.34504472157510374,0.6885924355575764,0.2375951852056865,0.028198159113340667,0.5902299934568972,0.016643399268963608,0.002163750928126496,1.0,0.002163750928126496,8.261273714403214e-05,0.6598470172983012,5.4511768195338206e-05,1.2608670272681564e-15,1.0,1.2608670272681564e-15,1.0,1.0,1.0,0.06963967372578186,0.39216255254823085,-15.86115361108186,-0.891127578196015,10.231966313611917,-6.349589484133429,-3.8822446857525343,-113.0083901034019,66.47929284005146,9.231595106961867,-3.076310271860826,283.15,10.5,0.2
290,0.042165327441909914,0.18472281092290047,0.007788897808554113,1.0662952915146043e-10,0.7014359487675991,7.479378494699706e-11,0.9885966889283668,1.0012735467615241,0.989855713040005,2.3093342656462063e-06,1.057417109576082,2.441929564224616e-06,0.02259976612773704,0.6121301633312964,0.013833998531020778,0.20000847514704437,0.6742665683458912,0.13485902817749207,0.3401725308119844,0.6883480577463781,0.2341571008830994,0.03313454846685205,0.5926085625127059,0.01963581713644878,0.00209966146640105,1.0,0.00209966146640105,9.90862931605417e-05,0.6633950315295595,6.573335457538471e-05,1.502705347764918e-15,1.0,1.502705347764918e-15,1.0,1.0,1.0,0.0647674029039126,0.38233785836052375,-15.713011653059878,-0.8983935051729391,10.126134488704594,-6.21041024237769,-3.7416658980147575,-110.9885223439767,65.56069676597076,9.141244487109082,-3.082343831126736,288.15,10.5,0.2
291,0.03734400551976146,0.1859960443015899,0.00694583730505237,1.3609645275253477e-10,0.702091523673052,9.555216587952457e-11,0.9886798524320528,1.001232124747826,0.9898980293459112,2.7509883478167174e-06,1.0565653286333234,2.906598907777411e-06,0.022680246842162636,0.6169136637319881,0.013991754173744406,0.20000853565106713,0.6781070127229938,0.13562719062944556,0.33543221457040384,0.6879987381098052,0.23077694034581528,0.03793910147947611,0.5943420875784285,0.02254880477416167,0.0020355382586351944,1.0,0.0020355382586351944,0.00011631969427146005,0.6662055157104455,7.749282190939942e-05,1.7499198540314822e-15,1.0,1.7499198540314822e-15,1.0,1.0,1.0,0.06002700335027192,0.37277622022626167,-15.565900889554015,-0.9054254685146631,10.019759464350827,-6.069285487334581,-3.6063444395414224,-109.04083453070781,64.66756601918479,9.052347298236777,-3.0891304535994992,293.15,10.5,0.2
292,0.032714990965054966,0.18719757603259973,0.00612416700858669,1.7327812401890968e-10,0.7027068219259316,1.2176371983861528e-10,0.9887596631220184,1.0011938783766998,0.9899401219035728,3.318811639472082e-06,1.0557484293571897,3.5038301757050127e-06,0.02275882325973269,0.6216425899539656,0.014147853835484786,0.20000859795060236,0.6817366874618396,0.13635319903073054,0.33088243004098083,0.6874310786473466,0.22745886578852667,0.04255084949874771,0.5960516824352582,0.02536250543277804,0.0019736917021583498,1.0,0.0019736917021583498,0.00013417757506628463,0.6689842247519897,8.976268103482036e-05,2.001443549220451e-15,1.0,2.001443549220451e-15,1.0,1.0,1.0,0.05547713303642713,0.363597421179314,-15.421668077475452,-0.9123357903175486,9.914482092827877,-5.927657929349466,-3.4760159322739455,-107.16277027143376,63.8001952859246,8.965448935785764,-3.096128328133701,298.15,10.5,0.2
293,0.028461289216723973,0.1874711549014849,0.005335670759444422,2.204058392293813e-10,0.7024155959906552,1.5481649892212618e-10,0.9888328544973395,1.00116352485272,0.9899833860987332,4.0455028188308965e-06,1.0549996177074952,4.268003927301187e-06,0.022838053038197276,0.6255143176343243,0.014285529162284476,0.20000866103091494,0.6843185441919859,0.13686963574246408,0.32670877162182055,0.6859843377773222,0.22411710034703697,0.046787068325942316,0.5969602953379703,0.02793002212585232,0.0019112496929793053,1.0,0.0019112496929793053,0.00015241101372398094,0.6708933381340756,0.00010225153376567999,2.2495991931296264e-15,1.0,2.2495991931296264e-15,1.0,1.0,1.0,0.05130338775774008,0.3551700610589504,-15.28019781029609,-0.9191260944192996,9.81018275806519,-5.7861125843924945,-3.3504312105794263,-105.35118898711056,62.95806302578668,8.880679562542102,-3.103993341802125,303.15,10.5,0.2
294,0.02457962291043064,0.18757659106471866,0.004610561875194837,2.7922256782512924e-10,0.7019219382807645,1.9599244601954694e-10,0.9888995553083452,1.0011370065308203,0.990023940561056,4.970320876568934e-06,1.0543174423141857,5.2402959940649625e-06,0.022913881240519417,0.6291431970426994,0.014416112500317121,0.20000872410265674,0.6865442236127548,0.13731483420483614,0.3229039451836322,0.6843871046177151,0.22099129611386342,0.050651254098187014,0.5976559599009876,0.030272023888240795,0.001852008741691246,1.0,0.001852008741691246,0.00017084020063035574,0.6725950968166972,0.00011490628128315803,2.495507545066086e-15,1.0,2.495507545066086e-15,1.0,1.0,1.0,0.047498474471826625,0.3474835683732855,-15.142436808127783,-0.9258624888786966,9.707760666986626,-5.645366231792745,-3.2293596655727512,-103.6033366491296,62.14082036496569,8.798245297960376,-3.111787830292191,308.15,10.5,0.2
295,0.021105951035389793,0.18749072282560575,0.0039571700155470735,3.520412761018047e-10,0.7011774963638606,2.468434205938019e-10,0.9889591358802271,1.0011144156036766,0.9900612473726507,6.142310496507003e-06,1.0537081733250682,6.472202773269782e-06,0.02298602203093088,0.6324743774605657,0.014538069974307856,0.2000087865117167,0.6883731616809265,0.13768068073503587,0.3195036720238567,0.6826656880539005,0.21811419409791385,0.05410762911819872,0.5980803537011734,0.0323607099609442,0.0017960240203999485,1.0,0.0017960240203999485,0.00018933264427209865,0.6740349545482323,0.00012761682027644062,2.7377712611329227e-15,1.0,2.7377712611329227e-15,1.0,1.0,1.0,0.04409811537681718,0.34060962341128775,-15.00876803345851,-0.9325798092895812,9.607578444048608,-5.505979837956284,-3.1125841887019954,-101.91653938622606,61.34801489925374,8.718288326208091,-3.1194360415158444,313.15,10.5,0.2
296,0.018046968712779086,0.18720665222354585,0.0033785125955024466,4.4136900242451444e-10,0.7001580105987109,3.090280426774854e-10,0.9890114777543829,1.0010956556535184,0.9900950937713792,7.620723746607487e-06,1.0531728732766656,8.025939524662325e-06,0.023054359536926406,0.6354788075338696,0.014650556906983086,0.20000884782466646,0.689787629594618,0.13796362903892737,0.31651459004641763,0.680844268863815,0.21549714464488332,0.057149618393730464,0.5982011713043284,0.034186968662724956,0.0017432318039035451,1.0,0.0017432318039035451,0.00020782730690508655,0.6751824399108899,0.00014032134815628576,2.9760376527795287e-15,1.0,2.9760376527795287e-15,1.0,1.0,1.0,0.0411089489734521,0.3345615592005657,-14.879579457358338,-0.939314727185626,9.510002108835707,-5.368479154697074,-2.9999013322009143,-100.28830597236825,60.57920955328323,8.640945416098436,-3.1268935551599797,318.15,10.5,0.2
297,0.015387786630787966,0.1867299138099916,0.0028733600712935793,5.498418612615107e-10,0.6988591045262142,3.842619907922468e-10,0.9890568397096182,1.0010804979189192,0.9901255135666173,9.476472747549937e-06,1.0527087784125029,9.975966049732675e-06,0.023118897183119862,0.6381493560747257,0.01475330935056573,0.2000089077901436,0.6907895744694362,0.13816406830244998,0.31392188393012127,0.6789438592843497,0.2131353353893302,0.059792180905374304,0.598008428594629,0.03575622814546867,0.0016934879610080841,1.0,0.0016934879610080841,0.00022632533974937318,0.6760278854582291,0.00015300224085638408,3.210773920663897e-15,1.0,3.210773920663897e-15,1.0,1.0,1.0,0.03851616028665538,0.32930967111075105,-14.75522903141776,-0.9461035288904369,9.41537257157407,-5.23333185113764,-2.8911202818920927,-98.71628792274304,59.83395889089525,8.566335712539917,-3.134140527369648,323.15,10.5,0.2
298,0.013140343980015285,0.18533204267585804,0.002435326791279647,6.80824275747619e-10,0.6965777223503257,4.742470233210863e-10,0.9890949465107354,1.0010721227457215,0.9901553777005677,1.178268907112601e-05,1.0523185138560782,1.2399141852555568e-05,0.02318282068001564,0.6398332324928658,0.014833139093996863,0.20000896725129388,0.6906856185853697,0.13814331726858084,0.3117407528686265,0.6763307114142192,0.21083984516444246,0.062023143784589396,0.5968877652626136,0.03702085568814533,0.001643767749141142,1.0,0.001643767749141142,0.000245133873521352,0.6758829896745626,0.00016568181530611747,3.4402737720334474e-15,1.0,3.4402737720334474e-15,1.0,1.0,1.0,0.03633494734910205,0.3248810975294661,-14.636131279539413,-0.952987604768568,9.323995386341847,-5.101335818644132,-2.786060752531562,-97.19865197920973,59.11219800460757,8.494755159954396,-3.1419779878773793,328.15,10.5,0.2
299,0.011217118033744786,0.18379459966053419,0.0020616457183570817,8.36364032514381e-10,0.694065281224501,5.804912374331525e-10,0.9891273925113832,1.0010665246490933,0.9901823212565899,1.4640839902204161e-05,1.051985817598381,1.5401955934847244e-05,0.02324307949203519,0.6412247360168871,0.014904037511499789,0.20000902556105923,0.6902279887542868,0.13805182744571465,0.309880724175846,0.6736796354466613,0.20876033329473134,0.06393020909491104,0.5954958136690852,0.0380701718830088,0.0015968405763568123,1.0,0.0015968405763568123,0.00026417479671502007,0.6754742291313307,0.00017844326716700434,3.6690724390143505e-15,1.0,3.6690724390143505e-15,1.0,1.0,1.0,0.03447483836568218,0.3210978430459548,-14.522539363547693,-0.9599993234988095,9.23620433158975,-4.972503325815438,-2.684555645177181,-95.73294968542305,58.41311739780325,8.42611413826614,-3.149613401220483,333.15,10.5,0.2
300,0.009658513811456975,0.18030813934916337,0.0017415086542220042,1.0205102536315922e-09,0.6913214079261067,7.055005853436195e-10,0.9891534684722914,1.0010649222689143,0.9902068400282412,1.8182993601909977e-05,1.0517178568495973,1.91233790621107e-05,0.02329953010156695,0.6420960587562118,0.014960536449087857,0.2000090814641916,0.6891828903536382,0.13784283686046786,0.30838218969357406,0.6710588178851015,0.20694258767258894,0.06547331971808847,0.5936150003731635,0.038865944708885325,0.0015523693630683263,1.0,0.0015523693630683263,0.0002832318073234348,0.6745656557348425,0.00019105844983209716,3.894098261416442e-15,1.0,3.894098261416442e-15,1.0,1.0,1.0,0.03297622690662584,0.31804070452554134,-14.413816962762924,-0.9671123775165562,9.15150262158164,-4.846579552892487,-2.586446689051321,-94.3166225427019,57.73568618887712,8.360199395916643,-3.157083075845966,338.15,10.5,0.2
301,0.008261961552856386,0.17854147029007802,0.001475102763127075,1.2323225632191675e-09,0.6884205389096876,8.483561630819055e-10,0.9891767176887167,1.001063741988351,0.9902289464972215,2.2499197487122473e-05,1.0514784977670288,2.3657422374723227e-05,0.02335278297053108,0.6430159868425249,0.015016212787315355,0.2000091374954544,0.688149713153876,0.13763623059565108,0.3070432836610386,0.6683518126800893,0.205212935206102,0.06685434289338764,0.5917884218178056,0.039563626072544295,0.0015103573884164751,1.0,0.0015103573884164751,0.00030309842827536826,0.67373391161166,0.00020420768968531014,4.126626512198059e-15,1.0,4.126626512198059e-15,1.0,1.0,1.0,0.03163724372087459,0.31530524644621766,-14.311728814975682,-0.9744614180759376,9.071421780777234,-4.724774929419152,-2.4915851711462795,-92.94872210185122,57.080378997828305,8.297537908219748,-3.1643622404584457,343.15,10.5,0.2
302,0.00707945002043398,0.1766985656011764,0.0012509286638559035,1.4750133331999761e-09,0.685363939583371,1.010920948979936e-09,0.989196227649633,1.0010644438574954,0.9902491714980122,2.7754635088414064e-05,1.0512770061853323,2.9177809683514316e-05,0.02340264166037557,0.6437241628052074,0.015064845910255528,0.20000919229680567,0.6868589747910635,0.1373781087697726,0.30591596171572993,0.6656299415725011,0.20362682372293678,0.06802166624843137,0.5897678743640606,0.04011699351403893,0.0014704588383058419,1.0,0.0014704588383058419,0.0003235629442627192,0.6727097324197022,0.00021766394165590477,4.3633106676493035e-15,1.0,4.3633106676493035e-15,1.0,1.0,1.0,0.03050984631589796,0.3129954132111772,-14.215424435119008,-0.9820074389826258,8.995282803621734,-4.606657051181963,-2.399830822638804,-91.62679068518077,56.44606623478234,8.237842486638561,-3.171498123438073,348.15,10.5,0.2
303,0.006055035012508995,0.17560880822110722,0.0010633174822837813,1.7492343881428834e-09,0.6815041069705926,1.1921104195735664e-09,0.9892129079676613,1.0010691200866884,0.9902704953575808,3.404882838374858e-05,1.0511039817108563,3.578885908674778e-05,0.023452461247082595,0.6437346509481178,0.015097161954764972,0.20000924860187735,0.6847952964224018,0.13696539268354443,0.30494773801804903,0.6622188614978302,0.201942143886651,0.06903047634818883,0.5871144037135531,0.04052878695922941,0.0014299781182679572,1.0,0.0014299781182679572,0.0003454835451166572,0.6709813770244957,0.00023181302484167905,4.606673905502515e-15,1.0,4.606673905502515e-15,1.0,1.0,1.0,0.029541545087975338,0.3110027747797924,-14.125674915238637,-0.9898216869535271,8.923683516080244,-4.493149025233523,-2.311050354638768,-90.3498495020504,55.83301169803567,8.181511070065884,-3.1793321580230924,353.15,10.5,0.2
304,0.005230644078879748,0.17297406799095635,0.0009047657845366389,2.0577030133456023e-09,0.6775258912611068,1.3941470680676459e-09,0.989226091491826,1.0010761432765847,0.990290640499207,4.162967214771382e-05,1.0509662992802378,4.375138247733236e-05,0.023498629281053833,0.6434333685568031,0.015119802194775999,0.20000930290301486,0.6823801668291782,0.1364823814823469,0.30417717073304484,0.6588411477651616,0.20040443628971877,0.06983981780652537,0.5841790843409497,0.040798960816754735,0.001391305865681624,1.0,0.001391305865681624,0.0003681346423943538,0.6689571732178043,0.00024626630973967426,4.854191369311219e-15,1.0,4.854191369311219e-15,1.0,1.0,1.0,0.028770903032081296,0.3094078168696276,-14.041225079002036,-0.9978344727153803,8.855691410254316,-4.383175629362153,-2.225120272539402,-89.11503546028656,55.23950962997744,8.127945757097407,-3.1870745301855363,358.15,10.5,0.2
305,0.004575501056001263,0.16851355909024088,0.0007710339675679285,2.400765629009206e-09,0.6734526694823187,1.6168020216576496e-09,0.9892363172352933,1.001085087722245,0.9903097254175242,5.0706950529477874e-05,1.050858456600018,5.3285827772300556e-05,0.02354099030259647,0.6428751756282265,0.015133918275244077,0.20000935492110233,0.6796746597475578,0.13594129025232876,0.30357353763729544,0.6554973975878283,0.19899166389777784,0.07048054414539678,0.5810153006611927,0.04095027454740218,0.0013543102581253844,1.0,0.0013543102581253844,0.00039164855696298184,0.6666916621366228,0.0002611088274150601,5.107381291019572e-15,1.0,5.107381291019572e-15,1.0,1.0,1.0,0.02816719830912721,0.3081490410940624,-13.962074639526799,-1.0060615491574594,8.791343156448335,-4.27678509024484,-2.1419229999448097,-87.92071439783432,54.66501097929112,8.0771164433541,-3.1947310834920133,363.15,10.5,0.2
306,0.003975419523279725,0.1659391735036041,0.0006596778300231291,2.7733862653014853e-09,0.6693382710888535,1.8563335678784678e-09,0.9892455767257708,1.0010940594630175,0.9903278702102359,6.144068631242027e-05,1.0507601488750629,6.455942469662475e-05,0.023579950866632844,0.6423616137469532,0.015146855290764143,0.20000940638892203,0.676995085358074,0.13540538515068598,0.3030232212738971,0.6521203970564695,0.1976076233744642,0.07106636153266037,0.5779094247732844,0.041069920114070034,0.0013189058369984074,1.0,0.0013189058369984074,0.000416666212508672,0.6644877704779593,0.00027686960258338316,5.3742078362019564e-15,1.0,5.3742078362019564e-15,1.0,1.0,1.0,0.02761681107622499,0.30699864357056306,-13.889017251402246,-1.0145766645378547,8.731343981957401,-4.174511606611291,-2.0613474518547217,-86.76583578651834,54.10948171366691,8.029240479261924,-3.2023087252784506,368.15,10.5,0.2
307,0.0034661121724242692,0.16330697959425478,0.0005660403098134879,3.175852249814122e-09,0.6651757795733795,2.1124999960799777e-09,0.9892532467365353,1.0011038937475838,0.9903452772103847,7.40990307171747e-05,1.0506777114753747,7.785420001646466e-05,0.0236150164994273,0.6417510242326241,0.015154961025777784,0.20000945585307858,0.6741972300454453,0.13484582111904236,0.30256170601076615,0.648749763450303,0.19628683520360465,0.0715619600913987,0.5747278750976637,0.041128653261153385,0.001284915383345488,1.0,0.001284915383345488,0.0004430523978653027,0.662201041935993,0.0002933897594986435,5.652259209302973e-15,1.0,5.652259209302973e-15,1.0,1.0,1.0,0.027155227702568747,0.30602782135904266,-13.821433060716185,-1.0233520591611809,8.67520328318416,-4.076004606683841,-1.9832885606499884,-85.64855482859873,53.572030157103704,7.984096831002337,-3.209824852001161,373.15,10.5,0.2
308,0.0030750352268081645,0.1582747590245896,0.00048670045951518655,3.6090068297563526e-09,0.6602591105020398,2.382879639210715e-09,0.9892587740966333,1.0011183571656266,0.9903651187353032,8.88325341804413e-05,1.0506166072470224,9.332893567381043e-05,0.023649184730904108,0.6402864701305766,0.015142253012816518,0.20000950551401828,0.6704931056083241,0.1341049945032793,0.3022195991815795,0.6447350187216626,0.194851558936389,0.0719392737363066,0.5707906985049311,0.04106226830588389,0.0012498017789317759,1.0,0.0012498017789317759,0.000471568355740917,0.6590543900516928,0.0003107891950605096,5.938312180056885e-15,1.0,5.938312180056885e-15,1.0,1.0,1.0,0.02681305249189271,0.3052946380173944,-13.7593779030798,-1.0324082125380216,8.622897893594269,-3.9817313570157213,-1.907645605909041,-84.56792850054607,53.05261025561587,7.941878193890662,-3.2181863803694526,378.15,10.5,0.2
309,0.0026866892598910756,0.15646436816003675,0.0004203711374912139,4.062090984856592e-09,0.6553572169263359,2.6621206427371736e-09,0.9892642427007333,1.0011323197778492,0.9903844061682623,0.00010589694958354968,1.0505557199323459,0.00011125064610838543,0.02367948662874933,0.6389328127541137,0.015129600996280235,0.2000095544960991,0.6668959572086363,0.1333855632965489,0.3018786869746335,0.6406957290704222,0.19341238544203457,0.0723140445709838,0.5669802981484595,0.041000638551177374,0.0012160350883209758,1.0,0.0012160350883209758,0.0005022268211100341,0.6560353972020984,0.00032947857207246825,6.2426411183708695e-15,1.0,6.2426411183708695e-15,1.0,1.0,1.0,0.026472072838223955,0.3045653802966155,-13.703103023112778,-1.0417806817608875,8.574772266935046,-3.8914644121761484,-1.8343258463355716,-83.52239697640451,52.550499251219605,7.902430296668008,-3.226503032308455,383.15,10.5,0.2
310,0.002375239561132453,0.15326117780959417,0.00036403201271910325,4.536477894537145e-09,0.6504370991587668,2.9506935221206093e-09,0.9892683621302449,1.0011472874739031,0.9904033373304457,0.00012566323089861713,1.0505081896929185,0.0001320102532022694,0.02370496894205221,0.6374514986991274,0.01511076797872745,0.20000960008011906,0.6631615833761023,0.1326386830795528,0.30161254863819675,0.6366898358655632,0.19203364408744766,0.07261286094536505,0.5630727725494995,0.04088632493525798,0.001183442609492143,1.0,0.001183442609492143,0.000534644084873502,0.6529035979537028,0.00034907104663857436,6.559448486705589e-15,1.0,6.559448486705589e-15,1.0,1.0,1.0,0.026205871734083282,0.3039877927358071,-13.651688022203027,-1.0514157842018417,8.530075896756902,-3.8046567087489462,-1.763240077235703,-82.51015318236834,52.06467930687444,7.865443167467194,-3.2347917223780454,388.15,10.5,0.2
311,0.002129199153723626,0.14845980033831577,0.00031610048124232056,5.0275491293074175e-09,0.6455081420617234,3.2453238975832708e-09,0.9892713335432503,1.0011630932260296,0.9904219483299996,0.00014843180084683452,1.0504719512643321,0.000155923443465253,0.023725264217919297,0.6358643287578765,0.015086049206530516,0.20000964170330204,0.6593152239641635,0.13186940171460468,0.3014096293903645,0.63271722608648,0.19070706462362536,0.07284736580735998,0.5590892654390826,0.040728180238409024,0.001151935120136012,1.0,0.001151935120136012,0.0005689643818849973,0.6496806317451771,0.0003696451390635492,6.889720152080429e-15,1.0,6.889720152080429e-15,1.0,1.0,1.0,0.026002895172489757,0.3035388335716372,-13.605021831025926,-1.061319319973063,8.488741952203121,-3.721254925724961,-1.694303781619519,-81.52995105759636,51.594646354004645,7.830855997340314,-3.2430569515076204,393.15,10.5,0.2
312,0.0018943738365625178,0.145443543461323,0.0002755244434300737,5.525493088664779e-09,0.6405982438386004,3.5396211689409804e-09,0.9892740970978312,1.0011788172675844,0.990440270485864,0.0001744155769436627,1.0504373896492853,0.00018321264335887502,0.023740516021447194,0.6343153979792341,0.015058974868376658,0.20000968043222114,0.655507823875034,0.13110791037406624,0.30121609298128244,0.6287439076252905,0.18938778334067435,0.07307145774312188,0.5551650053919909,0.0405667162319609,0.001121452285861774,1.0,0.001121452285861774,0.0006056966368602676,0.6465102992904512,0.00039158911397575144,7.238669715406571e-15,1.0,7.238669715406571e-15,1.0,1.0,1.0,0.025809305434953377,0.303110472343338,-13.563396008462172,-1.0715284566430965,8.451043216234767,-3.641449777147928,-1.627436768134973,-80.58085114438343,51.14015902762972,7.7987320344412625,-3.2513043542705677,398.15,10.5,0.2
313,0.0017174639667392269,0.14019277341071354,0.0002407760367301377,6.0308213090724645e-09,0.634944915375423,3.8292393257333135e-09,0.9892757486769288,1.0011988615378582,0.9904617533223535,0.00020363869648956553,1.0504134661202325,0.00021390482901581046,0.023754179385479704,0.6319393975813385,0.015011201810899093,0.2000097201049671,0.6508504422344996,0.13017641478151631,0.30108212422311065,0.6240804003794761,0.18789945263226207,0.07323737265343926,0.5505365115053363,0.04031984765244076,0.0010895805976416058,1.0,0.0010895805976416058,0.0006459301765674308,0.642515176938779,0.00041501994168731957,7.600599117596805e-15,1.0,7.600599117596805e-15,1.0,1.0,1.0,0.025675282048708496,0.30279959422067115,-13.526806199735935,-1.0820578476140188,8.416887489594528,-3.565698139982249,-1.5625613987579376,-79.66223837177051,50.701262371826196,7.7692708512085265,-3.260537535421514,403.15,10.5,0.2
314,0.0015317479105021908,0.13791186339407,0.00021124620858733033,6.52942549307758e-09,0.6293388051379329,4.109220838050607e-09,0.9892775321537178,1.0012185400166844,0.9904830064142539,0.00023652223143519989,1.0503876715260518,0.0002484400359413656,0.023762510305830275,0.629643630453063,0.014961913257641297,0.20000975741368954,0.6462841099555525,0.12926312805253232,0.30093767399505994,0.6194223865466393,0.18640753222781453,0.07341274894227644,0.5460120389557869,0.040084244735321656,0.001058724563616926,1.0,0.001058724563616926,0.0006891680416847612,0.6386173302986657,0.00044011465490788164,7.983772524836298e-15,1.0,7.983772524836298e-15,1.0,1.0,1.0,0.025530780447767666,0.30246942843498753,-13.495048816929184,-1.0929059939705266,8.386240518224728,-3.4934278900994795,-1.499606835384798,-78.7725228699995,50.27698231575334,7.7421559859936915,-3.2697641671833253,408.15,10.5,0.2
315,0.0013979152551248115,0.1329084416730319,0.00018579473814959757,7.0222762206670856e-09,0.6237487485491887,4.380136004607828e-09,0.9892783971055632,1.001239031804662,0.990504144503242,0.0002735218979381013,1.0503707139840714,0.0002872993912275218,0.023764335286122203,0.6272457990878617,0.014906079476335588,0.2000097893290343,0.6416230714608406,0.12833089535153064,0.3008427099328627,0.6148147646797615,0.18496253991299474,0.07353773662133263,0.5414222048872603,0.03981496350394054,0.0010287608503968236,1.0,0.0010287608503968236,0.0007350252084001717,0.6346345726459451,0.0004664724090170399,8.382231795177447e-15,1.0,8.382231795177447e-15,1.0,1.0,1.0,0.025435772439185114,0.30224063221026376,-13.467402475824438,-1.1040281410673762,8.358512404305563,-3.4242097442194304,-1.4385042704419553,-77.91030808111871,49.866505273429205,7.717145137373254,-3.2789953878833686,413.15,10.5,0.2
316,0.0012655899846717102,0.12956959087822964,0.00016398197653349833,7.497209428962257e-09,0.6182017928503829,4.634788310359264e-09,0.9892792120350581,1.0012594232031042,0.9905251332290437,0.00031477400238225713,1.0503536877802313,0.00033062403421954735,0.023760019240076046,0.6248853917289614,0.014847288930322578,0.2000098175570406,0.6370123120741168,0.12740871631953268,0.30074735958984855,0.6102246439291705,0.18352345041835355,0.07366223885856805,0.5368965275910504,0.03954900025774773,0.00099966193884922,1.0,0.00099966193884922,0.0007841114620298029,0.6307057023239199,0.0004945435703597425,8.801554059891155e-15,1.0,8.801554059891155e-15,1.0,1.0,1.0,0.025340383227130014,0.3020129570717297,-13.444155240498024,-1.1154604253374696,8.333970097062602,-3.3582202026649965,-1.379188312810687,-77.0748502306118,49.46963660491049,7.694299781923419,-3.2882337148192735,418.15,10.5,0.2
317,0.001162445034696314,0.12484933809845197,0.0001451304931576668,7.951927826092968e-09,0.6126843911792305,4.872022058830952e-09,0.9892794982229037,1.0012802467523354,0.9905460200876556,0.0003606484547708721,1.050341461987268,0.0003788040252474868,0.02374879051631701,0.6224789979144092,0.014783123322276234,0.20000984035344263,0.6323676424165319,0.12647975120441343,0.30067889175840223,0.6056741159748286,0.18211342195806143,0.07375906614659936,0.5323577633190271,0.039266211478303795,0.0009713452700656078,1.0,0.0009713452700656078,0.0008363126245784065,0.6267474880849471,0.0005241568367082455,9.23885676972452e-15,1.0,9.23885676972452e-15,1.0,1.0,1.0,0.025271884005784194,0.30184134474502633,-13.424902455845357,-1.127181964271784,8.31229075403551,-3.295219940619614,-1.3215966854376913,-76.2650334798898,49.085777958819484,7.673474227707562,-3.2974865377071825,423.15,10.5,0.2
318,0.0010550380964278456,0.12215855018100205,0.00012888192424534978,8.378687187119997e-09,0.6063988744419055,5.080826479570378e-09,0.9892796990969978,1.0013049476582743,0.9905706573237127,0.00041040218238724607,1.050329075111545,0.00043105734465055564,0.02373703277029814,0.6192982008628817,0.0147003016884689,0.20000986982342053,0.6269542117873848,0.12539703028484003,0.3006095213809262,0.6003357920191754,0.1804666551067236,0.07385830578597685,0.5271911152196858,0.03893744259554572,0.0009415313219612581,1.0,0.0009415313219612581,0.000894245187062306,0.6220273931955288,0.0005562450025860141,9.695362978788397e-15,1.0,9.695362978788397e-15,1.0,1.0,1.0,0.02520247304911323,0.30166456785604134,-13.41046454642689,-1.13927434509333,8.294065636865318,-3.2362068338066856,-1.265668406047688,-75.48101991944532,48.71558232362688,7.65514351982054,-3.307906951184164,428.15,10.5,0.2
319,0.0009801330045427338,0.11706425868947813,0.00011473854359388603,8.775607204366603e-09,0.6001569882787473,5.266741990089944e-09,0.9892793002676263,1.0013301981768399,0.9905952377892276,0.00046509365739483835,1.0503221122830155,0.0004884981526443797,0.023718218332943727,0.6160605428465603,0.014611858461546553,0.20000989463370994,0.6215038938083911,0.12430692831505674,0.3005705274896508,0.5950557758537243,0.1788562284341173,0.07392633500093908,0.5220073803018687,0.038590092469158545,0.0009125425660500946,1.0,0.0009125425660500946,0.000955822288579932,0.6172709223023779,0.0005900013056289044,1.0168882871397854e-14,1.0,1.0168882871397854e-14,1.0,1.0,1.0,0.025163444994881302,0.3015506692698008,-13.39968177820696,-1.1516522236415219,8.278457956566537,-3.1799743387882877,-1.211348639269639,-74.72080509808657,48.35750111458591,7.638677364498812,-3.3183560848814593,433.15,10.5,0.2
320,0.0009028952883608022,0.113496677962649,0.00010247561577707904,9.132718180931766e-09,0.5939777713443356,5.424631591425737e-09,0.9892788952794672,1.0013553477795758,0.9906197122335654,0.0005247445647112663,1.0503144573903103,0.0005511468027532281,0.023692904346889858,0.6128627876231945,0.01452049940492462,0.20000991681455,0.6161166649634235,0.12322944290739232,0.30052765723702224,0.5898108862905941,0.17725448386980397,0.07399742556310734,0.5168952555869445,0.038248918199218274,0.0008843638889301309,1.0,0.0008843638889301309,0.0010216290684716236,0.6125738304022651,0.0006258232317239606,1.0663604726058081e-14,1.0,1.0663604726058081e-14,1.0,1.0,1.0,0.025120544199961927,0.3014305616581012,-13.392719716657739,-1.1643408727787674,8.265629751164928,-3.126616458284157,-1.1585835284836972,-73.98372029477471,48.01129789197535,7.6240973731923525,-3.3288373189066585,438.15,10.5,0.2
321,0.0008438244791177738,0.10875289362257991,9.176835381362417e-05,9.449328891152382e-09,0.5878498972699329,5.55478701793373e-09,0.9892781289554049,1.0013807933318783,0.9906441175992396,0.0005896329486729728,1.0503097199283988,0.0006192972171812661,0.02366053012892669,0.6096448419373354,0.014424520150603075,0.2000099351179917,0.6107319236463893,0.12215245242300057,0.300501125797018,0.5846164525978832,0.17567790216512288,0.07405142381472557,0.511799395722573,0.03789947396077271,0.0008569314320370415,1.0,0.0008569314320370415,0.001091597226467157,0.6078764029473849,0.000663556195492197,1.1176512169487612e-14,1.0,1.1176512169487612e-14,1.0,1.0,1.0,0.025093987556717438,0.3013449597254645,-13.389263895573897,-1.1773240130002873,8.255332588155941,-3.0759474873590196,-1.1073216542428197,-73.26884970550834,47.67646359269577,7.61128507180821,-3.339359696803327,443.15,10.5,0.2
322,0.0007747847643481811,0.10641338957747273,8.244747296727341e-05,9.71745536023843e-09,0.5817890008438199,5.653508644777538e-09,0.9892774764598088,1.0014059992638857,0.9906683998634901,0.0006597100834245206,1.0503029870897915,0.0006928954712340293,0.023621762817087614,0.6064845852365068,0.01432623502467652,0.200009951739807,0.6054298036836172,0.12109198581660113,0.30046341879285615,0.57945380722102,0.17410467195016427,0.07411585699309962,0.5067905542904718,0.037561216247246294,0.0008302364562096788,1.0,0.0008302364562096788,0.0011662874316208795,0.6032554080736279,0.0007035692004935969,1.1711034955287722e-14,1.0,1.1711034955287722e-14,1.0,1.0,1.0,0.025056257664860318,0.30123821327465966,-13.389424804386195,-1.1906219050069367,8.247681939414708,-3.028025296877738,-1.0575139705006298,-72.57555127821801,47.35273830640607,7.600243195679283,-3.3499275668204125,448.15,10.5,0.2
323,0.000732898442217917,0.10129865675756483,7.424162773638673e-05,9.945955794978503e-09,0.5748389883595459,5.717323167454199e-09,0.9892761086903956,1.0014366180269576,0.9906973205817788,0.0007336054656090501,1.0503021018694854,0.0007705073624721281,0.023584755162267473,0.6023079243403696,0.014205284927861139,0.20000998269689377,0.5991397462478313,0.11983393028005007,0.30045846282498556,0.5734203270257173,0.17228899001074757,0.07414916365971136,0.5009647798162565,0.037146119446346874,0.0008019438625009149,1.0,0.0008019438625009149,0.001248774367632865,0.5976456265449684,0.0007463245393572404,1.2255528133344037e-14,1.0,1.2255528133344037e-14,1.0,1.0,1.0,0.02505125907009444,0.3011913712131592,-13.393504758287758,-1.2042724959181552,8.242807258918239,-2.983614911358256,-1.0091115214571735,-71.90391792877007,47.04057772145681,7.591329338817342,-3.361943576573972,453.15,10.5,0.2
324,0.0006950003571964963,0.09646239494194708,6.704139894068275e-05,1.0125063545301785e-08,0.5679676429044621,5.750708476082943e-09,0.9892745902734257,1.0014672950730374,0.9907261480056151,0.0008126533466342834,1.0503018014130874,0.0008535312738943619,0.023541881261440644,0.5981569410166613,0.014081739681120796,0.2000100140740596,0.5929071840112118,0.11858737421869353,0.300456781925493,0.5674471085276414,0.17049333214114107,0.07417836561317527,0.49520271408355865,0.036733327977926916,0.0007744817020311772,1.0,0.0007744817020311772,0.001336530387487972,0.5920849629042438,0.0007913395448962108,1.2816776033145806e-14,1.0,1.2816776033145806e-14,1.0,1.0,1.0,0.025049534965271424,0.301151792407753,-13.400797423596066,-1.2182232395559305,8.240278647780043,-2.941693253452004,-0.9620715905038643,-71.25227998501579,46.73864377904393,7.584001733824164,-3.374025429467797,458.15,10.5,0.2
325,0.0006475256830188941,0.093783298074189,6.072709414125377e-05,1.0251544598199795e-08,0.5611823170906989,5.752985551376398e-09,0.989273143617489,1.0014977596140935,0.9907548369793066,0.0008967481582389085,1.0502997595295525,0.0009418543749568947,0.023493780911633483,0.5940688196797773,0.013956922695989386,0.20001004773110256,0.5867700774912268,0.11735991120620301,0.30044534805775946,0.5615253279234593,0.16870767259121125,0.07421651222584139,0.4895372985983727,0.036331750906431495,0.0007478321298249914,1.0,0.0007478321298249914,0.0014299660746888339,0.5866096770233002,0.0008388319372274934,1.3395613936961512e-14,1.0,1.3395613936961512e-14,1.0,1.0,1.0,0.025038054752891285,0.301092883992323,-13.411289100904929,-1.2324824390214382,8.240106716703751,-2.902243218395581,-0.9163513678591473,-70.61999699486492,46.44660948890504,7.578222147855264,-3.38618075016143,463.15,10.5,0.2
326,0.0006177370263910938,0.08926514304861931,5.514238402722971e-05,1.033035638645439e-08,0.55446564263739,5.7278276924887035e-09,0.989271300894621,1.0015285672349048,0.9907834685916002,0.0009861152437772038,1.0503007651374174,0.0010357175950528683,0.02343978957624266,0.5899654259508509,0.013828665441546314,0.20001008183468494,0.5806492581170126,0.11613570563323278,0.30045098211079596,0.5556726210308427,0.16695238472079685,0.07423684901304128,0.48389746436771186,0.03592302300005935,0.0007219253004491022,1.0,0.0007219253004491022,0.0015287979644012504,0.5811426199740841,0.0008884496544431895,1.3985991686308875e-14,1.0,1.3985991686308875e-14,1.0,1.0,1.0,0.025043641846410957,0.3010687294675435,-13.424627761846015,-1.2470269153397102,8.242010055177662,-2.865064856260008,-0.8719098408906271,-70.00626664575941,46.163964231726624,7.57385906797315,-3.3984268743186488,468.15,10.5,0.2
327,0.0005841071962213313,0.08597367927606425,5.0217844750773866e-05,1.0358452460499586e-08,0.5478295555078002,5.67466640718417e-09,0.9892694191761494,1.0015592901613855,0.9908119772484303,0.00108050842483374,1.0503011106173912,0.0011348591986343247,0.02338091200765608,0.5859063057431395,0.013699023779311186,0.20001011910313807,0.5746052215364823,0.11492685879679686,0.3004529192105364,0.5498746537310464,0.16521144491337575,0.07426014976612506,0.4783363320604415,0.035521327657387324,0.000696757398802554,1.0,0.000696757398802554,0.0016335342996269383,0.575742046429685,0.0009404943805802953,1.458936038434557e-14,1.0,1.458936038434557e-14,1.0,1.0,1.0,0.02504552762871115,0.3010370367652102,-13.440868414328431,-1.261870306361325,8.246059663963463,-2.830180372738078,-0.82870781134726,-69.4105274714698,45.89041639566405,7.57088961295477,-3.4107729904094057,473.15,10.5,0.2
328,0.06753089529496413,0.17452968125450571,0.011786145630661491,1.6184468795016667e-11,0.692288463932465,1.120432104166499e-11,0.988126079307941,1.00151230027898,0.9896204226533459,1.74318820757708e-07,1.0622219009906857,1.8516526916370728e-07,0.008337283862077901,0.588917009785005,0.004909968281783694,0.20000875154335965,0.6526910012084858,0.1305439122952947,0.3668407931050119,0.6872999344444652,0.2521296530526303,0.02325930727927974,0.5788506821773409,0.013463665885583473,0.0008725121099241325,1.0,0.0008725121099241325,0.00017365984655083206,0.6470444820951661,0.00011236564547220914,2.735430041588473e-15,1.0,2.735430041588473e-15,1.0,1.0,1.0,0.0758683534758628,0.4343716884161605,-16.90468022307257,-0.9162135530957994,10.950614455665496,-7.561704758598834,-4.180394239084094,-118.22171938397224,69.33699477750821,9.887124730207427,-3.056713019279616,273.15,11.0,0.2
329,0.06213235148970855,0.1758516466837294,0.010926076321797514,2.091431161174677e-11,0.6928380049946127,1.4490229932918299e-11,0.9882191712925685,1.0014592925945518,0.9896612722110298,1.9964852190505658e-07,1.0612591340690063,2.118788174751174e-07,0.008401580840412873,0.5936866162527888,0.004987906100318983,0.20000890258718923,0.657122109655317,0.13143027201793858,0.36150679134613456,0.6877113965345578,0.24861234033337717,0.02861600042608479,0.5804339468345396,0.016609698069931265,0.0008501159790794139,1.0,0.0008501159790794139,0.00021560453394487434,0.6497601724247851,0.0001400912391515871,3.3783628937238465e-15,1.0,3.3783628937238465e-15,1.0,1.0,1.0,0.07053413197864333,0.4236391428567573,-16.74538596342622,-0.9241932098358112,10.838924723030871,-7.419829699622363,-4.02841946833164,-116.03773387267788,68.35741711537317,9.790031181135957,-3.0621320090242183,278.15,11.0,0.2
330,0.056316661279232995,0.17843429060916455,0.010048823504836544,2.6848583973694344e-11,0.6936652598169415,1.8623929977829637e-11,0.9883194610039998,1.0014019721533924,0.9897050573669833,2.3252291892377373e-07,1.0602228114179062,2.465261028204614e-07,0.008470061625132516,0.5996833729161544,0.00507935512416715,0.20000907112543972,0.6626116854632732,0.13252834772637131,0.3557598599839756,0.687703284387514,0.24465722416422214,0.03438499269017825,0.583257276321232,0.020055297182798842,0.0008283845319285011,1.0,0.0008283845319285011,0.000262412011607686,0.653761986291765,0.00017155499793545845,4.086041767919478e-15,1.0,4.086041767919478e-15,1.0,1.0,1.0,0.06478695542728444,0.4120765212900572,-16.590993541828816,-0.9321321927344477,10.729928669885625,-7.277198284271022,-3.882293936466936,-113.9359989035395,67.40680313876024,9.695350256316264,-3.0680661893730776,283.15,11.0,0.2
331,0.05044503906343302,0.18012863575324328,0.009086596067015255,3.4471140467670176e-11,0.6948161761917528,2.3951106008715405e-11,0.9884206325099948,1.001350596091725,0.9897555895532432,2.7583756350893807e-07,1.0591781127185964,2.921611099342929e-07,0.00854231007414057,0.6050032022915669,0.005168124949822555,0.20000925107056575,0.6671209038097528,0.13343035234450756,0.34996079131573404,0.68756008332229,0.24061907083658063,0.0402067563865911,0.585460867096712,0.023539482457239885,0.0008060412564446968,1.0,0.0008060412564446968,0.0003123956920417244,0.6570172419973961,0.0002052493559971218,4.821615253408881e-15,1.0,4.821615253408881e-15,1.0,1.0,1.0,0.0589876249751371,0.4004058304136381,-16.43805730587693,-0.9398480856077388,10.620674427034741,-7.132520968396878,-3.7417098289397726,-111.91063306999591,66.48271963013993,9.602255919193661,-3.0751465110261136,288.15,11.0,0.2
332,0.04474172530370125,0.18078854687876728,0.00808879150250512,4.4262852499260713e-11,0.6960761458049702,3.081031577001931e-11,0.9885187964474847,1.0013057625556765,0.9898095672774684,3.3261418432033573e-07,1.0581650456005993,3.519607035187344e-07,0.008616347523736623,0.6097665625513081,0.0052539606112963575,0.20000943778211122,0.6708376973237704,0.13417387068477343,0.3443318434099021,0.6872456543090749,0.23664056302368808,0.0458583368147162,0.5871661881145369,0.026926464820769446,0.0007837737136837657,1.0,0.0007837737136837657,0.00036427072619831885,0.6596943731712048,0.00024030734838401956,5.564427802557071e-15,1.0,5.564427802557071e-15,1.0,1.0,1.0,0.053358405441622195,0.3890735687578662,-16.286648602345387,-0.9473493725768389,10.511303850645273,-6.986176415559063,-3.606383251927931,-109.9577254589323,65.58437932263627,9.51075394996251,-3.0829124921126967,293.15,11.0,0.2
333,0.03919454147783288,0.18233513911397045,0.0071465421728689445,5.6550339155594376e-11,0.6972623306306012,3.9430421277580634e-11,0.9886141895534012,1.0012608315726748,0.9898606655367843,4.056060983509852e-07,1.0571810925028522,4.287990981805135e-07,0.008690835993919083,0.6151647692719493,0.0053462961189795835,0.20000963113000828,0.6750946438768259,0.13502543069964829,0.33885950232836765,0.6865912329018506,0.2326579634841415,0.051351948535869,0.5895209101363809,0.03027304743814209,0.0007628810261884432,1.0,0.0007628810261884432,0.00041800376945582774,0.6630820141275704,0.0002771707813636869,6.321352793331136e-15,1.0,6.321352793331136e-15,1.0,1.0,1.0,0.04788578307785031,0.3780540438627508,-16.13940943405751,-0.9547968992268564,10.404168582867145,-6.839947114581471,-3.476050791803133,-108.07505945666576,64.71241475209823,9.42155866887258,-3.090563035362332,298.15,11.0,0.2
334,0.034106062618058375,0.18293814471240066,0.00623929981879256,7.217829640072999e-11,0.6975106466204316,5.0345130194434334e-11,0.9887014939464895,1.001224775341873,0.9899124311567483,4.996937521788062e-07,1.0562805983526735,5.278168155445224e-07,0.008766294981148094,0.6196797570884804,0.005432295544483818,0.20000982674773904,0.6782800818630781,0.1356626816598765,0.3338468611278643,0.6850284554013938,0.2286945996190245,0.056386226377160634,0.5910524135805486,0.033327215192919986,0.0007416267745432011,1.0,0.0007416267745432011,0.0004723878578779915,0.66557921463741,0.0003144115394506821,7.058537196349046e-15,1.0,7.058537196349046e-15,1.0,1.0,1.0,0.042872857292958644,0.3679529238181009,-15.99497741704721,-0.9621211260595994,10.298042531703585,-6.693854172368979,-3.350462338823159,-106.25893057508704,63.8657423572757,9.334519228286611,-3.099059141244829,303.15,11.0,0.2
335,0.02946689179586114,0.1833474730350776,0.005402680148969201,9.174759426676288e-11,0.6975280949243884,6.399652464279077e-11,0.9887809155223567,1.0011932437182949,0.9899607721385736,6.20341347749252e-07,1.0554613062153089,6.547462891947908e-07,0.008840720501711495,0.6239258242397768,0.005515953825903835,0.2000100226979073,0.6810870440214507,0.13622423513398094,0.3292825215418438,0.6832982377311626,0.2249981666852154,0.060971104074279775,0.5923475692968782,0.03611608529574661,0.0007214717024288116,1.0,0.0007214717024288116,0.0005268907679705341,0.6678492040658823,0.00035188358001878267,7.780686725176597e-15,1.0,7.780686725176597e-15,1.0,1.0,1.0,0.038308232638920386,0.35874941342945244,-15.854326588761097,-0.9693899641758487,10.193843609913616,-6.548649004495652,-3.229387376592081,-104.5066194218325,63.04404771562995,9.249858973292499,-3.1074470986487563,308.15,11.0,0.2
336,0.025187091605039534,0.18511148023505464,0.004662419809824786,1.1577063513859424e-10,0.697267955130592,8.072315402725754e-11,0.9888540198136977,1.0011631895930653,0.9900042445186057,7.732592193679884e-07,1.0547069526777453,8.155618748895826e-07,0.00891438467408917,0.6283745888483713,0.005601572804417003,0.20001022100361077,0.6840350974452098,0.13681401101424287,0.3250768269361186,0.6813216958795496,0.22148189501925916,0.0651959584815186,0.5938521493949546,0.038716760076114035,0.0007026995444469224,1.0,0.0007026995444469224,0.0005820796825915949,0.6703844139408737,0.00039021714688105614,8.500606077254576e-15,1.0,8.500606077254576e-15,1.0,1.0,1.0,0.034102249538348076,0.35026391865692874,-15.71907776480432,-0.976715378066332,10.093001877620088,-6.4055750368750655,-3.1126091939607337,-102.81613458514484,62.24756008765505,9.168060920408742,-3.115524168833069,313.15,11.0,0.2
337,0.021537107315064526,0.18513763814659115,0.003987329180820716,1.4565537092293739e-10,0.6966888082530891,1.0147646678396272e-10,0.9889161021315155,1.0011410594536885,0.9900445141987574,9.690403715046766e-07,1.0540655920167028,1.0214321128781628e-06,0.008985793666262187,0.6318611951353778,0.005677774325204333,0.20001041419135665,0.6858984899128926,0.1371868410607037,0.3214987284687185,0.6793530876723979,0.21841115386797377,0.06879241505846631,0.5944425356652084,0.040893137641888185,0.0006847190739624195,1.0,0.0006847190739624195,0.0006358910681597123,0.6719723327972753,0.000427301204476233,9.185061793036105e-15,1.0,9.185061793036105e-15,1.0,1.0,1.0,0.030523870021698218,0.3430358359294384,-15.587022512039631,-0.9839740323636839,9.993634662488358,-6.263765529419211,-2.9999235189489633,-101.18359234709038,61.47445155450927,9.088566416711455,-3.123512415765353,318.15,11.0,0.2
338,0.018365478367504053,0.18493395050511355,0.0033964004674187287,1.8209689501937745e-10,0.6957840913013914,1.2670012262986225e-10,0.9889697997048537,1.0011231464797083,0.9900805576539301,1.2169257116865053e-06,1.0535100050017194,1.2820434126055721e-06,0.009055563123779925,0.6349688654565551,0.005750000642776758,0.20001060553440544,0.6873087621127498,0.1374690416992737,0.31839739522960325,0.6772997288229597,0.21565046944694707,0.07191102742135032,0.5946754300815299,0.042763721159396195,0.0006678139832845595,1.0,0.0006678139832845595,0.0006892425971563908,0.6732189879245656,0.0004640112036921246,9.852248391745372e-15,1.0,9.852248391745372e-15,1.0,1.0,1.0,0.027422258416995665,0.33676287377920433,-15.459832623230122,-0.9912826273146719,9.897222964773647,-6.124384081402108,-2.8911400011577744,-99.60734015300751,60.724971682628365,9.011842108406471,-3.1312357837365736,323.15,11.0,0.2
339,0.01579471929317572,0.1820387518680437,0.0028752509862358185,2.267455625106971e-10,0.6938174985381902,1.573200389858065e-10,0.989012931168245,1.0011149904344199,0.9901156711260152,1.5297920354687092e-06,1.053062202224022,1.6109661698154468e-06,0.009124872938772758,0.6366550501252551,0.005809396438220957,0.2000107947259387,0.6871626135408131,0.1374399404402511,0.3158965340721572,0.6746126236272821,0.21310778964518304,0.07442936605315391,0.5935636303507827,0.044178564719217356,0.0006507063362836719,1.0,0.0006507063362836719,0.0007420619946858822,0.6730352456296955,0.0004994338768658744,1.0481967121160707e-14,1.0,1.0481967121160707e-14,1.0,1.0,1.0,0.024921122023983944,0.3316912535920785,-15.336919442177921,-0.9986173152301466,9.803215954638857,-5.987641026386462,-2.7860781686789493,-98.08495718695205,59.99846838005513,8.937890347678174,-3.139548274213249,328.15,11.0,0.2
340,0.013491988026985993,0.1806737014820176,0.002437647417186623,2.795735569202611e-10,0.6916014929198612,1.9335348934696825e-10,0.989051325022709,1.0011075242067198,0.9901467233068599,1.919428206145682e-06,1.052662530665367,2.0205101529117987e-06,0.009193975976426266,0.6384307115596476,0.005869716624692128,0.2000109877306199,0.6870709507475319,0.13742173950002995,0.3136635762627193,0.6717957360052014,0.21071785307343713,0.07667862035213178,0.5925442015291282,0.045435471870909086,0.0006347871279562485,1.0,0.0006347871279562485,0.0007960164291429458,0.6729862242567498,0.0005357080910952518,1.1118281807741741e-14,1.0,1.1118281807741741e-14,1.0,1.0,1.0,0.022687883431618407,0.3271555645692788,-15.220503920596887,-1.0061376389696712,9.71364798604005,-5.854618165914349,-2.6845712587371384,-96.61506452552196,59.295201010782236,8.86715594475564,-3.1475467683497795,333.15,11.0,0.2
341,0.011529880718655324,0.17916789598283958,0.002065784469294585,3.4191286972845845e-10,0.6891401788246694,2.3562589618712547e-10,0.9890837210158651,1.0011029334080261,0.9901746144951082,2.404584312941038e-06,1.0523238397981238,2.530401397312448e-06,0.009262393766318287,0.6398953253944879,0.005926962473030117,0.2000111820151343,0.6866151141002765,0.13733070056065258,0.31177065454521474,0.6689523293061659,0.20855970556732936,0.0785868960913364,0.5912334440000079,0.04646320122935158,0.0006198128892580685,1.0,0.0006198128892580685,0.0008504215770278747,0.672654737049347,0.0005720401022767758,1.175026500019177e-14,1.0,1.175026500019177e-14,1.0,1.0,1.0,0.020794679069286552,0.3233005356057828,-15.109678058846661,-1.0138020143277773,9.627776980637364,-5.724954767423307,-2.5864608230669517,-95.1949977572327,58.61403313537668,8.799372869166422,-3.1553191131016294,338.15,11.0,0.2
342,0.009864053624059541,0.17754364133819392,0.001751299998770739,4.1464715085062873e-10,0.6864623187717515,2.846396446450228e-10,0.9891108878815666,1.001100858652718,0.9901997591609886,3.005531776315051e-06,1.0520382034343074,3.1619342503192066e-06,0.009330458743759252,0.6410809286887175,0.005981579156540947,0.20001137860586932,0.6858319382947069,0.13717419147025983,0.3101737793754368,0.6660907418473626,0.20660388280578487,0.08019825262813285,0.5896620807706507,0.04728986851887512,0.000605715813389523,1.0,0.000605715813389523,0.0009055825642034266,0.6720693181239529,0.000608614256429138,1.2382232098664492e-14,1.0,1.2382232098664492e-14,1.0,1.0,1.0,0.019197517899595107,0.3200378334141435,-15.004508892195178,-1.0216316422458969,9.545704611449588,-5.598789518355025,-2.491597972313047,-93.8227366907871,57.954367984430654,8.734532401520918,-3.1628888546685037,343.15,11.0,0.2
343,0.008392678705560092,0.17731396311366066,0.0014881391224224874,4.980672208247095e-10,0.6836232423499911,3.404903284084373e-10,0.9891345868687942,1.0010997303409293,0.9902223681852363,3.743885696923809e-06,1.0517875349748003,3.937772308394903e-06,0.009399061649830573,0.6422125226992175,0.006036195093143161,0.200011580786822,0.684959131995302,0.13699975876474982,0.30877203984948326,0.6631783494006737,0.20477093172845934,0.0816136080828143,0.5880443880187565,0.047992424219061185,0.0005924951034433526,1.0,0.0005924951034433526,0.0009624324169634015,0.6714549929821693,0.0006462300517779729,1.302717106252597e-14,1.0,1.302717106252597e-14,1.0,1.0,1.0,0.017795484241087588,0.31716471905311056,-14.905481495170445,-1.0296768680162667,9.46789521966456,-5.476459137829331,-2.3998425779512154,-92.49659277182813,57.3158448108049,8.672731774649835,-3.1702625349133196,348.15,11.0,0.2
344,0.007231086033539397,0.1748094771660304,0.0012640623688656065,5.941732328326962e-10,0.6798981192375608,4.0397726350425195e-10,0.9891527504309072,1.0011052187680964,0.9902459806151978,4.646195373560439e-06,1.0515927020486884,4.885905147128535e-06,0.009469713210129108,0.6422505349985569,0.00608192837548832,0.20001178989434218,0.6829036306117849,0.1365887774840078,0.3076823052567521,0.659653606399393,0.20296374228789546,0.08271726211608613,0.5854158838876563,0.04842399911445551,0.0005789844215830472,1.0,0.0005789844215830472,0.0010213685632890913,0.6697367910557755,0.0006840481040624836,1.3662424646520782e-14,1.0,1.3662424646520782e-14,1.0,1.0,1.0,0.016705445439042066,0.31491339188446466,-14.811829806040295,-1.0379022916396812,9.393643076999561,-5.357951847450059,-2.311061105993248,-91.21465232426694,56.69779301754324,8.61390172981967,-3.178336487700032,353.15,11.0,0.2
345,0.006304503262933725,0.1704626941718711,0.0010746826116150349,7.032625226192525e-10,0.6760313233140454,4.754274938034669e-10,0.98916674394677,1.0011132884378626,0.9902679718459242,5.747946255407651e-06,1.0514399735364568,6.043620458674792e-06,0.009540509001903381,0.6419398270844039,0.006124432698979054,0.2000120027618189,0.680461259735734,0.1361004193615744,0.3068279297080961,0.6561751540500292,0.2013328640430615,0.083584864466149,0.5824690488040678,0.048685596500014736,0.0005661737287349828,1.0,0.0005661737287349828,0.001081547655619939,0.6676881942385391,0.0007221366011638026,1.4300084021136134e-14,1.0,1.4300084021136134e-14,1.0,1.0,1.0,0.015850760211092513,0.3131324336742924,-14.723368054239888,-1.046310711233262,9.322915706785643,-5.242870227319786,-2.2251302140488023,-89.97473005824422,56.09918434491627,8.557783114566822,-3.186284318244732,358.15,11.0,0.2
346,0.005462471153644936,0.1678996590041678,0.0009171470440170878,8.243063784623876e-10,0.6720902862764385,5.540083098802802e-10,0.9891791615593127,1.0011214349435378,0.9902884616365047,7.079092400376745e-06,1.05130272580368,7.4422691367321886e-06,0.009613007357476073,0.6416777849395335,0.006168453267752684,0.2000122252931727,0.678048036539388,0.13561789664390947,0.30606005083881277,0.652655388404157,0.19975174135520143,0.08436523853569652,0.5795813855956826,0.04889652184662926,0.0005541135277592666,1.0,0.0005541135277592666,0.0011446381694840012,0.6657092174273379,0.0007619961800446553,1.4961847071316896e-14,1.0,1.4961847071316896e-14,1.0,1.0,1.0,0.015082557603521386,0.31152252281676407,-14.640937127963154,-1.0549781653777774,9.256483720997048,-5.131691435341576,-2.14193232515052,-88.77562074293104,55.519898673976435,8.504560290696757,-3.1941097761028927,363.15,11.0,0.2
347,0.004745269749176859,0.1653849388033742,0.0007847961470731178,9.579030410802334e-10,0.6680702958060681,6.399465680080044e-10,0.9891893075621127,1.0011306730572107,0.990307757260654,8.683372069648391e-06,1.051188083146401,9.127857241140695e-06,0.009686787863219009,0.6412913140857956,0.0062120529180740534,0.20001245575011597,0.6754865846000915,0.13510573061212278,0.30541856948818075,0.6491424425163768,0.19826015618741535,0.08501858592006996,0.5765894659122895,0.04902082104827125,0.0005426979860706293,1.0,0.0005426979860706293,0.0012102014143251683,0.6636225026771783,0.0008031168913179293,1.564046605345268e-14,1.0,1.564046605345268e-14,1.0,1.0,1.0,0.014440740984465517,0.3101638401952606,-14.563922847878093,-1.0638777386567786,9.193856285684873,-5.024102419363603,-2.0613562721979477,-87.61542659927065,54.959054885732776,8.454027065294854,-3.201839142732023,368.15,11.0,0.2
348,0.004177547967367844,0.16105902777874573,0.0006728318141233407,1.104547692069254e-09,0.6639684068455173,7.333847713881153e-10,0.9891967590401006,1.0011416633187424,0.9903260886949157,1.0611475293939875e-05,1.0511003859109072,1.115372577654425e-05,0.009761484534784258,0.6406683700973601,0.006253874386630818,0.200012692701823,0.6726636816493821,0.13454127424941473,0.3049278171981579,0.6456699000349188,0.19688271324820064,0.0855206541498349,0.5733885901834805,0.049036567314542846,0.0005318452341994493,1.0,0.0005318452341994493,0.0012778909815277524,0.6613137607408441,0.0008450868908109269,1.6330327599880383e-14,1.0,1.6330327599880383e-14,1.0,1.0,1.0,0.013949643977446042,0.3091053662700734,-14.49185920316937,-1.0729910488651475,9.13466811233393,-4.919866690676857,-1.9832969754395662,-86.49241691259176,54.41587541151757,8.406019458209268,-3.2094903946240243,373.15,11.0,0.2
349,0.0036680533945072777,0.15782732491007942,0.0005789190548824199,1.263034214523353e-09,0.6591273765627409,8.325004283277606e-10,0.9892029860509491,1.0011560429111297,0.9903465471506416,1.289236490823734e-05,1.0510241007516061,1.3550186234241704e-05,0.009841405087605913,0.6393988307343937,0.0062925829057987335,0.20001294858401727,0.6691505186157841,0.13383876827486732,0.30450089632477517,0.641502952366865,0.19533822399069994,0.0859592499933878,0.5696259385629997,0.04896461845565506,0.0005206704567913487,1.0,0.0005206704567913487,0.0013511871337837935,0.6583546494813508,0.0008895603318459406,1.7039461735118647e-14,1.0,1.7039461735118647e-14,1.0,1.0,1.0,0.013522350847021428,0.3081689509823166,-14.425609233988732,-1.0823975872267249,9.079615534373792,-4.819802406033633,-1.9076537499886468,-85.40599954956399,53.89066501647457,8.360905574320013,-3.2179660518802797,378.15,11.0,0.2
350,0.0032038108900806542,0.15603878352980344,0.0004999187539477218,1.4320523392344509e-09,0.6542760313887808,9.36957521255338e-10,0.9892082993202862,1.001170565429361,0.9903662323579074,1.559468789300959e-05,1.05095640423564,1.638933711321443e-05,0.009923676327067544,0.6381365090128376,0.006332660167928221,0.2000132165590141,0.6656376137633984,0.133136320191484,0.3041220172324282,0.6373384061918207,0.1938286417507572,0.08634924315026564,0.5658903599960915,0.04886420429169386,0.0005100802237609815,1.0,0.0005100802237609815,0.001428260847971882,0.6554197220938831,0.0009361103280553048,1.777468453016786e-14,1.0,1.777468453016786e-14,1.0,1.0,1.0,0.013143081905041208,0.3073258295545612,-14.36454215800535,-1.0920667017761692,9.028280098229182,-4.723205565779982,-1.8343338158249156,-84.35413813000832,53.38222446584476,8.31829290398058,-3.226381639199874,383.15,11.0,0.2
351,0.00286052359131241,0.15119760108223482,0.00043250430484557544,1.6124727672724938e-09,0.6493798057731369,1.0471072524258859e-09,0.9892114011777384,1.0011867999759092,0.9903853972448253,1.8794671095217595e-05,1.0509106358582605,1.9751519751421987e-05,0.010007200673677977,0.6366369636245544,0.006370953851271943,0.20001349253277942,0.6618749440542628,0.1323839191802311,0.30386585574970243,0.6332352819362684,0.1924185808364683,0.08661606484382069,0.5619532257120727,0.048674177037471095,0.0004999594802449606,1.0,0.0004999594802449606,0.001508052129272376,0.6522626982806173,0.0009836461509870303,1.852089964223522e-14,1.0,1.852089964223522e-14,1.0,1.0,1.0,0.012886518936085604,0.3067263809534877,-14.307868811065473,-1.1019530391975545,8.980008832407917,-4.629663855449315,-1.7632479440819284,-83.3351603290687,52.88967071988235,8.277938873971152,-3.234757005640821,388.15,11.0,0.2
352,0.0025352827233882805,0.14815183453646275,0.0003756067865385732,1.8009101988069024e-09,0.6444906322950948,1.1606697527357446e-09,0.9892140529644542,1.0012029263271176,0.9904040045919199,2.2551755495219507e-05,1.0508686665072566,2.3698933224659024e-05,0.010093357229857722,0.6351828567855369,0.006411127479817981,0.2000137818360982,0.6581567505791011,0.1316404207242836,0.3036309494004029,0.6291286565336631,0.19102293127831615,0.0868611468114172,0.5580799810532049,0.048475467166775345,0.0004903493855729053,1.0,0.0004903493855729053,0.0015920998771634949,0.6491666542181271,0.0010335381504393171,1.929575686892315e-14,1.0,1.929575686892315e-14,1.0,1.0,1.0,0.012651191708741221,0.30616623392470144,-14.256112932872973,-1.1121105332496912,8.935291333204585,-4.53943754579058,-1.6943116499195308,-82.34813367766196,52.41281323747025,8.239939439073112,-3.2430930021018898,393.15,11.0,0.2
353,0.0022550790573942726,0.14509535213606847,0.00032720148992729524,1.9965919034367223e-09,0.6395992555939503,1.2770186951630343e-09,0.9892157915287262,1.0012195139107616,0.9904221539472405,2.6950376285366677e-05,1.0508352513197683,2.8320405436995608e-05,0.01018169381328784,0.633681438509918,0.006451950382071773,0.2000140829165276,0.6543893815425699,0.1308870920195508,0.30344391894999734,0.6250442817740992,0.18966588637881904,0.08705792842622878,0.5541839301641558,0.04824610492719724,0.00048118676642300187,1.0,0.00048118676642300187,0.0016800576757565113,0.6460379100277513,0.001085380949571818,2.0093130726877915e-14,1.0,2.0093130726877915e-14,1.0,1.0,1.0,0.01246372324696748,0.3056990000039836,-14.208865558562199,-1.1225215110667293,8.893802744751687,-4.45230575138995,-1.627444712061475,-81.39170711862546,51.950999114018735,8.20415207763577,-3.25139916690879,398.15,11.0,0.2
354,0.002042896544639581,0.13986495345201846,0.0002857296301233042,2.199786979267865e-09,0.6339526109445083,1.3945606990285938e-09,0.9892160930633817,1.0012405700363547,0.9904432849079159,3.2040123924757146e-05,1.0508151762915288,3.366824847039611e-05,0.010275958672227612,0.6313352542757869,0.006487574981258299,0.2000144060461894,0.6497543063291555,0.12996022165637985,0.30333156113238113,0.620278068793586,0.18814991494333694,0.0871805795759283,0.5495657489314519,0.047911460506923076,0.00047152508093979895,1.0,0.00047152508093979895,0.0017748259485436137,0.6420667610360727,0.001139556748184174,2.089745167699111e-14,1.0,2.089745167699111e-14,1.0,1.0,1.0,0.012350895340791949,0.30537445987680767,-14.166227256244964,-1.133207436209348,8.855562578078121,-4.368698204643311,-1.5625694968043606,-80.46523843643159,51.504246240394416,8.170762785492634,-3.260680887033617,403.15,11.0,0.2
355,0.0018206269050466922,0.13758540142609663,0.00025049168357800105,2.4054381699526987e-09,0.6283489700823794,1.5114545966866205e-09,0.9892164091650241,1.0012611854206686,0.990463994478149,3.7930447200828266e-05,1.050794013972023,3.98570868659122e-05,0.010373398955760728,0.6290802670440626,0.006525700585244558,0.20001474516326145,0.6452213801245218,0.12905378991949407,0.3032131154466177,0.6155168752742797,0.18663278936188155,0.0873088881226989,0.5450597654562598,0.047588562082405084,0.0004623251183628421,1.0,0.0004623251183628421,0.001874831800241425,0.6382040557458138,0.0011965252587553027,2.173144899553228e-14,1.0,2.173144899553228e-14,1.0,1.0,1.0,0.01223195630800825,0.3050337447571025,-14.128088032923284,-1.1441731188964064,8.820604894271558,-4.288143919724416,-1.4996151715784856,-79.56723889962446,51.0716816729909,8.139505664612471,-3.269943575544737,408.15,11.0,0.2
356,0.0016600067725873638,0.13259454228155299,0.00022010783819549962,2.6141157640980035e-09,0.6227519021177756,1.6279455644480912e-09,0.9892155187776173,1.0012827606876282,0.990484445556697,4.4744165373944794e-05,1.0507843561996675,4.7016469006152015e-05,0.010472651863226781,0.6267020979083954,0.0065632328933484885,0.20001509543796026,0.6405718868581809,0.12812404708481331,0.30315907151891686,0.61081332259465,0.18517359974917877,0.08737245565157932,0.5404669826583314,0.04722192747345796,0.00045348622629140935,1.0,0.00045348622629140935,0.0019788576350915784,0.6342354148465327,0.0012550615931145358,2.2578445299041312e-14,1.0,2.2578445299041312e-14,1.0,1.0,1.0,0.01217740280118809,0.30481908090562004,-14.093767047609093,-1.1553761359802217,8.788360121225113,-4.210294440509355,-1.4385129076888605,-78.69639277740865,50.65257269522532,8.11017884827131,-3.2792006750710287,413.15,11.0,0.2
357,0.0015014302658384884,0.1292576217403064,0.00019407130537119896,2.821635743479568e-09,0.6171931038971726,1.7414941225853603e-09,0.9892144342599447,1.0013042131481353,0.9905045807314318,5.257542927649766e-05,1.0507757397629058,5.524498559136415e-05,0.010574651775051428,0.6243647942729131,0.006602440280037679,0.20001546063856673,0.6359758182900492,0.1272049962502736,0.3031108574812033,0.6061286950322842,0.18372418849519845,0.08742984393853698,0.5359395280398127,0.046857109297013984,0.000445025862984486,1.0,0.000445025862984486,0.00208804341900693,0.6303241000560321,0.0013161440889634642,2.3449468895514242e-14,1.0,2.3449468895514242e-14,1.0,1.0,1.0,0.012128657470166414,0.30461229056867756,-14.06351901338947,-1.1668489852870734,8.759077986915221,-4.135261759174142,-1.3791973241205533,-77.85189178712096,50.2466601387999,8.082811548868126,-3.28845391340896,418.15,11.0,0.2
358,0.0013775659579629666,0.12454354702561343,0.00017156695066644496,3.027222318446678e-09,0.6116568009552296,1.8516211190813676e-09,0.9892126021234403,1.0013261751854066,0.9905244713294679,6.155672222798974e-05,1.0507738804710012,6.468219588458029e-05,0.010678599290591308,0.6219704498612685,0.0066417732046573,0.2000158381373268,0.631334075339515,0.1262768142236873,0.303100471166463,0.6014888350897961,0.18231154931708415,0.08744911249801346,0.5313868266238008,0.046469306381387125,0.0004368815443395977,1.0,0.0004368815443395977,0.0022017923518279194,0.6263723347918488,0.0013791418161412904,2.4335380059418072e-14,1.0,2.4335380059418072e-14,1.0,1.0,1.0,0.012117721970782265,0.3044780401516483,-14.036962309519877,-1.1785717475782806,8.73244787441753,-4.06284977086719,-1.3216061333667912,-77.03266331013738,49.853388893208866,8.057279694902249,-3.297711696741679,423.15,11.0,0.2
359,0.0012489111888318411,0.12184430002327544,0.00015217270959445246,3.2290541125268987e-09,0.6053465285692691,1.9546966975804823e-09,0.9892105041191775,1.0013520143683694,0.9905479309340885,7.169204188081908e-05,1.0507728890028747,7.53320539656233e-05,0.010790996040043912,0.6188059679277826,0.006677532749464245,0.2000162481338451,0.6259278430153821,0.1251957387624471,0.30309494492877254,0.596065949708087,0.1806645762006891,0.08746416715681908,0.5262087422142704,0.04602440938840848,0.0004281545752033072,1.0,0.0004281545752033072,0.0023257144494548063,0.6216626144070696,0.001445809725012373,2.522813407391629e-14,1.0,2.522813407391629e-14,1.0,1.0,1.0,0.012111599270756572,0.3043438593466585,-14.01470335823857,-1.190606927512344,8.708920620767369,-3.9937620744745024,-1.26567837006061,-76.23857516011313,49.47311763626886,8.033911176141528,-3.3081286176643148,428.15,11.0,0.2
360,0.0011587962799581915,0.11675081834260341,0.00013529041397748347,3.425412429726785e-09,0.5990727401620135,2.052071210461443e-09,0.9892075817409381,1.0013785060387184,0.9905712103659141,8.321859622107707e-05,1.050779365978543,8.744438377480776e-05,0.01090525300066073,0.615570485129796,0.006712951880079889,0.20001667089966965,0.6204696599744933,0.12410427578234816,0.30313122857395913,0.5907075035596124,0.17906189128188166,0.08743714387797459,0.5209987101357437,0.04555463917837821,0.0004197206219928416,1.0,0.0004197206219928416,0.0024545716611502266,0.6169022273376932,0.0015142307249235564,2.6128316332081813e-14,1.0,2.6128316332081813e-14,1.0,1.0,1.0,0.01214726787684,0.30429002827932977,-13.995808877939286,-1.2028871045396838,8.687807572520331,-3.9271053430391634,-1.2113591734449674,-75.46793610233745,49.10461105048613,8.01223233244892,-3.3185655764860185,433.15,11.0,0.2
361,0.0010661066254920308,0.11317640423063201,0.0001206581143996411,3.6122990152035136e-09,0.5928578465355857,2.1415798151961705e-09,0.9892045292063657,1.00140488103108,0.9905942438853061,9.62560785409286e-05,1.050786110670107,0.00010114455039837875,0.011022050359611167,0.6123774306135596,0.0067496548793119495,0.20001710934119038,0.6150763660775205,0.12302579676690946,0.3031690116048462,0.5853863412627714,0.17747099848761166,0.08740835197161524,0.515860630798697,0.045090527585151974,0.00041158655309513835,1.0,0.00041158655309513835,0.0025892902937444708,0.612203425933683,0.001585172388567198,2.7043258490021264e-14,1.0,2.7043258490021264e-14,1.0,1.0,1.0,0.012184413063644126,0.30423512184263735,-13.980431318696017,-1.2154355461637658,8.669265735111296,-3.862941262560144,-1.1585946941259322,-74.72004509905071,48.74760036496687,7.99224860968811,-3.3290254549230167,438.15,11.0,0.2
362,0.000994970634259818,0.1084301130604966,0.00010788477836466604,3.78902301297854e-09,0.58668884382753,2.2229775307202866e-09,0.9892009426250504,1.0014316086799238,0.9906170912807012,0.00011096718726674536,1.0507973149359227,0.00011660402242588782,0.011140566595704646,0.6091566500264352,0.006786350226835851,0.20001756088913883,0.6096770594834546,0.12194611836794302,0.30323175986972845,0.5801203588538233,0.17591091735150322,0.08735437491153156,0.5107300497737535,0.04461450424652164,0.0004036980240772918,1.0,0.0004036980240772918,0.002729319993856709,0.607496446635567,0.001658052197999359,2.7964202755329255e-14,1.0,2.7964202755329255e-14,1.0,1.0,1.0,0.01224650441723121,0.3042267342930113,-13.968286709188082,-1.2282377501451889,8.653064927014688,-3.801133083670012,-1.1073335026361109,-73.99403530181934,48.40162549222017,7.973866021570416,-3.339518249781811,443.15,11.0,0.2
363,0.0009122754020108657,0.10607706707681504,9.6771499011635e-05,3.951966289824411e-09,0.580584168745799,2.2944490632891245e-09,0.9891973792517507,1.0014580573297756,0.9906396857411633,0.00012748177951875882,1.050807185964226,0.00013395876999781875,0.011261352809220547,0.6059991105860466,0.006824369786383328,0.2000180280074045,0.60436505744339,0.12088390698640862,0.3032870450062171,0.5748877758277485,0.17435601474099444,0.08730764291305142,0.5056895873513046,0.044150565917316024,0.000396057998355521,1.0,0.000396057998355521,0.0028754744244852246,0.6028709561797366,0.0017335400157597858,2.8896739142640764e-14,1.0,2.8896739142640764e-14,1.0,1.0,1.0,0.012301109990750172,0.30419932436019426,-13.959482292958258,-1.2413128751511358,8.639321579188762,-3.7417218685384768,-1.0575265585327203,-73.28924784987875,48.06640970200262,7.957078893477563,-3.3500479715651315,448.15,11.0,0.2
364,0.0008613106170594664,0.10099625895434028,8.698915012066047e-05,4.105572188941804e-09,0.5735823076791333,2.3548835704765148e-09,0.9891928429637684,1.0014900597374494,0.9906667993916419,0.000145757492072942,1.0508247326859597,0.0001531655776445252,0.011391562083784605,0.6018121747628736,0.006855580751588707,0.20001853262185607,0.5980516767756279,0.11962141882070165,0.3033852993207502,0.5687944918410198,0.1725638871591818,0.08721879115404586,0.4998197128288559,0.04359367114789516,0.00038764185181621184,1.0,0.00038764185181621184,0.0030337963325169225,0.597243209906916,0.001811914259836236,2.9801240524035567e-14,1.0,2.9801240524035567e-14,1.0,1.0,1.0,0.012398630192917013,0.3042466140433818,-13.954125274593917,-1.2546805019344427,8.628030560275874,-3.6852305312045366,-1.0091249013143406,-72.60553354861635,47.74216658158876,7.942123768883314,-3.362022040764621,453.15,11.0,0.2
365,0.0008157926128119831,0.09611451421716112,7.840951068237237e-05,4.243786739827685e-09,0.56665524985987,2.404764035409058e-09,0.9891880313021606,1.0015221506918288,0.9906937245483559,0.00016612053819974707,1.0508439549892954,0.00017456676336677254,0.01152359428274221,0.5976475505200226,0.006887047896267417,0.20001905213738422,0.5917913668140489,0.11836954825323309,0.3034929323520177,0.5627652944422812,0.1707952894362346,0.0871203638640136,0.49400888663618114,0.04303823395580034,0.0003794516478587439,1.0,0.0003794516478587439,0.0031983410860405557,0.5916607535902694,0.0018923328972054766,3.0703080816166466e-14,1.0,3.0703080816166466e-14,1.0,1.0,1.0,0.01250550743375394,0.30430872920861646,-13.951753670596775,-1.26830889362999,8.61892753182544,-3.63095113230787,-0.9620858038755664,-71.94153786387164,47.4278732311564,7.928616459880394,-3.374055402394621,458.15,11.0,0.2
366,0.0007588554303247527,0.09341945065769247,7.08918574295452e-05,4.364309867626751e-09,0.5598124065107886,2.4431948097549116e-09,0.9891832280312005,1.0015539940068963,0.9907204128392834,0.00018871077024688353,1.0508618970683348,0.00019830895801886653,0.011657627920729557,0.5935511524951909,0.006919398487709145,0.20001958766101596,0.5856308602956476,0.11713764319790149,0.30359339811856156,0.5567892477023033,0.16903753974581975,0.08702892026861449,0.4882979678822062,0.042496044914147,0.0003714763062732096,1.0,0.0003714763062732096,0.003369555771861853,0.5861684027485368,0.001975127124764376,3.1603199141113506e-14,1.0,3.1603199141113506e-14,1.0,1.0,1.0,0.012605194121301193,0.3043522579131961,-13.952377098753757,-1.2822078196538602,8.612041902888011,-3.5788846452716676,-0.9163664578422895,-71.296638421741,47.12322073581483,7.916527771310165,-3.386155711601813,463.15,11.0,0.2
367,0.000722450885672628,0.08892922851540994,6.424699990314144e-05,4.468125546818363e-09,0.5530340347668457,2.4710254990017767e-09,0.9891779069451999,1.0015862423304536,0.9907469828135459,0.00021371963225085342,1.0508840680345228,0.00022459455655861912,0.011792363482292295,0.5894324060821378,0.006950801180762687,0.20002013497246532,0.5794784236513341,0.11590735251237128,0.30371753422537234,0.5508868632518428,0.16731399974399958,0.08691367789399716,0.4826048887012157,0.0419449658466458,0.0003636524461996812,1.0,0.0003636524461996812,0.0035464605733979185,0.5806767148337024,0.0020593470750479527,3.248849883903231e-14,1.0,3.248849883903231e-14,1.0,1.0,1.0,0.012728534000215777,0.3044399895791705,-13.955693015009082,-1.296358090568138,8.60712277300398,-3.528906984361476,-0.8719258341569105,-70.67010877386089,46.82777437329553,7.9057641387576005,-3.3983419967142874,468.15,11.0,0.2
368,0.0006899661626317184,0.08461657469367793,5.838257333643713e-05,4.553455500979295e-09,0.5463294193712258,2.4876866999827325e-09,0.9891723499705428,1.0016185656631655,0.990773390371158,0.0002412849571768477,1.0509075441267552,0.00025356818178145016,0.011927907824584402,0.5853368382897067,0.006981843853453289,0.20002069491833727,0.5733803191551654,0.1146879298899142,0.30384897377798536,0.5450471994157283,0.16561203220303397,0.08679101498040848,0.47697030664057954,0.04139673702885256,0.00035597037678059885,1.0,0.00035597037678059885,0.0037294282828472837,0.5752302053750628,0.0021452797970738105,3.33592092159568e-14,1.0,3.33592092159568e-14,1.0,1.0,1.0,0.012859158944392969,0.3045389444940726,-13.9617164155577,-1.3107691279715579,8.604204315716073,-3.481027598441391,-0.8287247251458253,-70.06137469717311,46.54122979377023,7.896296312007862,-3.410625056350258,473.15,11.0,0.2
369,0.07195531197005242,0.17238083574082816,0.012403716813389651,5.130228967196755e-12,0.6890399367776389,3.5349326432120574e-12,0.9880246983674917,1.0015533154477776,0.9895594123942517,1.8245040005605375e-08,1.0631945122562174,1.9398026409854803e-08,0.002784092583028466,0.5855589916011872,0.001630250445442492,0.2000101185414614,0.6494117247760202,0.1298889160546667,0.37222451796593026,0.6869176499482623,0.2556875911342816,0.024966794669374095,0.5755277967510007,0.014369084327999503,0.0002937871733158298,1.0,0.0002937871733158298,0.0005528882370916445,0.6441304440239412,0.00035613214565345517,8.792026005494192e-15,1.0,8.792026005494192e-15,1.0,1.0,1.0,0.07473942279812089,0.4441798299411129,-17.6506217295772,-0.9566426951474447,11.451618857103295,-8.541506740991384,-4.180421014234491,-119.20152136636479,70.31674320959995,10.376998946253304,-3.0528118252967604,273.15,11.5,0.2
370,0.06613441188567218,0.17382540776380134,0.011495841113246159,6.841836907208776e-12,0.6897885009159103,4.719420423734692e-12,0.9881231450735807,1.0014970512903765,0.9896024161029638,2.2265143797658378e-08,1.0621629974468512,2.364921187470597e-08,0.0028945643273110525,0.5905068993354744,0.0017092602058475224,0.20001052165785796,0.6540056924453393,0.13080801971320094,0.3665146932211985,0.6873381841368827,0.25191954369814523,0.030676013884028262,0.5772693686335543,0.01770832316702714,0.00029519382666628877,1.0,0.00029519382666628877,0.0006647695874986684,0.6469945389391324,0.0004301022927644583,1.051008571977759e-14,1.0,1.051008571977759e-14,1.0,1.0,1.0,0.06902899847812703,0.4326491051137126,-17.470627376495802,-0.9642199485992273,11.326111332346603,-8.372100568502582,-4.028445297010373,-116.99000474155811,69.30963632689591,10.266140786897335,-3.058453865651119,278.15,11.5,0.2
371,0.05997430326470852,0.1754959905612341,0.010525249759659877,9.090222590275617e-12,0.6909015755130129,6.2804491093854e-12,0.9882273755621117,1.0014407693711491,0.9896511832965526,2.7675627944837088e-08,1.0610723593276559,2.936584383930271e-08,0.0030109088303169494,0.5958645314276976,0.001794093779348326,0.2000109451029406,0.6587615192755375,0.13175951406774927,0.3604715643248628,0.6874647391070112,0.24781148992408805,0.03671880970071857,0.5794568406297086,0.02127696546086188,0.0002963684292896723,1.0,0.0002963684292896723,0.0007822941705598684,0.6502648350276089,0.0005086983897621731,1.2272221481696226e-14,1.0,1.2272221481696226e-14,1.0,1.0,1.0,0.06298523977065341,0.4204458675986616,-17.2940674566173,-0.9716330115488188,11.202009299136384,-8.201218709452169,-3.8823175777004146,-114.86001932872064,68.33077628147443,10.157336827673358,-3.065029593587523,283.15,11.5,0.2
372,0.053587362170732185,0.1783813334349944,0.009558985119279186,1.2002871601378802e-11,0.6921882373780107,8.308246537232969e-12,0.988335481291762,1.0013817304211914,0.9897010944926057,3.4893304890047885e-08,1.0599426764371314,3.698490297489416e-08,0.0031311667843725343,0.602311516826014,0.0018859378153306544,0.2000113826222096,0.6644658707137819,0.13290073750673392,0.3542055391470012,0.687162777838864,0.2433968622061659,0.04298453882595621,0.582747111637931,0.025049115845914485,0.00029753397487338736,1.0,0.00029753397487338736,0.0009037265850013043,0.6546919949183257,0.00059166256079523,1.4059496478436711e-14,1.0,1.4059496478436711e-14,1.0,1.0,1.0,0.056718563848409606,0.40779290132973633,-17.122261029792945,-0.9789675233930206,11.080490624778816,-8.030118891582905,-3.7417337414651874,-112.80823099318191,67.38026972827512,10.05103096826126,-3.0718888231595107,288.15,11.5,0.2
373,0.04738071816375795,0.1802487643817485,0.008540315904537238,1.5828093795716306e-11,0.6936459115689243,1.0979092549328076e-11,0.9884404496578414,1.0013302642752917,0.9897553366762745,4.456724522110403e-08,1.0588466578331348,4.718987865119567e-08,0.003251469853667401,0.6079497331250853,0.0019767302298013554,0.20001181744503396,0.6690938440123958,0.13382667578220334,0.3481198546170867,0.6867280929984165,0.239063683896078,0.04907071789820347,0.5852907210351226,0.0287206358603506,0.00029790356678854386,1.0,0.00029790356678854386,0.001024413108494094,0.6582605557793165,0.0006743307421449395,1.5774326930365395e-14,1.0,1.5774326930365395e-14,1.0,1.0,1.0,0.05063223258467057,0.3955005727966727,-16.952927737143035,-0.986104989875581,10.959433553975698,-7.85882173225843,-3.606407047107172,-110.83037077563165,66.45697704897715,9.947052813132952,-3.079613332757524,293.15,11.5,0.2
374,0.04155747707104801,0.1809412665162806,0.007519462534456718,2.082577179749496e-11,0.6950584842712343,1.447512937934549e-11,0.9885387904905173,1.0012866424389708,0.9898106864509313,5.7482655121727454e-08,1.0578202707047282,6.080631780169234e-08,0.003369301658373571,0.6129075765565052,0.0020650705141215596,0.20001224082568117,0.6728389054024226,0.13457601718423706,0.34241508795979303,0.686133908570786,0.23494260265546227,0.054776664040807076,0.5872124487404718,0.03216553902523648,0.0002975654764028115,1.0,0.0002975654764028115,0.0011419273136608352,0.6611439369509237,0.0007549783198655169,1.7387651077140814e-14,1.0,1.7387651077140814e-14,1.0,1.0,1.0,0.0449268362120767,0.3839725650516667,-16.786683722318234,-0.9930892224934357,10.839377545839923,-7.688252272931514,-3.476072720333018,-108.92336461501581,65.5606760533885,9.845689319517716,-3.087767082323797,298.15,11.5,0.2
375,0.03613545014496264,0.18168773385099263,0.006565368048523784,2.7263869255659292e-11,0.6954982171091914,1.8961972458809152e-11,0.988630145402559,1.0012484756538236,0.9898644260697302,7.45520123028915e-08,1.0568667174989026,7.87915405254946e-08,0.0034857835040306663,0.617635492110104,0.002152943609901263,0.20001265702151924,0.6762220674592352,0.13525297244910667,0.3371101789776944,0.684525935331957,0.23076066057462974,0.06008338652459681,0.5889436027093619,0.03538572612277518,0.0002965790910851572,1.0,0.0002965790910851572,0.0012574516648863013,0.6638348866528875,0.0008347402834312827,1.8909213583617146e-14,1.0,1.8909213583617146e-14,1.0,1.0,1.0,0.03962130820100561,0.37324562914992093,-16.62554175078031,-1.000050486696128,10.722116488547474,-7.519857802713293,-3.35048340013047,-107.08493420543135,64.69170386500541,9.747499982151458,-3.096466856277546,303.15,11.5,0.2
376,0.031200161702286174,0.18222757378924365,0.005685529768839687,3.547889301699514e-11,0.6956924430442258,2.468239775949806e-11,0.9887130711001476,1.0012151478619173,0.9899145036745448,9.706277288388245e-08,1.0560007874758677,1.0249836459997114e-07,0.00359886900783208,0.6220814035500207,0.0022387894835848503,0.20001305980738793,0.6792148747597345,0.1358518453673863,0.3322885976332316,0.682745419378748,0.22686851794587676,0.06490708567472786,0.5904260283684603,0.03832283280790095,0.0002952617518237429,1.0,0.0002952617518237429,0.0013692597741903295,0.6662878561700948,0.0009123211594852223,2.0340514293089822e-14,1.0,2.0340514293089822e-14,1.0,1.0,1.0,0.03479912777289114,0.3634887593709967,-16.46942451061135,-1.0069992406776802,10.607612653263699,-7.354005113690263,-3.2294076749804326,-105.3119755310271,63.849363228047864,9.652516729501453,-3.1050406801422916,308.15,11.5,0.2
377,0.026791156565332454,0.18253370762495805,0.004890289139430869,4.586455975669135e-11,0.6955825814783291,3.190258887392649e-11,0.9887868781654867,1.0011867345071783,0.9899603056740507,1.2662169510968144e-07,1.0552292963902565,1.3361492223833067e-07,0.0037082007895092722,0.6261778630396757,0.002321993246096953,0.20001344814813235,0.6817644814198972,0.13636206475371696,0.32798953143557025,0.6808239674854234,0.22330313408564995,0.06920850345245817,0.5915879224804322,0.04094291477541955,0.0002936819310058364,1.0,0.0002936819310058364,0.0014770659606701208,0.6684353031970508,0.0009873230332625752,2.1684998608133164e-14,1.0,2.1684998608133164e-14,1.0,1.0,1.0,0.030499483976536835,0.3547806880467673,-16.318640810290145,-1.0139696276736136,10.496174072803635,-7.191176989260969,-3.1126284694550694,-103.60173653753074,63.03312348905228,9.560842621107358,-3.1134045879143706,313.15,11.5,0.2
378,0.02291234617046573,0.1825982862392219,0.00418375514444684,5.886456053767718e-11,0.6951384395832669,4.091901875891568e-11,0.9888514910092835,1.0011630865249403,0.9900016108536435,1.652585493197367e-07,1.0545527459188158,1.7427385697168845e-07,0.003813812343172782,0.6298872945302567,0.002402271938687202,0.20001382243576524,0.6838444716977105,0.13677834673582553,0.3242169279280156,0.6787908101836754,0.22007547118352,0.07298361981721134,0.592387696920525,0.04323459845644101,0.0002919129049591451,1.0,0.0002919129049591451,0.0015809810497993272,0.6702375552362794,0.0010596328736923871,2.2950926163222544e-14,1.0,2.2950926163222544e-14,1.0,1.0,1.0,0.02672632377218783,0.34712927415734585,-16.173447544692642,-1.0209937392135895,10.38807478924868,-7.031742794039224,-2.9999423394055196,-101.9515696117104,62.242391178216174,9.472536228564906,-3.1215106945299858,318.15,11.5,0.2
379,0.01954184502505888,0.18242816971893266,0.003564983020852522,7.496772046603792e-11,0.6943534075566955,5.205409216235124e-11,0.9889072790253137,1.0011439013412327,0.9900384913881455,2.1552040349762113e-07,1.053967090174022,2.2715141254751877e-07,0.0039160193535219155,0.6331979200491971,0.002479615309522478,0.20001418407090527,0.6854516904529189,0.1371000605859633,0.32094922193291847,0.6766714493419089,0.21717717517050597,0.0762539322294329,0.5928100957501989,0.045204100866259304,0.0002900251743719716,1.0,0.0002900251743719716,0.0016813963039083238,0.6716794851017479,0.0011293594036611253,2.41492045669558e-14,1.0,2.41492045669558e-14,1.0,1.0,1.0,0.023458079898984293,0.340491067032945,-16.034042377764713,-1.02810088841599,10.283545123335575,-6.875971371320112,-2.8911584537322472,-100.3589274429255,61.476522067397426,9.387617300791,-3.1293392701721396,323.15,11.5,0.2
380,0.016693325102161677,0.18130152014967432,0.0030265252173746295,9.482885133019748e-11,0.6925133349175817,6.567024408107868e-11,0.9889539253608218,1.001132479660632,0.9900738955665952,2.804905311016526e-07,1.053475028404758,2.95489770219579e-07,0.004017052151560544,0.6354430948497571,0.0025526080513605088,0.20001453984455808,0.6858780763239047,0.1371855878253965,0.3182023289382096,0.6738334663782565,0.21441537831806795,0.07900388731121057,0.5922271089000883,0.04678824377418661,0.00028767012516065784,1.0,0.00028767012516065784,0.0017801995213859066,0.6720574630164922,0.0011963963740057857,2.5263672902812418e-14,1.0,2.5263672902812418e-14,1.0,1.0,1.0,0.020710657744253323,0.33489565413520017,-15.900461687451605,-1.0353106711622595,10.18263136953746,-6.724184996344918,-2.7860964930810606,-98.8215011569105,60.73497570120936,9.30614400825529,-3.13769613794571,328.15,11.5,0.2
381,0.014254738793256488,0.18000043161906043,0.002565859135403131,1.1891500576868294e-10,0.6903865458162058,8.209732007835517e-11,0.9889934203941303,1.0011244784720343,0.990105522204347,3.6411904528175623e-07,1.0530562321487442,3.8343782987800435e-07,0.004116133225126252,0.6373332797776453,0.0026233486883714516,0.2000148887386948,0.6858917212705904,0.137188556316729,0.31586342625915653,0.6709586906218639,0.21193131089817935,0.08134581471006158,0.5913104311295345,0.048100628766789735,0.0002853387713861045,1.0,0.0002853387713861045,0.0018771121176759664,0.6721140223663195,0.0012616333758437533,2.6335188539605377e-14,1.0,2.6335188539605377e-14,1.0,1.0,1.0,0.01837123613742802,0.330118165171328,-15.772959438598253,-1.042657211082226,10.085671019423534,-6.5763842439183495,-2.684589330587848,-97.33683060352595,60.01693094508482,9.22802091190693,-3.145790532362395,333.15,11.5,0.2
382,0.012177797710088327,0.1785487493884215,0.0021743305514414536,1.477998291150326e-10,0.6880005549794331,1.0168636445700772e-10,0.9890265909305835,1.0011195023721482,0.990133808545248,4.712179191469815e-07,1.0527020823242874,4.96052084714545e-07,0.004213868085867781,0.6388979619279781,0.0026922317318942746,0.20001523309602215,0.685527215023529,0.13711588570659802,0.3138848393155516,0.6680586139727042,0.20969347070019237,0.08332735378258682,0.5900877532812473,0.049170450980438304,0.0002830709923746967,1.0,0.0002830709923746967,0.0019727890786980663,0.67187459754521,0.0013254668682918492,2.7374397224233272e-14,1.0,2.7374397224233272e-14,1.0,1.0,1.0,0.016392137013875256,0.32606263717343975,-15.651544943598493,-1.0501592243966764,9.992737279506985,-6.432616907008325,-2.5864787210859173,-95.90265989681772,59.32165947892376,9.153186040939964,-3.153644472417699,338.15,11.5,0.2
383,0.010344425602212468,0.17844352288999016,0.0018458957467322014,1.8188514914811066e-10,0.6854147546011085,1.2466676486893807e-10,0.9890554566490011,1.001115693362428,0.9901589392570576,6.075059772050708e-07,1.052391682096242,6.393342372343657e-07,0.004311880375224716,0.6403996313325437,0.002761326602643937,0.20001557920689744,0.6850619872227774,0.13702307016699203,0.3121501305731786,0.6650963988021247,0.20760992772983408,0.08506483807552045,0.5888087926098735,0.05008692460080161,0.0002809832765927064,1.0,0.0002809832765927064,0.0020689818929961784,0.6716023803847698,0.0013895331643092208,2.840765427021654e-14,1.0,2.840765427021654e-14,1.0,1.0,1.0,0.014656913483414389,0.3224945563572762,-15.53660085756192,-1.057860884556269,9.904249310417407,-6.293014391076877,-2.4916158759979163,-94.51696156350894,58.64855704978277,9.081626934196974,-3.1612579314492137,343.15,11.5,0.2
384,0.00885924975053231,0.1767681576591848,0.0015660332566441884,2.220442350580531e-10,0.682599332028962,1.51567246531509e-10,0.9890782304835412,1.0011158324388112,0.9901818760576367,7.804624645369142e-07,1.0521434278791801,8.21158452768902e-07,0.004408612221434265,0.6413858799295734,0.0028276216289128886,0.2000159209141485,0.6840256740465145,0.1368160251233348,0.3107623677625518,0.6621742399545393,0.20577883467964078,0.0864553461148475,0.5870440322707673,0.05075309499462488,0.0002789171312389344,1.0,0.0002789171312389344,0.002163989233101046,0.6708319124810487,0.0014516730358295725,2.940791083584125e-14,1.0,2.940791083584125e-14,1.0,1.0,1.0,0.013268642434431112,0.3196216177351283,-15.4271779429504,-1.0657158758523657,9.819394638990783,-6.157282770631628,-2.3998603374643346,-93.17741640463043,57.99663292458094,9.013125831537863,-3.1687129713881297,348.15,11.5,0.2
385,0.007630694645229788,0.1742963031445686,0.0013300018670886079,2.6891661630593316e-10,0.6789142069672154,1.825713112996493e-10,0.9890963791996202,1.0011213125229,0.9902054653559716,9.981736847950597e-07,1.0519416638141306,1.0500204867587961e-06,0.004508310830758702,0.6414854495139702,0.0028920157998179466,0.20001627262457639,0.682023470500036,0.13641579241189492,0.30963425209437756,0.6585976522721602,0.20392439149240327,0.08758646209705948,0.5844644899711088,0.05119117689793173,0.00027661578011030515,1.0,0.00027661578011030515,0.002261817520440029,0.6691688227267069,0.0015135377673754931,3.037281967349081e-14,1.0,3.037281967349081e-14,1.0,1.0,1.0,0.012140003649673286,0.3172649470085239,-15.323682124270489,-1.0737690752193543,9.738567465153942,-6.025699106364518,-2.31107887522819,-91.8823995831814,57.36550473798782,8.94775759004196,-3.1768361424213274,353.15,11.5,0.2
386,0.006650494181101892,0.16998744977128535,0.0011305005455642834,3.229995101942656e-10,0.6750784696580718,2.1805001504225159e-10,0.9891101436690122,1.0011295009287375,0.99022734449491,1.271517959828871e-06,1.051784369363629,1.337362715513136e-06,0.004608093655551652,0.6412198407940356,0.002954801080176835,0.2000166251820738,0.6796176277983554,0.13593482432647383,0.30875463217579047,0.655071202940171,0.20225626831274507,0.08846898876999214,0.5815503283059035,0.05144916946408022,0.00027440967207651774,1.0,0.00027440967207651774,0.002359936528968618,0.6671590608995923,0.0015744530384493472,3.132104631069535e-14,1.0,3.132104631069535e-14,1.0,1.0,1.0,0.011259859354613374,0.3154051266798919,-15.225649310047483,-1.0820051431096585,9.661443879030607,-5.897918198730424,-2.2251480320504093,-90.62977802965483,56.754196680323695,8.885289282270536,-3.184825732824437,358.15,11.5,0.2
387,0.00575851140163978,0.16750823079198832,0.0009645980568841723,3.841800071101845e-10,0.6711631957929286,2.5784748133182157e-10,0.9891222533480314,1.0011377303204443,0.9902476077262917,1.612335625341271e-06,1.0516433506356972,1.6956020393831964e-06,0.004710483488105642,0.6410100226253129,0.00301946712728676,0.2000169882495822,0.6772485621631756,0.13546121770023836,0.30796592005508777,0.6515018770740421,0.20064037499072407,0.08926038603270219,0.5787011907248834,0.05165509168168749,0.00027244606318788247,1.0,0.00027244606318788247,0.002461039865598225,0.6652266105257673,0.0016371492081606969,3.228854213404167e-14,1.0,3.228854213404167e-14,1.0,1.0,1.0,0.010470607225370764,0.31372443184090754,-15.133676915126388,-1.090483386944317,9.588637106448594,-5.774072876694795,-2.141950242145872,-89.41800218428428,56.16224428133895,8.825733094378016,-3.192684048422048,363.15,11.5,0.2
388,0.005002477071648813,0.16494950202058345,0.0008251561018378586,4.529909202400565e-10,0.6671613568038004,3.022180369671586e-10,0.9891318968606464,1.0011471744367642,0.990266603687313,2.0356309723856026e-06,1.051526986906703,2.1405209028465937e-06,0.004814650497487649,0.6406580681841938,0.003084544686702506,0.20001735860278466,0.6747129791783663,0.13495430791027246,0.3073150268747446,0.6479438176906508,0.19912287174692697,0.08991381639766405,0.5757303257329903,0.0517661108025234,0.0002706448907296353,1.0,0.0002706448907296353,0.002564247686501509,0.6631687810794675,0.0017005290126430506,3.326141177413634e-14,1.0,3.326141177413634e-14,1.0,1.0,1.0,0.009819163200108848,0.3123175043993843,-15.04719949920278,-1.0991805397171288,9.519679619674202,-5.653951785421888,-2.061374320265385,-88.24527596532891,55.588868155656186,8.768933700256559,-3.2004404576795897,368.15,11.5,0.2
389,0.004402372202089443,0.16064679062143689,0.000707226965386697,5.298690406902204e-10,0.6630724805459391,3.513415791749618e-10,0.9891387386115178,1.0011584189703555,0.9902845756906389,2.5591857040061484e-06,1.0514387591804422,2.690827041132551e-06,0.004920119020037317,0.6400641443954093,0.003149191770883765,0.20001773442585252,0.6719102650161173,0.13439396894599792,0.3068214730629907,0.6444280106945078,0.1977243515243416,0.09040980191835053,0.5725447147259538,0.051763654247772,0.0002689600643574056,1.0,0.0002689600643574056,0.00266907382444053,0.6608835044792668,0.0017639468628101362,3.423194727718209e-14,1.0,3.423194727718209e-14,1.0,1.0,1.0,0.009325050407830767,0.3112238457949492,-14.965835984045523,-1.108084740855945,9.454270451011558,-5.537400870007898,-1.9833151808032068,-87.1099510919228,55.03337318012133,8.714768342511148,-3.208113577337982,373.15,11.5,0.2
390,0.003864139093581628,0.1574267553281926,0.0006083188796393792,6.149053712384833e-10,0.6582390428062814,4.047547229804607e-10,0.9891442472959042,1.001173081951775,0.9903045945601092,3.2013961125414224e-06,1.0513628300750755,3.3658288770728953e-06,0.005032332102294011,0.6388230274459461,0.0032147696287008836,0.2000181344228456,0.6684167202416369,0.13369546539976931,0.3063966901827655,0.6402180222945889,0.196160683026418,0.0908372184516351,0.5687962557101304,0.0516678697344132,0.0002671213353033397,1.0,0.0002671213353033397,0.002780727633732988,0.6579472833491042,0.0018295721923484022,3.5192874800180415e-14,1.0,3.5192874800180415e-14,1.0,1.0,1.0,0.008899672591988182,0.3102608298912525,-14.890005883583889,-1.1172426883856854,9.392808074872587,-5.424655638161664,-1.9076721477551075,-86.01085278169204,54.49548145306968,8.663313792617567,-3.2166065754037545,378.15,11.5,0.2
391,0.003373966016250298,0.1556423395035592,0.0005251319641747,7.075556883115016e-10,0.6533921805015066,4.623113540120962e-10,0.9891487793489404,1.0011878908978067,0.9903237801805056,3.987064696505057e-06,1.0512961224116835,4.191585655240282e-06,0.005147889347092763,0.6375887748666916,0.003282236461962167,0.2000185476794725,0.664922931060165,0.1329969189894322,0.3060234746761536,0.6360113184849495,0.194634393616126,0.09121290146292238,0.5650738621886998,0.051542026511090855,0.0002654751058342664,1.0,0.0002654751058342664,0.0028962048617211375,0.6550349673279332,0.0018971154569725071,3.617181168231598e-14,1.0,3.617181168231598e-14,1.0,1.0,1.0,0.008525842428039564,0.30939744139995956,-14.81936395272958,-1.1266446042109919,9.335065440491725,-5.315388608755364,-1.8343524323133868,-84.94632117298373,53.97437027584319,8.6143658089798,-3.225034974215221,383.15,11.5,0.2
392,0.003011293263570815,0.15081592832253574,0.0004541509889968305,8.083719301030225e-10,0.6484960350231246,5.242259914958002e-10,0.9891509924643299,1.0012044949385255,0.9903424198281907,4.9451207202675685e-06,1.0512525445954781,5.198570740513105e-06,0.005265166033995211,0.6361061585666984,0.0033492045401005512,0.2000189680560772,0.6611677169766335,0.13224608446165875,0.30577966191363776,0.6318695268957615,0.1932128503077162,0.09145911161245036,0.5611390192577296,0.05132127619239362,0.0002639131437382489,1.0,0.0002639131437382489,0.0030138304923453037,0.651889289538582,0.0019646838184446958,3.7145383792859366e-14,1.0,3.7145383792859366e-14,1.0,1.0,1.0,0.008281404418286294,0.3087909559855805,-14.753261145466906,-1.1362559422371303,9.280481450227713,-5.209380414767038,-1.7632667905430452,-83.91487688838643,53.46934958627784,8.567778307168897,-3.2334204172931806,388.15,11.5,0.2
393,0.002667936132449369,0.14777651428238708,0.00039425830198140053,9.160867923836129e-10,0.6436047901337241,5.895978477563323e-10,0.9891527187258256,1.0012209814232795,0.9903604558201763,6.106593062840732e-06,1.0512131281879606,6.419330796159704e-06,0.005386178733300858,0.6346704687655481,0.003418448581519081,0.2000194032714759,0.6574582962065255,0.13150441608311048,0.3055591262718855,0.6277246364867202,0.19180699146421912,0.09168189515247635,0.5572688478058673,0.051091464076278834,0.0002625301598860947,1.0,0.0002625301598860947,0.0031357777658204207,0.6488060878767538,0.0020345117046928554,3.813945011107771e-14,1.0,3.813945011107771e-14,1.0,1.0,1.0,0.008060221458813067,0.3082270633204216,-14.692065922122827,-1.1461189557158526,9.229444110476777,-5.10667658707657,-1.694330746578061,-82.91537271894796,52.98001408543918,8.523539863057575,-3.241762998231197,393.15,11.5,0.2
394,0.002397332905153974,0.14313612288197727,0.00034314493730112694,1.0307671053423814e-09,0.6386970962023089,6.583479570430379e-10,0.989153058049291,1.00123840877882,0.9903780338799759,7.509612729940116e-06,1.051187213526697,7.89400888025036e-06,0.005509727978142269,0.63311327726208,0.0034882819370642255,0.20001984886482668,0.6536230909729346,0.13073759187096723,0.305414138062469,0.6236216347517327,0.19046286405480828,0.09182904964901827,0.5533062503622317,0.05080958713562551,0.0002612494115455364,1.0,0.0002612494115455364,0.00326084679094094,0.6456158986026637,0.0021052545311389475,3.9137322560355556e-14,1.0,3.9137322560355556e-14,1.0,1.0,1.0,0.007914570496026183,0.30781147199839015,-14.635298112103305,-1.15621031700244,9.181544507781144,-5.00710760727086,-1.6274640588909792,-81.94650897450637,52.505762276240645,8.481533658746724,-3.2500744189157573,398.15,11.5,0.2
395,0.0021481306966842084,0.1395046104519765,0.00029967413604086357,1.1522878506816701e-09,0.6330537396903808,7.294601330738216e-10,0.9891527082254098,1.0012594563381392,0.9903985028731719,9.191593894883385e-06,1.0511667002189427,9.661897424237153e-06,0.005641775846903995,0.6308479348027813,0.003559102641639598,0.20002032525660143,0.6490607452607466,0.1298253413783467,0.30529937426533915,0.6188028731910816,0.18892012997883123,0.09194627062323947,0.5487486734779269,0.05045539403574515,0.00025973897971548026,1.0,0.00025973897971548026,0.0033947422975136553,0.6417196963628897,0.0021784729963907207,4.011287246339078e-14,1.0,4.011287246339078e-14,1.0,1.0,1.0,0.0077990981374830865,0.30744750611431115,-14.583192823559118,-1.16656201064732,9.136998438464385,-4.910856305763632,-1.5625891334969029,-81.0073965375519,52.04636506812965,8.441822199360255,-3.2593576477941553,403.15,11.5,0.2
396,0.001913695442699061,0.1372239186604095,0.0002626047877697323,1.2788442053464856e-09,0.6274406882621073,8.023988883826062e-10,0.9891519415350887,1.001280498605689,0.9904185492170388,1.1203680445632464e-05,1.051149578256189,1.1776743975343678e-05,0.005777680566415509,0.6286054718012738,0.0036318816183686722,0.20002081721217144,0.644529950276687,0.12891940737206317,0.30520358752764376,0.614007405684606,0.1873972629834831,0.09204441279609543,0.5442391451327376,0.050094172534391794,0.0002583612201347201,1.0,0.0002583612201347201,0.0035332873464075038,0.6378635318225032,0.002253755145723251,4.110066433945517e-14,1.0,4.110066433945517e-14,1.0,1.0,1.0,0.007702579689560203,0.307117284249187,-14.535452936617089,-1.1771638513509404,9.09560968164471,-4.817624239231349,-1.4996350986823868,-80.09671921913137,51.60112213829002,8.404225897262037,-3.2686207414977706,408.15,11.5,0.2
397,0.0017441590568359375,0.13224080471736835,0.0002306489972310706,1.4102922745450693e-09,0.6218319447432823,8.769647877367867e-10,0.989149918280846,1.0013025465108185,0.9904383320555791,1.3602175816468729e-05,1.0511445845831997,1.4297853448029679e-05,0.005916154937696407,0.6262339563142153,0.0037048971128015016,0.20002132003033668,0.6398763180362435,0.12798890578976096,0.30517567187514366,0.60927200113192,0.18593499230014693,0.09207464669173784,0.5396370634307747,0.049686891957155505,0.0002570422400792058,1.0,0.0002570422400792058,0.003675233511993045,0.6338954100297077,0.002329713654039754,4.208366931534966e-14,1.0,4.208366931534966e-14,1.0,1.0,1.0,0.007673916170348813,0.30691983234227177,-14.491659453756535,-1.1879944834523755,9.057017844260663,-4.727273608270087,-1.4385331273958653,-79.21337194516936,51.16951142357203,8.36864821244467,-3.2778769364017015,413.15,11.5,0.2
398,0.0015769225005295474,0.1289057679360928,0.000203274405906465,1.5445941666798202e-09,0.616260580056732,9.518724971103495e-10,0.9891476920100283,1.0013244635126746,0.990457782036742,1.644702704793274e-05,1.0511407758539966,1.7288140771655676e-05,0.006058491399963116,0.62390451092077,0.0037799201138116792,0.20002183876048557,0.6352770668502391,0.12706928703375275,0.3051543881657389,0.6045561361930002,0.1844829578518181,0.09209817244535844,0.5351010085523725,0.04928182496134162,0.00025583108123194525,1.0,0.00025583108123194525,0.0038220421034668296,0.629985690332752,0.0024078318330333953,4.307701888183462e-14,1.0,4.307701888183462e-14,1.0,1.0,1.0,0.0076518609275405955,0.3067313122108626,-14.451988131296455,-1.1990802352049332,9.021421221268765,-4.639806333800982,-1.3792178438590894,-78.3564363617478,50.75116367394967,8.335063316443009,-3.287127574391472,418.15,11.5,0.2
399,0.001446239839109349,0.12419805317427286,0.00017962017244045484,1.681173560460276e-09,0.6107102644644176,1.026709949719283e-09,0.9891446919579518,1.0013469133518849,0.990476984150496,1.9808705047021116e-05,1.0511441044299261,2.0821803526567575e-05,0.006203680964757696,0.6215151345241883,0.003855681609356526,0.2000223698221058,0.6306289219341368,0.12613989144362578,0.3051730466217326,0.5998867385150877,0.18306926362062398,0.09208172794950899,0.530536733853414,0.04885273919391112,0.0002546725130971336,1.0,0.0002546725130971336,0.003972789888315037,0.6260324758911752,0.002487095489977289,4.406795725903933e-14,1.0,4.406795725903933e-14,1.0,1.0,1.0,0.007669729508914066,0.3066192881420155,-14.416122856395646,-1.2104068340087004,8.98855222926336,-4.555116182103483,-1.3216269545728907,-77.52492972137367,50.34561366203295,8.303392079314296,-3.2963816077583776,423.15,11.5,0.2
400,0.0013106560542987848,0.12149604943623254,0.00015923953276698256,1.8200549714325399e-09,0.604384057066491,1.1000122077184346e-09,0.9891413834019986,1.0013732636253112,0.9904997352841146,2.375129115075779e-05,1.0511485356955799,2.4966134913998455e-05,0.0063593064383137814,0.6183559166242418,0.0039323147617579615,0.20002293940899368,0.6252165957301447,0.12505766124522802,0.3051978780717677,0.5944351392412274,0.1814203431477184,0.09205951139536869,0.5253474845300449,0.048363232738621934,0.00025318957143757577,1.0,0.00025318957143757577,0.004134810540549051,0.6213213391930588,0.0025690460223635105,4.5015165442297895e-14,1.0,4.5015165442297895e-14,1.0,1.0,1.0,0.007693713783763324,0.3065085359461215,-14.384281790736148,-1.2220041416197767,8.958602495100562,-4.473390570374623,-1.2656995014096384,-76.71820365601326,49.95270386947092,8.27370429274256,-3.306794884961473,428.15,11.5,0.2
401,0.0012155854062356874,0.1164080636010682,0.0001415039432816142,1.959118989267833e-09,0.5980930053806286,1.171735364189458e-09,0.9891372283024721,1.0014002976244676,0.9905223148135366,2.8370039045889417e-05,1.051160815873588,2.9821473389842637e-05,0.006517648054683597,0.6151219942862988,0.004009148669453189,0.20002352128641546,0.6197483225522405,0.12396424178824833,0.30526663324348385,0.5890498939536261,0.17981727793965463,0.09199337668927171,0.5201227135213301,0.04784784470961388,0.0002517254853384831,1.0,0.0002517254853384831,0.004300918359760812,0.6165556859980653,0.0026517556697240015,4.594953589410625e-14,1.0,4.594953589410625e-14,1.0,1.0,1.0,0.007761603499965174,0.30648222060883856,-14.355961755084003,-1.2338408890160573,8.93117046242175,-4.394308167890545,-1.2113806111694592,-75.93513892718883,49.57177099988853,8.24581230715012,-3.3172276408235652,433.15,11.5,0.2
402,0.001130332417225314,0.11156599388271043,0.00012610665954558873,2.096347785921626e-09,0.591853852696578,1.2407315136896571e-09,0.9891327429256187,1.0014274454173564,0.9905446759266651,3.3756510162039146e-05,1.0511755760004498,3.548401901334656e-05,0.006679260272612329,0.6118968752365873,0.004087018489703359,0.20002411783849808,0.6143104098250586,0.12287689780426356,0.30534926622539277,0.5837112958324643,0.17823581586991613,0.0919133587994596,0.5149389616228517,0.04732976953946232,0.0002502959360813847,1.0,0.0002502959360813847,0.0044718665767200134,0.6118181855987747,0.0027359692952086427,4.687716350346333e-14,1.0,4.687716350346333e-14,1.0,1.0,1.0,0.007843349199999681,0.30647960073896596,-14.331204325865153,-1.2459311704996174,8.90632218686397,-4.317850947286849,-1.1586164261616891,-75.1749547837774,49.20246658562206,8.219681720015705,-3.3276838171420366,438.15,11.5,0.2
403,0.001033100584170331,0.10913780813827113,0.00011275033334271739,2.2297472363920323e-09,0.585678960441217,1.305916043456764e-09,0.9891282927823892,1.0014542908713926,0.9905667730292188,4.0010392545567705e-05,1.0511890062497233,4.205848477963667e-05,0.006844517463355459,0.6087392125431939,0.004166526170881142,0.2000247307972297,0.6089633127087902,0.12180772268996498,0.3054244571497721,0.5784057697293413,0.17665926823188016,0.09184077439056516,0.5098493021349636,0.04682495473056428,0.00024890756877938376,1.0,0.00024890756877938376,0.004648235560028391,0.6071665326022115,0.0028222530677007385,4.780175385140967e-14,1.0,4.780175385140967e-14,1.0,1.0,1.0,0.007917628440071357,0.3064575599636897,-14.310010472025283,-1.258285674731547,8.884084742689947,-4.243992993494479,-1.1073555631216174,-74.4368952116438,48.84444128107363,8.195273915997143,-3.33816777327581,443.15,11.5,0.2
404,0.0009665311763202032,0.10454369918182817,0.00010104474454707788,2.3590273109091895e-09,0.579544072515995,1.3671602949407706e-09,0.9891231749438973,1.0014816831038083,0.9905887420397969,4.724468156841442e-05,1.0512084759986298,4.966400971057345e-05,0.007011910879795953,0.6055269016445182,0.00424590066965033,0.20002535489650494,0.6035832175251751,0.12073194729504748,0.3055334437015831,0.5731625040401643,0.1751203136600139,0.09173444113455824,0.504742308661775,0.04630225360205462,0.0002474945610385443,1.0,0.0002474945610385443,0.004828676797110787,0.6024796511873068,0.0029091795124195495,4.8706293289434025e-14,1.0,4.8706293289434025e-14,1.0,1.0,1.0,0.00802568673768457,0.30649997723693057,-14.292062452275312,-1.2708867536887607,8.864180562881321,-4.172651239644741,-1.0575488927250696,-73.72017722098504,48.49729440472419,8.172521244838347,-3.348694661479429,448.15,11.5,0.2
405,0.0009020630052597138,0.10066097539861196,9.080254198044607e-05,2.4857167274953965e-09,0.5725272158324906,1.423140477341188e-09,0.9891175417674362,1.0015140935185882,0.9906151582265482,5.5548887008111164e-05,1.0512306930264714,5.839469498638588e-05,0.007191438524586196,0.601367188697106,0.004324695168218465,0.20002602486167922,0.5972854735158939,0.11947263897501004,0.3056578038536055,0.5670398953911472,0.1733201691226363,0.09161329977928007,0.49888107066581533,0.04570414108111554,0.00024560720280310884,1.0,0.00024560720280310884,0.005022917163257296,0.5968712441609342,0.0029980348165506913,4.952592103554624e-14,1.0,4.952592103554624e-14,1.0,1.0,1.0,0.008149050416854021,0.3065598693445819,-14.277532568159158,-1.2837595604518892,8.8467522288525,-4.1040183100546335,-1.0091475406695891,-73.02432132746644,48.16090908172836,8.151495018953115,-3.360663344225344,453.15,11.5,0.2
406,0.000854047730013719,0.09578414769606247,8.180423391112099e-05,2.6057104888046533e-09,0.5655790835945869,1.4737353503709364e-09,0.9891114687306428,1.0015468034428514,0.9906414297558392,6.506941359922973e-05,1.0512565052717613,6.840464434040901e-05,0.0073733929837993956,0.5971999919222261,0.004403390230364395,0.20002670783055912,0.5910103530810007,0.1182178552205689,0.30580227937808135,0.5609897171284264,0.17155193420553785,0.09147210292635946,0.49305179837705837,0.045100484849172916,0.0002436858123454255,1.0,0.0002436858123454255,0.0052219827830464575,0.5912785790476969,0.003087646559771247,5.031896828168133e-14,1.0,5.031896828168133e-14,1.0,1.0,1.0,0.008292510127412344,0.3066563297138055,-14.266114167705886,-1.2968863917497928,8.831580498968735,-4.037827102906782,-0.9621087291638786,-72.34841383447058,47.83470335117869,8.132031519891537,-3.372692586329622,458.15,11.5,0.2
407,0.0008031074316884486,0.09202972781185362,7.390975834196474e-05,2.7171761186197346e-09,0.5587102883723077,1.5181142527923808e-09,0.989105281545378,1.0015794328585217,0.9906675069275881,7.59353905241407e-05,1.0512825181417664,7.982954856629705e-05,0.007558025488711184,0.593077949912842,0.004482498262233837,0.20002740519020482,0.5848115174138528,0.11697833035363926,0.30594787477961927,0.5549991946349324,0.16980082410295783,0.09132984421646549,0.48730161757979273,0.04450518081999411,0.00024173500092727418,1.0,0.00024173500092727418,0.005426387738036976,0.585753210192665,0.003178524037305272,5.108790871109248e-14,1.0,5.108790871109248e-14,1.0,1.0,1.0,0.008437068310923774,0.30675098492848385,-14.257813806707892,-1.3102771108274127,8.818695542346955,-3.9740633045618536,-0.9163896504188517,-71.69181708103119,47.5183530099519,8.114093908378695,-3.38479014453331,463.15,11.5,0.2
408,0.000755737956800125,0.08860125607549377,6.695933223641832e-05,2.8191656179117e-09,0.5519157416047537,1.5559418827163582e-09,0.989098879260148,1.0016121314216835,0.9906934366425552,8.828410737274906e-05,1.0513098139816484,9.28139484995807e-05,0.007744761207650644,0.5889809391120576,0.004561516729280709,0.20002811527410297,0.5786686732099613,0.11575000407035436,0.30610064588396524,0.5490717573249294,0.1680712195538047,0.09118048949926537,0.4816119531822321,0.043913613639853195,0.00023972978123160664,1.0,0.00023972978123160664,0.005635806808511633,0.5802749634707299,0.0032703175899371786,5.1826406594739795e-14,1.0,5.1826406594739795e-14,1.0,1.0,1.0,0.008588783271823518,0.306856386659931,-14.252511628734469,-1.3239298643897819,8.80800662873898,-3.912692961691076,-0.8719493067845651,-71.05389475119048,47.21151340536982,8.097633654794745,-3.396970897809229,468.15,11.5,0.2
409,0.0007214758206912527,0.08429374893603976,6.0815901692771684e-05,2.9109949307659696e-09,0.5451898295303423,1.587044830067987e-09,0.9890921134847223,1.0016450866775524,0.9907192557434882,0.00010225775200085492,1.0513399873515858,0.00010750766369518045,0.007932845902476811,0.5848823836205317,0.004639781820335004,0.2000288357772844,0.5725550172420836,0.11452751351737696,0.3062695137278801,0.5432139294516344,0.16636986602336304,0.09101514083600701,0.4759585824058335,0.043319437409773176,0.00023764247452676804,1.0,0.00023764247452676804,0.005849742481724355,0.574817464305813,0.003362534140186787,5.252684153212237e-14,1.0,5.252684153212237e-14,1.0,1.0,1.0,0.008756579475168919,0.30699099245956635,-14.250074873286929,-1.3378411120264544,8.799410805333263,-3.8536829309079956,-0.8287484551052875,-70.43403002963971,46.91383766631791,8.0826002482817,-3.409250157719512,473.15,11.5,0.2
410,0.07343174842747412,0.17143697802678695,0.01258891704162943,1.6124191842029856e-12,0.687661629961434,1.1087988043901104e-12,0.9879524294180042,1.0015710679267409,0.9895045697930085,1.8211053317469705e-09,1.0637174565404934,1.937141531578222e-09,0.0008883639960501194,0.5842133942948284,0.000518994145501758,0.20001448739850686,0.6481660295883631,0.12964259615724189,0.3751173656766469,0.6866413324979891,0.2575710878113482,0.02558565198624165,0.5741912773866964,0.014691058196751558,9.421681552911498e-05,1.0,9.421681552911498e-05,0.0017653654425124194,0.64310351115788,0.001135312714556521,2.8234542078582704e-14,1.0,2.8234542078582704e-14,1.0,1.0,1.0,0.07432011424462957,0.44854911410573334,-18.40428713831885,-0.9974904635096123,11.955147251028675,-9.542102933147556,-4.18044508403649,-120.20211755852095,71.31729126215212,10.87727297252939,-3.050448737930308,273.15,12.0,0.2
411,0.06745257629602767,0.17293310277668222,0.011664783309152953,2.3862306310157073e-12,0.6884712249712149,1.6428511255992203e-12,0.988052566392421,1.001513476013169,0.989547960251406,2.7365325794279614e-09,1.0626615339768641,2.908007908632583e-09,0.0010246221543693443,0.5892368629821656,0.0006037451439826209,0.20001501726982318,0.6528332650786728,0.13057645678902582,0.36927524948040025,0.6870612943145129,0.25371473086631846,0.03141803534807479,0.5759942718992029,0.01809660839481776,0.00010501142781949538,1.0,0.00010501142781949538,0.001912422118463911,0.6460327838384798,0.0012354873850655233,3.0405814358697675e-14,1.0,3.0405814358697675e-14,1.0,1.0,1.0,0.0684772011869296,0.4367278257788141,-18.15646115251303,-1.0020717437298718,11.78440179034472,-9.282321654623603,-4.028469196028989,-117.90022582767912,70.2198096149797,10.721227430939226,-3.0561395344220177,278.15,12.0,0.2
412,0.06113644943659066,0.17465531560063952,0.010677805871050283,3.461093983235739e-12,0.6896467554001887,2.386932235673645e-12,0.9881585811129704,1.0014559295257952,0.9895972703673805,4.053923990479992e-09,1.0615462764426233,4.303427917075455e-09,0.001163234252480871,0.5946712710508513,0.0006917419914526863,0.20001555291958592,0.6576619924895865,0.13154262706200118,0.36309854158799404,0.6871837871215929,0.24951543090676498,0.03758577265133548,0.5782448679949203,0.021733780145258574,0.00011505537392981951,1.0,0.00011505537392981951,0.0020610828948717337,0.6493694534906367,0.0013384042730417575,3.251068397065703e-14,1.0,3.251068397065703e-14,1.0,1.0,1.0,0.062299687742995526,0.42423499102804585,-17.922713226529375,-1.0069522320936293,11.622159910314883,-9.035246662263981,-3.8823412372744346,-115.69404728153248,69.1647569151382,10.574327144505244,-3.062769096823014,283.15,12.0,0.2
413,0.054704640060166655,0.17647849769710525,0.009654192694879092,4.932306354510727e-12,0.6910585929766556,3.4085126894780024e-12,0.9882666786624686,1.0014001286905672,0.9896503791931954,5.929084700888351e-09,1.0604112935348926,6.287268377146962e-09,0.0013016213885196017,0.6003470927308338,0.0007814246164340141,0.20001608437376944,0.6625148518634976,0.13251362650920467,0.3568059204646612,0.6870146887759974,0.2451309084014625,0.04387035476156259,0.5807758297834912,0.025478841689542647,0.00012415933672686315,1.0,0.00012415933672686315,0.002208579825408616,0.6529549106193746,0.0014421030424954372,3.4512392883964664e-14,1.0,3.4512392883964664e-14,1.0,1.0,1.0,0.05600626737777096,0.4115105605297602,-17.701584982397993,-1.0120904464776057,11.467435084837001,-8.799681376769062,-3.741755996607822,-113.57779347836806,68.14978770317602,10.435789955711703,-3.070072575158984,288.15,12.0,0.2
414,0.04825359297648272,0.17949585121501213,0.008661319745496497,6.906351076473794e-12,0.6925131381270574,4.782738856976054e-12,0.9883751908204873,1.0013431624509923,0.9897027392642898,8.574212902005252e-09,1.0592738648999351,9.08243963918198e-09,0.0014389349136228234,0.606913239518976,0.0008733086498837859,0.2000166090371043,0.6681409586416861,0.1336392889063102,0.3504929785804972,0.6864281561725203,0.24058824903842532,0.050176055829387986,0.5842093054588181,0.029313318726749634,0.00013245149497584328,1.0,0.00013245149497584328,0.002354192854323034,0.6575028205807288,0.001547888441908391,3.643999756775377e-14,1.0,3.643999756775377e-14,1.0,1.0,1.0,0.04969253646431845,0.39874657156388627,-17.492717561129773,-1.0175030732727728,11.320323331457216,-8.574468073878384,-3.6064301269248977,-111.5460171172516,67.17257723096165,10.304852904125202,-3.077461063124593,293.15,12.0,0.2
415,0.042196642673524846,0.1813220302668893,0.0076511809200099845,9.553013501395282e-12,0.6939768441702846,6.629570162014421e-12,0.9884769965116118,1.0012949485945932,0.9897570234090322,1.2265037398231618e-08,1.0582076087921173,1.2978955896928591e-08,0.001571048340522095,0.6125618221907876,0.000962364234220027,0.2000171103453788,0.672618463671545,0.13453520146853057,0.3445688993014061,0.6857273505876695,0.2362803184128627,0.05609413010429716,0.5867875080561722,0.03291533482047924,0.00013946104124015998,1.0,0.00013946104124015998,0.00249332517371138,0.6611029506571807,0.0016483446292884204,3.817861990743214e-14,1.0,3.817861990743214e-14,1.0,1.0,1.0,0.04376770327908434,0.386765541984484,-17.29348626915156,-1.0230713294728657,11.178514628807418,-8.358961220994436,-3.4760962664465107,-109.59407356307874,66.23133790922442,10.181020247435685,-3.0854330480190355,298.15,12.0,0.2
416,0.03677287631274035,0.18103509330834966,0.0066571810944933505,1.3091350673952449e-11,0.6944729392710534,9.091588781567844e-12,0.9885679127708636,1.001259780033716,0.9898132908893447,1.737264963794105e-08,1.0572551411132167,1.8367323144471814e-08,0.0016971726329337432,0.6167287599338609,0.0010466951733029135,0.20001758493200114,0.6753846508240628,0.1350888067579719,0.33927197606070214,0.6841958348254733,0.23212847289374008,0.061386423062557136,0.5879680380796306,0.03609325473281791,0.0001450423198241505,1.0,0.0001450423198241505,0.002625042820820757,0.663187408431664,0.0017408953453622634,3.96699268634198e-14,1.0,3.96699268634198e-14,1.0,1.0,1.0,0.03847006631832373,0.37604485238653385,-17.1028826912735,-1.028763237655825,11.041360215922731,-8.152291527404897,-3.3505058358294595,-107.71736793012296,65.32409271829901,10.06369440879827,-3.0944276682500007,303.15,12.0,0.2
417,0.031741079575135826,0.181614248894708,0.005764632326145452,1.769118025697084e-11,0.6947128720265874,1.2290290645860276e-11,0.9886520932661028,1.001225844536873,0.989864027033501,2.4393380339438194e-08,1.0563732196848894,2.5768513728170446e-08,0.0018194209279766985,0.621234482690364,0.001130287018987626,0.20001804302940177,0.6784300083705035,0.13569824260668878,0.3343631235611614,0.6823968785876187,0.22816835183294282,0.06629131436168925,0.5894986582531544,0.03907864087005388,0.00014992147459404764,1.0,0.00014992147459404764,0.0027521861095132156,0.6656914770764292,0.0018321068364310828,4.108148638137393e-14,1.0,4.108148638137393e-14,1.0,1.0,1.0,0.03356052489649287,0.36610420315398845,-16.922145522330812,-1.0346802148821277,10.910437846617144,-7.953632679298828,-3.22942982061575,-105.91160309663567,64.4489465023858,9.952308366670419,-3.1030508276523334,308.15,12.0,0.2
418,0.02724871447831798,0.18195562079321165,0.004958056758719323,2.36264958673748e-11,0.6946436048210538,1.641199425860299e-11,0.988726983345929,1.0011969341209017,0.989910424408552,3.3964893450689525e-08,1.0555879041768612,3.58529306932038e-08,0.0019365351597380909,0.6253857071740923,0.0012110814103402992,0.20001847984515242,0.6810269820832409,0.13621798168982172,0.32998853918491755,0.680456107652158,0.22454271694359063,0.07066266961743135,0.5907038857838404,0.041740713522876415,0.0001540259044139222,1.0,0.0001540259044139222,0.002873425629586244,0.6678854694665514,0.0019191192255934293,4.238441963530718e-14,1.0,4.238441963530718e-14,1.0,1.0,1.0,0.02918528360294952,0.35723725368686204,-16.750127014538446,-1.0407803106805014,10.784838643634046,-7.762507290558131,-3.112650352861933,-104.17306683882789,63.604410023535706,9.846485888349076,-3.111459560553069,313.15,12.0,0.2
419,0.023298642115743846,0.18205146201365194,0.004241551860104013,3.1195823839474997e-11,0.6942349615512359,2.1657231563757072e-11,0.9887925146762351,1.0011728880670763,0.9899522576175132,4.69198663908248e-08,1.0548995518316973,4.94957460276842e-08,0.00204883881078677,0.6291448230231232,0.0012890163310153484,0.20001889699558084,0.6831491430333434,0.13664273807300564,0.32615141077143256,0.6784031825287992,0.22126215505359753,0.07449717996983014,0.5915420420970038,0.044068213969821336,0.0001574798686390581,1.0,0.0001574798686390581,0.002989210794942936,0.6697296110994425,0.002001962983191387,4.35949649885513e-14,1.0,4.35949649885513e-14,1.0,1.0,1.0,0.025347527846397006,0.3494500529183722,-16.58642508175095,-1.047064091784198,10.66439705987258,-7.578407162128884,-2.999963990251494,-102.49823397980006,62.789012244613886,9.745846761763762,-3.11960599098862,318.15,12.0,0.2
420,0.019867696605991043,0.18190888299279875,0.0036141104972356496,4.073623364158109e-11,0.6934805545964866,2.8249785897935663e-11,0.9888490696656485,1.0011533914897672,0.9899895997672651,6.433326529344764e-08,1.0543039223554116,6.782681393681317e-08,0.0021568894166519004,0.6325002096706921,0.001364233008268823,0.20001929692753925,0.6847934919614264,0.136971912802679,0.3228291347295447,0.6762639484809488,0.21831770533689013,0.07781733345604114,0.5919979854139534,0.0460677046362622,0.0001604038243782102,1.0,0.0001604038243782102,0.0031002217580665633,0.6712088611214113,0.0020808963154556773,4.472968884288965e-14,1.0,4.472968884288965e-14,1.0,1.0,1.0,0.022024650355908237,0.34269683137627205,-16.430699876091552,-1.0535345199867916,10.54898483930286,-7.400885395518015,-2.8911799012675217,-100.88384146712342,62.001393196524766,9.650052865354676,-3.1274706181711434,323.15,12.0,0.2
421,0.016969188318791788,0.18080634452645705,0.003068136909501797,5.27075052366261e-11,0.691665292052099,3.6455952002828536e-11,0.9888963293721591,1.0011417665790574,0.9900254181511887,8.760604535685263e-08,1.0538036639222328,9.231957157878853e-08,0.0022630197421937277,0.6347841054167268,0.0014365289625888368,0.20001968777871412,0.6852506849139595,0.1370636280466402,0.3200373678328841,0.6734053963683755,0.21551489053819495,0.08060756534620335,0.5914427736598776,0.047674762026328345,0.00016272203449271526,1.0,0.00016272203449271526,0.0032087183808968077,0.6716181244670937,0.002155033420921004,4.5740063467239516e-14,1.0,4.5740063467239516e-14,1.0,1.0,1.0,0.01923229566703087,0.33700655620438336,-16.282363408955593,-1.0601770514838038,10.43823155620859,-7.229433666098405,-2.786117758149801,-99.32674982666398,61.24018184082536,9.558747078063295,-3.135861051599798,328.15,12.0,0.2
422,0.014488501033107554,0.17952637935858282,0.0026010681328068864,6.746423472995859e-11,0.6895594087459832,4.652059781189044e-11,0.9889363225860628,1.0011336217262112,0.9900574022871856,1.1849044927726258e-07,1.0533780282516336,1.2481523582633318e-07,0.0023667387791416494,0.6367088998852204,0.0015069236443829685,0.2000200688477769,0.6852909055038028,0.137071934099626,0.31766100354967197,0.6705104883955681,0.21299503463431688,0.08298268614881782,0.5905498173736724,0.04900541015036115,0.00016472911690894245,1.0,0.00016472911690894245,0.0033145077751845983,0.6717021080481608,0.002226361859733514,4.670607492210571e-14,1.0,4.670607492210571e-14,1.0,1.0,1.0,0.01685535830269848,0.33214950465024373,-16.14148941503169,-1.0670185516996362,10.332354713016308,-7.063811599076047,-2.6846104381585794,-97.82425795868366,60.50431608510105,9.471713481915046,-3.143985522720239,333.15,12.0,0.2
423,0.012376185853587872,0.17809322207366407,0.0022041148156479655,8.544234432256456e-11,0.6871908538530176,5.871519755022664e-11,0.9889698916024934,1.0011285526106781,0.9900859961555435,1.5921963693234875e-07,1.0530182040920262,1.676611761386863e-07,0.002468772052766184,0.6383044875931256,0.0015758282801251484,0.20002044304171046,0.6849491366666631,0.13700382977710304,0.3156513251147337,0.667590811767781,0.21072592436892082,0.08499133944636136,0.5893471980689315,0.05008940776283853,0.00016650407945619387,1.0,0.00016650407945619387,0.0034183989521622696,0.6714866023033994,0.0022954090977049427,4.763968121297854e-14,1.0,4.763968121297854e-14,1.0,1.0,1.0,0.014845117125990988,0.32802751105376393,-16.00782034360333,-1.074063950676987,10.231249473574444,-6.90371167665267,-2.586499693158786,-96.37375466646208,59.792712304422366,9.38871245368927,-3.1518664785739325,338.15,12.0,0.2
424,0.010512088338055945,0.17799914695989683,0.0018711427569410367,1.0701408856594312e-10,0.6846197689971577,7.326396059345738e-11,0.9889990857480206,1.0011246716438262,0.9901113849755314,2.1262882609542366e-07,1.0527029457057182,2.2383499157260138e-07,0.0025709203182652947,0.6398359191852199,0.0016449671649892328,0.20002081739630626,0.6845054726688179,0.13691534415546194,0.31388999225727565,0.6646090720224276,0.20861413647123495,0.08675173057567681,0.5880870146451155,0.051017566249547154,0.00016819595469299236,1.0,0.00016819595469299236,0.00352234739792952,0.6712374341261959,0.002364331429487293,4.8570260166723826e-14,1.0,4.8570260166723826e-14,1.0,1.0,1.0,0.013083221285147335,0.3244020807023458,-15.881400720840352,-1.0813377242914592,10.13510960741062,-6.748814373056341,-2.4916367343239827,-94.97276154548841,59.10431531511009,9.309506066860639,-3.159503885986015,343.15,12.0,0.2
425,0.009002112737104927,0.17633846283711024,0.0015874187223474537,1.327821915753934e-10,0.6818160950224775,9.053303534846118e-11,0.9890220987799111,1.001124799099576,0.9901345499460794,2.821888523241616e-07,1.052450863400544,2.969899012705724e-07,0.002671526011743196,0.640846660909719,0.0017120385241590856,0.2000211855026974,0.6834851666052065,0.13671151329788206,0.31248124549668116,0.6616685420301485,0.20675901011955392,0.08815973071729077,0.5863359657166692,0.05169122084744419,0.00016968020035898585,1.0,0.00016968020035898585,0.0036245779235221176,0.6704847292790831,0.0024302241478036672,4.9465845359493116e-14,1.0,4.9465845359493116e-14,1.0,1.0,1.0,0.011673920937700448,0.3214833583665683,-15.761387164598156,-1.0888031880415034,10.043192918567,-6.59896805453621,-2.399881095226917,-93.61910168853501,58.43827669296037,9.233947715727572,-3.166981108796118,348.15,12.0,0.2
426,0.007822921583070694,0.17208885714426467,0.0013462376347598375,1.6346493326218332e-10,0.678114449565097,1.1084793324228062e-10,0.9890392296500273,1.0011316341606775,0.9901584602285495,3.723536634250146e-07,1.0522583121529845,3.918122373995866e-07,0.0027737831167962412,0.6407560311832752,0.001777318261281534,0.20002155848744516,0.681275430738038,0.13626977341542787,0.3114049625358135,0.6581240070999224,0.20494308177487078,0.08923559497940135,0.5835667709329047,0.05207492801440576,0.0001708463012527713,1.0,0.0001708463012527713,0.0037281829494941955,0.6686215420099949,0.0024927434325861795,5.027285128494517e-14,1.0,5.027285128494517e-14,1.0,1.0,1.0,0.01059707705353036,0.31922788428234905,-15.64740669493672,-1.0964532727934808,9.9552723998868,-6.453818882838921,-2.31109949170903,-92.3105193596558,57.793583281500545,9.16179686179832,-3.1751371712692182,353.15,12.0,0.2
427,0.006756857452971154,0.16958786751746588,0.001145881046568874,1.991181677035721e-10,0.674310197798317,1.3426741104943423e-10,0.9890542831426604,1.0011385982049266,0.9901804185740215,4.885579805376409e-07,1.0520864499673073,5.140052313470436e-07,0.0028783541173075383,0.6407185222023999,0.0018442147964164788,0.20002194009457566,0.6790973627041746,0.13583437200119874,0.31044415950085064,0.6545297583446859,0.20319494069761085,0.09019594358793603,0.5808593997818556,0.05239116165524664,0.000172065407701912,1.0,0.000172065407701912,0.0038342069942071304,0.666836067394713,0.002556787513594386,5.109896304289412e-14,1.0,5.109896304289412e-14,1.0,1.0,1.0,0.00963570012825923,0.3172010171529398,-15.540044943844562,-1.1043475526721311,9.872029385089082,-6.313199870853112,-2.2251686133356223,-91.04505970177753,57.16943718987595,9.092909537046665,-3.183135883638408,358.15,12.0,0.2
428,0.005850318089202376,0.16711876034843268,0.0009776979067115123,2.4023580427927703e-10,0.6704001180399496,1.610541115462493e-10,0.9890664709661318,1.0011469132492632,0.9902008444060847,6.374237052006972e-07,1.051943418926862,6.705336717538497e-07,0.0029844256207182426,0.6405260153619412,0.0019116022509827449,0.2000223271916049,0.676736647884057,0.13536243920561475,0.3096444226526595,0.6509431517928933,0.20156091641661297,0.09099524658428607,0.5780171546338349,0.0525968135158532,0.00017327494044804752,1.0,0.00017327494044804752,0.003941787317881338,0.6649142501952875,0.0026209505588983633,5.192864576142709e-14,1.0,5.192864576142709e-14,1.0,1.0,1.0,0.008835381133625819,0.3154947409820976,-15.43878357038515,-1.1124683771533568,9.793028183610167,-6.17697621445686,-2.1419707516945077,-89.82090552204633,56.56510660000374,9.027164253710414,-3.1910128586226296,363.15,12.0,0.2
429,0.005082001116542681,0.16456938685017236,0.0008363418077213208,2.871665551895553e-10,0.6664021581436865,1.9136841212500805e-10,0.9890761574002871,1.0011564603904926,0.9902199847995011,8.270726914963514e-07,1.0518254517925967,8.699361073984685e-07,0.0030922876686328136,0.6401897886227463,0.0019796509889427653,0.20002272089897022,0.6742077095427625,0.134856860513806,0.30898474946447757,0.6473683929844833,0.20002696071753204,0.09165449595241816,0.5750516383457814,0.05270606805919486,0.0001744876874656106,1.0,0.0001744876874656106,0.004051242998537585,0.662865526579403,0.002685429323526735,5.276400454688661e-14,1.0,5.276400454688661e-14,1.0,1.0,1.0,0.008175115857866991,0.31406675086818686,-15.34339743137462,-1.1208174564713056,9.718129746663386,-6.044983900469533,-2.0613947660748657,-88.63630808037658,55.979859379084864,8.964429311970902,-3.198786775854403,368.15,12.0,0.2
430,0.004472144154855854,0.160279932932609,0.0007167949652052561,3.4032222779571243e-10,0.6623158422262062,2.254008029308158e-10,0.9890830031175276,1.0011678339920944,0.9902380878695711,1.0673020820836022e-06,1.0517360718948117,1.1225200993357622e-06,0.0032014486597215994,0.6396090662498325,0.00204767558789131,0.2000231193619489,0.6714089570372955,0.1342973139541526,0.3084848929627062,0.6438367866547653,0.19861392221664803,0.09215396788150826,0.5718689953557894,0.0526999970304478,0.00017567071660790336,1.0,0.00017567071660790336,0.004162069090137944,0.6605868365272044,0.002749408053661883,5.359630314726388e-14,1.0,5.359630314726388e-14,1.0,1.0,1.0,0.007674660116659537,0.3129570374578843,-15.253522794026173,-1.1293853460894197,9.647044541227793,-5.917092526657083,-1.9833355687589105,-87.489642748572,55.413024060859094,8.904593782880037,-3.2064765025279054,373.15,12.0,0.2
431,0.003892635017426208,0.15848584231817167,0.0006169275395740033,4.000138720554257e-10,0.6575000898791158,2.6300915682933553e-10,0.9890890471621291,1.0011820116370023,0.9902581619259061,1.3705676675972537e-06,1.0516534785411173,1.4413622552046388e-06,0.0033180776151417782,0.6384768011372259,0.002118515581640758,0.20002354473883038,0.6680182463029933,0.13361937757574177,0.3080229557609262,0.6395894603818951,0.19700823606036716,0.09261563610962398,0.5682134657361207,0.052625451575204846,0.00017679207791534992,1.0,0.00017679207791534992,0.004280427662491494,0.6577533697604893,0.0028154657190197943,5.439110160459557e-14,1.0,5.439110160459557e-14,1.0,1.0,1.0,0.007212083200235583,0.31191559117836626,-15.169296479700256,-1.1381987161324512,9.580029131011289,-5.792974524928443,-1.9076925110955274,-86.37917166845881,54.86375961315562,8.847452872660536,-3.2149813909189513,378.15,12.0,0.2
432,0.003427257297960413,0.15528693219975853,0.0005322082716595062,4.663327513376867e-10,0.6526371781156751,3.043460908959467e-10,0.9890929975909848,1.0011976132470986,0.9902775484675121,1.7507775588049713e-06,1.051591705523635,1.8411031590562258e-06,0.003436915218597768,0.6371583530995735,0.002189859240424615,0.20002397831631685,0.6644276057278767,0.13290145300087514,0.3076774479021555,0.6353877549193492,0.1954944828618656,0.09296090113565657,0.5644029176735216,0.052467403830524346,0.00017790373100546588,1.0,0.00017790373100546588,0.004401139101996276,0.6547495734849702,0.0028816439498800866,5.5186358388503244e-14,1.0,5.5186358388503244e-14,1.0,1.0,1.0,0.0068659232941169854,0.31110470566644877,-15.090245702234341,-1.147238434177801,9.516632272071716,-5.6726888307146295,-1.8343727071436173,-85.303621394943,54.331629948142,8.792995645129203,-3.2234319062446057,383.15,12.0,0.2
433,0.003058765043562958,0.15047169766754115,0.0004602575688710488,5.393127120724305e-10,0.6477406311442534,3.493347565019149e-10,0.9890951508549377,1.0012143973971093,0.9902963054316294,2.2249608433557304e-06,1.0515477018009087,2.3396524614277314e-06,0.003558142356837896,0.6356854540827562,0.0022618593397975856,0.20002442083504962,0.6606726378704556,0.13215066175160234,0.307431322463168,0.6312309281842378,0.19406015903133328,0.09320680373484214,0.5604680786567923,0.052239438207007695,0.00017901330799532705,1.0,0.00017901330799532705,0.004524425988625325,0.6516069524076664,0.0029481474298421917,5.598372026224652e-14,1.0,5.598372026224652e-14,1.0,1.0,1.0,0.00661913236124421,0.3104900880460438,-15.016210938195977,-1.156507618226085,9.456758202779007,-5.556113021821734,-1.7632870135425365,-84.26160949544114,53.81604174733356,8.741124387696754,-3.2318335217776384,388.15,12.0,0.2
434,0.0027099340961811275,0.14743854514987922,0.0003995487405929981,6.184841531535255e-10,0.6428486807433317,3.975917219154011e-10,0.9890968124719283,1.0012310611515194,0.9903144511328541,2.8135146680323775e-06,1.0515079339402875,2.9584329956934187e-06,0.003683258647192545,0.6342598167630096,0.002336142954659114,0.2000248780288467,0.656963780570255,0.13140910007793524,0.3072088839233475,0.6270711318781843,0.19264182256484727,0.09342897964110593,0.5565982110472505,0.052002402928209554,0.000180192085236181,1.0,0.000180192085236181,0.004651900032324271,0.648527207771482,0.0030168837387953267,5.68013887010411e-14,1.0,5.68013887010411e-14,1.0,1.0,1.0,0.006396006258041705,0.3099188186380128,-14.947281395349167,-1.1660281565870694,9.40056266643742,-5.443104605405605,-1.6943509210971395,-83.25180073727701,53.31640175473006,8.691733697703015,-3.240191749272871,393.15,12.0,0.2
435,0.002435011165850097,0.14280822395006926,0.00034773961989363974,7.039395604563643e-10,0.6379397191115754,4.4907100546905934e-10,0.9890970701988305,1.0012486789655037,0.9903321349052292,3.540067729545395e-06,1.051481880043206,3.7223170717426727e-06,0.00381102713606009,0.6327113722650498,0.0024112802089959226,0.20002534527223007,0.6531277754494628,0.13064210879116234,0.3070631587116724,0.6229538711258459,0.1912861833995663,0.09357446352777975,0.5526347506946323,0.05171250032305853,0.00018136969169483413,1.0,0.00018136969169483413,0.004782301147841762,0.6453391890512457,0.0030862063445470456,5.762152552247085e-14,1.0,5.762152552247085e-14,1.0,1.0,1.0,0.0062495783696397324,0.309498170581462,-14.883049586515552,-1.175783051945988,9.347684984508192,-5.333591853652272,-1.6274841866933973,-82.27299322088777,52.83220626701722,8.64475565413501,-3.2485184266570344,398.15,12.0,0.2
436,0.0021625385096512312,0.14047968978029393,0.00030379273897374417,7.95913748493483e-10,0.632304832887349,5.032601097339153e-10,0.9890969548741249,1.001269563163667,0.9903526759333282,4.434050515423907e-06,1.051457933280864,4.662217591010571e-06,0.003947914919735711,0.6305097432474089,0.0024891988224051776,0.20002584553158614,0.6486212165837942,0.12974100727689952,0.3069292201506343,0.6181079552514209,0.18971539267422177,0.09370835082419754,0.5481277231087116,0.05136414497353975,0.00018242339653268058,1.0,0.00018242339653268058,0.004922032651726164,0.6414999816902853,0.00315748385596132,5.838443124297191e-14,1.0,5.838443124297191e-14,1.0,1.0,1.0,0.0061148874799023655,0.3090917594561992,-14.823509300150166,-1.185785789384637,9.298207492032844,-5.22732618952589,-1.5626092292942093,-81.32386642131416,52.36279476029729,8.600037045444076,-3.2578155223245133,403.15,12.0,0.2
437,0.001964679149401139,0.13538965827673488,0.0002659972386608462,8.936631847345617e-10,0.6266686432787761,5.600306955257981e-10,0.9890954191992606,1.001291581807979,0.9903729168490538,5.526816228790061e-06,1.0514478427648506,5.8111590011190735e-06,0.004087492342400855,0.6281606592660085,0.002567601884547283,0.2000263560885985,0.6439711680558031,0.12881120617232078,0.30687279879387375,0.6133255779312078,0.1882129366716199,0.09376477209947305,0.5435108531057108,0.050962171275047145,0.00018344655310137176,1.0,0.00018344655310137176,0.005064820858262319,0.6375307236892171,0.0032289789071242177,5.914166486805875e-14,1.0,5.914166486805875e-14,1.0,1.0,1.0,0.006057698308030783,0.30883747883693813,-14.768312037176926,-1.1960221089389511,9.251788168472137,-5.124386714378332,-1.4996551087500318,-80.40348169427836,51.907844593301725,8.557587124767883,-3.267099167538378,408.15,12.0,0.2
438,0.0017708573834306761,0.13198145191666583,0.00023372032860252852,9.960142602938242e-10,0.6210677297143418,6.185923154037942e-10,0.9890936510094268,1.001313461283851,0.9903927872261307,6.856401909150617e-06,1.0514392679011904,7.209090203793652e-06,0.004231251059464447,0.6258563159712104,0.0026481552000256997,0.20002688268812382,0.6393768633194832,0.12789256083270684,0.30682485727172987,0.6085610899977238,0.18672166957967995,0.09381271157254276,0.5389626275269385,0.050561545524564475,0.00018450382390493603,1.0,0.00018450382390493603,0.005212298180751675,0.633623033522697,0.0033026321849127112,5.991076361262698e-14,1.0,5.991076361262698e-14,1.0,1.0,1.0,0.006008964844804274,0.3085957156511748,-14.71757469865516,-1.2065145201344263,9.208595479416022,-5.0246639898468155,-1.4385530986775343,-79.5107623267461,51.466861862585425,8.517323431951366,-3.2763703872698358,413.15,12.0,0.2
439,0.0016016482903984486,0.12860047985691414,0.00020597273870724656,1.1023976652682692e-09,0.6154933087680127,6.785183865740985e-10,0.9890913074595001,1.001335615844565,0.9904123534814645,8.465998430214322e-06,1.0514357852789986,8.901453707643173e-06,0.004378585701686247,0.6235318644952806,0.002730187706424804,0.20002742318051805,0.6347731189200266,0.12697203128183346,0.30680540525169336,0.6038322417077975,0.18525899562119924,0.093832189674045,0.5344228590716931,0.050146067078560515,0.00018556080326890973,1.0,0.00018556080326890973,0.0053639112170448654,0.6297117672504677,0.0033777180118599293,6.068284458802457e-14,1.0,6.068284458802457e-14,1.0,1.0,1.0,0.00598869999051491,0.3084070546444895,-14.671067165943441,-1.2172572042147614,9.168438379279882,-4.928093684434379,-1.3792377637624982,-78.6447237123812,51.03941118477625,8.479187071856302,-3.2856370480647437,418.15,12.0,0.2
440,0.001468903750022003,0.12390137971230931,0.00018199920129231126,1.2121197587175182e-09,0.6099400292590773,7.393203610976686e-10,0.9890881941399104,1.0013582986083829,0.9904316712575787,1.0404904923047188e-05,1.0514394378414005,1.0940127383081953e-05,0.004529027093658979,0.6211486057445955,0.002813198864605772,0.20002797596154825,0.6301216794779424,0.1260419641554643,0.3068258723246366,0.5991498878327686,0.1838346869874974,0.09381179893969338,0.5298559972110127,0.049706744277350265,0.00018659214998029188,1.0,0.00018659214998029188,0.005519264041811639,0.625758162895129,0.0034537245273371948,6.145117336302228e-14,1.0,6.145117336302228e-14,1.0,1.0,1.0,0.0060083357486040295,0.30829477728677834,-14.628602015968854,-1.2282470140206054,9.131167333041496,-4.834612146042671,-1.3216468233733032,-77.80442568531285,50.62506988837132,8.443120192483477,-3.2949068730112256,423.15,12.0,0.2
441,0.001345881700586752,0.11984529326282163,0.00016129758710388439,1.3259696012922751e-09,0.6036026588550646,8.003587769010064e-10,0.9890845261708029,1.0013851809471648,0.9904545872115902,1.2733131088904542e-05,1.051446758111224,1.3388209404033928e-05,0.004689821051521652,0.61795405058658,0.0028980939153140203,0.20002856659324666,0.6246639110180158,0.12495062672346509,0.3068668606968453,0.5936952761325573,0.18218540559734459,0.09377120005372433,0.5246267410097948,0.04919487908476288,0.00018738619576493163,1.0,0.00018738619576493163,0.005685510923148695,0.6210054107310614,0.0035307330460458905,6.212686626189502e-14,1.0,6.212686626189502e-14,1.0,1.0,1.0,0.006048435883197308,0.30821274372340157,-14.590041890282773,-1.2394843118141623,9.096715288133607,-4.744019386412078,-1.265719297483226,-76.98883247205072,50.2232930933612,8.4089989046877,-3.305339148908393,428.15,12.0,0.2
442,0.0012341769447224336,0.1161672097231194,0.00014337089197300967,1.441213966785399e-09,0.5973157032349969,8.608597340825196e-10,0.9890805006068687,1.0014121987254176,0.9904772788291611,1.5511562285536214e-05,1.0514568655298173,1.6309738660220435e-05,0.004854417889303475,0.6147666553408818,0.002984334249434042,0.20002917245011892,0.61923397956842,0.1238648604860649,0.3069234423443685,0.5882866448397842,0.1805589621194455,0.09371506608817681,0.5194371888719092,0.04867909048378774,0.00018815255464140452,1.0,0.00018815255464140452,0.005856433468538406,0.6162794533548318,0.00360919961659979,6.279804972411814e-14,1.0,6.279804972411814e-14,1.0,1.0,1.0,0.006104106396311445,0.30815762073030495,-14.555369547847334,-1.2509792383999085,9.065067605429602,-4.656390261718144,-1.211400357644488,-76.19722102101643,49.833813600766064,8.37683360758889,-3.3157883208144283,433.15,12.0,0.2
443,0.001148059610327493,0.11128809546907213,0.00012776536751831174,1.5569598210808225e-09,0.591072561506355,9.202762296087173e-10,0.9890758846131975,1.0014396236006262,0.9904997815994968,1.8810944345961947e-05,1.051472212606546,1.9779185272667198e-05,0.005022199607151226,0.611544622984053,0.003071299165305956,0.20002979145845667,0.613790094273068,0.12277630455670827,0.30700933702248145,0.5829360236974878,0.1789668021618873,0.09362970138793152,0.5142489085448072,0.04814897174612,0.00018886297107195804,1.0,0.00018886297107195804,0.006031526905247091,0.6115385985907529,0.0036885115109972252,6.345688492716731e-14,1.0,6.345688492716731e-14,1.0,1.0,1.0,0.006189070161824681,0.3081573981897689,-14.524410192889725,-1.2627281686147627,9.036081795492825,-4.571675351640661,-1.1586361100799227,-75.42877918813122,49.4562516221394,8.346574238274378,-3.3262619985900983,438.15,12.0,0.2
444,0.0010493104824511655,0.10886195496482233,0.00011422999048471478,1.6714300512966775e-09,0.5848940563868065,9.77609502669723e-10,0.9890713169330362,1.0014667325916882,0.9905220200690857,2.2710793801269797e-05,1.0514861346428916,2.3880084788768934e-05,0.005194015273878572,0.6083918042343823,0.0031599963236959233,0.2000304270706242,0.6084389055670559,0.12170629412696139,0.307087259293511,0.5776183034570224,0.17737922172638454,0.09355236876727276,0.5091563937984673,0.04763278671284898,0.0001895469864351033,1.0,0.0001895469864351033,0.006211828888263132,0.6068854018752897,0.003769868271234104,6.411215432717095e-14,1.0,6.411215432717095e-14,1.0,1.0,1.0,0.006266036550131008,0.30813657144739215,-14.49720494326663,-1.2747457690139654,9.009834585602986,-4.489810751030213,-1.1073751846183486,-74.68271296917955,49.0902197956159,8.318163173268278,-3.336763240446371,443.15,12.0,0.2
445,0.000981700578149027,0.10427575464380008,0.00010236756862074468,1.7841588868948576e-09,0.5787554098102675,1.0325916077514636e-09,0.9890660765390474,1.0014943963663527,0.9905441332899101,2.729709724276351e-05,1.05150619834403,2.8703066947565584e-05,0.005368345923404012,0.605183597829081,0.0032488349003167217,0.2000310738997078,0.6030540707249046,0.12062955338669298,0.3071995390937643,0.572363387153572,0.1758297687277231,0.09344078953043092,0.5040459928061487,0.04709845552745644,0.00019014256567357615,1.0,0.00019014256567357615,0.006395930368082447,0.602196298411062,0.003851605592554152,6.474589613506916e-14,1.0,6.474589613506916e-14,1.0,1.0,1.0,0.006377343598795803,0.3081812414560722,-14.473471888129293,-1.2870181447872002,8.986071408944074,-4.410764715420821,-1.0575684505590364,-73.9582906967611,48.73536876483234,8.291558424892418,-3.3473072685889735,448.15,12.0,0.2
446,0.000916237080281389,0.10039791085146071,9.198828870489356e-05,1.8969719621495467e-09,0.5717342226117696,1.0845637900958946e-09,0.9890603171132141,1.0015271129358854,0.9905707239178485,3.267539100802677e-05,1.0515290474252033,3.4359122780916416e-05,0.005555249993618741,0.6010266870098637,0.0033388534991762374,0.2000317676065489,0.5967506907278869,0.1193690954867282,0.30732740120986185,0.5662289613486866,0.17401767518105116,0.09331407747302116,0.49818101826862343,0.0464873021343069,0.0001903825852095329,1.0,0.0001903825852095329,0.006593833873082198,0.5965843554147059,0.003933778130884397,6.52454166226032e-14,1.0,6.52454166226032e-14,1.0,1.0,1.0,0.006504162464908156,0.30824364018711514,-14.453098329618719,-1.2995454971104659,8.964744899277342,-4.334349636648079,-1.0091670215020063,-73.2546526540599,48.391201446656964,8.26664120141742,-3.359295639729016,453.15,12.0,0.2
447,0.000859210933246069,0.0964643296132733,8.288320667197692e-05,2.005668776024411e-09,0.5647868559774134,1.1327753621428923e-09,0.9890542526828874,1.001559961842378,0.9905971395771144,3.8941504306942965e-05,1.0515541272188693,4.094909957407727e-05,0.005745284209850251,0.5968850671804818,0.0034292743515674296,0.2000324754571119,0.5904931737294473,0.1181178112816278,0.3074677399127647,0.5601623626187935,0.172231855618595,0.09317500986490751,0.4923686448736556,0.045876453343274,0.0001905299104141833,1.0,0.0001905299104141833,0.006796550520071678,0.5910106693568338,0.0040168338721850985,6.572125968883956e-14,1.0,6.572125968883956e-14,1.0,1.0,1.0,0.006643436647403263,0.3083269528516795,-14.436090473618842,-1.3123383890818638,8.945856205453873,-4.26066833528385,-0.9621281462906426,-72.57125506684763,48.05750574930222,8.243432718953308,-3.3713424095741513,458.15,12.0,0.2
448,0.0008157542963825852,0.09177987660725061,7.486982866382822e-05,2.109203401826807e-09,0.5579087631830402,1.1767430612146537e-09,0.9890478050458849,1.0015930720099213,0.9906234294205776,4.620608463415289e-05,1.0515822851688688,4.8589500068288683e-05,0.005937947448721863,0.5927424427539719,0.0035196734757001135,0.2000331959751448,0.5842652754813,0.11687245035182287,0.30762529466582844,0.5541659443574777,0.17047546192673615,0.09301886350766334,0.4865939221239644,0.04526241362570761,0.00019056531818419692,1.0,0.00019056531818419692,0.0070037812507367,0.5854589033878366,0.004100426090624599,6.616734299028824e-14,1.0,6.616734299028824e-14,1.0,1.0,1.0,0.006799907829738602,0.30844105107141445,-14.422332267009134,-1.3253961729615997,8.92931835387547,-4.189684546970951,-0.9164089737980909,-71.90743832344029,47.73393560560252,8.221885206204005,-3.3834613310942565,463.15,12.0,0.2
449,0.0007676522635198079,0.08835608772806687,6.782675074020526e-05,2.206063626590831e-09,0.5511100877298153,1.2157839187880261e-09,0.9890412804795619,1.001626080698851,0.9906495414161166,5.458754894382446e-05,1.0516103286374026,5.740483028432558e-05,0.006133474429277188,0.5886479487937467,0.0036104571417729147,0.20003393045951617,0.57811693279195,0.1156430023315737,0.3077822056522188,0.548227889089157,0.16873478890392074,0.09286349348401561,0.48090062191481303,0.0446581117696453,0.00019049614535310942,1.0,0.00019049614535310942,0.0072160049584338755,0.5799770931581325,0.00418511758000715,6.65855685894887e-14,1.0,6.65855685894887e-14,1.0,1.0,1.0,0.006955714241740821,0.3085498601218022,-14.411805186562495,-1.338726800109395,8.915143605340301,-4.1213577730233375,-0.8719685497473832,-71.26255956252274,47.42013973077645,8.201946817498058,-3.395661273333118,468.15,12.0,0.2
450,0.0007257764127978025,0.0848885895975895,6.161013604560335e-05,2.29545279267826e-09,0.5443845182453536,1.2496089626971058e-09,0.9890345079798337,1.0016591992037711,0.9906755132479761,6.420906667105741e-05,1.0516400881373542,6.75248285331681e-05,0.006331112853337127,0.5845712574005193,0.0037009866014198734,0.2000346765517895,0.5720174555299116,0.1144233266989035,0.3079487117745327,0.5423556605337411,0.16701772698499134,0.09269868156611494,0.47526099156300594,0.04405606731769513,0.00019029699124168908,1.0,0.00019029699124168908,0.007432690273148378,0.5745350848709492,0.004270341336902781,6.696765276709952e-14,1.0,6.696765276709952e-14,1.0,1.0,1.0,0.007121098332805987,0.30867449048278334,-14.404374332403654,-1.3523272225771272,8.903225868521242,-4.055658864889362,-0.8287676306120819,-70.63600596362107,47.11577524928568,8.18356903976559,-3.407957517530518,473.15,12.0,0.2
